region,tech,mw,entry_year,p_cod_3y_mean,p_cod_3y_lo90,p_cod_3y_hi90,p_cod_5y_mean,p_cod_5y_lo90,p_cod_5y_hi90,p_cod_7y_mean,p_cod_7y_lo90,p_cod_7y_hi90,p_withdrawn_5y_mean
CAISO,Solar,50,2020,0.0418,0.0094,0.0666,0.0954,0.0444,0.138,0.1352,0.0815,0.1866,0.5526
CAISO,Solar,50,2021,0.0264,0.0072,0.047,0.0551,0.0257,0.0823,0.0804,0.0426,0.1112,0.5698
CAISO,Solar,50,2022,0.016,0.0056,0.0298,0.0315,0.0166,0.0493,0.0477,0.0266,0.0705,0.566
CAISO,Solar,50,2023,0.0112,0.0044,0.0223,0.0213,0.0124,0.036,0.0333,0.0211,0.0462,0.5584
CAISO,Solar,50,2024,0.0109,0.0045,0.025,0.0203,0.012,0.0359,0.0324,0.023,0.0468,0.5603
CAISO,Solar,50,2025,0.0122,0.0038,0.03,0.0227,0.011,0.0438,0.037,0.0237,0.0617,0.5696
CAISO,Solar,100,2020,0.0256,0.0056,0.0432,0.0753,0.034,0.1105,0.1198,0.0671,0.1652,0.5457
CAISO,Solar,100,2021,0.0157,0.004,0.0275,0.0432,0.0189,0.0633,0.0725,0.0387,0.1021,0.5614
CAISO,Solar,100,2022,0.0099,0.0034,0.0206,0.0249,0.0133,0.0383,0.0435,0.0268,0.0617,0.5564
CAISO,Solar,100,2023,0.0079,0.0036,0.0177,0.0177,0.0112,0.0308,0.031,0.0218,0.0425,0.5479
CAISO,Solar,100,2024,0.0081,0.0039,0.0197,0.0174,0.0112,0.0304,0.0305,0.0242,0.0406,0.5454
CAISO,Solar,100,2025,0.0101,0.0036,0.026,0.0209,0.0113,0.0379,0.0366,0.0257,0.0571,0.5508
CAISO,Solar,200,2020,0.0179,0.0042,0.0283,0.0631,0.0272,0.0955,0.1101,0.0597,0.1551,0.5437
CAISO,Solar,200,2021,0.0109,0.0027,0.0179,0.0373,0.0154,0.0604,0.0693,0.0356,0.1039,0.5549
CAISO,Solar,200,2022,0.0069,0.0024,0.0146,0.0211,0.0109,0.0308,0.0415,0.0265,0.0555,0.5497
CAISO,Solar,200,2023,0.0058,0.0025,0.0134,0.0153,0.0096,0.0256,0.03,0.022,0.0389,0.5414
CAISO,Solar,200,2024,0.0065,0.003,0.0155,0.0156,0.0108,0.0264,0.0298,0.0241,0.0389,0.5387
CAISO,Solar,200,2025,0.0085,0.0034,0.0219,0.0194,0.0116,0.0348,0.0364,0.0269,0.0548,0.537
CAISO,Solar,400,2020,0.0145,0.0044,0.0228,0.0574,0.0252,0.0889,0.1069,0.0556,0.1527,0.5402
CAISO,Solar,400,2021,0.0089,0.0027,0.0154,0.0342,0.014,0.0577,0.0686,0.0351,0.1061,0.5503
CAISO,Solar,400,2022,0.0054,0.0021,0.0115,0.019,0.0099,0.0277,0.041,0.0259,0.0527,0.5472
CAISO,Solar,400,2023,0.0047,0.0019,0.0111,0.0139,0.0084,0.0224,0.0298,0.0213,0.0374,0.5415
CAISO,Solar,400,2024,0.0053,0.0025,0.0118,0.0144,0.0098,0.0225,0.0297,0.0235,0.0384,0.5383
CAISO,Solar,400,2025,0.0068,0.0032,0.0158,0.0177,0.0122,0.0293,0.0359,0.0254,0.0514,0.5295
CAISO,Solar,800,2020,0.0133,0.0051,0.023,0.0545,0.026,0.0807,0.106,0.056,0.1445,0.5397
CAISO,Solar,800,2021,0.0082,0.0027,0.0162,0.0329,0.014,0.0521,0.0696,0.0368,0.1008,0.5479
CAISO,Solar,800,2022,0.0049,0.0019,0.011,0.0187,0.0098,0.0263,0.0429,0.0266,0.0535,0.5481
CAISO,Solar,800,2023,0.0041,0.0016,0.0099,0.0137,0.0082,0.0207,0.0311,0.0216,0.0389,0.5449
CAISO,Solar,800,2024,0.0045,0.0022,0.0097,0.0135,0.0091,0.0194,0.03,0.0221,0.0376,0.5388
CAISO,Solar,800,2025,0.0057,0.0028,0.0126,0.0161,0.0117,0.0256,0.0348,0.0248,0.0477,0.5275
CAISO,Wind,50,2020,0.0461,0.0201,0.0695,0.0886,0.0542,0.1127,0.1205,0.0826,0.1487,0.5319
CAISO,Wind,50,2021,0.0298,0.0112,0.0527,0.0543,0.0315,0.0791,0.0764,0.0558,0.102,0.5523
CAISO,Wind,50,2022,0.0201,0.006,0.0418,0.0359,0.0187,0.0642,0.052,0.0345,0.0798,0.5584
CAISO,Wind,50,2023,0.0145,0.0045,0.0356,0.0265,0.0131,0.0529,0.0403,0.0232,0.0639,0.5558
CAISO,Wind,50,2024,0.0132,0.0037,0.0355,0.0247,0.011,0.05,0.0395,0.0205,0.0607,0.5621
CAISO,Wind,50,2025,0.0123,0.0036,0.033,0.0238,0.0108,0.0449,0.0398,0.0235,0.0602,0.567
CAISO,Wind,100,2020,0.0263,0.0094,0.0478,0.0659,0.0396,0.084,0.1024,0.0729,0.1242,0.5433
CAISO,Wind,100,2021,0.0178,0.0059,0.0374,0.0403,0.0212,0.0641,0.0647,0.0452,0.0887,0.5553
CAISO,Wind,100,2022,0.013,0.0041,0.0315,0.0279,0.0151,0.0518,0.0456,0.0302,0.0719,0.5543
CAISO,Wind,100,2023,0.0099,0.003,0.025,0.0213,0.0106,0.0406,0.036,0.0214,0.0546,0.5499
CAISO,Wind,100,2024,0.0098,0.0026,0.0252,0.021,0.0109,0.0384,0.0365,0.0214,0.0497,0.5525
CAISO,Wind,100,2025,0.0103,0.0032,0.0267,0.0221,0.0102,0.0383,0.0394,0.0252,0.0559,0.5561
CAISO,Wind,200,2020,0.0164,0.0062,0.0308,0.0531,0.0306,0.0707,0.0934,0.0685,0.1194,0.545
CAISO,Wind,200,2021,0.0108,0.0035,0.0231,0.0315,0.016,0.0475,0.0578,0.0408,0.0752,0.554
CAISO,Wind,200,2022,0.0085,0.0025,0.021,0.022,0.0122,0.039,0.0407,0.0291,0.0595,0.5517
CAISO,Wind,200,2023,0.007,0.0019,0.018,0.0176,0.0088,0.032,0.0335,0.0215,0.0484,0.5461
CAISO,Wind,200,2024,0.0072,0.002,0.0178,0.0179,0.0096,0.0298,0.0344,0.0214,0.0419,0.5465
CAISO,Wind,200,2025,0.0085,0.0023,0.0202,0.0205,0.0099,0.0331,0.039,0.0262,0.0517,0.5468
CAISO,Wind,400,2020,0.0124,0.0048,0.0211,0.0474,0.0301,0.0649,0.0904,0.0671,0.1199,0.5453
CAISO,Wind,400,2021,0.0078,0.0027,0.0161,0.0281,0.0156,0.0415,0.0566,0.0415,0.0705,0.5512
CAISO,Wind,400,2022,0.006,0.0017,0.0151,0.019,0.0112,0.0317,0.0391,0.03,0.0536,0.5491
CAISO,Wind,400,2023,0.0053,0.0015,0.0139,0.0155,0.0087,0.0262,0.0322,0.0235,0.0445,0.5454
CAISO,Wind,400,2024,0.0057,0.0018,0.0129,0.016,0.0094,0.0238,0.0331,0.0236,0.0383,0.5464
CAISO,Wind,400,2025,0.0069,0.002,0.0156,0.0186,0.01,0.0298,0.0382,0.0277,0.0508,0.5388
CAISO,Wind,800,2020,0.0106,0.0038,0.0192,0.0439,0.0277,0.0617,0.0898,0.0663,0.1175,0.5449
CAISO,Wind,800,2021,0.0065,0.0022,0.013,0.0263,0.0156,0.0375,0.0574,0.0422,0.0697,0.5485
CAISO,Wind,800,2022,0.0048,0.0015,0.0116,0.0178,0.0115,0.0289,0.0403,0.0308,0.0515,0.5466
CAISO,Wind,800,2023,0.0044,0.0015,0.0115,0.0146,0.0098,0.0244,0.0327,0.0269,0.0435,0.5478
CAISO,Wind,800,2024,0.0045,0.0019,0.0104,0.0147,0.01,0.0205,0.0333,0.0276,0.0381,0.549
CAISO,Wind,800,2025,0.0054,0.0018,0.0108,0.0166,0.0107,0.0235,0.0376,0.0273,0.0484,0.5362
CAISO,Battery,50,2020,0.0204,0.005,0.0374,0.057,0.0271,0.0792,0.0904,0.054,0.1177,0.5706
CAISO,Battery,50,2021,0.0121,0.0034,0.0241,0.0317,0.0171,0.0486,0.0533,0.0353,0.0741,0.5746
CAISO,Battery,50,2022,0.009,0.0028,0.019,0.0209,0.0119,0.0367,0.0355,0.0243,0.0559,0.5666
CAISO,Battery,50,2023,0.0072,0.002,0.0179,0.0156,0.0093,0.0288,0.0263,0.0183,0.0401,0.5586
CAISO,Battery,50,2024,0.0077,0.0022,0.0205,0.0158,0.0094,0.0295,0.0262,0.0175,0.0373,0.561
CAISO,Battery,50,2025,0.0084,0.0022,0.0244,0.0173,0.0101,0.0336,0.0298,0.0176,0.0458,0.5665
CAISO,Battery,100,2020,0.0142,0.0036,0.0251,0.0512,0.0235,0.0717,0.0877,0.0513,0.115,0.5609
CAISO,Battery,100,2021,0.0081,0.0027,0.0166,0.0275,0.0156,0.0404,0.0512,0.0354,0.068,0.565
CAISO,Battery,100,2022,0.0062,0.002,0.0137,0.0179,0.0112,0.0303,0.0343,0.0247,0.0514,0.5589
CAISO,Battery,100,2023,0.0057,0.0015,0.0142,0.0138,0.0082,0.0244,0.0256,0.018,0.0379,0.5522
CAISO,Battery,100,2024,0.0064,0.0018,0.0166,0.0143,0.009,0.025,0.0256,0.0177,0.0334,0.5529
CAISO,Battery,100,2025,0.0075,0.002,0.0207,0.0166,0.0106,0.0321,0.0302,0.0183,0.0459,0.5537
CAISO,Battery,200,2020,0.012,0.0032,0.0195,0.0494,0.0208,0.0677,0.0884,0.0482,0.1247,0.5493
CAISO,Battery,200,2021,0.0063,0.0023,0.012,0.0255,0.0141,0.0354,0.0509,0.0343,0.0683,0.5566
CAISO,Battery,200,2022,0.0048,0.0018,0.0103,0.0162,0.0102,0.0252,0.0339,0.0246,0.0471,0.5536
CAISO,Battery,200,2023,0.0045,0.0012,0.0107,0.0125,0.0077,0.0204,0.0252,0.0188,0.0351,0.5474
CAISO,Battery,200,2024,0.0053,0.0015,0.0135,0.0131,0.0085,0.0215,0.0253,0.0184,0.0306,0.5485
CAISO,Battery,200,2025,0.0067,0.0019,0.0182,0.0158,0.0108,0.0301,0.0303,0.0191,0.0452,0.5451
CAISO,Battery,400,2020,0.0108,0.0034,0.0154,0.0481,0.0201,0.0669,0.089,0.0469,0.1313,0.5383
CAISO,Battery,400,2021,0.0058,0.0022,0.0097,0.0254,0.0136,0.0344,0.0521,0.0332,0.0712,0.5472
CAISO,Battery,400,2022,0.0041,0.0015,0.0084,0.0157,0.0098,0.0223,0.0341,0.0244,0.0446,0.5489
CAISO,Battery,400,2023,0.0038,0.0012,0.0086,0.0118,0.0074,0.0179,0.0254,0.0189,0.0336,0.5451
CAISO,Battery,400,2024,0.0044,0.0014,0.0106,0.0121,0.0078,0.0187,0.0251,0.0183,0.0291,0.5446
CAISO,Battery,400,2025,0.0057,0.0018,0.0148,0.0145,0.0095,0.0263,0.0295,0.0193,0.0423,0.5367
CAISO,Battery,800,2020,0.0101,0.0041,0.0147,0.0457,0.0217,0.0659,0.0874,0.0491,0.1326,0.5285
CAISO,Battery,800,2021,0.0059,0.0025,0.0103,0.0263,0.0143,0.0364,0.0546,0.0334,0.0793,0.5364
CAISO,Battery,800,2022,0.004,0.0018,0.0081,0.0164,0.0102,0.0231,0.0362,0.0238,0.0464,0.5427
CAISO,Battery,800,2023,0.0035,0.0014,0.0074,0.012,0.0076,0.018,0.0268,0.0188,0.0336,0.5432
CAISO,Battery,800,2024,0.0038,0.0014,0.0085,0.0115,0.0073,0.0162,0.0254,0.0183,0.0296,0.5412
CAISO,Battery,800,2025,0.0048,0.0017,0.0117,0.0132,0.0083,0.0222,0.0289,0.0188,0.0392,0.5285
CAISO,Hybrid,50,2020,0.0117,0.004,0.0223,0.0367,0.0215,0.0547,0.0663,0.0448,0.0887,0.5671
CAISO,Hybrid,50,2021,0.0074,0.003,0.0164,0.0208,0.014,0.0338,0.0393,0.025,0.0579,0.5602
CAISO,Hybrid,50,2022,0.0057,0.002,0.0126,0.0145,0.0096,0.0262,0.0272,0.0182,0.0449,0.5516
CAISO,Hybrid,50,2023,0.0053,0.0015,0.0125,0.012,0.0066,0.0213,0.0212,0.0142,0.0326,0.543
CAISO,Hybrid,50,2024,0.0059,0.0015,0.0168,0.0126,0.0067,0.0248,0.0218,0.0138,0.0324,0.5548
CAISO,Hybrid,50,2025,0.0064,0.0016,0.0187,0.014,0.0081,0.0276,0.0251,0.018,0.0391,0.5669
CAISO,Hybrid,100,2020,0.0076,0.0026,0.0138,0.0325,0.018,0.044,0.0669,0.0428,0.0871,0.5519
CAISO,Hybrid,100,2021,0.0047,0.0019,0.0097,0.0176,0.0112,0.0259,0.0385,0.0249,0.0529,0.5464
CAISO,Hybrid,100,2022,0.004,0.0014,0.0089,0.0122,0.0081,0.0205,0.0262,0.0172,0.0398,0.5392
CAISO,Hybrid,100,2023,0.0038,0.0011,0.0095,0.0099,0.006,0.0173,0.0199,0.0136,0.029,0.5319
CAISO,Hybrid,100,2024,0.0046,0.0012,0.0135,0.0109,0.006,0.0212,0.0208,0.0143,0.0299,0.5386
CAISO,Hybrid,100,2025,0.0057,0.0014,0.0171,0.0133,0.0076,0.027,0.0254,0.0184,0.0401,0.5486
CAISO,Hybrid,200,2020,0.0062,0.0019,0.0117,0.0315,0.0158,0.0429,0.0693,0.042,0.0943,0.5401
CAISO,Hybrid,200,2021,0.0036,0.0014,0.007,0.0166,0.0097,0.0227,0.0396,0.0267,0.0512,0.5378
CAISO,Hybrid,200,2022,0.0031,0.0012,0.0067,0.0111,0.0071,0.0171,0.0264,0.017,0.0365,0.5316
CAISO,Hybrid,200,2023,0.0029,0.0009,0.0073,0.0088,0.0056,0.0143,0.0196,0.0145,0.027,0.5254
CAISO,Hybrid,200,2024,0.0036,0.001,0.0101,0.0096,0.0059,0.0168,0.0199,0.0144,0.0255,0.5291
CAISO,Hybrid,200,2025,0.0049,0.0013,0.0148,0.0124,0.0074,0.0248,0.025,0.0171,0.039,0.5335
CAISO,Hybrid,400,2020,0.0057,0.0015,0.0112,0.0317,0.0142,0.0454,0.0722,0.0426,0.0999,0.5289
CAISO,Hybrid,400,2021,0.0033,0.0011,0.0065,0.0167,0.0084,0.0236,0.0411,0.0268,0.0536,0.5326
CAISO,Hybrid,400,2022,0.0026,0.001,0.0059,0.0109,0.0064,0.0173,0.0274,0.0167,0.0364,0.5281
CAISO,Hybrid,400,2023,0.0025,0.0008,0.0061,0.0084,0.0051,0.0141,0.0202,0.0151,0.0268,0.5244
CAISO,Hybrid,400,2024,0.0029,0.001,0.0074,0.0087,0.0057,0.0133,0.0196,0.0147,0.023,0.5244
CAISO,Hybrid,400,2025,0.0042,0.0012,0.012,0.0114,0.0066,0.0214,0.0244,0.0162,0.0361,0.5224
CAISO,Hybrid,800,2020,0.0055,0.0013,0.0109,0.0317,0.0134,0.046,0.0748,0.0446,0.1068,0.5189
CAISO,Hybrid,800,2021,0.0031,0.0009,0.0063,0.0172,0.0077,0.0255,0.0437,0.027,0.0618,0.5265
CAISO,Hybrid,800,2022,0.0023,0.0008,0.0052,0.0108,0.0058,0.0173,0.0288,0.0165,0.0381,0.5269
CAISO,Hybrid,800,2023,0.0022,0.0007,0.0054,0.0083,0.005,0.0135,0.0213,0.0148,0.0273,0.5277
CAISO,Hybrid,800,2024,0.0025,0.0009,0.006,0.0082,0.0054,0.0117,0.0203,0.0159,0.0244,0.5251
CAISO,Hybrid,800,2025,0.0035,0.0011,0.0093,0.0105,0.006,0.0181,0.0245,0.0162,0.0346,0.5167
CAISO,Gas,50,2020,0.1706,0.1188,0.1992,0.2079,0.1531,0.2425,0.2296,0.1724,0.2653,0.514
CAISO,Gas,50,2021,0.129,0.091,0.1632,0.1567,0.1161,0.1978,0.1739,0.1289,0.2175,0.5239
CAISO,Gas,50,2022,0.0865,0.0638,0.1153,0.1069,0.0826,0.1426,0.1212,0.0914,0.1584,0.5314
CAISO,Gas,50,2023,0.0514,0.0315,0.0745,0.0674,0.0426,0.0955,0.0796,0.0525,0.1091,0.5325
CAISO,Gas,50,2024,0.0376,0.0177,0.0722,0.0532,0.0282,0.0893,0.0662,0.0368,0.1016,0.5416
CAISO,Gas,50,2025,0.033,0.013,0.0807,0.0492,0.0235,0.1005,0.0644,0.0314,0.1162,0.5478
CAISO,Gas,100,2020,0.1469,0.1026,0.1833,0.189,0.1387,0.227,0.2151,0.1614,0.2547,0.5147
CAISO,Gas,100,2021,0.1075,0.0685,0.1425,0.1369,0.0929,0.1799,0.1564,0.1053,0.204,0.5248
CAISO,Gas,100,2022,0.0722,0.0406,0.1026,0.0933,0.0564,0.1317,0.1092,0.0642,0.1515,0.5301
CAISO,Gas,100,2023,0.0422,0.0201,0.0643,0.0585,0.0322,0.0858,0.0721,0.0417,0.1015,0.5313
CAISO,Gas,100,2024,0.033,0.013,0.0602,0.0491,0.0253,0.0771,0.0635,0.0344,0.0934,0.5319
CAISO,Gas,100,2025,0.0307,0.0108,0.0718,0.0478,0.0227,0.0927,0.0648,0.0318,0.1105,0.5325
CAISO,Gas,200,2020,0.1084,0.0847,0.1355,0.1553,0.122,0.1831,0.1878,0.1471,0.2182,0.5221
CAISO,Gas,200,2021,0.0832,0.0504,0.1025,0.1144,0.0745,0.1469,0.138,0.0913,0.1785,0.5262
CAISO,Gas,200,2022,0.0564,0.0325,0.0808,0.0781,0.0464,0.1121,0.0964,0.0546,0.1349,0.5276
CAISO,Gas,200,2023,0.0364,0.0182,0.0583,0.0533,0.0313,0.0802,0.0688,0.0417,0.098,0.5285
CAISO,Gas,200,2024,0.0304,0.0129,0.055,0.0468,0.0255,0.0741,0.063,0.0361,0.095,0.5246
CAISO,Gas,200,2025,0.0291,0.0092,0.0664,0.0468,0.0205,0.0876,0.0653,0.0311,0.1085,0.5181
CAISO,Gas,400,2020,0.0772,0.0579,0.1059,0.129,0.0968,0.159,0.1692,0.1256,0.1977,0.5254
CAISO,Gas,400,2021,0.0621,0.0394,0.0867,0.096,0.0634,0.1277,0.1248,0.0822,0.1679,0.527
CAISO,Gas,400,2022,0.0444,0.0274,0.0667,0.0673,0.0418,0.1009,0.089,0.0515,0.129,0.5259
CAISO,Gas,400,2023,0.0331,0.0187,0.0568,0.0511,0.0335,0.078,0.0693,0.0459,0.0995,0.524
CAISO,Gas,400,2024,0.0288,0.013,0.0541,0.0464,0.025,0.0751,0.0651,0.0366,0.0994,0.5181
CAISO,Gas,400,2025,0.0274,0.0092,0.0587,0.0454,0.0202,0.0795,0.0655,0.0317,0.104,0.5068
CAISO,Gas,800,2020,0.0581,0.0393,0.0823,0.1115,0.0829,0.1388,0.1574,0.1148,0.184,0.5253
CAISO,Gas,800,2021,0.0486,0.0287,0.0751,0.0849,0.0581,0.1155,0.1191,0.0803,0.1618,0.5251
CAISO,Gas,800,2022,0.0377,0.0227,0.0644,0.0623,0.0428,0.0969,0.0877,0.0559,0.13,0.5226
CAISO,Gas,800,2023,0.0306,0.0167,0.0576,0.05,0.034,0.0789,0.0706,0.0475,0.1042,0.5211
CAISO,Gas,800,2024,0.0273,0.0133,0.0555,0.0457,0.0258,0.0767,0.0662,0.0385,0.1019,0.514
CAISO,Gas,800,2025,0.0255,0.0096,0.051,0.0438,0.0195,0.0712,0.0655,0.0333,0.0989,0.4995
ERCOT,Solar,50,2020,0.1019,0.0915,0.1112,0.1981,0.1832,0.209,0.2474,0.2358,0.2601,0.5039
ERCOT,Solar,50,2021,0.0995,0.0888,0.1088,0.1948,0.1816,0.2111,0.2431,0.2263,0.2638,0.5041
ERCOT,Solar,50,2022,0.1045,0.0877,0.1165,0.1919,0.1767,0.2198,0.2356,0.217,0.2644,0.5096
ERCOT,Solar,50,2023,0.1067,0.0722,0.1253,0.178,0.1335,0.2146,0.2167,0.1748,0.251,0.5188
ERCOT,Solar,50,2024,0.0972,0.0417,0.13,0.1529,0.0844,0.2015,0.188,0.1286,0.2364,0.5431
ERCOT,Solar,50,2025,0.0722,0.0181,0.1238,0.1113,0.041,0.177,0.1413,0.0735,0.198,0.5871
ERCOT,Solar,100,2020,0.086,0.0794,0.0967,0.1897,0.174,0.2035,0.2451,0.2274,0.2596,0.4896
ERCOT,Solar,100,2021,0.0843,0.0748,0.0973,0.1853,0.1694,0.2016,0.2386,0.2172,0.2544,0.4891
ERCOT,Solar,100,2022,0.0898,0.073,0.1031,0.1837,0.1693,0.2063,0.2335,0.2148,0.2574,0.4892
ERCOT,Solar,100,2023,0.0929,0.0621,0.1105,0.1731,0.1292,0.2125,0.2199,0.1788,0.2581,0.4923
ERCOT,Solar,100,2024,0.0815,0.0393,0.1098,0.1439,0.0862,0.2028,0.1872,0.1336,0.2444,0.5201
ERCOT,Solar,100,2025,0.0607,0.0195,0.1055,0.1043,0.0445,0.1751,0.1398,0.0791,0.2073,0.5752
ERCOT,Solar,200,2020,0.0789,0.0727,0.0894,0.1853,0.1724,0.2003,0.2422,0.2249,0.2585,0.4799
ERCOT,Solar,200,2021,0.0777,0.069,0.0915,0.1801,0.1635,0.1967,0.2351,0.2134,0.2517,0.4782
ERCOT,Solar,200,2022,0.0797,0.0634,0.0933,0.1734,0.1605,0.1938,0.2271,0.2104,0.2475,0.4753
ERCOT,Solar,200,2023,0.0791,0.0512,0.0988,0.1585,0.1228,0.1942,0.2117,0.1789,0.2467,0.4758
ERCOT,Solar,200,2024,0.0691,0.0333,0.0946,0.1311,0.0793,0.187,0.1806,0.1292,0.2414,0.5015
ERCOT,Solar,200,2025,0.051,0.0185,0.0852,0.0961,0.044,0.165,0.1372,0.0804,0.2152,0.5574
ERCOT,Solar,400,2020,0.0707,0.0591,0.0783,0.1763,0.1669,0.192,0.2336,0.2189,0.2526,0.4788
ERCOT,Solar,400,2021,0.07,0.0567,0.0809,0.1698,0.158,0.183,0.2255,0.2065,0.2411,0.4769
ERCOT,Solar,400,2022,0.0702,0.0552,0.0883,0.159,0.1492,0.1769,0.2145,0.1997,0.2327,0.4747
ERCOT,Solar,400,2023,0.0682,0.0403,0.0904,0.1431,0.1102,0.1694,0.1991,0.172,0.2255,0.4737
ERCOT,Solar,400,2024,0.0594,0.0273,0.083,0.118,0.0736,0.1633,0.1706,0.1266,0.2204,0.4922
ERCOT,Solar,400,2025,0.0438,0.0165,0.0748,0.0876,0.0413,0.1427,0.133,0.0788,0.2013,0.5393
ERCOT,Solar,800,2020,0.0516,0.0316,0.0723,0.1442,0.1144,0.1654,0.2043,0.174,0.2277,0.4929
ERCOT,Solar,800,2021,0.053,0.0341,0.069,0.1388,0.1139,0.1574,0.1967,0.1702,0.2165,0.4909
ERCOT,Solar,800,2022,0.0543,0.0362,0.0736,0.1303,0.1084,0.1462,0.1877,0.1674,0.2051,0.4847
ERCOT,Solar,800,2023,0.0548,0.0269,0.0771,0.1217,0.0919,0.1417,0.1794,0.1585,0.1953,0.4795
ERCOT,Solar,800,2024,0.0498,0.0206,0.0715,0.105,0.0702,0.1438,0.1598,0.1276,0.1959,0.4881
ERCOT,Solar,800,2025,0.039,0.015,0.0667,0.0816,0.0405,0.1299,0.1291,0.0796,0.1824,0.5255
ERCOT,Wind,50,2020,0.1877,0.1766,0.1977,0.2851,0.2692,0.2996,0.3155,0.2967,0.3328,0.4448
ERCOT,Wind,50,2021,0.1828,0.163,0.1963,0.2843,0.2665,0.2987,0.3176,0.294,0.331,0.4027
ERCOT,Wind,50,2022,0.1612,0.1284,0.1908,0.2463,0.1976,0.2897,0.2784,0.2282,0.3218,0.3522
ERCOT,Wind,50,2023,0.1384,0.0904,0.1832,0.2038,0.1397,0.2635,0.2351,0.1721,0.2937,0.3338
ERCOT,Wind,50,2024,0.1104,0.049,0.1605,0.161,0.0832,0.226,0.1918,0.12,0.255,0.3782
ERCOT,Wind,50,2025,0.0787,0.0188,0.138,0.1152,0.0376,0.1873,0.1432,0.0646,0.2142,0.4406
ERCOT,Wind,100,2020,0.1664,0.1475,0.1834,0.2891,0.2748,0.3055,0.3272,0.3085,0.3503,0.4127
ERCOT,Wind,100,2021,0.1606,0.1404,0.1809,0.2863,0.2686,0.3063,0.3272,0.31,0.3528,0.3639
ERCOT,Wind,100,2022,0.1392,0.1098,0.1698,0.2449,0.1941,0.2981,0.2833,0.2293,0.3395,0.3165
ERCOT,Wind,100,2023,0.1164,0.0711,0.1595,0.1969,0.1283,0.2708,0.2339,0.1664,0.3106,0.3067
ERCOT,Wind,100,2024,0.0928,0.0433,0.1403,0.1531,0.081,0.2273,0.1888,0.1216,0.2652,0.3585
ERCOT,Wind,100,2025,0.0677,0.0202,0.1159,0.1102,0.0421,0.1767,0.1419,0.072,0.2108,0.4386
ERCOT,Wind,200,2020,0.1427,0.1285,0.1663,0.2771,0.2545,0.2984,0.3215,0.2952,0.3452,0.3883
ERCOT,Wind,200,2021,0.1364,0.1191,0.1553,0.2676,0.2446,0.2946,0.3135,0.2919,0.3455,0.3414
ERCOT,Wind,200,2022,0.1186,0.0995,0.1437,0.2281,0.1874,0.2823,0.272,0.2287,0.3323,0.3002
ERCOT,Wind,200,2023,0.0994,0.0622,0.1421,0.1853,0.1203,0.2678,0.2266,0.1634,0.3151,0.2924
ERCOT,Wind,200,2024,0.0807,0.0376,0.1301,0.1461,0.0777,0.2301,0.1859,0.1201,0.274,0.3385
ERCOT,Wind,200,2025,0.0587,0.0162,0.1021,0.1047,0.0427,0.1721,0.1405,0.0734,0.2142,0.4146
ERCOT,Wind,400,2020,0.124,0.1081,0.1451,0.2568,0.2345,0.2731,0.3046,0.2815,0.3241,0.3819
ERCOT,Wind,400,2021,0.1212,0.1031,0.1458,0.2469,0.2261,0.2667,0.2954,0.2762,0.3175,0.3423
ERCOT,Wind,400,2022,0.1051,0.0827,0.1295,0.2103,0.1791,0.2565,0.2581,0.2298,0.3068,0.3126
ERCOT,Wind,400,2023,0.0872,0.0546,0.1244,0.172,0.1174,0.2473,0.218,0.1668,0.2987,0.307
ERCOT,Wind,400,2024,0.0691,0.0296,0.1129,0.1341,0.0676,0.213,0.1789,0.1153,0.2663,0.329
ERCOT,Wind,400,2025,0.0498,0.015,0.0885,0.0957,0.0421,0.1607,0.1359,0.0743,0.2086,0.3885
ERCOT,Wind,800,2020,0.0991,0.0784,0.1177,0.2202,0.197,0.2399,0.2695,0.2498,0.2941,0.4033
ERCOT,Wind,800,2021,0.104,0.0859,0.1328,0.219,0.1937,0.2382,0.2683,0.2477,0.2889,0.3678
ERCOT,Wind,800,2022,0.093,0.0643,0.1191,0.1899,0.1446,0.2244,0.2403,0.2053,0.2743,0.3371
ERCOT,Wind,800,2023,0.0757,0.0369,0.1072,0.1539,0.0955,0.2091,0.2039,0.1585,0.2616,0.327
ERCOT,Wind,800,2024,0.0589,0.022,0.0926,0.1188,0.0557,0.1793,0.1671,0.103,0.2283,0.3337
ERCOT,Wind,800,2025,0.0432,0.0134,0.0762,0.0872,0.0338,0.1459,0.1305,0.0703,0.1914,0.3726
ERCOT,Battery,50,2020,0.0468,0.032,0.0631,0.1742,0.1575,0.1927,0.223,0.1974,0.2445,0.4369
ERCOT,Battery,50,2021,0.0492,0.0308,0.0689,0.1754,0.1597,0.1998,0.2228,0.199,0.2499,0.4445
ERCOT,Battery,50,2022,0.0636,0.0351,0.0898,0.1801,0.1638,0.2098,0.2262,0.2087,0.2533,0.4584
ERCOT,Battery,50,2023,0.0803,0.0291,0.1187,0.1721,0.1119,0.2096,0.2149,0.1603,0.2519,0.4761
ERCOT,Battery,50,2024,0.0777,0.0247,0.1229,0.1409,0.0682,0.1883,0.1792,0.1172,0.2264,0.5073
ERCOT,Battery,50,2025,0.0562,0.012,0.0997,0.0986,0.0414,0.1566,0.1318,0.0755,0.1918,0.5558
ERCOT,Battery,100,2020,0.0361,0.0238,0.0507,0.1858,0.1694,0.1988,0.2415,0.2168,0.2621,0.412
ERCOT,Battery,100,2021,0.0371,0.0223,0.0513,0.1863,0.1702,0.2075,0.241,0.2143,0.2658,0.4189
ERCOT,Battery,100,2022,0.0457,0.0222,0.0677,0.1848,0.168,0.2084,0.2402,0.2142,0.2637,0.4292
ERCOT,Battery,100,2023,0.0585,0.0191,0.0962,0.168,0.1075,0.2099,0.2211,0.1682,0.2651,0.4451
ERCOT,Battery,100,2024,0.0589,0.0166,0.0891,0.1315,0.0644,0.1801,0.1779,0.1199,0.229,0.4859
ERCOT,Battery,100,2025,0.0438,0.0086,0.0793,0.0892,0.0385,0.1384,0.1273,0.0803,0.1859,0.5415
ERCOT,Battery,200,2020,0.0302,0.0193,0.0446,0.1872,0.1768,0.2047,0.2485,0.2238,0.2729,0.3901
ERCOT,Battery,200,2021,0.0313,0.0192,0.0469,0.1876,0.1667,0.2111,0.2475,0.2121,0.278,0.3964
ERCOT,Battery,200,2022,0.0371,0.017,0.0598,0.1773,0.1493,0.201,0.2378,0.2013,0.2644,0.4144
ERCOT,Battery,200,2023,0.0462,0.0148,0.0795,0.1566,0.0987,0.1964,0.2151,0.1628,0.2581,0.4274
ERCOT,Battery,200,2024,0.0453,0.0123,0.0706,0.1187,0.06,0.1675,0.1701,0.1165,0.2211,0.4694
ERCOT,Battery,200,2025,0.0356,0.0073,0.0644,0.081,0.037,0.1203,0.1225,0.0829,0.1717,0.5247
ERCOT,Battery,400,2020,0.0256,0.0179,0.0369,0.1803,0.1687,0.2001,0.2468,0.2188,0.2764,0.3757
ERCOT,Battery,400,2021,0.0265,0.0172,0.0413,0.1755,0.1494,0.1983,0.2395,0.1992,0.2697,0.3842
ERCOT,Battery,400,2022,0.0305,0.0149,0.0489,0.1598,0.1156,0.1856,0.2222,0.1676,0.2518,0.403
ERCOT,Battery,400,2023,0.0377,0.0114,0.0689,0.1383,0.0775,0.1723,0.1991,0.1404,0.2344,0.4191
ERCOT,Battery,400,2024,0.0384,0.0087,0.063,0.1086,0.0529,0.1516,0.1631,0.1084,0.2079,0.4532
ERCOT,Battery,400,2025,0.0312,0.0063,0.0541,0.0764,0.0353,0.1139,0.1213,0.0829,0.1628,0.5009
ERCOT,Battery,800,2020,0.0227,0.0149,0.0344,0.1665,0.1496,0.1918,0.2361,0.2095,0.2727,0.3706
ERCOT,Battery,800,2021,0.0226,0.0124,0.0379,0.1558,0.1223,0.187,0.2217,0.1807,0.261,0.3818
ERCOT,Battery,800,2022,0.0249,0.0105,0.0418,0.1374,0.0936,0.1732,0.2001,0.1434,0.2398,0.4012
ERCOT,Battery,800,2023,0.0296,0.0079,0.0478,0.1172,0.0655,0.1484,0.1765,0.1243,0.2115,0.4157
ERCOT,Battery,800,2024,0.0332,0.006,0.0543,0.0977,0.0463,0.1322,0.1528,0.0996,0.1858,0.4358
ERCOT,Battery,800,2025,0.0288,0.0049,0.0529,0.0728,0.0329,0.1091,0.1201,0.0811,0.1556,0.4783
ERCOT,Hybrid,50,2020,0.06,0.0394,0.0744,0.133,0.0832,0.1713,0.1833,0.1071,0.2416,0.0776
ERCOT,Hybrid,50,2021,0.0566,0.0407,0.0736,0.1261,0.0753,0.1681,0.1754,0.0966,0.2413,0.0778
ERCOT,Hybrid,50,2022,0.0523,0.0376,0.0689,0.1163,0.0691,0.1531,0.1639,0.0881,0.2309,0.0808
ERCOT,Hybrid,50,2023,0.0516,0.0296,0.0757,0.1131,0.0521,0.1581,0.1625,0.0748,0.2245,0.1145
ERCOT,Hybrid,50,2024,0.0487,0.0169,0.0838,0.0994,0.0395,0.1554,0.1457,0.0619,0.2044,0.1872
ERCOT,Hybrid,50,2025,0.0438,0.0089,0.0845,0.0836,0.0281,0.1492,0.1249,0.0546,0.194,0.2768
ERCOT,Hybrid,100,2020,0.0565,0.0426,0.0775,0.1382,0.0945,0.1743,0.1915,0.1259,0.2506,0.0707
ERCOT,Hybrid,100,2021,0.0549,0.0405,0.0744,0.1336,0.0916,0.1772,0.1864,0.1199,0.2577,0.0733
ERCOT,Hybrid,100,2022,0.0496,0.0339,0.0669,0.1215,0.0776,0.1657,0.1717,0.1099,0.2449,0.0793
ERCOT,Hybrid,100,2023,0.047,0.0244,0.0737,0.1158,0.0527,0.1645,0.1686,0.0768,0.2391,0.1183
ERCOT,Hybrid,100,2024,0.0445,0.0121,0.0842,0.1027,0.0411,0.1763,0.154,0.0636,0.2435,0.1863
ERCOT,Hybrid,100,2025,0.0393,0.0059,0.0819,0.0826,0.0274,0.1557,0.1277,0.0539,0.2084,0.2777
ERCOT,Hybrid,200,2020,0.0517,0.0403,0.0758,0.1377,0.0987,0.1703,0.1922,0.1368,0.2552,0.0658
ERCOT,Hybrid,200,2021,0.0509,0.0361,0.0722,0.1343,0.1018,0.1749,0.188,0.1375,0.2655,0.0703
ERCOT,Hybrid,200,2022,0.0459,0.0287,0.0644,0.1229,0.0751,0.1726,0.1739,0.107,0.2505,0.0826
ERCOT,Hybrid,200,2023,0.0431,0.0195,0.0717,0.1141,0.0527,0.1716,0.1672,0.0769,0.2471,0.1239
ERCOT,Hybrid,200,2024,0.0413,0.0095,0.082,0.1017,0.0411,0.182,0.1546,0.0632,0.2536,0.1883
ERCOT,Hybrid,200,2025,0.0349,0.0046,0.076,0.0788,0.0273,0.1537,0.1262,0.0545,0.2134,0.2752
ERCOT,Hybrid,400,2020,0.0465,0.0355,0.0655,0.1353,0.1019,0.1665,0.1902,0.1458,0.2478,0.0653
ERCOT,Hybrid,400,2021,0.0458,0.0315,0.0628,0.1331,0.1029,0.1797,0.187,0.1454,0.2637,0.0704
ERCOT,Hybrid,400,2022,0.0412,0.0246,0.0544,0.1191,0.0748,0.1693,0.1694,0.1066,0.2422,0.0865
ERCOT,Hybrid,400,2023,0.0381,0.0148,0.0612,0.1081,0.0542,0.1669,0.1608,0.078,0.2371,0.1222
ERCOT,Hybrid,400,2024,0.0374,0.0072,0.0745,0.0963,0.0394,0.1764,0.1504,0.0615,0.2512,0.1844
ERCOT,Hybrid,400,2025,0.032,0.0033,0.0702,0.0753,0.0264,0.1488,0.1235,0.0537,0.2139,0.2593
ERCOT,Hybrid,800,2020,0.0396,0.0289,0.0561,0.1294,0.0931,0.168,0.184,0.1377,0.2335,0.069
ERCOT,Hybrid,800,2021,0.0393,0.0254,0.0557,0.127,0.0949,0.1821,0.1811,0.1414,0.2536,0.0763
ERCOT,Hybrid,800,2022,0.0367,0.0197,0.056,0.1154,0.0818,0.1713,0.1675,0.1167,0.2442,0.0979
ERCOT,Hybrid,800,2023,0.0337,0.0128,0.0583,0.1024,0.061,0.1574,0.156,0.079,0.2256,0.1311
ERCOT,Hybrid,800,2024,0.033,0.0056,0.0624,0.0893,0.041,0.1589,0.1445,0.068,0.2331,0.1866
ERCOT,Hybrid,800,2025,0.029,0.003,0.0612,0.071,0.027,0.1366,0.1204,0.0556,0.2052,0.2476
ERCOT,Gas,50,2020,0.1976,0.1871,0.211,0.2599,0.243,0.2733,0.2827,0.2658,0.2971,0.5059
ERCOT,Gas,50,2021,0.1976,0.1844,0.2152,0.2623,0.2455,0.2784,0.2868,0.2706,0.3044,0.4863
ERCOT,Gas,50,2022,0.1947,0.1754,0.2182,0.2567,0.239,0.2805,0.2835,0.2624,0.3086,0.4526
ERCOT,Gas,50,2023,0.1845,0.152,0.2209,0.242,0.2083,0.2803,0.2713,0.2349,0.3091,0.4202
ERCOT,Gas,50,2024,0.1628,0.1122,0.2167,0.2158,0.1649,0.2724,0.2468,0.2089,0.2998,0.4161
ERCOT,Gas,50,2025,0.132,0.0598,0.2047,0.1766,0.0956,0.2543,0.2072,0.1382,0.2785,0.4266
ERCOT,Gas,100,2020,0.1916,0.1821,0.2052,0.2625,0.2513,0.2716,0.2856,0.2736,0.2941,0.5082
ERCOT,Gas,100,2021,0.1901,0.1794,0.2062,0.2628,0.2495,0.2741,0.2879,0.2769,0.2985,0.4961
ERCOT,Gas,100,2022,0.1832,0.1629,0.204,0.2543,0.2383,0.2748,0.2828,0.264,0.3014,0.4685
ERCOT,Gas,100,2023,0.1705,0.1445,0.2037,0.2377,0.2132,0.2728,0.2705,0.2413,0.3011,0.4332
ERCOT,Gas,100,2024,0.1473,0.0952,0.1998,0.2085,0.1516,0.2655,0.2445,0.2032,0.2954,0.4187
ERCOT,Gas,100,2025,0.116,0.0487,0.1845,0.1664,0.0915,0.2424,0.2017,0.139,0.2703,0.4271
ERCOT,Gas,200,2020,0.1857,0.1748,0.199,0.2596,0.251,0.2679,0.2844,0.2754,0.292,0.5064
ERCOT,Gas,200,2021,0.1825,0.1688,0.1995,0.2574,0.2441,0.268,0.2843,0.2731,0.2932,0.4947
ERCOT,Gas,200,2022,0.1714,0.1531,0.1929,0.246,0.2257,0.2698,0.2777,0.2546,0.2982,0.4688
ERCOT,Gas,200,2023,0.1574,0.1352,0.1911,0.2285,0.2002,0.2666,0.2655,0.2329,0.2966,0.4345
ERCOT,Gas,200,2024,0.1334,0.0778,0.1843,0.1974,0.1349,0.2557,0.2372,0.1901,0.287,0.4171
ERCOT,Gas,200,2025,0.1038,0.041,0.1619,0.1564,0.0835,0.2259,0.1956,0.138,0.2587,0.4194
ERCOT,Gas,400,2020,0.1708,0.1601,0.1828,0.2476,0.237,0.2573,0.2772,0.2674,0.2865,0.4998
ERCOT,Gas,400,2021,0.1689,0.1559,0.184,0.2448,0.2311,0.2592,0.2764,0.2611,0.2871,0.4851
ERCOT,Gas,400,2022,0.1585,0.1409,0.1816,0.233,0.2044,0.2615,0.269,0.235,0.2943,0.458
ERCOT,Gas,400,2023,0.1421,0.1203,0.1776,0.2131,0.1806,0.2565,0.2543,0.2143,0.2909,0.4253
ERCOT,Gas,400,2024,0.1197,0.0641,0.1669,0.1835,0.1198,0.2408,0.2274,0.1792,0.2751,0.4089
ERCOT,Gas,400,2025,0.0929,0.0348,0.1403,0.1454,0.0774,0.2085,0.1889,0.1359,0.2481,0.4043
ERCOT,Gas,800,2020,0.1478,0.1307,0.1607,0.2298,0.2079,0.2452,0.2684,0.252,0.285,0.4847
ERCOT,Gas,800,2021,0.1475,0.1345,0.1556,0.2255,0.2066,0.2406,0.265,0.2414,0.2827,0.4663
ERCOT,Gas,800,2022,0.1403,0.1203,0.1646,0.2133,0.1791,0.2445,0.2558,0.2119,0.285,0.4411
ERCOT,Gas,800,2023,0.1262,0.1017,0.1607,0.1938,0.1583,0.239,0.2393,0.1925,0.2802,0.4162
ERCOT,Gas,800,2024,0.1082,0.0579,0.1503,0.1696,0.1122,0.223,0.217,0.1709,0.2633,0.3992
ERCOT,Gas,800,2025,0.0827,0.0321,0.1222,0.1337,0.0743,0.1905,0.1803,0.1319,0.2301,0.3876
ISO-NE,Solar,50,2020,0.0114,0.0058,0.0211,0.0493,0.0345,0.0731,0.0817,0.0564,0.1064,0.6363
ISO-NE,Solar,50,2021,0.0097,0.0052,0.0187,0.0406,0.0264,0.0632,0.0689,0.0472,0.0947,0.6571
ISO-NE,Solar,50,2022,0.0083,0.0048,0.016,0.0327,0.0197,0.0493,0.0556,0.0383,0.078,0.6777
ISO-NE,Solar,50,2023,0.0077,0.0038,0.0162,0.0257,0.0152,0.037,0.0438,0.0303,0.0593,0.6911
ISO-NE,Solar,50,2024,0.0065,0.0028,0.0135,0.0207,0.0123,0.0285,0.0363,0.0255,0.0467,0.7057
ISO-NE,Solar,50,2025,0.005,0.002,0.0106,0.0168,0.0109,0.0224,0.0311,0.023,0.041,0.7196
ISO-NE,Solar,100,2020,0.0096,0.0044,0.017,0.0486,0.0336,0.0713,0.085,0.0637,0.1091,0.6243
ISO-NE,Solar,100,2021,0.0082,0.0048,0.0153,0.0413,0.0298,0.0633,0.0747,0.0558,0.0987,0.6422
ISO-NE,Solar,100,2022,0.0073,0.0046,0.0135,0.0338,0.023,0.0527,0.0617,0.0446,0.0864,0.6633
ISO-NE,Solar,100,2023,0.0068,0.0033,0.0137,0.0264,0.0165,0.038,0.0482,0.0353,0.0655,0.6808
ISO-NE,Solar,100,2024,0.0061,0.0023,0.0126,0.0215,0.0135,0.0302,0.0396,0.03,0.0519,0.6976
ISO-NE,Solar,100,2025,0.0049,0.0018,0.0099,0.0177,0.0122,0.0234,0.034,0.026,0.0444,0.7136
ISO-NE,Solar,200,2020,0.0086,0.004,0.0141,0.048,0.0304,0.0694,0.0881,0.0652,0.1102,0.6148
ISO-NE,Solar,200,2021,0.0072,0.004,0.0122,0.0408,0.0253,0.0614,0.0782,0.0595,0.1011,0.6317
ISO-NE,Solar,200,2022,0.0065,0.0041,0.0111,0.0348,0.023,0.0534,0.0675,0.0526,0.0905,0.6492
ISO-NE,Solar,200,2023,0.0062,0.003,0.0113,0.0277,0.0193,0.0394,0.0537,0.0431,0.0712,0.6698
ISO-NE,Solar,200,2024,0.0058,0.0022,0.011,0.0229,0.0157,0.0309,0.0444,0.0331,0.0573,0.6881
ISO-NE,Solar,200,2025,0.0048,0.0017,0.0091,0.0189,0.0142,0.0247,0.0378,0.0274,0.0475,0.7066
ISO-NE,Solar,400,2020,0.0084,0.0036,0.0162,0.0481,0.0297,0.0728,0.0914,0.0676,0.1151,0.6066
ISO-NE,Solar,400,2021,0.007,0.0034,0.0132,0.0414,0.0248,0.063,0.0823,0.0622,0.1009,0.6201
ISO-NE,Solar,400,2022,0.0063,0.0033,0.0111,0.0355,0.0213,0.054,0.0721,0.0552,0.0933,0.637
ISO-NE,Solar,400,2023,0.0059,0.0029,0.01,0.029,0.0191,0.0405,0.0593,0.0463,0.0757,0.6584
ISO-NE,Solar,400,2024,0.0055,0.0022,0.0099,0.0242,0.0164,0.033,0.0492,0.0363,0.0613,0.6783
ISO-NE,Solar,400,2025,0.0049,0.0016,0.0083,0.0203,0.0142,0.0277,0.0421,0.029,0.0529,0.6972
ISO-NE,Solar,800,2020,0.0089,0.0036,0.0195,0.0491,0.0305,0.0761,0.0947,0.0686,0.1195,0.598
ISO-NE,Solar,800,2021,0.0072,0.0031,0.0152,0.0422,0.0241,0.0664,0.0855,0.0623,0.1074,0.6104
ISO-NE,Solar,800,2022,0.0064,0.0026,0.0127,0.0365,0.0203,0.0576,0.0762,0.0545,0.0949,0.6243
ISO-NE,Solar,800,2023,0.0061,0.0024,0.0114,0.0308,0.0185,0.0479,0.0649,0.0472,0.086,0.646
ISO-NE,Solar,800,2024,0.0056,0.0021,0.0098,0.0258,0.0167,0.039,0.0548,0.039,0.072,0.6654
ISO-NE,Solar,800,2025,0.005,0.0016,0.0086,0.0218,0.0145,0.0323,0.047,0.0314,0.0587,0.6852
ISO-NE,Wind,50,2020,0.0162,0.0049,0.0337,0.0479,0.0268,0.0861,0.0755,0.0498,0.1203,0.6478
ISO-NE,Wind,50,2021,0.0123,0.0044,0.0254,0.0389,0.0208,0.0691,0.0633,0.0415,0.1021,0.6697
ISO-NE,Wind,50,2022,0.0099,0.0041,0.0235,0.0317,0.0163,0.0591,0.0535,0.0357,0.089,0.6887
ISO-NE,Wind,50,2023,0.0083,0.0032,0.0214,0.0258,0.0123,0.0478,0.045,0.0301,0.0729,0.7038
ISO-NE,Wind,50,2024,0.0065,0.0019,0.0155,0.0201,0.0103,0.0323,0.0368,0.0248,0.0524,0.7202
ISO-NE,Wind,50,2025,0.0051,0.0012,0.0114,0.0162,0.0087,0.0225,0.0311,0.0221,0.0396,0.7357
ISO-NE,Wind,100,2020,0.0107,0.004,0.0238,0.0415,0.0225,0.0694,0.0727,0.0483,0.106,0.6427
ISO-NE,Wind,100,2021,0.0089,0.0034,0.02,0.0351,0.0184,0.0608,0.0625,0.0437,0.0942,0.6657
ISO-NE,Wind,100,2022,0.0079,0.0032,0.0185,0.0302,0.0164,0.0534,0.0543,0.0375,0.0845,0.6824
ISO-NE,Wind,100,2023,0.0072,0.0026,0.018,0.0253,0.0125,0.0451,0.0464,0.0307,0.0706,0.6957
ISO-NE,Wind,100,2024,0.006,0.0016,0.0148,0.0202,0.0106,0.0328,0.0387,0.0254,0.0543,0.7112
ISO-NE,Wind,100,2025,0.0045,0.0009,0.0104,0.016,0.0093,0.0229,0.0326,0.0221,0.0428,0.7267
ISO-NE,Wind,200,2020,0.0085,0.0029,0.0195,0.0381,0.0196,0.0604,0.072,0.0485,0.0971,0.6346
ISO-NE,Wind,200,2021,0.0072,0.0026,0.0167,0.0329,0.0171,0.052,0.0637,0.0443,0.0871,0.6558
ISO-NE,Wind,200,2022,0.0066,0.0025,0.0154,0.0287,0.0157,0.0462,0.056,0.0401,0.079,0.6732
ISO-NE,Wind,200,2023,0.0065,0.0023,0.0166,0.025,0.0137,0.0428,0.0487,0.0326,0.0693,0.6866
ISO-NE,Wind,200,2024,0.0058,0.0014,0.0155,0.0208,0.0117,0.0347,0.0419,0.0276,0.0581,0.7014
ISO-NE,Wind,200,2025,0.0044,0.0009,0.0112,0.0165,0.0097,0.0248,0.0351,0.0226,0.0458,0.7174
ISO-NE,Wind,400,2020,0.0075,0.0026,0.0174,0.0364,0.0186,0.0562,0.0721,0.0507,0.0916,0.6262
ISO-NE,Wind,400,2021,0.0064,0.0022,0.015,0.0319,0.0164,0.0478,0.0655,0.0466,0.0852,0.6453
ISO-NE,Wind,400,2022,0.006,0.002,0.0146,0.0285,0.0149,0.0434,0.0589,0.0444,0.0787,0.6621
ISO-NE,Wind,400,2023,0.0059,0.0018,0.0155,0.0249,0.0141,0.0407,0.0512,0.0368,0.069,0.6767
ISO-NE,Wind,400,2024,0.0055,0.0013,0.0151,0.0212,0.012,0.0359,0.0445,0.0307,0.0602,0.6912
ISO-NE,Wind,400,2025,0.0044,0.0008,0.0119,0.0172,0.0102,0.0269,0.0377,0.0247,0.0489,0.7073
ISO-NE,Wind,800,2020,0.0072,0.0024,0.0183,0.0359,0.0184,0.0559,0.0739,0.0525,0.0918,0.6153
ISO-NE,Wind,800,2021,0.0062,0.0021,0.0152,0.0316,0.0166,0.046,0.0674,0.0485,0.0845,0.633
ISO-NE,Wind,800,2022,0.0059,0.0017,0.0144,0.0284,0.0149,0.042,0.0616,0.046,0.0795,0.6488
ISO-NE,Wind,800,2023,0.0056,0.0014,0.0149,0.0251,0.0139,0.0395,0.0541,0.0403,0.07,0.6651
ISO-NE,Wind,800,2024,0.0052,0.0011,0.0144,0.0216,0.0121,0.0356,0.0472,0.0337,0.0604,0.6799
ISO-NE,Wind,800,2025,0.0045,0.0008,0.0128,0.0182,0.0107,0.0298,0.0408,0.0275,0.0528,0.6954
ISO-NE,Battery,50,2020,0.0096,0.0057,0.0161,0.0392,0.0252,0.0546,0.0679,0.0441,0.0881,0.6628
ISO-NE,Battery,50,2021,0.0085,0.0045,0.016,0.0325,0.0207,0.047,0.0574,0.0383,0.077,0.6827
ISO-NE,Battery,50,2022,0.0079,0.0035,0.0163,0.0269,0.0169,0.0403,0.0477,0.0322,0.0634,0.6928
ISO-NE,Battery,50,2023,0.0073,0.0026,0.0163,0.0223,0.0132,0.0327,0.0395,0.0271,0.0515,0.6993
ISO-NE,Battery,50,2024,0.0059,0.0017,0.0131,0.0181,0.011,0.0248,0.0328,0.024,0.0422,0.7109
ISO-NE,Battery,50,2025,0.0045,0.0012,0.0095,0.0149,0.0098,0.0197,0.028,0.0216,0.0364,0.7247
ISO-NE,Battery,100,2020,0.0078,0.0044,0.0127,0.039,0.0267,0.055,0.0715,0.0458,0.0928,0.6508
ISO-NE,Battery,100,2021,0.0069,0.0039,0.0123,0.0323,0.0221,0.0461,0.061,0.0399,0.078,0.6712
ISO-NE,Battery,100,2022,0.0066,0.0032,0.0129,0.0269,0.0177,0.0396,0.0508,0.0346,0.0658,0.6832
ISO-NE,Battery,100,2023,0.0065,0.0022,0.0141,0.0226,0.0137,0.0323,0.0421,0.0285,0.0543,0.6912
ISO-NE,Battery,100,2024,0.0055,0.0016,0.0122,0.0186,0.0112,0.0254,0.0352,0.0246,0.0458,0.7032
ISO-NE,Battery,100,2025,0.0043,0.0011,0.0094,0.0153,0.01,0.0204,0.0302,0.0224,0.0403,0.7173
ISO-NE,Battery,200,2020,0.0071,0.0037,0.0109,0.0387,0.0262,0.0539,0.0739,0.0473,0.097,0.6401
ISO-NE,Battery,200,2021,0.006,0.0032,0.0101,0.0322,0.0222,0.0457,0.064,0.0409,0.0832,0.6586
ISO-NE,Battery,200,2022,0.0056,0.0029,0.0103,0.027,0.0193,0.0395,0.0542,0.0368,0.0717,0.6727
ISO-NE,Battery,200,2023,0.0055,0.002,0.0123,0.0229,0.0146,0.0328,0.0453,0.0299,0.0594,0.683
ISO-NE,Battery,200,2024,0.0052,0.0015,0.0118,0.0194,0.0124,0.0271,0.0383,0.0262,0.0505,0.6951
ISO-NE,Battery,200,2025,0.0042,0.0011,0.0089,0.016,0.0109,0.0211,0.0328,0.0238,0.0438,0.7098
ISO-NE,Battery,400,2020,0.0075,0.0032,0.0112,0.0396,0.0267,0.0549,0.0771,0.0528,0.1019,0.6296
ISO-NE,Battery,400,2021,0.0062,0.0025,0.0103,0.0336,0.0227,0.0462,0.0682,0.0467,0.0885,0.644
ISO-NE,Battery,400,2022,0.0054,0.0025,0.0102,0.0281,0.0197,0.0404,0.0584,0.0398,0.0765,0.6593
ISO-NE,Battery,400,2023,0.0054,0.0022,0.0118,0.0239,0.016,0.0342,0.0489,0.0327,0.0641,0.674
ISO-NE,Battery,400,2024,0.0052,0.0015,0.0121,0.0204,0.0133,0.0284,0.0414,0.0276,0.0544,0.6862
ISO-NE,Battery,400,2025,0.0042,0.0012,0.0089,0.0169,0.012,0.022,0.0356,0.025,0.0458,0.701
ISO-NE,Battery,800,2020,0.0078,0.0028,0.0118,0.0399,0.0264,0.0542,0.0792,0.0558,0.1043,0.6179
ISO-NE,Battery,800,2021,0.0067,0.0023,0.0111,0.0348,0.023,0.0471,0.0718,0.0505,0.0934,0.6291
ISO-NE,Battery,800,2022,0.0057,0.0021,0.0105,0.0292,0.0199,0.0396,0.0622,0.0419,0.079,0.644
ISO-NE,Battery,800,2023,0.0055,0.002,0.011,0.0245,0.0164,0.0348,0.0521,0.0352,0.0673,0.6636
ISO-NE,Battery,800,2024,0.0053,0.0016,0.0119,0.0212,0.0136,0.0295,0.0447,0.0302,0.0574,0.6771
ISO-NE,Battery,800,2025,0.0044,0.0012,0.0093,0.018,0.0123,0.024,0.039,0.0271,0.0479,0.6906
ISO-NE,Hybrid,50,2020,0.0057,0.0022,0.0106,0.0298,0.0174,0.0442,0.0577,0.0375,0.0765,0.6779
ISO-NE,Hybrid,50,2021,0.005,0.0021,0.0099,0.0253,0.0149,0.0357,0.0496,0.0353,0.0645,0.6994
ISO-NE,Hybrid,50,2022,0.0049,0.0023,0.011,0.0217,0.0142,0.0299,0.0428,0.0326,0.0518,0.7117
ISO-NE,Hybrid,50,2023,0.0049,0.0021,0.0116,0.0194,0.0124,0.027,0.0378,0.0282,0.046,0.7183
ISO-NE,Hybrid,50,2024,0.0043,0.0016,0.0102,0.0169,0.0117,0.0228,0.033,0.0248,0.0417,0.7314
ISO-NE,Hybrid,50,2025,0.0036,0.0011,0.0086,0.0143,0.0102,0.0193,0.0287,0.021,0.038,0.7463
ISO-NE,Hybrid,100,2020,0.0044,0.0018,0.0078,0.0284,0.0166,0.0419,0.0599,0.038,0.0809,0.6611
ISO-NE,Hybrid,100,2021,0.0039,0.0017,0.0074,0.0247,0.0145,0.0372,0.053,0.0347,0.0726,0.6789
ISO-NE,Hybrid,100,2022,0.004,0.0018,0.0085,0.0218,0.0138,0.0312,0.0468,0.0333,0.0607,0.6904
ISO-NE,Hybrid,100,2023,0.0043,0.0017,0.01,0.0197,0.013,0.0267,0.0413,0.0295,0.0523,0.6996
ISO-NE,Hybrid,100,2024,0.004,0.0013,0.009,0.0172,0.0121,0.0229,0.036,0.0264,0.0475,0.7167
ISO-NE,Hybrid,100,2025,0.0034,0.001,0.0078,0.0146,0.0103,0.019,0.0311,0.0211,0.0422,0.7337
ISO-NE,Hybrid,200,2020,0.0038,0.0014,0.0068,0.0281,0.0157,0.0416,0.0632,0.0395,0.0843,0.641
ISO-NE,Hybrid,200,2021,0.0035,0.0014,0.0066,0.0246,0.014,0.0382,0.0569,0.0378,0.0792,0.6604
ISO-NE,Hybrid,200,2022,0.0035,0.0014,0.0075,0.0218,0.0132,0.0334,0.0502,0.0351,0.0696,0.6739
ISO-NE,Hybrid,200,2023,0.0038,0.0014,0.009,0.0198,0.0124,0.027,0.0444,0.0304,0.057,0.6839
ISO-NE,Hybrid,200,2024,0.0037,0.0011,0.0083,0.0174,0.0117,0.0232,0.0385,0.0269,0.0512,0.7033
ISO-NE,Hybrid,200,2025,0.0032,0.0008,0.0072,0.0149,0.0103,0.0189,0.0335,0.0216,0.0457,0.7215
ISO-NE,Hybrid,400,2020,0.0037,0.0012,0.007,0.0286,0.0156,0.0419,0.067,0.0413,0.0863,0.623
ISO-NE,Hybrid,400,2021,0.0032,0.0011,0.0066,0.0249,0.0137,0.0376,0.0608,0.0383,0.081,0.6416
ISO-NE,Hybrid,400,2022,0.0032,0.001,0.0074,0.0222,0.0124,0.0341,0.0545,0.0366,0.0757,0.6561
ISO-NE,Hybrid,400,2023,0.0035,0.0011,0.0087,0.0197,0.0119,0.0281,0.0474,0.0316,0.0625,0.6709
ISO-NE,Hybrid,400,2024,0.0034,0.001,0.0079,0.0176,0.0114,0.0236,0.0414,0.0282,0.0543,0.6893
ISO-NE,Hybrid,400,2025,0.0031,0.0008,0.0067,0.0154,0.0103,0.02,0.0364,0.0231,0.0484,0.7089
ISO-NE,Hybrid,800,2020,0.0037,0.0011,0.0075,0.0293,0.0156,0.043,0.0704,0.0428,0.0906,0.6107
ISO-NE,Hybrid,800,2021,0.0033,0.0009,0.0071,0.0257,0.0133,0.0382,0.0646,0.0399,0.0844,0.6258
ISO-NE,Hybrid,800,2022,0.0032,0.0007,0.0075,0.0226,0.012,0.0344,0.0583,0.0388,0.0774,0.6405
ISO-NE,Hybrid,800,2023,0.0032,0.0008,0.0083,0.0198,0.0116,0.0296,0.051,0.0339,0.0671,0.6572
ISO-NE,Hybrid,800,2024,0.0032,0.0008,0.0079,0.0178,0.0111,0.0243,0.0445,0.0299,0.057,0.6749
ISO-NE,Hybrid,800,2025,0.003,0.0007,0.0065,0.016,0.0102,0.0217,0.0398,0.0246,0.0509,0.6945
ISO-NE,Gas,50,2020,0.0486,0.0279,0.0726,0.094,0.0538,0.1468,0.1228,0.0759,0.1887,0.6206
ISO-NE,Gas,50,2021,0.0382,0.0196,0.0667,0.0756,0.0389,0.1331,0.1015,0.0611,0.1726,0.6463
ISO-NE,Gas,50,2022,0.0308,0.012,0.0609,0.0612,0.0265,0.1156,0.0838,0.046,0.1507,0.6679
ISO-NE,Gas,50,2023,0.0243,0.0075,0.0523,0.049,0.0195,0.0974,0.0689,0.0353,0.1289,0.6825
ISO-NE,Gas,50,2024,0.0179,0.0048,0.0392,0.0384,0.0153,0.075,0.0565,0.029,0.1039,0.694
ISO-NE,Gas,50,2025,0.0124,0.0032,0.0266,0.0294,0.0128,0.0497,0.0461,0.0248,0.0769,0.7051
ISO-NE,Gas,100,2020,0.0378,0.0201,0.0594,0.0872,0.0517,0.1387,0.1213,0.0813,0.1836,0.6089
ISO-NE,Gas,100,2021,0.032,0.0149,0.0578,0.0727,0.0385,0.1286,0.1029,0.0665,0.1701,0.6315
ISO-NE,Gas,100,2022,0.0261,0.0094,0.0519,0.0598,0.028,0.1134,0.0865,0.0525,0.1519,0.6499
ISO-NE,Gas,100,2023,0.0208,0.0066,0.0396,0.0484,0.022,0.0905,0.0717,0.0419,0.1292,0.6659
ISO-NE,Gas,100,2024,0.0159,0.0046,0.0292,0.0389,0.0176,0.0719,0.0601,0.0346,0.1075,0.6781
ISO-NE,Gas,100,2025,0.0116,0.0033,0.0218,0.0305,0.015,0.0493,0.0499,0.0298,0.0825,0.6884
ISO-NE,Gas,200,2020,0.031,0.016,0.0525,0.0838,0.0523,0.1374,0.1229,0.0848,0.1874,0.6001
ISO-NE,Gas,200,2021,0.0279,0.0118,0.0529,0.0722,0.04,0.1279,0.1069,0.0728,0.1741,0.618
ISO-NE,Gas,200,2022,0.0238,0.0081,0.0495,0.0599,0.03,0.1134,0.0904,0.0587,0.1564,0.6363
ISO-NE,Gas,200,2023,0.0186,0.006,0.0352,0.0481,0.0241,0.0881,0.075,0.0481,0.1302,0.6524
ISO-NE,Gas,200,2024,0.0149,0.0048,0.0258,0.0398,0.0204,0.0708,0.064,0.0412,0.1104,0.6626
ISO-NE,Gas,200,2025,0.0113,0.0034,0.0204,0.032,0.0177,0.0518,0.054,0.0343,0.0884,0.6732
ISO-NE,Gas,400,2020,0.0261,0.0129,0.0458,0.081,0.0525,0.1303,0.124,0.0896,0.1858,0.5936
ISO-NE,Gas,400,2021,0.0245,0.0105,0.0454,0.0713,0.0443,0.1217,0.1105,0.0807,0.1739,0.6068
ISO-NE,Gas,400,2022,0.0223,0.0079,0.0466,0.0605,0.0323,0.1111,0.0947,0.0664,0.1586,0.6262
ISO-NE,Gas,400,2023,0.0174,0.0061,0.0325,0.0483,0.026,0.0842,0.078,0.0536,0.1263,0.642
ISO-NE,Gas,400,2024,0.0141,0.005,0.0242,0.0402,0.022,0.0672,0.0671,0.0457,0.1096,0.6512
ISO-NE,Gas,400,2025,0.0112,0.0039,0.02,0.033,0.019,0.0529,0.0576,0.0368,0.0923,0.6598
ISO-NE,Gas,800,2020,0.0241,0.0113,0.0446,0.0803,0.0535,0.124,0.1266,0.0943,0.1849,0.587
ISO-NE,Gas,800,2021,0.0219,0.0089,0.0401,0.0694,0.0439,0.1132,0.1116,0.0823,0.1708,0.6002
ISO-NE,Gas,800,2022,0.021,0.007,0.0417,0.0597,0.0338,0.1031,0.0967,0.0705,0.1537,0.6174
ISO-NE,Gas,800,2023,0.0171,0.0057,0.0309,0.0485,0.0275,0.0798,0.0805,0.0572,0.1244,0.6328
ISO-NE,Gas,800,2024,0.0137,0.0049,0.024,0.0406,0.0231,0.0642,0.0699,0.0483,0.1092,0.6404
ISO-NE,Gas,800,2025,0.0112,0.0042,0.0211,0.0341,0.0198,0.0534,0.0609,0.0393,0.0954,0.6473
MISO,Solar,50,2020,0.0259,0.0169,0.0317,0.0976,0.0832,0.1091,0.1321,0.1177,0.1486,0.5118
MISO,Solar,50,2021,0.0123,0.0054,0.0187,0.0485,0.031,0.0637,0.0737,0.0531,0.0888,0.6159
MISO,Solar,50,2022,0.0109,0.0033,0.0181,0.0362,0.0219,0.0513,0.0591,0.0454,0.0755,0.6417
MISO,Solar,50,2023,0.0147,0.0037,0.0342,0.0383,0.021,0.0672,0.0631,0.0457,0.0956,0.6153
MISO,Solar,50,2024,0.016,0.0032,0.0401,0.0375,0.0164,0.0746,0.0623,0.0371,0.1003,0.6154
MISO,Solar,50,2025,0.0126,0.0021,0.0323,0.0296,0.0107,0.0601,0.0513,0.0241,0.0858,0.642
MISO,Solar,100,2020,0.0145,0.0096,0.0206,0.0818,0.0683,0.0935,0.1199,0.1062,0.1334,0.5223
MISO,Solar,100,2021,0.0069,0.0036,0.0118,0.0422,0.0306,0.0541,0.0704,0.0587,0.0815,0.6274
MISO,Solar,100,2022,0.0072,0.0033,0.0123,0.0334,0.025,0.0445,0.0595,0.0487,0.0714,0.6464
MISO,Solar,100,2023,0.0115,0.0032,0.0255,0.0364,0.0218,0.0589,0.0643,0.0468,0.0898,0.6127
MISO,Solar,100,2024,0.0134,0.0031,0.0336,0.0358,0.0181,0.0683,0.0631,0.0399,0.0975,0.604
MISO,Solar,100,2025,0.0113,0.0019,0.0303,0.0291,0.0109,0.0587,0.0524,0.0246,0.0865,0.6248
MISO,Solar,200,2020,0.0104,0.006,0.0165,0.0743,0.0573,0.0882,0.1158,0.0998,0.1295,0.5299
MISO,Solar,200,2021,0.0055,0.0028,0.0098,0.0417,0.0306,0.0541,0.0731,0.0632,0.0838,0.624
MISO,Solar,200,2022,0.006,0.0029,0.011,0.034,0.0242,0.0448,0.0635,0.052,0.0755,0.6388
MISO,Solar,200,2023,0.01,0.0028,0.0224,0.0364,0.0225,0.0569,0.0669,0.0493,0.0878,0.6077
MISO,Solar,200,2024,0.0122,0.0026,0.032,0.0357,0.0196,0.0669,0.0651,0.0426,0.0986,0.5961
MISO,Solar,200,2025,0.0105,0.0019,0.0303,0.029,0.0113,0.0599,0.0541,0.0257,0.0899,0.6069
MISO,Solar,400,2020,0.0105,0.006,0.0162,0.0764,0.0586,0.0881,0.1217,0.1049,0.1337,0.5289
MISO,Solar,400,2021,0.0057,0.0028,0.0101,0.0452,0.034,0.0577,0.0804,0.0716,0.0914,0.6111
MISO,Solar,400,2022,0.0058,0.0026,0.0111,0.0354,0.0236,0.0464,0.0678,0.0549,0.0798,0.6266
MISO,Solar,400,2023,0.0096,0.0025,0.0216,0.037,0.0229,0.0559,0.0694,0.0507,0.0879,0.5994
MISO,Solar,400,2024,0.0116,0.0023,0.0308,0.0358,0.0196,0.0661,0.0666,0.0457,0.0998,0.5882
MISO,Solar,400,2025,0.0101,0.0019,0.0292,0.0292,0.0119,0.0593,0.0561,0.0272,0.0918,0.5944
MISO,Solar,800,2020,0.012,0.0066,0.0182,0.0805,0.0602,0.1007,0.13,0.1128,0.1506,0.5238
MISO,Solar,800,2021,0.0068,0.0036,0.012,0.0501,0.0344,0.0636,0.0899,0.0742,0.1032,0.5945
MISO,Solar,800,2022,0.0063,0.0027,0.0121,0.0376,0.0237,0.0491,0.0732,0.0576,0.0857,0.6118
MISO,Solar,800,2023,0.0096,0.0024,0.0222,0.0375,0.0221,0.0548,0.0717,0.0512,0.088,0.5903
MISO,Solar,800,2024,0.0114,0.0023,0.0295,0.0359,0.0206,0.0644,0.0679,0.0483,0.0994,0.5782
MISO,Solar,800,2025,0.01,0.0018,0.0285,0.0296,0.0128,0.0589,0.0578,0.0288,0.0936,0.581
MISO,Wind,50,2020,0.0942,0.0753,0.1117,0.1441,0.1233,0.1634,0.1656,0.1424,0.185,0.5475
MISO,Wind,50,2021,0.0463,0.025,0.0574,0.0759,0.0495,0.0886,0.094,0.0696,0.1068,0.6055
MISO,Wind,50,2022,0.0249,0.0093,0.0432,0.0465,0.0239,0.0693,0.0645,0.0368,0.0875,0.6311
MISO,Wind,50,2023,0.0235,0.0052,0.0576,0.0447,0.0173,0.0894,0.065,0.0315,0.1118,0.6073
MISO,Wind,50,2024,0.0188,0.004,0.0481,0.0379,0.0157,0.0783,0.0591,0.0317,0.104,0.6074
MISO,Wind,50,2025,0.0132,0.0023,0.0331,0.0285,0.01,0.0564,0.0484,0.0209,0.0811,0.6112
MISO,Wind,100,2020,0.0655,0.0516,0.0775,0.1282,0.1069,0.1408,0.1548,0.1313,0.1739,0.5267
MISO,Wind,100,2021,0.0275,0.0165,0.0348,0.0611,0.0456,0.0708,0.0814,0.0664,0.0918,0.6202
MISO,Wind,100,2022,0.016,0.0072,0.0256,0.0402,0.0244,0.0545,0.0605,0.0399,0.0766,0.643
MISO,Wind,100,2023,0.0167,0.0052,0.0388,0.0397,0.0203,0.0699,0.0625,0.0374,0.0961,0.6071
MISO,Wind,100,2024,0.016,0.0037,0.0422,0.0366,0.0181,0.0737,0.0599,0.0362,0.1024,0.5959
MISO,Wind,100,2025,0.0122,0.0023,0.0319,0.0286,0.0106,0.0576,0.0503,0.0243,0.085,0.598
MISO,Wind,200,2020,0.0363,0.0301,0.0452,0.0991,0.0825,0.1114,0.1304,0.1111,0.143,0.5356
MISO,Wind,200,2021,0.0155,0.0081,0.0213,0.0492,0.0366,0.0614,0.0724,0.0622,0.0854,0.6314
MISO,Wind,200,2022,0.0115,0.0042,0.0172,0.0367,0.0234,0.0498,0.0595,0.0432,0.0777,0.6487
MISO,Wind,200,2023,0.0137,0.0034,0.0305,0.0378,0.0201,0.062,0.063,0.0423,0.0901,0.6068
MISO,Wind,200,2024,0.0146,0.0031,0.0389,0.0364,0.0171,0.0711,0.0617,0.0388,0.1022,0.5878
MISO,Wind,200,2025,0.0113,0.0021,0.0297,0.0287,0.0116,0.0567,0.0522,0.0262,0.0876,0.584
MISO,Wind,400,2020,0.0228,0.0165,0.0286,0.0817,0.0612,0.0944,0.117,0.0968,0.1319,0.5447
MISO,Wind,400,2021,0.0106,0.0059,0.0159,0.044,0.0321,0.0546,0.0706,0.0581,0.0824,0.6293
MISO,Wind,400,2022,0.0092,0.003,0.0141,0.035,0.0221,0.049,0.0606,0.0465,0.0802,0.6464
MISO,Wind,400,2023,0.0119,0.0027,0.0256,0.0366,0.019,0.0558,0.0643,0.0451,0.0844,0.6092
MISO,Wind,400,2024,0.0132,0.0024,0.0337,0.0355,0.0168,0.0639,0.063,0.0416,0.0955,0.5863
MISO,Wind,400,2025,0.0105,0.0017,0.0284,0.0285,0.0122,0.0559,0.0539,0.0275,0.0888,0.5753
MISO,Wind,800,2020,0.0183,0.0117,0.0245,0.0747,0.0547,0.0904,0.1142,0.097,0.1357,0.5446
MISO,Wind,800,2021,0.0096,0.005,0.0153,0.0436,0.0293,0.0555,0.0744,0.0603,0.087,0.6172
MISO,Wind,800,2022,0.0089,0.0029,0.0166,0.0354,0.0221,0.0508,0.064,0.051,0.0852,0.6347
MISO,Wind,800,2023,0.0115,0.0024,0.0276,0.0369,0.0197,0.0584,0.0669,0.0479,0.0876,0.6077
MISO,Wind,800,2024,0.0123,0.002,0.0315,0.0349,0.0169,0.0583,0.0644,0.0428,0.0879,0.5867
MISO,Wind,800,2025,0.0098,0.0015,0.0262,0.0283,0.0132,0.053,0.0554,0.0293,0.0861,0.5727
MISO,Battery,50,2020,0.016,0.0077,0.0315,0.0585,0.0413,0.0816,0.0893,0.0723,0.11,0.5574
MISO,Battery,50,2021,0.008,0.0024,0.0194,0.033,0.0187,0.0531,0.0555,0.0391,0.076,0.6439
MISO,Battery,50,2022,0.0068,0.0019,0.0175,0.0258,0.0153,0.0442,0.046,0.033,0.0639,0.6674
MISO,Battery,50,2023,0.0093,0.0023,0.0253,0.0279,0.0173,0.0543,0.0506,0.0345,0.0781,0.6285
MISO,Battery,50,2024,0.0119,0.002,0.0374,0.0299,0.0154,0.0681,0.0534,0.0332,0.0941,0.6064
MISO,Battery,50,2025,0.0107,0.0012,0.0361,0.0258,0.012,0.0628,0.047,0.0241,0.0884,0.613
MISO,Battery,100,2020,0.0113,0.005,0.0209,0.0613,0.0444,0.0792,0.0965,0.0804,0.1112,0.5475
MISO,Battery,100,2021,0.0055,0.0017,0.0136,0.0338,0.0214,0.053,0.059,0.0459,0.0775,0.6438
MISO,Battery,100,2022,0.0049,0.0017,0.0121,0.0257,0.0173,0.0409,0.0482,0.0389,0.0631,0.67
MISO,Battery,100,2023,0.007,0.0022,0.0173,0.027,0.0184,0.0456,0.052,0.041,0.0718,0.6284
MISO,Battery,100,2024,0.0098,0.0019,0.0298,0.0289,0.0171,0.0615,0.0544,0.0374,0.0909,0.598
MISO,Battery,100,2025,0.0092,0.0011,0.0304,0.025,0.0128,0.0581,0.0475,0.0268,0.0865,0.6045
MISO,Battery,200,2020,0.0099,0.0048,0.0184,0.0676,0.0507,0.0861,0.1066,0.0874,0.1263,0.5394
MISO,Battery,200,2021,0.0049,0.0017,0.012,0.0371,0.0248,0.0569,0.0654,0.0519,0.0856,0.6363
MISO,Battery,200,2022,0.0042,0.0015,0.0101,0.0276,0.019,0.0432,0.0528,0.0441,0.0695,0.664
MISO,Battery,200,2023,0.0059,0.0022,0.0133,0.0278,0.0183,0.0426,0.0553,0.0443,0.0734,0.6224
MISO,Battery,200,2024,0.0084,0.0018,0.0236,0.0287,0.0176,0.0557,0.0561,0.0419,0.0881,0.5908
MISO,Battery,200,2025,0.0082,0.0011,0.026,0.0248,0.013,0.0539,0.0487,0.0291,0.0842,0.5957
MISO,Battery,400,2020,0.0102,0.005,0.0185,0.0713,0.0558,0.094,0.114,0.0915,0.1398,0.5326
MISO,Battery,400,2021,0.005,0.0019,0.0118,0.0407,0.0295,0.0602,0.0726,0.0579,0.0934,0.6221
MISO,Battery,400,2022,0.0042,0.0017,0.0098,0.0297,0.0219,0.0457,0.0574,0.0475,0.0748,0.6513
MISO,Battery,400,2023,0.0057,0.0024,0.0125,0.0293,0.02,0.0442,0.0587,0.047,0.0762,0.6098
MISO,Battery,400,2024,0.0078,0.0018,0.0215,0.0288,0.017,0.0538,0.0574,0.0443,0.0881,0.5785
MISO,Battery,400,2025,0.0079,0.0012,0.0245,0.0253,0.0133,0.0528,0.0508,0.0314,0.0855,0.5803
MISO,Battery,800,2020,0.0116,0.0054,0.0205,0.074,0.0571,0.0958,0.1192,0.0963,0.1455,0.5279
MISO,Battery,800,2021,0.0061,0.0025,0.0134,0.0451,0.033,0.0637,0.0809,0.0634,0.1032,0.6026
MISO,Battery,800,2022,0.0049,0.0022,0.0111,0.0325,0.0235,0.0485,0.0631,0.0497,0.0823,0.6331
MISO,Battery,800,2023,0.0061,0.0025,0.014,0.031,0.0218,0.0475,0.0619,0.0487,0.0798,0.5968
MISO,Battery,800,2024,0.0081,0.002,0.0227,0.0296,0.0174,0.0555,0.0593,0.0454,0.0908,0.5671
MISO,Battery,800,2025,0.008,0.0012,0.0249,0.0255,0.0133,0.0534,0.0517,0.033,0.0883,0.5623
MISO,Hybrid,50,2020,0.0157,0.0106,0.0209,0.071,0.0571,0.0845,0.1041,0.089,0.1227,0.5371
MISO,Hybrid,50,2021,0.0075,0.0035,0.0122,0.0392,0.027,0.0547,0.0634,0.0484,0.0776,0.6358
MISO,Hybrid,50,2022,0.0062,0.003,0.0096,0.0299,0.0203,0.0409,0.0532,0.0374,0.0657,0.6528
MISO,Hybrid,50,2023,0.0079,0.003,0.0164,0.0291,0.0185,0.0416,0.0545,0.0364,0.0745,0.6185
MISO,Hybrid,50,2024,0.0089,0.0019,0.0224,0.0276,0.0168,0.0484,0.0522,0.0291,0.0795,0.6117
MISO,Hybrid,50,2025,0.0077,0.001,0.0214,0.0226,0.01,0.0439,0.0441,0.0192,0.0696,0.6281
MISO,Hybrid,100,2020,0.0121,0.0085,0.0166,0.0748,0.0617,0.0908,0.1125,0.0948,0.1339,0.5295
MISO,Hybrid,100,2021,0.0058,0.0032,0.0101,0.0419,0.032,0.0567,0.0698,0.0566,0.0841,0.6292
MISO,Hybrid,100,2022,0.0053,0.0027,0.0085,0.0318,0.0233,0.0423,0.0579,0.0435,0.0696,0.6447
MISO,Hybrid,100,2023,0.0071,0.0029,0.015,0.0301,0.0214,0.0409,0.0579,0.0405,0.0756,0.6104
MISO,Hybrid,100,2024,0.0084,0.0019,0.0217,0.0286,0.0175,0.0486,0.0554,0.0325,0.0813,0.6005
MISO,Hybrid,100,2025,0.0073,0.001,0.0207,0.0232,0.0102,0.045,0.0464,0.0216,0.0745,0.6108
MISO,Hybrid,200,2020,0.0111,0.0077,0.0154,0.082,0.0683,0.0984,0.1243,0.1077,0.1494,0.5189
MISO,Hybrid,200,2021,0.0054,0.0032,0.0093,0.0467,0.0349,0.0593,0.0789,0.0624,0.0955,0.6138
MISO,Hybrid,200,2022,0.0049,0.0031,0.0078,0.035,0.028,0.0447,0.0645,0.054,0.0775,0.6306
MISO,Hybrid,200,2023,0.0065,0.003,0.0135,0.0316,0.0253,0.04,0.062,0.0464,0.0756,0.5992
MISO,Hybrid,200,2024,0.008,0.002,0.0209,0.0298,0.0179,0.0502,0.0588,0.0368,0.084,0.5917
MISO,Hybrid,200,2025,0.0072,0.0011,0.0207,0.0245,0.01,0.0477,0.05,0.024,0.0813,0.5977
MISO,Hybrid,400,2020,0.01,0.0062,0.0143,0.0821,0.0675,0.0993,0.1284,0.1107,0.1559,0.5074
MISO,Hybrid,400,2021,0.0056,0.0032,0.0093,0.0511,0.0382,0.0662,0.0879,0.0672,0.111,0.5907
MISO,Hybrid,400,2022,0.0049,0.0028,0.0075,0.038,0.0298,0.0497,0.0714,0.0584,0.0889,0.6112
MISO,Hybrid,400,2023,0.0064,0.0027,0.0132,0.0339,0.0265,0.0435,0.0672,0.0538,0.0818,0.5833
MISO,Hybrid,400,2024,0.0077,0.0021,0.0195,0.0307,0.0185,0.0506,0.0616,0.0406,0.0875,0.5772
MISO,Hybrid,400,2025,0.0072,0.0012,0.0208,0.0256,0.01,0.0492,0.0531,0.0243,0.0863,0.5833
MISO,Hybrid,800,2020,0.0092,0.005,0.0134,0.0787,0.0619,0.0973,0.128,0.1068,0.1571,0.4972
MISO,Hybrid,800,2021,0.0057,0.003,0.0099,0.0533,0.0394,0.0703,0.0942,0.0726,0.1204,0.5658
MISO,Hybrid,800,2022,0.005,0.0025,0.0079,0.0397,0.031,0.0529,0.0767,0.0605,0.0957,0.5854
MISO,Hybrid,800,2023,0.0064,0.0025,0.0129,0.0351,0.0273,0.0453,0.0711,0.0557,0.0883,0.5679
MISO,Hybrid,800,2024,0.0076,0.0021,0.0187,0.0311,0.0193,0.0505,0.0639,0.0428,0.0901,0.566
MISO,Hybrid,800,2025,0.0072,0.0013,0.0208,0.0257,0.0103,0.0491,0.0542,0.0255,0.0883,0.5715
MISO,Gas,50,2020,0.1673,0.1479,0.1931,0.2189,0.2001,0.2415,0.2384,0.2198,0.2603,0.4989
MISO,Gas,50,2021,0.1239,0.0862,0.1672,0.1653,0.115,0.204,0.1835,0.1315,0.2213,0.519
MISO,Gas,50,2022,0.0803,0.0405,0.12,0.1133,0.0662,0.1572,0.1322,0.0844,0.1761,0.5361
MISO,Gas,50,2023,0.0603,0.0187,0.1167,0.0906,0.0468,0.1549,0.1123,0.0705,0.1779,0.5357
MISO,Gas,50,2024,0.0456,0.0092,0.1069,0.0727,0.0349,0.1423,0.0956,0.0607,0.1645,0.5471
MISO,Gas,50,2025,0.0332,0.0047,0.0884,0.0561,0.0227,0.1209,0.0786,0.0403,0.1437,0.5508
MISO,Gas,100,2020,0.1553,0.1371,0.1867,0.2143,0.1929,0.2437,0.2349,0.2131,0.2618,0.4954
MISO,Gas,100,2021,0.1134,0.0742,0.1622,0.1602,0.1079,0.2114,0.1797,0.1267,0.23,0.5204
MISO,Gas,100,2022,0.0728,0.0364,0.1127,0.1093,0.0668,0.1445,0.1295,0.0872,0.1637,0.5407
MISO,Gas,100,2023,0.0548,0.0178,0.1019,0.0879,0.0484,0.1391,0.1113,0.0743,0.1627,0.5358
MISO,Gas,100,2024,0.0404,0.0086,0.0876,0.0693,0.036,0.1221,0.0941,0.0645,0.1479,0.5422
MISO,Gas,100,2025,0.0294,0.0044,0.0729,0.0536,0.0245,0.1054,0.0779,0.0444,0.1308,0.5377
MISO,Gas,200,2020,0.1416,0.1121,0.1766,0.207,0.1793,0.2391,0.2301,0.2047,0.2581,0.4952
MISO,Gas,200,2021,0.1045,0.0666,0.1586,0.1562,0.105,0.2157,0.1781,0.125,0.2348,0.522
MISO,Gas,200,2022,0.0674,0.033,0.1103,0.1072,0.0632,0.1505,0.1295,0.0856,0.1688,0.5467
MISO,Gas,200,2023,0.05,0.0165,0.0861,0.0853,0.0474,0.1214,0.1107,0.0751,0.1457,0.5369
MISO,Gas,200,2024,0.0378,0.0086,0.0782,0.0685,0.0335,0.1113,0.095,0.0616,0.1383,0.5355
MISO,Gas,200,2025,0.0275,0.0047,0.0616,0.053,0.0232,0.0934,0.0792,0.0466,0.1218,0.5229
MISO,Gas,400,2020,0.1283,0.091,0.17,0.1986,0.1602,0.2376,0.2257,0.1924,0.2585,0.5042
MISO,Gas,400,2021,0.0997,0.0552,0.1606,0.1563,0.1,0.221,0.1817,0.1236,0.2418,0.5231
MISO,Gas,400,2022,0.0658,0.0306,0.1121,0.1082,0.0619,0.1554,0.1329,0.0867,0.1741,0.5457
MISO,Gas,400,2023,0.0473,0.017,0.0749,0.0836,0.0448,0.1134,0.1109,0.0729,0.1418,0.5369
MISO,Gas,400,2024,0.0363,0.0089,0.0666,0.0681,0.0321,0.1026,0.0966,0.0604,0.1285,0.5274
MISO,Gas,400,2025,0.0267,0.0053,0.0552,0.0533,0.0223,0.0904,0.0816,0.0491,0.1193,0.5117
MISO,Gas,800,2020,0.118,0.0884,0.1497,0.1927,0.1594,0.2242,0.2243,0.1942,0.2481,0.5135
MISO,Gas,800,2021,0.0957,0.0516,0.1468,0.1565,0.0991,0.2145,0.1863,0.129,0.237,0.5237
MISO,Gas,800,2022,0.0658,0.0266,0.1104,0.1094,0.0616,0.1547,0.1375,0.0903,0.1738,0.5418
MISO,Gas,800,2023,0.0468,0.0171,0.0757,0.0832,0.0444,0.1176,0.1123,0.0735,0.1505,0.5359
MISO,Gas,800,2024,0.0351,0.0093,0.0624,0.0667,0.0313,0.1024,0.0967,0.0604,0.1271,0.5195
MISO,Gas,800,2025,0.0263,0.0055,0.0553,0.053,0.0217,0.0906,0.0828,0.0489,0.12,0.4979
NYISO,Solar,50,2020,0.0204,0.0065,0.0341,0.0921,0.0432,0.1439,0.131,0.0746,0.185,0.5458
NYISO,Solar,50,2021,0.018,0.0056,0.0297,0.076,0.0357,0.108,0.1109,0.0653,0.1474,0.5611
NYISO,Solar,50,2022,0.0142,0.0048,0.0257,0.0563,0.0281,0.0808,0.0865,0.0518,0.1185,0.5794
NYISO,Solar,50,2023,0.0119,0.0045,0.0227,0.0419,0.0245,0.0577,0.0676,0.0434,0.0888,0.594
NYISO,Solar,50,2024,0.011,0.0042,0.022,0.0327,0.0205,0.0454,0.0538,0.036,0.0684,0.6055
NYISO,Solar,50,2025,0.0097,0.0033,0.0202,0.026,0.0172,0.0355,0.0441,0.028,0.0544,0.6163
NYISO,Solar,100,2020,0.0146,0.0052,0.026,0.0794,0.0407,0.1202,0.1218,0.0763,0.1672,0.5401
NYISO,Solar,100,2021,0.0129,0.0044,0.0229,0.0663,0.0333,0.0984,0.1048,0.065,0.146,0.5522
NYISO,Solar,100,2022,0.011,0.0041,0.0211,0.0524,0.0272,0.085,0.0867,0.055,0.1283,0.5657
NYISO,Solar,100,2023,0.0093,0.004,0.0195,0.0401,0.0237,0.0614,0.0701,0.0473,0.0977,0.5797
NYISO,Solar,100,2024,0.0087,0.0037,0.0192,0.0315,0.0212,0.0459,0.0568,0.0402,0.0713,0.5918
NYISO,Solar,100,2025,0.0081,0.0031,0.0176,0.0255,0.0181,0.0353,0.0466,0.0312,0.0543,0.6048
NYISO,Solar,200,2020,0.011,0.0039,0.0213,0.0683,0.0378,0.1047,0.1137,0.0765,0.1578,0.5362
NYISO,Solar,200,2021,0.0098,0.0034,0.018,0.0578,0.0303,0.0899,0.0993,0.0641,0.1406,0.5447
NYISO,Solar,200,2022,0.0088,0.0033,0.0174,0.0473,0.0245,0.0783,0.0847,0.0531,0.126,0.5571
NYISO,Solar,200,2023,0.0077,0.0034,0.0161,0.0372,0.0216,0.0586,0.0704,0.0457,0.1003,0.5707
NYISO,Solar,200,2024,0.0073,0.0034,0.0161,0.0305,0.0202,0.0449,0.0592,0.0408,0.0758,0.5808
NYISO,Solar,200,2025,0.007,0.003,0.0148,0.0252,0.0183,0.0346,0.0494,0.0326,0.0589,0.5904
NYISO,Solar,400,2020,0.0087,0.0034,0.0181,0.0597,0.0362,0.0923,0.1069,0.0764,0.1455,0.5354
NYISO,Solar,400,2021,0.0077,0.003,0.0159,0.051,0.0286,0.0788,0.0948,0.0636,0.1304,0.5402
NYISO,Solar,400,2022,0.007,0.0028,0.0148,0.0422,0.0227,0.0682,0.0818,0.0523,0.1174,0.552
NYISO,Solar,400,2023,0.0063,0.0028,0.013,0.034,0.0197,0.0535,0.0691,0.0439,0.0981,0.5672
NYISO,Solar,400,2024,0.0062,0.0028,0.0128,0.0285,0.0185,0.0411,0.0595,0.0391,0.0791,0.5751
NYISO,Solar,400,2025,0.0059,0.0026,0.0121,0.0242,0.017,0.0333,0.0505,0.0307,0.0651,0.5798
NYISO,Solar,800,2020,0.0075,0.0028,0.0167,0.0529,0.0325,0.0813,0.101,0.0745,0.1348,0.5395
NYISO,Solar,800,2021,0.0066,0.0022,0.0149,0.0453,0.0272,0.0699,0.0904,0.0635,0.1203,0.5425
NYISO,Solar,800,2022,0.0057,0.002,0.0128,0.0375,0.022,0.0579,0.0783,0.0524,0.1078,0.5524
NYISO,Solar,800,2023,0.0054,0.0018,0.0115,0.0313,0.0185,0.0473,0.0675,0.0435,0.093,0.5681
NYISO,Solar,800,2024,0.0052,0.0019,0.0103,0.0266,0.0172,0.0384,0.0586,0.0376,0.0786,0.5748
NYISO,Solar,800,2025,0.0049,0.0018,0.0098,0.023,0.0155,0.0317,0.0506,0.0298,0.0668,0.574
NYISO,Wind,50,2020,0.0256,0.0124,0.0506,0.0753,0.0406,0.1135,0.1077,0.062,0.1487,0.5389
NYISO,Wind,50,2021,0.0221,0.0113,0.0415,0.0616,0.0354,0.0869,0.0911,0.0549,0.1159,0.5461
NYISO,Wind,50,2022,0.0192,0.0087,0.0366,0.0499,0.0295,0.072,0.0766,0.0484,0.1052,0.5486
NYISO,Wind,50,2023,0.0166,0.0063,0.0337,0.04,0.0242,0.0572,0.0645,0.0425,0.089,0.5526
NYISO,Wind,50,2024,0.015,0.0044,0.0323,0.0343,0.0192,0.049,0.0568,0.0342,0.0772,0.5545
NYISO,Wind,50,2025,0.0126,0.0027,0.0278,0.0292,0.0148,0.0439,0.0498,0.0299,0.0692,0.5635
NYISO,Wind,100,2020,0.0166,0.0064,0.0342,0.0633,0.0343,0.0968,0.0987,0.0608,0.1342,0.5401
NYISO,Wind,100,2021,0.0144,0.0059,0.0306,0.0517,0.0302,0.0819,0.0842,0.0536,0.1179,0.5491
NYISO,Wind,100,2022,0.0125,0.0055,0.0272,0.0413,0.0235,0.0636,0.0704,0.0479,0.0943,0.5522
NYISO,Wind,100,2023,0.0114,0.0048,0.0253,0.0346,0.02,0.0518,0.0611,0.0415,0.0837,0.5559
NYISO,Wind,100,2024,0.0113,0.0038,0.0261,0.0304,0.0188,0.045,0.0543,0.0369,0.0751,0.5574
NYISO,Wind,100,2025,0.0099,0.0023,0.0217,0.0264,0.0157,0.0389,0.0485,0.0316,0.0657,0.5673
NYISO,Wind,200,2020,0.0112,0.0039,0.0242,0.0514,0.0279,0.0812,0.0883,0.0545,0.1221,0.5502
NYISO,Wind,200,2021,0.0103,0.0037,0.0242,0.0435,0.0249,0.0736,0.0771,0.0509,0.111,0.5596
NYISO,Wind,200,2022,0.0091,0.0037,0.0221,0.0358,0.0183,0.0595,0.0664,0.0437,0.093,0.5644
NYISO,Wind,200,2023,0.0086,0.0034,0.0206,0.0303,0.0159,0.0471,0.0576,0.0377,0.0782,0.5677
NYISO,Wind,200,2024,0.0086,0.0029,0.0206,0.027,0.0152,0.0407,0.052,0.0349,0.0705,0.5677
NYISO,Wind,200,2025,0.0078,0.0019,0.0177,0.0235,0.0151,0.0335,0.0466,0.0295,0.0617,0.5714
NYISO,Wind,400,2020,0.0082,0.0028,0.0191,0.043,0.0233,0.0703,0.0803,0.0528,0.1107,0.5613
NYISO,Wind,400,2021,0.0079,0.0026,0.0199,0.0374,0.0195,0.0652,0.0716,0.0487,0.1028,0.5695
NYISO,Wind,400,2022,0.0074,0.0023,0.0187,0.032,0.016,0.0534,0.0635,0.0413,0.0872,0.5748
NYISO,Wind,400,2023,0.0071,0.0022,0.0172,0.0279,0.0139,0.0425,0.0564,0.0352,0.0755,0.5776
NYISO,Wind,400,2024,0.0068,0.0021,0.0155,0.0247,0.0128,0.035,0.0509,0.0322,0.0658,0.5766
NYISO,Wind,400,2025,0.0063,0.0015,0.0136,0.0215,0.0125,0.0289,0.0456,0.0281,0.0604,0.5731
NYISO,Wind,800,2020,0.0071,0.0016,0.0161,0.0391,0.0203,0.0615,0.0771,0.0546,0.1016,0.5682
NYISO,Wind,800,2021,0.0067,0.0015,0.0166,0.034,0.0179,0.0566,0.0691,0.0484,0.0954,0.5778
NYISO,Wind,800,2022,0.0063,0.0014,0.0157,0.0297,0.015,0.0484,0.0622,0.0402,0.0834,0.5813
NYISO,Wind,800,2023,0.006,0.0013,0.0141,0.0262,0.0125,0.0394,0.0561,0.0329,0.0723,0.5828
NYISO,Wind,800,2024,0.0058,0.0014,0.0122,0.0232,0.0116,0.0312,0.0505,0.0298,0.0629,0.5799
NYISO,Wind,800,2025,0.0054,0.0012,0.0108,0.0205,0.0111,0.0274,0.0455,0.0277,0.0625,0.5703
NYISO,Battery,50,2020,0.0138,0.0048,0.0241,0.0603,0.0281,0.0987,0.0942,0.0565,0.1344,0.5797
NYISO,Battery,50,2021,0.0109,0.0038,0.0172,0.0456,0.0226,0.0703,0.0748,0.0448,0.1033,0.595
NYISO,Battery,50,2022,0.0089,0.0032,0.0156,0.0336,0.0192,0.0503,0.0575,0.0373,0.079,0.608
NYISO,Battery,50,2023,0.0081,0.0031,0.0151,0.0268,0.0135,0.0383,0.0466,0.0275,0.0621,0.6169
NYISO,Battery,50,2024,0.008,0.0025,0.0155,0.0235,0.011,0.0304,0.0414,0.0233,0.0519,0.6206
NYISO,Battery,50,2025,0.0073,0.0016,0.0137,0.0209,0.011,0.0288,0.0377,0.0225,0.0496,0.6279
NYISO,Battery,100,2020,0.0092,0.004,0.0158,0.0527,0.0262,0.0802,0.0905,0.0555,0.127,0.5737
NYISO,Battery,100,2021,0.0077,0.0031,0.0143,0.0418,0.0209,0.0666,0.0756,0.0463,0.1086,0.5836
NYISO,Battery,100,2022,0.0065,0.003,0.0126,0.0316,0.018,0.0503,0.0595,0.0388,0.0842,0.5973
NYISO,Battery,100,2023,0.0062,0.0025,0.0122,0.0253,0.0138,0.0379,0.0483,0.0306,0.0645,0.6061
NYISO,Battery,100,2024,0.0065,0.0023,0.0134,0.022,0.0117,0.0291,0.0418,0.0258,0.0529,0.6111
NYISO,Battery,100,2025,0.0061,0.0013,0.0114,0.0198,0.012,0.0265,0.0382,0.0252,0.0482,0.6197
NYISO,Battery,200,2020,0.0074,0.0037,0.0155,0.0469,0.0262,0.0677,0.0864,0.0548,0.1145,0.5714
NYISO,Battery,200,2021,0.0064,0.003,0.0144,0.0382,0.0203,0.0607,0.074,0.0457,0.1064,0.5803
NYISO,Battery,200,2022,0.0055,0.0024,0.0124,0.0295,0.0166,0.0458,0.0603,0.038,0.0853,0.5918
NYISO,Battery,200,2023,0.0052,0.002,0.011,0.0239,0.0138,0.0348,0.0498,0.0337,0.066,0.6016
NYISO,Battery,200,2024,0.0054,0.0017,0.0117,0.0206,0.0114,0.0273,0.0425,0.0273,0.0533,0.6055
NYISO,Battery,200,2025,0.0052,0.0012,0.0101,0.0184,0.0109,0.0246,0.0382,0.025,0.0484,0.6095
NYISO,Battery,400,2020,0.0069,0.0035,0.0167,0.0433,0.026,0.0639,0.0838,0.0552,0.1136,0.5693
NYISO,Battery,400,2021,0.0059,0.0028,0.0145,0.0361,0.0222,0.0543,0.073,0.0473,0.1015,0.5818
NYISO,Battery,400,2022,0.0051,0.0022,0.0124,0.0285,0.0169,0.042,0.0612,0.0391,0.0844,0.5921
NYISO,Battery,400,2023,0.0048,0.0018,0.0108,0.0234,0.0135,0.0336,0.0514,0.0352,0.0694,0.5989
NYISO,Battery,400,2024,0.0047,0.0015,0.0103,0.0199,0.0117,0.0263,0.0437,0.0289,0.0564,0.5991
NYISO,Battery,400,2025,0.0046,0.0013,0.0095,0.0178,0.0103,0.0238,0.0393,0.0252,0.0505,0.5963
NYISO,Battery,800,2020,0.0068,0.0027,0.0174,0.0412,0.0251,0.0608,0.0832,0.0573,0.1137,0.5651
NYISO,Battery,800,2021,0.0056,0.0023,0.0135,0.0347,0.0204,0.0515,0.0734,0.0498,0.0992,0.5793
NYISO,Battery,800,2022,0.0049,0.002,0.0116,0.0286,0.0174,0.0408,0.0631,0.0428,0.0836,0.5894
NYISO,Battery,800,2023,0.0047,0.0017,0.0104,0.0238,0.0145,0.0332,0.0535,0.0372,0.0707,0.5975
NYISO,Battery,800,2024,0.0044,0.0014,0.0096,0.02,0.0119,0.0258,0.0455,0.0305,0.0591,0.5951
NYISO,Battery,800,2025,0.0043,0.0013,0.0091,0.0178,0.0108,0.0234,0.0409,0.0262,0.0538,0.5847
NYISO,Hybrid,50,2020,0.0083,0.003,0.0152,0.0483,0.0264,0.0773,0.0821,0.0543,0.1203,0.5716
NYISO,Hybrid,50,2021,0.0072,0.0031,0.0143,0.0396,0.023,0.0602,0.0703,0.0462,0.104,0.5794
NYISO,Hybrid,50,2022,0.0066,0.0029,0.0133,0.0315,0.02,0.0464,0.0584,0.0366,0.0834,0.5862
NYISO,Hybrid,50,2023,0.0066,0.0027,0.0139,0.0256,0.0166,0.0362,0.0488,0.0288,0.0688,0.5942
NYISO,Hybrid,50,2024,0.0071,0.0023,0.0172,0.0225,0.0143,0.0335,0.0427,0.025,0.0584,0.6017
NYISO,Hybrid,50,2025,0.0069,0.0012,0.0163,0.0203,0.0118,0.0302,0.0389,0.0212,0.0525,0.613
NYISO,Hybrid,100,2020,0.0059,0.002,0.0115,0.0428,0.0248,0.0693,0.0792,0.055,0.1155,0.5649
NYISO,Hybrid,100,2021,0.0057,0.0023,0.0113,0.0374,0.0218,0.0598,0.0715,0.0491,0.1055,0.57
NYISO,Hybrid,100,2022,0.0055,0.0023,0.0114,0.0304,0.0195,0.0501,0.0602,0.0386,0.0921,0.5802
NYISO,Hybrid,100,2023,0.0057,0.0021,0.0138,0.0251,0.0153,0.0396,0.0506,0.0307,0.0738,0.591
NYISO,Hybrid,100,2024,0.0063,0.0019,0.0163,0.022,0.013,0.0343,0.0442,0.0268,0.0614,0.5978
NYISO,Hybrid,100,2025,0.0062,0.0011,0.0154,0.0197,0.0118,0.0305,0.0395,0.022,0.0538,0.6079
NYISO,Hybrid,200,2020,0.0049,0.0016,0.0103,0.0388,0.0229,0.0625,0.0775,0.0543,0.1114,0.5576
NYISO,Hybrid,200,2021,0.0048,0.0018,0.0109,0.0342,0.0207,0.0561,0.0704,0.0487,0.1041,0.5659
NYISO,Hybrid,200,2022,0.0047,0.0019,0.0119,0.0282,0.0183,0.0463,0.0607,0.0414,0.0919,0.5783
NYISO,Hybrid,200,2023,0.005,0.0018,0.0134,0.024,0.0144,0.039,0.0524,0.0329,0.0798,0.5885
NYISO,Hybrid,200,2024,0.0056,0.0016,0.0152,0.0212,0.0118,0.0343,0.0455,0.0283,0.0626,0.5942
NYISO,Hybrid,200,2025,0.0054,0.0011,0.0137,0.0189,0.0105,0.0293,0.0402,0.023,0.0546,0.6014
NYISO,Hybrid,400,2020,0.0044,0.0015,0.0105,0.0355,0.0218,0.0552,0.076,0.0543,0.1064,0.5509
NYISO,Hybrid,400,2021,0.0042,0.0015,0.0109,0.031,0.0196,0.0505,0.0689,0.0491,0.1015,0.5617
NYISO,Hybrid,400,2022,0.0043,0.0016,0.0118,0.0262,0.0174,0.0422,0.0608,0.0429,0.0902,0.5743
NYISO,Hybrid,400,2023,0.0044,0.0015,0.0127,0.0227,0.0139,0.0372,0.0535,0.0346,0.0808,0.5857
NYISO,Hybrid,400,2024,0.0047,0.0013,0.0129,0.0202,0.0109,0.0324,0.0469,0.0293,0.0677,0.5886
NYISO,Hybrid,400,2025,0.0047,0.0011,0.0118,0.0183,0.0098,0.0275,0.0416,0.0243,0.0547,0.5922
NYISO,Hybrid,800,2020,0.0043,0.0016,0.0113,0.0331,0.0207,0.0519,0.0754,0.0536,0.1062,0.547
NYISO,Hybrid,800,2021,0.0041,0.0014,0.011,0.029,0.0179,0.0468,0.0684,0.0478,0.0999,0.5573
NYISO,Hybrid,800,2022,0.004,0.0013,0.0118,0.0253,0.0165,0.0402,0.0614,0.0434,0.09,0.57
NYISO,Hybrid,800,2023,0.0041,0.0013,0.012,0.0222,0.0136,0.0353,0.0551,0.037,0.0805,0.5809
NYISO,Hybrid,800,2024,0.004,0.0011,0.0109,0.0195,0.0112,0.0301,0.0484,0.0305,0.0694,0.5847
NYISO,Hybrid,800,2025,0.004,0.001,0.0098,0.0177,0.0096,0.0251,0.043,0.0252,0.0555,0.5811
NYISO,Gas,50,2020,0.0905,0.0351,0.1316,0.1491,0.0674,0.1872,0.1769,0.0894,0.2204,0.5464
NYISO,Gas,50,2021,0.0811,0.0266,0.1203,0.1306,0.0554,0.1761,0.1564,0.0721,0.2121,0.5523
NYISO,Gas,50,2022,0.0664,0.019,0.104,0.1068,0.045,0.1593,0.1309,0.0609,0.1929,0.5619
NYISO,Gas,50,2023,0.0531,0.0162,0.0833,0.0871,0.0377,0.136,0.1104,0.0539,0.1693,0.5659
NYISO,Gas,50,2024,0.0408,0.0122,0.074,0.0693,0.029,0.1056,0.0921,0.0459,0.1385,0.5697
NYISO,Gas,50,2025,0.0302,0.0079,0.0648,0.0546,0.0246,0.088,0.077,0.0404,0.1172,0.5645
NYISO,Gas,100,2020,0.0659,0.0226,0.1115,0.1271,0.0567,0.1712,0.1606,0.0866,0.2064,0.5414
NYISO,Gas,100,2021,0.0604,0.0189,0.1045,0.1118,0.0487,0.1589,0.1425,0.0724,0.1995,0.5468
NYISO,Gas,100,2022,0.0525,0.0155,0.0909,0.0954,0.043,0.1446,0.1235,0.0667,0.1858,0.5554
NYISO,Gas,100,2023,0.0427,0.0139,0.0708,0.0785,0.036,0.1194,0.1051,0.0575,0.1594,0.5602
NYISO,Gas,100,2024,0.0349,0.0128,0.0618,0.0654,0.0286,0.0969,0.0911,0.0472,0.1366,0.5595
NYISO,Gas,100,2025,0.0268,0.0085,0.0539,0.0532,0.0244,0.078,0.0777,0.0412,0.1152,0.5523
NYISO,Gas,200,2020,0.0528,0.0207,0.0979,0.1139,0.0538,0.1596,0.1515,0.0808,0.2008,0.5422
NYISO,Gas,200,2021,0.0502,0.0168,0.0947,0.1021,0.0489,0.1445,0.1372,0.0719,0.1909,0.5449
NYISO,Gas,200,2022,0.0448,0.0136,0.0818,0.0879,0.0447,0.1313,0.1204,0.0689,0.1797,0.5502
NYISO,Gas,200,2023,0.0362,0.0118,0.0613,0.0728,0.0355,0.1069,0.1031,0.0596,0.1558,0.5557
NYISO,Gas,200,2024,0.0301,0.0108,0.0523,0.062,0.0288,0.0869,0.0909,0.0493,0.1343,0.5523
NYISO,Gas,200,2025,0.0237,0.0075,0.0432,0.0511,0.0245,0.0685,0.0779,0.0418,0.1107,0.5418
NYISO,Gas,400,2020,0.0436,0.0157,0.0819,0.1028,0.0469,0.1439,0.144,0.0799,0.1943,0.5424
NYISO,Gas,400,2021,0.0436,0.0145,0.0832,0.0946,0.0453,0.136,0.1328,0.0723,0.1866,0.544
NYISO,Gas,400,2022,0.0384,0.0116,0.0718,0.0806,0.0427,0.1158,0.1164,0.0666,0.168,0.547
NYISO,Gas,400,2023,0.0317,0.0101,0.0549,0.0677,0.0327,0.0954,0.1011,0.0592,0.149,0.5516
NYISO,Gas,400,2024,0.0273,0.0097,0.0444,0.0588,0.0271,0.0772,0.0899,0.0488,0.1282,0.5468
NYISO,Gas,400,2025,0.0215,0.0061,0.035,0.049,0.0233,0.062,0.0779,0.0415,0.1082,0.5328
NYISO,Gas,800,2020,0.037,0.0122,0.0649,0.0946,0.0467,0.1309,0.1384,0.0807,0.1897,0.5446
NYISO,Gas,800,2021,0.0363,0.0123,0.067,0.0856,0.0445,0.1195,0.1269,0.0759,0.1795,0.5454
NYISO,Gas,800,2022,0.0333,0.0114,0.0596,0.0749,0.0389,0.1008,0.1137,0.0693,0.1595,0.5451
NYISO,Gas,800,2023,0.029,0.0099,0.0496,0.0647,0.0315,0.0856,0.1006,0.0598,0.1416,0.5451
NYISO,Gas,800,2024,0.0252,0.0081,0.0406,0.0563,0.0258,0.0744,0.089,0.0479,0.1234,0.5393
NYISO,Gas,800,2025,0.0202,0.0052,0.0332,0.0473,0.0221,0.0661,0.0772,0.0406,0.1082,0.5259
PJM,Solar,50,2020,0.068,0.0514,0.093,0.1502,0.1296,0.1803,0.206,0.1843,0.245,0.5182
PJM,Solar,50,2021,0.0592,0.0443,0.0768,0.1243,0.0989,0.1496,0.1708,0.1412,0.2056,0.5614
PJM,Solar,50,2022,0.0419,0.023,0.0589,0.0843,0.0623,0.108,0.1184,0.0952,0.1429,0.6415
PJM,Solar,50,2023,0.0217,0.0097,0.0386,0.044,0.0287,0.0697,0.0646,0.0458,0.0924,0.7438
PJM,Solar,50,2024,0.0105,0.0036,0.0229,0.0222,0.0111,0.0439,0.0349,0.0173,0.0605,0.8161
PJM,Solar,50,2025,0.0051,0.0012,0.0133,0.0116,0.0039,0.0275,0.0196,0.0067,0.0406,0.8635
PJM,Solar,100,2020,0.0486,0.0326,0.074,0.1258,0.1054,0.1558,0.1833,0.1531,0.2233,0.5241
PJM,Solar,100,2021,0.0431,0.0289,0.0656,0.1035,0.0795,0.1318,0.1534,0.1217,0.1897,0.5646
PJM,Solar,100,2022,0.0321,0.017,0.0434,0.0723,0.0555,0.083,0.1098,0.09,0.1273,0.6407
PJM,Solar,100,2023,0.0176,0.0083,0.0276,0.0399,0.0296,0.057,0.063,0.0472,0.087,0.7383
PJM,Solar,100,2024,0.0089,0.0035,0.017,0.021,0.0117,0.0377,0.0351,0.0181,0.0565,0.8098
PJM,Solar,100,2025,0.0043,0.0012,0.0099,0.0109,0.0041,0.0238,0.0197,0.0071,0.0376,0.8572
PJM,Solar,200,2020,0.0353,0.0221,0.0642,0.1063,0.0801,0.1405,0.1655,0.1276,0.2053,0.5282
PJM,Solar,200,2021,0.0328,0.0201,0.0606,0.0884,0.0677,0.123,0.1409,0.1083,0.1795,0.5647
PJM,Solar,200,2022,0.0262,0.0134,0.038,0.0651,0.0522,0.077,0.1052,0.0886,0.1232,0.633
PJM,Solar,200,2023,0.0155,0.0072,0.0229,0.038,0.0305,0.0502,0.0637,0.0486,0.0875,0.7282
PJM,Solar,200,2024,0.0081,0.0036,0.0143,0.0207,0.0123,0.0345,0.0368,0.0189,0.059,0.8025
PJM,Solar,200,2025,0.004,0.0012,0.0084,0.0109,0.0044,0.0222,0.0209,0.0076,0.0383,0.8509
PJM,Solar,400,2020,0.0284,0.0173,0.0572,0.094,0.0685,0.1304,0.1555,0.1158,0.1953,0.5304
PJM,Solar,400,2021,0.0266,0.015,0.0549,0.0791,0.056,0.1151,0.134,0.0988,0.1711,0.5622
PJM,Solar,400,2022,0.0222,0.0119,0.0362,0.06,0.0466,0.0741,0.1028,0.0816,0.1184,0.6248
PJM,Solar,400,2023,0.0141,0.0068,0.0207,0.0369,0.0317,0.0471,0.0652,0.0499,0.0882,0.7145
PJM,Solar,400,2024,0.0077,0.0036,0.0128,0.0207,0.0131,0.0326,0.0387,0.0199,0.0616,0.7901
PJM,Solar,400,2025,0.0038,0.0012,0.0075,0.011,0.0047,0.021,0.0222,0.0082,0.0405,0.8418
PJM,Solar,800,2020,0.0239,0.0134,0.0485,0.0859,0.0607,0.1215,0.1497,0.1106,0.1858,0.5296
PJM,Solar,800,2021,0.0231,0.0104,0.051,0.0737,0.0473,0.1116,0.1309,0.0944,0.17,0.5563
PJM,Solar,800,2022,0.0193,0.0092,0.0351,0.057,0.0398,0.0745,0.1036,0.0767,0.1189,0.6123
PJM,Solar,800,2023,0.0129,0.006,0.0198,0.0362,0.03,0.047,0.0679,0.0508,0.0912,0.6982
PJM,Solar,800,2024,0.0073,0.0034,0.0118,0.0209,0.0137,0.0334,0.0413,0.021,0.0651,0.7748
PJM,Solar,800,2025,0.0038,0.0012,0.0072,0.0114,0.0051,0.0212,0.024,0.0088,0.0429,0.8298
PJM,Wind,50,2020,0.0898,0.0532,0.1207,0.1649,0.1348,0.2138,0.2091,0.1773,0.2556,0.5188
PJM,Wind,50,2021,0.0684,0.0379,0.1042,0.1257,0.0957,0.1785,0.1626,0.1325,0.214,0.5555
PJM,Wind,50,2022,0.0483,0.0239,0.0826,0.0882,0.0517,0.1336,0.1181,0.0764,0.1619,0.6013
PJM,Wind,50,2023,0.0278,0.0073,0.0542,0.0534,0.0213,0.0928,0.0761,0.0368,0.1182,0.6711
PJM,Wind,50,2024,0.0144,0.0026,0.0338,0.0293,0.0101,0.0578,0.0454,0.0201,0.078,0.7467
PJM,Wind,50,2025,0.0074,0.0011,0.0196,0.0162,0.0052,0.0341,0.0272,0.0102,0.049,0.8013
PJM,Wind,100,2020,0.0633,0.0344,0.095,0.1385,0.1117,0.1767,0.1871,0.1581,0.2274,0.525
PJM,Wind,100,2021,0.0474,0.0251,0.0715,0.1037,0.0779,0.1421,0.1448,0.1187,0.1836,0.5653
PJM,Wind,100,2022,0.0361,0.0175,0.0578,0.0761,0.0491,0.1078,0.1093,0.0759,0.1403,0.6095
PJM,Wind,100,2023,0.0217,0.006,0.0403,0.0472,0.0201,0.0777,0.0721,0.0357,0.1046,0.6795
PJM,Wind,100,2024,0.0119,0.0024,0.0267,0.0271,0.0098,0.0508,0.0446,0.0198,0.0725,0.7499
PJM,Wind,100,2025,0.0064,0.0009,0.016,0.0154,0.0049,0.0306,0.0274,0.0097,0.0471,0.8038
PJM,Wind,200,2020,0.0413,0.0223,0.068,0.1101,0.0875,0.1344,0.1626,0.1335,0.1839,0.5382
PJM,Wind,200,2021,0.0327,0.0175,0.0532,0.0836,0.0621,0.1018,0.1283,0.1076,0.1493,0.5751
PJM,Wind,200,2022,0.0267,0.012,0.0469,0.0634,0.0431,0.086,0.0992,0.077,0.1235,0.6182
PJM,Wind,200,2023,0.017,0.0055,0.0333,0.041,0.02,0.063,0.0681,0.0359,0.0962,0.6856
PJM,Wind,200,2024,0.0101,0.0021,0.0227,0.025,0.0094,0.0455,0.0442,0.0192,0.0731,0.7537
PJM,Wind,200,2025,0.0058,0.0008,0.0145,0.0149,0.0047,0.0296,0.0281,0.0087,0.0525,0.8034
PJM,Wind,400,2020,0.0275,0.0156,0.0535,0.0874,0.0643,0.111,0.1422,0.1125,0.1624,0.5473
PJM,Wind,400,2021,0.0239,0.0113,0.0481,0.0694,0.0482,0.0911,0.1168,0.0977,0.1368,0.5788
PJM,Wind,400,2022,0.0203,0.0082,0.0377,0.0544,0.0366,0.0723,0.0935,0.0746,0.1087,0.6184
PJM,Wind,400,2023,0.0148,0.0045,0.0315,0.0383,0.0214,0.0585,0.0681,0.0387,0.0997,0.6829
PJM,Wind,400,2024,0.0093,0.0021,0.0213,0.0245,0.0099,0.0448,0.0461,0.0191,0.0801,0.7516
PJM,Wind,400,2025,0.0055,0.0009,0.0137,0.015,0.0048,0.0307,0.0302,0.0085,0.0603,0.7988
PJM,Wind,800,2020,0.0188,0.0102,0.0385,0.0704,0.0505,0.0922,0.1274,0.1078,0.1469,0.5502
PJM,Wind,800,2021,0.0179,0.0077,0.0397,0.0589,0.0409,0.08,0.1085,0.0937,0.1231,0.5775
PJM,Wind,800,2022,0.0168,0.0061,0.0326,0.0495,0.0336,0.0637,0.0917,0.0768,0.1049,0.6111
PJM,Wind,800,2023,0.0139,0.0035,0.031,0.0379,0.0231,0.0593,0.0711,0.0431,0.1044,0.6707
PJM,Wind,800,2024,0.0089,0.0022,0.0219,0.0248,0.0113,0.0463,0.0497,0.0198,0.0873,0.7388
PJM,Wind,800,2025,0.0054,0.001,0.0138,0.0157,0.0051,0.0321,0.0335,0.0089,0.0676,0.788
PJM,Battery,50,2020,0.0502,0.0241,0.0731,0.1215,0.072,0.1525,0.1729,0.1157,0.2132,0.5368
PJM,Battery,50,2021,0.0424,0.02,0.0631,0.0957,0.0538,0.1201,0.1392,0.0935,0.1732,0.5753
PJM,Battery,50,2022,0.0304,0.0113,0.046,0.0663,0.0396,0.0888,0.0995,0.0685,0.1343,0.6424
PJM,Battery,50,2023,0.0178,0.005,0.0291,0.0378,0.0213,0.0524,0.0591,0.0393,0.0799,0.7312
PJM,Battery,50,2024,0.0089,0.0021,0.0175,0.0199,0.0107,0.0337,0.0331,0.0185,0.0513,0.8038
PJM,Battery,50,2025,0.0044,0.0008,0.0098,0.0106,0.0048,0.0218,0.0187,0.0086,0.0346,0.8489
PJM,Battery,100,2020,0.0366,0.0136,0.0578,0.1043,0.0574,0.1316,0.1582,0.1004,0.1998,0.5427
PJM,Battery,100,2021,0.0325,0.0137,0.0557,0.0847,0.0461,0.1079,0.1312,0.0863,0.1603,0.5767
PJM,Battery,100,2022,0.0252,0.0104,0.0414,0.061,0.0363,0.0806,0.0968,0.0696,0.1275,0.6395
PJM,Battery,100,2023,0.0155,0.0046,0.0253,0.0362,0.0215,0.0488,0.0597,0.0398,0.0826,0.7259
PJM,Battery,100,2024,0.008,0.002,0.0144,0.0195,0.0106,0.0319,0.0339,0.0184,0.0548,0.8003
PJM,Battery,100,2025,0.0039,0.0008,0.0079,0.0104,0.0047,0.0205,0.0193,0.0086,0.0345,0.8453
PJM,Battery,200,2020,0.0296,0.0115,0.053,0.093,0.0555,0.1249,0.1486,0.098,0.1859,0.5466
PJM,Battery,200,2021,0.0268,0.011,0.0515,0.0762,0.044,0.1058,0.1248,0.0838,0.1576,0.577
PJM,Battery,200,2022,0.0221,0.0099,0.0391,0.0571,0.0362,0.0755,0.0955,0.0705,0.1205,0.6331
PJM,Battery,200,2023,0.0141,0.0047,0.0239,0.035,0.0224,0.0463,0.0608,0.0398,0.0838,0.7167
PJM,Battery,200,2024,0.0076,0.0021,0.0133,0.0196,0.011,0.0313,0.0358,0.0189,0.0602,0.7902
PJM,Battery,200,2025,0.0038,0.0009,0.0071,0.0106,0.0051,0.02,0.0206,0.0091,0.0385,0.8373
PJM,Battery,400,2020,0.0244,0.0113,0.0437,0.0842,0.0562,0.1167,0.1419,0.0974,0.181,0.5458
PJM,Battery,400,2021,0.0228,0.0095,0.0464,0.0705,0.0439,0.1039,0.1214,0.0849,0.1594,0.5729
PJM,Battery,400,2022,0.0196,0.0083,0.037,0.0552,0.0364,0.0735,0.0965,0.073,0.117,0.6218
PJM,Battery,400,2023,0.0133,0.0047,0.0223,0.0354,0.0238,0.0458,0.0641,0.0451,0.0883,0.7006
PJM,Battery,400,2024,0.0073,0.0022,0.0125,0.02,0.0121,0.0314,0.0384,0.0216,0.0651,0.776
PJM,Battery,400,2025,0.0037,0.001,0.0067,0.011,0.0056,0.02,0.0223,0.0104,0.0431,0.828
PJM,Battery,800,2020,0.0207,0.0092,0.0358,0.0777,0.0489,0.1056,0.1363,0.0901,0.1704,0.5439
PJM,Battery,800,2021,0.02,0.0075,0.0416,0.0669,0.0412,0.0999,0.1201,0.0822,0.1581,0.5641
PJM,Battery,800,2022,0.0178,0.0069,0.035,0.0546,0.0345,0.0732,0.0998,0.0704,0.1189,0.6037
PJM,Battery,800,2023,0.0125,0.0049,0.0221,0.0363,0.0256,0.0481,0.0688,0.0506,0.0931,0.6793
PJM,Battery,800,2024,0.0073,0.0023,0.0127,0.0213,0.0135,0.0343,0.0424,0.0261,0.0706,0.7571
PJM,Battery,800,2025,0.0038,0.001,0.007,0.0117,0.0063,0.0213,0.0247,0.0121,0.0472,0.8108
PJM,Hybrid,50,2020,0.0466,0.0254,0.0745,0.1053,0.0742,0.1371,0.1525,0.1148,0.1975,0.5511
PJM,Hybrid,50,2021,0.0379,0.0186,0.0572,0.0835,0.0594,0.1057,0.124,0.0922,0.1542,0.5875
PJM,Hybrid,50,2022,0.0261,0.0114,0.037,0.057,0.0391,0.0666,0.088,0.0692,0.1085,0.6581
PJM,Hybrid,50,2023,0.0142,0.0054,0.0219,0.0321,0.0188,0.0491,0.0522,0.0315,0.0771,0.7452
PJM,Hybrid,50,2024,0.0072,0.0019,0.0149,0.0174,0.0076,0.0341,0.0302,0.013,0.0525,0.8117
PJM,Hybrid,50,2025,0.0037,0.0006,0.0095,0.0097,0.003,0.0231,0.018,0.0056,0.0368,0.851
PJM,Hybrid,100,2020,0.0338,0.0169,0.0611,0.0889,0.065,0.1145,0.1383,0.1076,0.1742,0.5564
PJM,Hybrid,100,2021,0.0293,0.0143,0.0522,0.0736,0.0549,0.1003,0.1173,0.0909,0.1477,0.5862
PJM,Hybrid,100,2022,0.0221,0.0097,0.0328,0.0536,0.0395,0.0625,0.0876,0.073,0.1099,0.6522
PJM,Hybrid,100,2023,0.0125,0.005,0.0191,0.0313,0.0192,0.0471,0.0539,0.0318,0.0827,0.7368
PJM,Hybrid,100,2024,0.0066,0.0018,0.0133,0.0174,0.0077,0.0334,0.0315,0.0131,0.0551,0.8052
PJM,Hybrid,100,2025,0.0035,0.0006,0.0087,0.0098,0.0032,0.0229,0.0189,0.0059,0.0377,0.8468
PJM,Hybrid,200,2020,0.0254,0.0128,0.05,0.0768,0.06,0.1033,0.1279,0.1014,0.1572,0.5576
PJM,Hybrid,200,2021,0.0241,0.0119,0.0481,0.0671,0.0529,0.0942,0.1133,0.0887,0.1416,0.5806
PJM,Hybrid,200,2022,0.0191,0.0081,0.0311,0.0509,0.0398,0.0617,0.0878,0.0726,0.1095,0.6421
PJM,Hybrid,200,2023,0.0111,0.0045,0.0169,0.0306,0.02,0.0438,0.0556,0.0333,0.0845,0.7254
PJM,Hybrid,200,2024,0.0061,0.0017,0.0112,0.0175,0.008,0.0326,0.0335,0.0132,0.0586,0.7946
PJM,Hybrid,200,2025,0.0033,0.0006,0.0078,0.0099,0.0034,0.0226,0.0202,0.0059,0.0392,0.8389
PJM,Hybrid,400,2020,0.0185,0.0095,0.0376,0.0655,0.0509,0.0873,0.1177,0.0911,0.1429,0.5573
PJM,Hybrid,400,2021,0.0196,0.0092,0.0431,0.0613,0.0466,0.0885,0.1096,0.0838,0.1392,0.5721
PJM,Hybrid,400,2022,0.0167,0.007,0.03,0.0491,0.0411,0.062,0.089,0.0728,0.1092,0.6275
PJM,Hybrid,400,2023,0.0103,0.004,0.0168,0.0307,0.0216,0.0422,0.0587,0.0359,0.0854,0.7072
PJM,Hybrid,400,2024,0.0058,0.0017,0.0098,0.018,0.0085,0.0326,0.0361,0.0138,0.0622,0.7798
PJM,Hybrid,400,2025,0.0031,0.0006,0.0065,0.0102,0.0036,0.0221,0.0219,0.0062,0.0413,0.8283
PJM,Hybrid,800,2020,0.0141,0.007,0.0279,0.0578,0.0436,0.0749,0.1119,0.0858,0.1332,0.5526
PJM,Hybrid,800,2021,0.0159,0.007,0.0374,0.0559,0.0404,0.0822,0.1068,0.0798,0.1348,0.5638
PJM,Hybrid,800,2022,0.0146,0.0057,0.0289,0.048,0.0375,0.0632,0.0923,0.071,0.1148,0.6094
PJM,Hybrid,800,2023,0.0096,0.0036,0.0167,0.0315,0.0232,0.0424,0.063,0.0402,0.0909,0.6892
PJM,Hybrid,800,2024,0.0055,0.0017,0.0089,0.0189,0.0095,0.0325,0.04,0.0161,0.0681,0.7634
PJM,Hybrid,800,2025,0.003,0.0006,0.006,0.011,0.0038,0.0227,0.0244,0.0071,0.0457,0.8151
PJM,Gas,50,2020,0.1671,0.1361,0.1933,0.2375,0.2076,0.2678,0.2676,0.2344,0.2961,0.5145
PJM,Gas,50,2021,0.1458,0.0993,0.1895,0.2112,0.1656,0.2562,0.2415,0.1926,0.2816,0.5234
PJM,Gas,50,2022,0.1145,0.0607,0.1786,0.1708,0.1103,0.2359,0.2015,0.1428,0.2584,0.541
PJM,Gas,50,2023,0.0785,0.0255,0.1391,0.1205,0.0594,0.1915,0.1487,0.0844,0.214,0.5852
PJM,Gas,50,2024,0.0467,0.0087,0.1005,0.0753,0.0296,0.138,0.0988,0.0493,0.1563,0.6441
PJM,Gas,50,2025,0.024,0.0033,0.0609,0.0411,0.0156,0.0832,0.0579,0.0294,0.1002,0.7034
PJM,Gas,100,2020,0.1493,0.1057,0.1764,0.2234,0.178,0.2561,0.2568,0.2095,0.2903,0.5167
PJM,Gas,100,2021,0.1302,0.0702,0.1708,0.1983,0.1363,0.2433,0.2319,0.1689,0.2735,0.524
PJM,Gas,100,2022,0.1033,0.0495,0.1608,0.1626,0.1003,0.2233,0.1975,0.1371,0.2506,0.5393
PJM,Gas,100,2023,0.0706,0.0238,0.1244,0.1152,0.0616,0.1799,0.147,0.0881,0.2044,0.5834
PJM,Gas,100,2024,0.0418,0.0091,0.0851,0.0712,0.032,0.122,0.0967,0.0516,0.141,0.6447
PJM,Gas,100,2025,0.0211,0.0035,0.0509,0.0385,0.0171,0.0729,0.0563,0.0311,0.0905,0.7022
PJM,Gas,200,2020,0.1248,0.0763,0.1543,0.1997,0.1469,0.2366,0.2374,0.184,0.2744,0.5229
PJM,Gas,200,2021,0.1152,0.0514,0.1507,0.1818,0.1137,0.2263,0.2183,0.1504,0.2617,0.5278
PJM,Gas,200,2022,0.0915,0.0407,0.1356,0.1495,0.0941,0.2056,0.1863,0.1313,0.2343,0.5435
PJM,Gas,200,2023,0.0631,0.0221,0.1087,0.1079,0.0601,0.1641,0.1426,0.0926,0.1911,0.578
PJM,Gas,200,2024,0.0377,0.0097,0.0715,0.0677,0.0355,0.1076,0.0953,0.0559,0.1281,0.6376
PJM,Gas,200,2025,0.0196,0.004,0.043,0.0375,0.0187,0.0652,0.0568,0.0331,0.0848,0.6937
PJM,Gas,400,2020,0.0956,0.053,0.116,0.1709,0.1204,0.1955,0.2142,0.1631,0.244,0.5307
PJM,Gas,400,2021,0.0942,0.0381,0.1216,0.1597,0.0956,0.1883,0.2003,0.1362,0.2345,0.5332
PJM,Gas,400,2022,0.0755,0.03,0.1086,0.1316,0.0804,0.1718,0.1708,0.119,0.2064,0.5485
PJM,Gas,400,2023,0.055,0.021,0.0966,0.0993,0.0596,0.1497,0.1364,0.0968,0.1813,0.5715
PJM,Gas,400,2024,0.0342,0.0098,0.0617,0.0648,0.0363,0.0986,0.0951,0.0625,0.1258,0.6248
PJM,Gas,400,2025,0.0183,0.0043,0.0361,0.0368,0.0206,0.0589,0.058,0.0362,0.0823,0.6776
PJM,Gas,800,2020,0.0704,0.0417,0.094,0.1457,0.1053,0.1674,0.1954,0.1539,0.2192,0.5359
PJM,Gas,800,2021,0.0698,0.0321,0.0983,0.1343,0.0872,0.164,0.1802,0.132,0.2076,0.5388
PJM,Gas,800,2022,0.0598,0.0247,0.1005,0.1142,0.0726,0.1641,0.1569,0.1142,0.2016,0.5491
PJM,Gas,800,2023,0.0481,0.0199,0.0981,0.0925,0.0602,0.1551,0.1328,0.093,0.1901,0.5633
PJM,Gas,800,2024,0.032,0.0099,0.0635,0.0639,0.0379,0.1008,0.0972,0.0686,0.1329,0.606
PJM,Gas,800,2025,0.0173,0.0043,0.0317,0.0369,0.0211,0.0562,0.0607,0.0409,0.083,0.6594
SPP,Solar,50,2020,0.0106,0.0053,0.0177,0.0617,0.0482,0.0808,0.0956,0.0803,0.1177,0.5531
SPP,Solar,50,2021,0.0118,0.0062,0.0195,0.0609,0.0469,0.0809,0.0929,0.0783,0.1162,0.5659
SPP,Solar,50,2022,0.0157,0.0084,0.0268,0.0586,0.0394,0.0826,0.0877,0.0635,0.1153,0.5983
SPP,Solar,50,2023,0.0194,0.0092,0.0338,0.0477,0.0304,0.0725,0.0693,0.0496,0.0978,0.6234
SPP,Solar,50,2024,0.0216,0.0098,0.0395,0.0447,0.0277,0.0674,0.0635,0.0448,0.0886,0.6466
SPP,Solar,50,2025,0.0161,0.0065,0.0317,0.0339,0.0196,0.0517,0.0495,0.0349,0.07,0.6951
SPP,Solar,100,2020,0.0072,0.0034,0.0121,0.0539,0.0416,0.0678,0.0898,0.0724,0.106,0.5433
SPP,Solar,100,2021,0.008,0.004,0.0134,0.0536,0.0419,0.065,0.0877,0.0717,0.102,0.5524
SPP,Solar,100,2022,0.0108,0.0069,0.0199,0.0523,0.0382,0.0697,0.0843,0.0666,0.1027,0.5884
SPP,Solar,100,2023,0.0145,0.0073,0.0251,0.0429,0.0304,0.0611,0.0672,0.0513,0.0907,0.6207
SPP,Solar,100,2024,0.018,0.0083,0.0322,0.0422,0.0286,0.0596,0.0637,0.0466,0.0852,0.6465
SPP,Solar,100,2025,0.0137,0.0058,0.0267,0.0313,0.0191,0.0466,0.0482,0.0347,0.066,0.7056
SPP,Solar,200,2020,0.0055,0.0026,0.0098,0.0479,0.0369,0.0582,0.0867,0.0698,0.1028,0.5429
SPP,Solar,200,2021,0.0059,0.0026,0.0104,0.0468,0.0355,0.0554,0.0836,0.067,0.0952,0.5466
SPP,Solar,200,2022,0.0075,0.0044,0.0143,0.0457,0.0337,0.0607,0.0808,0.0665,0.0975,0.5805
SPP,Solar,200,2023,0.0107,0.0058,0.0183,0.038,0.0277,0.0525,0.0652,0.0486,0.0876,0.6219
SPP,Solar,200,2024,0.015,0.0067,0.0269,0.0389,0.0279,0.0534,0.0628,0.0463,0.0803,0.6498
SPP,Solar,200,2025,0.0114,0.0045,0.0216,0.0283,0.018,0.0409,0.0463,0.0327,0.0616,0.7164
SPP,Solar,400,2020,0.0048,0.0022,0.0087,0.044,0.0322,0.0557,0.0863,0.0693,0.1056,0.5504
SPP,Solar,400,2021,0.0049,0.0022,0.0089,0.0424,0.0296,0.052,0.083,0.0667,0.0959,0.5476
SPP,Solar,400,2022,0.0059,0.0027,0.0111,0.0408,0.0279,0.0535,0.0797,0.0641,0.0958,0.5751
SPP,Solar,400,2023,0.0087,0.0044,0.0141,0.0352,0.0247,0.0468,0.066,0.0476,0.0885,0.622
SPP,Solar,400,2024,0.0128,0.0056,0.0229,0.0363,0.0266,0.05,0.0627,0.044,0.0778,0.6502
SPP,Solar,400,2025,0.01,0.0038,0.0192,0.0267,0.0176,0.0384,0.0458,0.0318,0.0607,0.7226
SPP,Solar,800,2020,0.0045,0.0023,0.0081,0.0427,0.0306,0.0552,0.0879,0.07,0.1074,0.5554
SPP,Solar,800,2021,0.0045,0.0023,0.0083,0.0402,0.0277,0.0518,0.0842,0.0677,0.1002,0.5524
SPP,Solar,800,2022,0.0052,0.0025,0.0099,0.0377,0.0243,0.0505,0.0799,0.0632,0.0982,0.5723
SPP,Solar,800,2023,0.0076,0.0034,0.0123,0.0336,0.0231,0.0439,0.0686,0.0492,0.0898,0.6169
SPP,Solar,800,2024,0.0114,0.005,0.0209,0.0347,0.0246,0.048,0.0642,0.0441,0.0784,0.6454
SPP,Solar,800,2025,0.0095,0.0033,0.0181,0.0263,0.0173,0.0377,0.0474,0.0314,0.0631,0.7163
SPP,Wind,50,2020,0.0144,0.0054,0.0253,0.0696,0.0498,0.0938,0.0969,0.0752,0.1201,0.5519
SPP,Wind,50,2021,0.0179,0.006,0.0343,0.0697,0.0482,0.0978,0.097,0.0727,0.1289,0.5637
SPP,Wind,50,2022,0.0243,0.0065,0.0536,0.0658,0.0403,0.1081,0.0907,0.0593,0.1337,0.5993
SPP,Wind,50,2023,0.0266,0.0063,0.0581,0.0535,0.0302,0.0894,0.073,0.0463,0.1068,0.6279
SPP,Wind,50,2024,0.024,0.0059,0.0515,0.0461,0.0234,0.0747,0.0635,0.0411,0.0904,0.6497
SPP,Wind,50,2025,0.017,0.0041,0.0385,0.034,0.0171,0.0574,0.049,0.0305,0.0717,0.6868
SPP,Wind,100,2020,0.0099,0.0032,0.0194,0.0608,0.0404,0.0771,0.0896,0.0677,0.1068,0.5541
SPP,Wind,100,2021,0.0121,0.0039,0.0215,0.0612,0.0432,0.0824,0.0901,0.0702,0.1165,0.5658
SPP,Wind,100,2022,0.0162,0.0047,0.0318,0.0573,0.0378,0.0824,0.0847,0.0596,0.1138,0.604
SPP,Wind,100,2023,0.0173,0.0049,0.0339,0.0441,0.0265,0.0662,0.0657,0.046,0.0936,0.63
SPP,Wind,100,2024,0.0173,0.0044,0.0351,0.0393,0.0219,0.0618,0.0584,0.0411,0.081,0.6505
SPP,Wind,100,2025,0.0129,0.0029,0.0285,0.0295,0.0157,0.049,0.0456,0.0299,0.065,0.6911
SPP,Wind,200,2020,0.0077,0.0022,0.016,0.0534,0.0334,0.0677,0.0842,0.0631,0.101,0.5547
SPP,Wind,200,2021,0.0089,0.0026,0.0167,0.0526,0.0349,0.071,0.083,0.065,0.1066,0.5645
SPP,Wind,200,2022,0.0117,0.0033,0.0207,0.0485,0.0328,0.0659,0.0775,0.0587,0.1018,0.6058
SPP,Wind,200,2023,0.0126,0.003,0.0242,0.0373,0.0236,0.0553,0.0603,0.044,0.0858,0.6322
SPP,Wind,200,2024,0.0132,0.0032,0.0262,0.0343,0.0208,0.0505,0.0552,0.0401,0.0746,0.6524
SPP,Wind,200,2025,0.0103,0.0023,0.0221,0.0265,0.015,0.042,0.0439,0.0303,0.0612,0.6957
SPP,Wind,400,2020,0.0061,0.0019,0.0135,0.046,0.0321,0.0578,0.0802,0.063,0.0929,0.554
SPP,Wind,400,2021,0.0068,0.0019,0.0145,0.0446,0.0309,0.0559,0.0776,0.0607,0.0936,0.5623
SPP,Wind,400,2022,0.0085,0.0023,0.0167,0.0412,0.0289,0.0538,0.0725,0.0565,0.0913,0.6027
SPP,Wind,400,2023,0.0102,0.0024,0.019,0.0339,0.0223,0.049,0.059,0.0444,0.0817,0.6331
SPP,Wind,400,2024,0.0112,0.0029,0.0192,0.0316,0.0202,0.0419,0.0542,0.0407,0.0731,0.6522
SPP,Wind,400,2025,0.0089,0.002,0.0177,0.0246,0.0148,0.0366,0.0431,0.0307,0.0607,0.6967
SPP,Wind,800,2020,0.0054,0.0019,0.012,0.0417,0.0299,0.0541,0.0804,0.063,0.0946,0.5535
SPP,Wind,800,2021,0.0056,0.0018,0.0121,0.0389,0.0259,0.0489,0.0754,0.0591,0.0866,0.5623
SPP,Wind,800,2022,0.0069,0.0022,0.0142,0.0365,0.0245,0.048,0.0714,0.0547,0.0876,0.596
SPP,Wind,800,2023,0.0085,0.0021,0.016,0.0316,0.0226,0.0437,0.0602,0.0453,0.0794,0.6289
SPP,Wind,800,2024,0.0101,0.0026,0.016,0.0302,0.0203,0.0402,0.0551,0.0432,0.0739,0.6465
SPP,Wind,800,2025,0.0084,0.0019,0.0146,0.0242,0.0149,0.0329,0.0444,0.0322,0.0625,0.6901
SPP,Battery,50,2020,0.0061,0.0024,0.0126,0.0417,0.0326,0.0556,0.069,0.0584,0.0824,0.5656
SPP,Battery,50,2021,0.0074,0.0026,0.0151,0.041,0.0331,0.0534,0.0668,0.0569,0.0805,0.5646
SPP,Battery,50,2022,0.0108,0.0035,0.0224,0.0426,0.0306,0.0637,0.068,0.0517,0.0915,0.594
SPP,Battery,50,2023,0.0167,0.0051,0.0356,0.0414,0.0239,0.0663,0.0629,0.0428,0.0896,0.6186
SPP,Battery,50,2024,0.0214,0.0062,0.047,0.0439,0.0253,0.0731,0.0645,0.0434,0.094,0.645
SPP,Battery,50,2025,0.0159,0.0044,0.0361,0.0323,0.0182,0.0559,0.0479,0.0324,0.0705,0.7177
SPP,Battery,100,2020,0.0044,0.0021,0.0088,0.0384,0.0308,0.0498,0.0675,0.0559,0.0792,0.5588
SPP,Battery,100,2021,0.0051,0.0022,0.0101,0.0371,0.031,0.0454,0.0652,0.0551,0.075,0.556
SPP,Battery,100,2022,0.0072,0.0029,0.0143,0.0378,0.0295,0.0515,0.0657,0.0537,0.0831,0.5846
SPP,Battery,100,2023,0.0116,0.0044,0.0209,0.036,0.024,0.0524,0.0605,0.0424,0.0812,0.6179
SPP,Battery,100,2024,0.0171,0.0048,0.0339,0.0398,0.024,0.0605,0.0629,0.0435,0.0832,0.6478
SPP,Battery,100,2025,0.0126,0.0032,0.0256,0.0283,0.0159,0.044,0.0446,0.0319,0.06,0.7314
SPP,Battery,200,2020,0.0037,0.0016,0.0078,0.0361,0.0293,0.0456,0.067,0.0545,0.0788,0.5534
SPP,Battery,200,2021,0.004,0.0018,0.0088,0.0343,0.0274,0.0423,0.0642,0.0517,0.0747,0.5505
SPP,Battery,200,2022,0.0054,0.0023,0.0116,0.0335,0.026,0.0433,0.0637,0.052,0.0782,0.5796
SPP,Battery,200,2023,0.0089,0.0037,0.016,0.0323,0.0224,0.0424,0.0591,0.0435,0.0784,0.62
SPP,Battery,200,2024,0.0147,0.0043,0.0266,0.0368,0.0234,0.0518,0.0613,0.044,0.0807,0.6498
SPP,Battery,200,2025,0.0108,0.0027,0.0198,0.0259,0.0142,0.0374,0.0431,0.0313,0.0585,0.7379
SPP,Battery,400,2020,0.0035,0.0016,0.0076,0.0354,0.0269,0.0457,0.0692,0.0552,0.0823,0.5463
SPP,Battery,400,2021,0.0036,0.0014,0.0082,0.0331,0.0252,0.0422,0.0653,0.0491,0.0785,0.5435
SPP,Battery,400,2022,0.0044,0.0018,0.0102,0.0311,0.0224,0.0412,0.0632,0.0461,0.0804,0.5688
SPP,Battery,400,2023,0.0076,0.0029,0.0145,0.0306,0.022,0.0392,0.0598,0.0451,0.079,0.6171
SPP,Battery,400,2024,0.013,0.0043,0.022,0.0348,0.023,0.0475,0.0612,0.0456,0.0802,0.6446
SPP,Battery,400,2025,0.0103,0.0026,0.018,0.0259,0.0138,0.0355,0.0449,0.0321,0.0622,0.729
SPP,Battery,800,2020,0.0035,0.0018,0.0073,0.0361,0.0261,0.0453,0.0731,0.0563,0.085,0.5389
SPP,Battery,800,2021,0.0035,0.0015,0.0078,0.0328,0.0232,0.0428,0.0675,0.0483,0.0821,0.5397
SPP,Battery,800,2022,0.004,0.0015,0.0095,0.0303,0.0205,0.0414,0.0645,0.0425,0.0836,0.5572
SPP,Battery,800,2023,0.0065,0.0027,0.013,0.0297,0.0232,0.0383,0.0616,0.0444,0.0821,0.6065
SPP,Battery,800,2024,0.0112,0.0041,0.018,0.033,0.0243,0.0427,0.062,0.0464,0.0805,0.6312
SPP,Battery,800,2025,0.0104,0.0027,0.0174,0.0269,0.0144,0.0358,0.0485,0.0329,0.0678,0.7094
SPP,Hybrid,50,2020,0.0068,0.0042,0.013,0.044,0.0327,0.0559,0.071,0.0569,0.0868,0.5503
SPP,Hybrid,50,2021,0.0079,0.0047,0.014,0.0429,0.0326,0.0556,0.0688,0.0539,0.0843,0.5701
SPP,Hybrid,50,2022,0.0111,0.0055,0.0189,0.0423,0.0305,0.0548,0.0666,0.0489,0.0827,0.6145
SPP,Hybrid,50,2023,0.0133,0.0037,0.0258,0.0352,0.0216,0.052,0.0547,0.0386,0.0745,0.6301
SPP,Hybrid,50,2024,0.0165,0.0038,0.034,0.0374,0.0202,0.0595,0.0566,0.0369,0.0781,0.6519
SPP,Hybrid,50,2025,0.0129,0.0027,0.0293,0.0294,0.0144,0.0493,0.0454,0.0295,0.0646,0.711
SPP,Hybrid,100,2020,0.0049,0.0028,0.0107,0.0409,0.03,0.0554,0.0699,0.0578,0.0863,0.5413
SPP,Hybrid,100,2021,0.0054,0.0029,0.0106,0.0385,0.028,0.0509,0.0668,0.0521,0.0821,0.5593
SPP,Hybrid,100,2022,0.008,0.0038,0.0138,0.0374,0.0287,0.0469,0.0643,0.05,0.0796,0.6094
SPP,Hybrid,100,2023,0.0104,0.0029,0.0193,0.0319,0.0205,0.0447,0.0533,0.0372,0.0717,0.626
SPP,Hybrid,100,2024,0.014,0.0035,0.0287,0.0352,0.0193,0.0548,0.0566,0.0363,0.0745,0.6482
SPP,Hybrid,100,2025,0.0108,0.0025,0.0236,0.0269,0.0136,0.0435,0.0441,0.0284,0.0605,0.7168
SPP,Hybrid,200,2020,0.0037,0.0019,0.009,0.0359,0.0266,0.0445,0.0676,0.0546,0.0788,0.539
SPP,Hybrid,200,2021,0.004,0.0021,0.0093,0.0329,0.0248,0.0407,0.0638,0.0509,0.0759,0.5532
SPP,Hybrid,200,2022,0.0056,0.0026,0.0108,0.0322,0.0254,0.0408,0.0622,0.0499,0.0787,0.6045
SPP,Hybrid,200,2023,0.0082,0.0026,0.015,0.0288,0.0199,0.0392,0.0525,0.0371,0.0733,0.6271
SPP,Hybrid,200,2024,0.0116,0.0033,0.0236,0.0321,0.0188,0.0476,0.0557,0.0366,0.0726,0.6514
SPP,Hybrid,200,2025,0.0089,0.0022,0.019,0.0241,0.0133,0.0375,0.0423,0.0286,0.0573,0.7249
SPP,Hybrid,400,2020,0.0032,0.0015,0.008,0.0336,0.025,0.0436,0.0691,0.0534,0.0814,0.5365
SPP,Hybrid,400,2021,0.0033,0.0015,0.0083,0.0298,0.0225,0.0358,0.0639,0.0489,0.0747,0.5467
SPP,Hybrid,400,2022,0.0043,0.0019,0.0098,0.0288,0.0239,0.037,0.0623,0.0474,0.0765,0.5907
SPP,Hybrid,400,2023,0.0068,0.0025,0.0126,0.0272,0.0207,0.0379,0.0541,0.0372,0.0763,0.6256
SPP,Hybrid,400,2024,0.01,0.0029,0.0208,0.0296,0.0193,0.0434,0.0548,0.0387,0.0708,0.6517
SPP,Hybrid,400,2025,0.0081,0.002,0.0173,0.0227,0.0131,0.035,0.0421,0.0285,0.0572,0.7251
SPP,Hybrid,800,2020,0.0032,0.0012,0.0077,0.0338,0.0238,0.0454,0.0731,0.0538,0.088,0.5306
SPP,Hybrid,800,2021,0.0032,0.0013,0.0077,0.03,0.0206,0.0387,0.0675,0.0475,0.0811,0.5386
SPP,Hybrid,800,2022,0.0038,0.0015,0.0091,0.0276,0.0209,0.0374,0.0639,0.0465,0.0787,0.5708
SPP,Hybrid,800,2023,0.0058,0.0021,0.0113,0.0263,0.0216,0.037,0.0575,0.0384,0.0782,0.6149
SPP,Hybrid,800,2024,0.009,0.0028,0.0198,0.0283,0.0199,0.0422,0.0558,0.0396,0.0688,0.6432
SPP,Hybrid,800,2025,0.0078,0.0019,0.0167,0.0225,0.013,0.0344,0.0436,0.0288,0.0584,0.7147
SPP,Gas,50,2020,0.1249,0.0962,0.1424,0.1681,0.1307,0.1911,0.1887,0.1472,0.2169,0.5339
SPP,Gas,50,2021,0.126,0.0974,0.1407,0.1662,0.1304,0.1933,0.1861,0.1469,0.2205,0.5274
SPP,Gas,50,2022,0.1285,0.0866,0.1506,0.1666,0.1182,0.2034,0.1862,0.1366,0.2321,0.5244
SPP,Gas,50,2023,0.1239,0.0667,0.1583,0.1598,0.095,0.1977,0.1798,0.1126,0.2266,0.5405
SPP,Gas,50,2024,0.0998,0.0434,0.153,0.1337,0.067,0.1864,0.1544,0.0846,0.2053,0.5619
SPP,Gas,50,2025,0.069,0.0224,0.1248,0.098,0.0429,0.1552,0.118,0.0581,0.1735,0.5994
SPP,Gas,100,2020,0.1009,0.0708,0.1228,0.1497,0.111,0.173,0.1731,0.1291,0.2035,0.53
SPP,Gas,100,2021,0.1031,0.0711,0.1205,0.1474,0.109,0.179,0.1694,0.1263,0.2096,0.5212
SPP,Gas,100,2022,0.1079,0.0597,0.1318,0.1493,0.0965,0.1877,0.171,0.1177,0.2206,0.5156
SPP,Gas,100,2023,0.1099,0.0546,0.1396,0.149,0.0888,0.1816,0.1718,0.1104,0.218,0.5236
SPP,Gas,100,2024,0.0921,0.039,0.1403,0.1289,0.0658,0.1765,0.1528,0.087,0.1958,0.5444
SPP,Gas,100,2025,0.0641,0.0208,0.1151,0.0951,0.0423,0.1476,0.1177,0.0605,0.165,0.5832
SPP,Gas,200,2020,0.0796,0.0523,0.1049,0.1331,0.1006,0.164,0.1598,0.1219,0.1999,0.5233
SPP,Gas,200,2021,0.0823,0.0491,0.1063,0.1294,0.09,0.1679,0.1538,0.1093,0.2029,0.5141
SPP,Gas,200,2022,0.091,0.0457,0.117,0.1342,0.0834,0.1764,0.158,0.1052,0.2129,0.5068
SPP,Gas,200,2023,0.098,0.0417,0.1231,0.1396,0.0765,0.1788,0.1652,0.0997,0.2211,0.5069
SPP,Gas,200,2024,0.0849,0.0357,0.1275,0.1241,0.0655,0.1663,0.1515,0.0891,0.195,0.5259
SPP,Gas,200,2025,0.0596,0.0214,0.1066,0.092,0.0441,0.1406,0.1175,0.064,0.1598,0.5664
SPP,Gas,400,2020,0.0579,0.0336,0.0867,0.1141,0.0795,0.1526,0.1462,0.1065,0.1958,0.5188
SPP,Gas,400,2021,0.0614,0.033,0.0845,0.1103,0.0717,0.149,0.1387,0.093,0.1908,0.5122
SPP,Gas,400,2022,0.072,0.0391,0.0981,0.1162,0.075,0.1621,0.1431,0.0937,0.2027,0.5031
SPP,Gas,400,2023,0.0823,0.0354,0.1094,0.1249,0.0681,0.1745,0.1537,0.0911,0.2216,0.4966
SPP,Gas,400,2024,0.076,0.0318,0.1124,0.1162,0.0621,0.1519,0.1471,0.0872,0.1972,0.5108
SPP,Gas,400,2025,0.0547,0.0204,0.0962,0.0879,0.0442,0.1308,0.1164,0.0649,0.1557,0.5517
SPP,Gas,800,2020,0.0442,0.0229,0.0715,0.1046,0.068,0.1415,0.1443,0.0983,0.1907,0.5133
SPP,Gas,800,2021,0.0453,0.0207,0.0681,0.0961,0.0562,0.138,0.1301,0.081,0.1815,0.5089
SPP,Gas,800,2022,0.0542,0.0262,0.0861,0.0991,0.0574,0.1506,0.1304,0.079,0.195,0.504
SPP,Gas,800,2023,0.0645,0.0339,0.0971,0.1072,0.0651,0.1626,0.14,0.0889,0.2139,0.4953
SPP,Gas,800,2024,0.0654,0.0302,0.0991,0.1056,0.0602,0.1446,0.1401,0.0865,0.1969,0.5016
SPP,Gas,800,2025,0.0511,0.021,0.083,0.0854,0.0462,0.1227,0.117,0.069,0.1552,0.5347
Southeast,Solar,50,2020,0.0928,0.0782,0.1007,0.214,0.1919,0.2335,0.2721,0.2433,0.2958,0.4517
Southeast,Solar,50,2021,0.0994,0.0844,0.1092,0.2217,0.2054,0.2412,0.2758,0.2594,0.3004,0.436
Southeast,Solar,50,2022,0.101,0.0878,0.1106,0.2153,0.1946,0.2353,0.2628,0.2375,0.2863,0.4084
Southeast,Solar,50,2023,0.0893,0.0764,0.1076,0.1817,0.1576,0.2129,0.2198,0.1883,0.2635,0.3304
Southeast,Solar,50,2024,0.0696,0.0536,0.1011,0.1379,0.1018,0.196,0.1694,0.1218,0.2384,0.3266
Southeast,Solar,50,2025,0.0514,0.0228,0.0928,0.0996,0.0604,0.1648,0.1293,0.0846,0.2016,0.4505
Southeast,Solar,100,2020,0.0446,0.0264,0.0643,0.143,0.105,0.1904,0.2017,0.1594,0.2544,0.5049
Southeast,Solar,100,2021,0.0455,0.0286,0.0612,0.1405,0.1078,0.181,0.1946,0.159,0.2412,0.5075
Southeast,Solar,100,2022,0.0466,0.0311,0.0576,0.1362,0.114,0.1618,0.1855,0.1618,0.2125,0.5062
Southeast,Solar,100,2023,0.0488,0.0284,0.0665,0.1294,0.0945,0.1648,0.1736,0.1394,0.2116,0.4872
Southeast,Solar,100,2024,0.052,0.0259,0.0761,0.1194,0.0809,0.1613,0.16,0.1181,0.2057,0.4713
Southeast,Solar,100,2025,0.0391,0.0125,0.0691,0.0858,0.0489,0.1351,0.122,0.0865,0.1755,0.5424
Southeast,Solar,200,2020,0.0222,0.0118,0.0413,0.0928,0.0714,0.1294,0.1523,0.1271,0.1953,0.5394
Southeast,Solar,200,2021,0.0183,0.0092,0.0347,0.0796,0.0542,0.1111,0.1352,0.1053,0.1729,0.5562
Southeast,Solar,200,2022,0.0159,0.0079,0.027,0.07,0.0459,0.093,0.1224,0.0965,0.146,0.5667
Southeast,Solar,200,2023,0.0171,0.0079,0.0281,0.0674,0.0443,0.0922,0.1164,0.0907,0.1429,0.5653
Southeast,Solar,200,2024,0.0257,0.0094,0.0533,0.0737,0.0477,0.1085,0.1199,0.0914,0.1579,0.5539
Southeast,Solar,200,2025,0.0268,0.0077,0.0528,0.0663,0.0398,0.0991,0.1054,0.0851,0.1405,0.5836
Southeast,Solar,400,2020,0.017,0.008,0.0334,0.0767,0.0548,0.104,0.1376,0.1136,0.1714,0.5458
Southeast,Solar,400,2021,0.0139,0.0064,0.0276,0.0657,0.0424,0.0881,0.1237,0.0982,0.1523,0.559
Southeast,Solar,400,2022,0.0121,0.0054,0.022,0.0578,0.0367,0.0796,0.1125,0.0889,0.1333,0.5673
Southeast,Solar,400,2023,0.013,0.005,0.025,0.0553,0.0328,0.0782,0.107,0.0814,0.1316,0.5664
Southeast,Solar,400,2024,0.0184,0.0058,0.043,0.0597,0.0367,0.0892,0.1091,0.0791,0.1394,0.5573
Southeast,Solar,400,2025,0.0213,0.0058,0.047,0.0573,0.036,0.0878,0.1,0.0759,0.1349,0.5821
Southeast,Solar,800,2020,0.0158,0.0068,0.0315,0.0703,0.0518,0.0931,0.1321,0.1098,0.1627,0.5441
Southeast,Solar,800,2021,0.0128,0.0056,0.0254,0.06,0.0408,0.079,0.1192,0.0953,0.1453,0.5545
Southeast,Solar,800,2022,0.0114,0.0053,0.0211,0.0537,0.0354,0.0737,0.1102,0.0864,0.131,0.5604
Southeast,Solar,800,2023,0.012,0.0044,0.0244,0.0512,0.0302,0.0741,0.1054,0.0787,0.1304,0.5596
Southeast,Solar,800,2024,0.0158,0.0045,0.0366,0.0538,0.0323,0.0773,0.1071,0.0756,0.1321,0.55
Southeast,Solar,800,2025,0.0184,0.0046,0.0431,0.0529,0.0337,0.0837,0.1,0.0727,0.1345,0.5692
Southeast,Wind,50,2020,0.109,0.0883,0.1384,0.166,0.1279,0.2063,0.1966,0.1507,0.2312,0.3346
Southeast,Wind,50,2021,0.1008,0.0773,0.1339,0.1528,0.1149,0.1881,0.1811,0.1389,0.2133,0.2851
Southeast,Wind,50,2022,0.0906,0.0673,0.1221,0.1365,0.109,0.1699,0.1627,0.1378,0.1971,0.236
Southeast,Wind,50,2023,0.0778,0.0598,0.1182,0.1183,0.1007,0.1661,0.1431,0.1138,0.191,0.1942
Southeast,Wind,50,2024,0.0657,0.0424,0.1141,0.1018,0.0668,0.1615,0.1266,0.0771,0.199,0.1858
Southeast,Wind,50,2025,0.0549,0.0248,0.1007,0.0891,0.0439,0.145,0.1164,0.0599,0.189,0.2591
Southeast,Wind,100,2020,0.0912,0.0619,0.1262,0.1626,0.0932,0.2029,0.2004,0.1227,0.2441,0.3922
Southeast,Wind,100,2021,0.0896,0.0603,0.1213,0.1576,0.0929,0.1875,0.1935,0.123,0.2291,0.364
Southeast,Wind,100,2022,0.086,0.0596,0.1116,0.1489,0.0958,0.1776,0.1826,0.1283,0.2175,0.3257
Southeast,Wind,100,2023,0.0786,0.0582,0.1094,0.1347,0.1,0.172,0.167,0.1226,0.2036,0.2844
Southeast,Wind,100,2024,0.0644,0.0431,0.0978,0.1132,0.0751,0.1541,0.1458,0.0956,0.1843,0.2872
Southeast,Wind,100,2025,0.049,0.0248,0.0817,0.0907,0.0515,0.135,0.1239,0.073,0.1737,0.3525
Southeast,Wind,200,2020,0.0663,0.0364,0.0965,0.1377,0.0772,0.1931,0.1812,0.1096,0.2481,0.4577
Southeast,Wind,200,2021,0.0648,0.0341,0.0958,0.1332,0.0718,0.187,0.1751,0.1042,0.2407,0.4493
Southeast,Wind,200,2022,0.0619,0.0309,0.0895,0.1259,0.0703,0.1764,0.1666,0.1027,0.2311,0.4371
Southeast,Wind,200,2023,0.0571,0.03,0.0854,0.1154,0.0699,0.1719,0.1547,0.1024,0.221,0.418
Southeast,Wind,200,2024,0.0471,0.027,0.0754,0.0994,0.0611,0.1536,0.1387,0.0928,0.1984,0.4168
Southeast,Wind,200,2025,0.0379,0.0176,0.0689,0.0816,0.0472,0.1337,0.1207,0.0777,0.1784,0.4506
Southeast,Wind,400,2020,0.0392,0.0232,0.0595,0.0985,0.0541,0.1362,0.1454,0.0894,0.1945,0.5149
Southeast,Wind,400,2021,0.0366,0.0186,0.0543,0.0926,0.0476,0.1299,0.1383,0.0823,0.1867,0.5181
Southeast,Wind,400,2022,0.0338,0.0159,0.0494,0.0853,0.0442,0.1185,0.1292,0.0783,0.1713,0.5249
Southeast,Wind,400,2023,0.0318,0.0134,0.0465,0.079,0.0411,0.1157,0.121,0.0757,0.1643,0.5185
Southeast,Wind,400,2024,0.0275,0.014,0.0421,0.0711,0.0451,0.105,0.1131,0.0794,0.1505,0.5097
Southeast,Wind,400,2025,0.024,0.0101,0.0407,0.0623,0.0422,0.0936,0.1037,0.0711,0.1392,0.5222
Southeast,Wind,800,2020,0.0256,0.0145,0.0455,0.0759,0.0465,0.1019,0.1261,0.0843,0.1504,0.5371
Southeast,Wind,800,2021,0.0234,0.0146,0.0407,0.0698,0.0413,0.0927,0.118,0.0774,0.1395,0.5442
Southeast,Wind,800,2022,0.0209,0.0122,0.0337,0.062,0.0366,0.0825,0.1082,0.0717,0.1275,0.5524
Southeast,Wind,800,2023,0.019,0.0095,0.0292,0.0565,0.0334,0.077,0.1013,0.0699,0.1213,0.5511
Southeast,Wind,800,2024,0.0181,0.0084,0.028,0.0536,0.035,0.072,0.0982,0.0733,0.1155,0.5441
Southeast,Wind,800,2025,0.0169,0.0067,0.0265,0.0497,0.0379,0.0639,0.0923,0.0683,0.1093,0.5504
Southeast,Battery,50,2020,0.0972,0.0667,0.1351,0.1595,0.1325,0.1868,0.195,0.165,0.2226,0.4815
Southeast,Battery,50,2021,0.0914,0.0658,0.1192,0.1499,0.1198,0.1708,0.1833,0.1495,0.2089,0.4791
Southeast,Battery,50,2022,0.0803,0.0527,0.098,0.133,0.102,0.1568,0.1647,0.1326,0.19,0.4819
Southeast,Battery,50,2023,0.0658,0.0362,0.0941,0.1113,0.0767,0.1558,0.1413,0.109,0.1887,0.4843
Southeast,Battery,50,2024,0.0545,0.0245,0.0966,0.0951,0.0586,0.1513,0.126,0.0829,0.1824,0.4869
Southeast,Battery,50,2025,0.0436,0.0125,0.086,0.0779,0.0409,0.1356,0.1087,0.0612,0.1662,0.5271
Southeast,Battery,100,2020,0.0554,0.03,0.0977,0.1167,0.0928,0.1515,0.158,0.1314,0.1835,0.5323
Southeast,Battery,100,2021,0.0447,0.025,0.0694,0.0993,0.0736,0.1246,0.1386,0.1112,0.1635,0.5487
Southeast,Battery,100,2022,0.035,0.0188,0.05,0.0821,0.0563,0.1026,0.1189,0.0888,0.1392,0.564
Southeast,Battery,100,2023,0.0322,0.015,0.0454,0.0735,0.0472,0.099,0.1087,0.0751,0.1338,0.5653
Southeast,Battery,100,2024,0.0318,0.0139,0.0507,0.0696,0.0414,0.1004,0.1049,0.0706,0.1338,0.5475
Southeast,Battery,100,2025,0.0302,0.0087,0.0508,0.0639,0.0359,0.0952,0.0983,0.0621,0.1324,0.5645
Southeast,Battery,200,2020,0.038,0.0189,0.0702,0.0951,0.0667,0.1236,0.1405,0.1133,0.1635,0.549
Southeast,Battery,200,2021,0.0289,0.0144,0.045,0.0785,0.0506,0.1009,0.1224,0.096,0.1476,0.5628
Southeast,Battery,200,2022,0.0219,0.0117,0.0315,0.0644,0.0419,0.0852,0.1061,0.0772,0.1274,0.5768
Southeast,Battery,200,2023,0.0195,0.0097,0.0268,0.0563,0.0352,0.0746,0.0953,0.0643,0.1168,0.5844
Southeast,Battery,200,2024,0.0204,0.0087,0.0304,0.0555,0.0359,0.0747,0.0946,0.067,0.1142,0.5688
Southeast,Battery,200,2025,0.0226,0.0067,0.0417,0.0554,0.0335,0.0806,0.0927,0.0626,0.1218,0.5785
Southeast,Battery,400,2020,0.0321,0.0169,0.056,0.0865,0.0622,0.1039,0.1343,0.1081,0.157,0.5496
Southeast,Battery,400,2021,0.0248,0.014,0.0367,0.0727,0.0508,0.0917,0.1194,0.0972,0.1454,0.5611
Southeast,Battery,400,2022,0.0194,0.0114,0.0272,0.0609,0.0412,0.0805,0.1058,0.0796,0.1276,0.5728
Southeast,Battery,400,2023,0.0172,0.0102,0.0254,0.0532,0.0342,0.0678,0.0955,0.0656,0.1175,0.5791
Southeast,Battery,400,2024,0.0177,0.0087,0.0272,0.0515,0.0352,0.064,0.0932,0.0676,0.1104,0.5679
Southeast,Battery,400,2025,0.0193,0.0065,0.0379,0.0513,0.035,0.0725,0.0914,0.0663,0.1185,0.575
Southeast,Battery,800,2020,0.0274,0.0137,0.0473,0.0798,0.0528,0.0973,0.1304,0.0992,0.1543,0.5448
Southeast,Battery,800,2021,0.0232,0.0133,0.0362,0.0702,0.0498,0.0853,0.1191,0.0946,0.1423,0.5543
Southeast,Battery,800,2022,0.0191,0.0125,0.0279,0.0602,0.0461,0.0734,0.1075,0.0835,0.1295,0.5626
Southeast,Battery,800,2023,0.0166,0.0107,0.0263,0.0528,0.0368,0.0658,0.0978,0.0705,0.1193,0.5661
Southeast,Battery,800,2024,0.017,0.0087,0.0271,0.0504,0.0369,0.0603,0.0947,0.0701,0.1111,0.5605
Southeast,Battery,800,2025,0.018,0.0065,0.0354,0.0496,0.0365,0.067,0.0927,0.0705,0.1166,0.5642
Southeast,Hybrid,50,2020,0.0172,0.0081,0.0321,0.0606,0.0419,0.0803,0.1025,0.0768,0.1266,0.5791
Southeast,Hybrid,50,2021,0.0137,0.0064,0.0265,0.0516,0.0349,0.0677,0.0911,0.0724,0.1136,0.5919
Southeast,Hybrid,50,2022,0.0113,0.0054,0.0208,0.0434,0.0294,0.0554,0.0803,0.064,0.0977,0.6032
Southeast,Hybrid,50,2023,0.0103,0.0045,0.0187,0.0383,0.0251,0.0517,0.072,0.0541,0.0928,0.6074
Southeast,Hybrid,50,2024,0.0129,0.0048,0.0216,0.0403,0.0261,0.0548,0.0731,0.0523,0.0939,0.6028
Southeast,Hybrid,50,2025,0.0149,0.0041,0.0287,0.0414,0.0265,0.0621,0.0727,0.0494,0.1008,0.6141
Southeast,Hybrid,100,2020,0.0096,0.0048,0.0181,0.0475,0.0349,0.0646,0.0932,0.0776,0.1121,0.5865
Southeast,Hybrid,100,2021,0.0078,0.0037,0.0152,0.0417,0.0293,0.0563,0.0856,0.068,0.1057,0.5943
Southeast,Hybrid,100,2022,0.0071,0.0034,0.013,0.038,0.0253,0.0512,0.0801,0.0619,0.0977,0.601
Southeast,Hybrid,100,2023,0.007,0.0034,0.0119,0.0352,0.0239,0.0472,0.0744,0.0562,0.0922,0.6034
Southeast,Hybrid,100,2024,0.0094,0.004,0.0183,0.0371,0.0251,0.0529,0.0742,0.0485,0.0962,0.5982
Southeast,Hybrid,100,2025,0.0119,0.0034,0.0259,0.0384,0.0261,0.0598,0.0733,0.0485,0.1028,0.6108
Southeast,Hybrid,200,2020,0.0078,0.0038,0.0137,0.0439,0.0315,0.0602,0.0922,0.075,0.1157,0.5817
Southeast,Hybrid,200,2021,0.0062,0.0032,0.0118,0.0387,0.0256,0.0535,0.0856,0.0635,0.1079,0.5912
Southeast,Hybrid,200,2022,0.0056,0.0028,0.0112,0.0355,0.021,0.0509,0.081,0.0555,0.099,0.5948
Southeast,Hybrid,200,2023,0.0061,0.0027,0.0113,0.0341,0.0214,0.0501,0.0777,0.0553,0.0987,0.5951
Southeast,Hybrid,200,2024,0.0082,0.0032,0.0163,0.0361,0.0245,0.0521,0.0781,0.0526,0.1009,0.5881
Southeast,Hybrid,200,2025,0.0108,0.0029,0.0262,0.0373,0.0235,0.0621,0.0752,0.0491,0.1076,0.6018
Southeast,Hybrid,400,2020,0.0076,0.0033,0.0143,0.0427,0.0306,0.0607,0.0924,0.0727,0.1175,0.5699
Southeast,Hybrid,400,2021,0.0064,0.0031,0.0128,0.0383,0.0261,0.0548,0.0867,0.0654,0.1097,0.5806
Southeast,Hybrid,400,2022,0.0057,0.0029,0.0121,0.0355,0.0214,0.0527,0.0832,0.0575,0.1029,0.5844
Southeast,Hybrid,400,2023,0.0063,0.0026,0.0131,0.0348,0.0201,0.0531,0.0821,0.0552,0.1037,0.5841
Southeast,Hybrid,400,2024,0.008,0.0029,0.0177,0.0362,0.0242,0.0524,0.0828,0.0568,0.1055,0.5761
Southeast,Hybrid,400,2025,0.0103,0.0026,0.0258,0.0369,0.0231,0.0601,0.0787,0.0518,0.1091,0.5901
Southeast,Hybrid,800,2020,0.0078,0.003,0.0152,0.0432,0.0305,0.0642,0.0953,0.0727,0.1211,0.5513
Southeast,Hybrid,800,2021,0.0067,0.0027,0.0131,0.0388,0.0274,0.0553,0.0895,0.067,0.1108,0.5641
Southeast,Hybrid,800,2022,0.006,0.0027,0.0124,0.0357,0.0248,0.0518,0.0857,0.0643,0.1051,0.5694
Southeast,Hybrid,800,2023,0.0065,0.0029,0.0138,0.0352,0.0229,0.051,0.0855,0.0615,0.103,0.5673
Southeast,Hybrid,800,2024,0.0079,0.0027,0.016,0.0366,0.0247,0.0502,0.0869,0.0643,0.104,0.5594
Southeast,Hybrid,800,2025,0.0103,0.0028,0.0256,0.0378,0.0249,0.0591,0.0834,0.0574,0.1121,0.5756
Southeast,Gas,50,2020,0.1554,0.1255,0.1827,0.2194,0.1796,0.2555,0.2475,0.2009,0.294,0.2614
Southeast,Gas,50,2021,0.1419,0.1153,0.1639,0.1989,0.1636,0.2285,0.2248,0.1813,0.2623,0.2219
Southeast,Gas,50,2022,0.1298,0.1093,0.1529,0.1802,0.1482,0.2051,0.2041,0.1647,0.24,0.1955
Southeast,Gas,50,2023,0.1215,0.1009,0.1499,0.1677,0.1354,0.2109,0.1901,0.1466,0.2503,0.1818
Southeast,Gas,50,2024,0.1206,0.0895,0.1502,0.1673,0.1167,0.2158,0.1905,0.1258,0.257,0.1916
Southeast,Gas,50,2025,0.1127,0.0648,0.1578,0.1585,0.0922,0.2211,0.1836,0.1056,0.2548,0.2537
Southeast,Gas,100,2020,0.1579,0.1339,0.1837,0.2299,0.1972,0.2644,0.2619,0.22,0.3051,0.3318
Southeast,Gas,100,2021,0.1526,0.128,0.177,0.2191,0.1848,0.2545,0.2492,0.2064,0.2925,0.2945
Southeast,Gas,100,2022,0.1482,0.1225,0.1677,0.2094,0.1748,0.2402,0.2376,0.1954,0.274,0.2676
Southeast,Gas,100,2023,0.1442,0.1221,0.1624,0.2015,0.1677,0.224,0.2283,0.188,0.2634,0.2534
Southeast,Gas,100,2024,0.1403,0.1215,0.1625,0.196,0.1721,0.2238,0.2234,0.1915,0.2591,0.2578
Southeast,Gas,100,2025,0.1205,0.0823,0.1601,0.1722,0.1302,0.2237,0.2009,0.1491,0.2579,0.3056
Southeast,Gas,200,2020,0.1532,0.1325,0.1744,0.2279,0.2038,0.258,0.2627,0.231,0.2916,0.4074
Southeast,Gas,200,2021,0.1536,0.1334,0.1739,0.2235,0.1962,0.2535,0.2562,0.2219,0.2841,0.376
Southeast,Gas,200,2022,0.1518,0.1293,0.1691,0.2167,0.1896,0.2417,0.2478,0.2142,0.2716,0.3392
Southeast,Gas,200,2023,0.1492,0.1252,0.1648,0.2109,0.1855,0.2332,0.2409,0.2092,0.2665,0.3117
Southeast,Gas,200,2024,0.1449,0.1274,0.1625,0.2044,0.183,0.2267,0.2351,0.2064,0.2612,0.3074
Southeast,Gas,200,2025,0.1231,0.0784,0.1589,0.1772,0.1352,0.222,0.2091,0.1703,0.2541,0.3371
Southeast,Gas,400,2020,0.1364,0.1163,0.1687,0.2103,0.1848,0.2459,0.2498,0.2158,0.2814,0.456
Southeast,Gas,400,2021,0.1435,0.1239,0.1692,0.2129,0.1818,0.2431,0.2491,0.2103,0.2832,0.4334
Southeast,Gas,400,2022,0.1479,0.1246,0.1701,0.2124,0.1772,0.2407,0.2462,0.2039,0.2755,0.4006
Southeast,Gas,400,2023,0.1475,0.1235,0.1627,0.2086,0.1796,0.2287,0.2417,0.2063,0.2649,0.3653
Southeast,Gas,400,2024,0.1411,0.1266,0.1577,0.2007,0.1755,0.2204,0.2351,0.2013,0.2555,0.3456
Southeast,Gas,400,2025,0.1204,0.0744,0.1525,0.1751,0.1268,0.2139,0.21,0.1674,0.2481,0.3537
Southeast,Gas,800,2020,0.113,0.0902,0.1413,0.1872,0.1648,0.2182,0.2325,0.1998,0.2696,0.4751
Southeast,Gas,800,2021,0.1258,0.1096,0.1508,0.1942,0.1684,0.2246,0.2356,0.2012,0.2728,0.4549
Southeast,Gas,800,2022,0.1352,0.1183,0.1563,0.1985,0.1704,0.2291,0.2367,0.2011,0.2745,0.4284
Southeast,Gas,800,2023,0.1396,0.1228,0.159,0.1992,0.174,0.2267,0.2359,0.2039,0.2695,0.3955
Southeast,Gas,800,2024,0.1325,0.1159,0.1508,0.1902,0.168,0.2119,0.2275,0.1957,0.2531,0.3713
Southeast,Gas,800,2025,0.1121,0.0646,0.136,0.1659,0.114,0.1929,0.2034,0.1563,0.2286,0.3663
West,Solar,50,2020,0.0842,0.0671,0.1006,0.1465,0.1256,0.1654,0.1926,0.164,0.2118,0.4256
West,Solar,50,2021,0.1001,0.0809,0.1139,0.1605,0.131,0.1795,0.2058,0.1722,0.2316,0.3712
West,Solar,50,2022,0.098,0.0781,0.1161,0.1539,0.1219,0.1836,0.1972,0.1602,0.2323,0.3334
West,Solar,50,2023,0.0806,0.0568,0.1039,0.1297,0.0954,0.1729,0.1701,0.1351,0.2218,0.3428
West,Solar,50,2024,0.0571,0.0323,0.0841,0.0978,0.0638,0.1467,0.1345,0.088,0.1959,0.3903
West,Solar,50,2025,0.0347,0.0171,0.0557,0.0642,0.0339,0.0972,0.0957,0.0497,0.1453,0.4539
West,Solar,100,2020,0.0658,0.0444,0.0869,0.1261,0.0979,0.1588,0.1721,0.1374,0.2108,0.4181
West,Solar,100,2021,0.0833,0.0561,0.1036,0.141,0.1,0.1808,0.1861,0.1442,0.2317,0.3547
West,Solar,100,2022,0.0831,0.0531,0.1059,0.137,0.0928,0.1825,0.182,0.1359,0.2352,0.3077
West,Solar,100,2023,0.0697,0.043,0.0937,0.1182,0.0804,0.1673,0.1621,0.1203,0.2231,0.3146
West,Solar,100,2024,0.0495,0.0275,0.0794,0.09,0.0575,0.1423,0.1299,0.092,0.1997,0.3601
West,Solar,100,2025,0.0311,0.0153,0.0558,0.061,0.0293,0.1003,0.095,0.0525,0.1577,0.4265
West,Solar,200,2020,0.0389,0.0277,0.0512,0.0898,0.0737,0.1117,0.137,0.1175,0.1681,0.4263
West,Solar,200,2021,0.0516,0.0344,0.0665,0.1007,0.072,0.1263,0.1485,0.1196,0.1865,0.3657
West,Solar,200,2022,0.0595,0.0335,0.0838,0.1073,0.067,0.142,0.1561,0.1121,0.2026,0.3122
West,Solar,200,2023,0.0552,0.027,0.0787,0.0996,0.059,0.1381,0.1479,0.1011,0.2079,0.3104
West,Solar,200,2024,0.0427,0.0192,0.0687,0.081,0.0466,0.1282,0.1247,0.0835,0.1977,0.3418
West,Solar,200,2025,0.0282,0.0127,0.0523,0.058,0.0257,0.1015,0.095,0.0495,0.1689,0.3996
West,Solar,400,2020,0.0212,0.013,0.0323,0.0631,0.0533,0.0778,0.1116,0.0994,0.1377,0.4269
West,Solar,400,2021,0.0278,0.0155,0.042,0.0683,0.0509,0.0857,0.1188,0.1017,0.149,0.3781
West,Solar,400,2022,0.0367,0.0183,0.0657,0.0777,0.0504,0.1078,0.1297,0.0976,0.1704,0.3285
West,Solar,400,2023,0.0391,0.0162,0.0624,0.0787,0.0466,0.1075,0.1299,0.0902,0.1806,0.3144
West,Solar,400,2024,0.0348,0.0132,0.0565,0.0704,0.0392,0.1055,0.1171,0.0782,0.1848,0.3333
West,Solar,400,2025,0.0246,0.0094,0.0436,0.0533,0.0235,0.0912,0.0931,0.0485,0.167,0.3818
West,Solar,800,2020,0.0133,0.0065,0.0231,0.0486,0.0363,0.0616,0.0975,0.082,0.126,0.4183
West,Solar,800,2021,0.0168,0.008,0.0278,0.051,0.0364,0.0678,0.1022,0.0889,0.1337,0.3779
West,Solar,800,2022,0.0243,0.0096,0.0519,0.0601,0.0394,0.088,0.1134,0.0889,0.1553,0.3362
West,Solar,800,2023,0.0278,0.0103,0.0565,0.0633,0.0376,0.0953,0.1166,0.0828,0.1613,0.3186
West,Solar,800,2024,0.0252,0.0082,0.0456,0.0576,0.0323,0.0788,0.107,0.0737,0.1606,0.3265
West,Solar,800,2025,0.0204,0.0063,0.0337,0.0475,0.0221,0.0714,0.0896,0.0504,0.1543,0.3648
West,Wind,50,2020,0.1238,0.097,0.1533,0.1626,0.1306,0.1993,0.1901,0.1524,0.2316,0.3083
West,Wind,50,2021,0.1016,0.075,0.1333,0.1376,0.106,0.1749,0.1638,0.1269,0.2038,0.2275
West,Wind,50,2022,0.0758,0.0571,0.099,0.1078,0.0875,0.1362,0.1325,0.1092,0.1626,0.181
West,Wind,50,2023,0.0562,0.0365,0.0717,0.0847,0.0661,0.1108,0.1079,0.0884,0.1359,0.1885
West,Wind,50,2024,0.0403,0.0212,0.05,0.0639,0.0467,0.0783,0.0862,0.063,0.1043,0.2261
West,Wind,50,2025,0.0276,0.012,0.0398,0.0459,0.0294,0.0593,0.0669,0.0425,0.0867,0.2844
West,Wind,100,2020,0.0942,0.0782,0.1102,0.1408,0.1181,0.1642,0.173,0.1452,0.1999,0.3204
West,Wind,100,2021,0.0824,0.0612,0.1034,0.1248,0.0972,0.1509,0.1558,0.1239,0.1833,0.2408
West,Wind,100,2022,0.0638,0.0471,0.0818,0.1009,0.0838,0.1268,0.1296,0.1091,0.1566,0.1938
West,Wind,100,2023,0.0487,0.0314,0.0611,0.0802,0.0641,0.1011,0.1073,0.0862,0.1302,0.203
West,Wind,100,2024,0.0358,0.0198,0.0477,0.0617,0.0442,0.0798,0.0873,0.0629,0.1068,0.2412
West,Wind,100,2025,0.0241,0.0117,0.0357,0.0441,0.026,0.0627,0.0682,0.0415,0.0873,0.3005
West,Wind,200,2020,0.0508,0.0305,0.0671,0.0958,0.0685,0.113,0.135,0.1065,0.157,0.3659
West,Wind,200,2021,0.0567,0.0353,0.0766,0.0992,0.0733,0.1214,0.1364,0.1107,0.1574,0.2823
West,Wind,200,2022,0.0505,0.0339,0.0686,0.089,0.0688,0.106,0.124,0.1096,0.1398,0.2219
West,Wind,200,2023,0.0409,0.0242,0.0554,0.0738,0.0552,0.0927,0.1061,0.0841,0.125,0.217
West,Wind,200,2024,0.0307,0.0165,0.0451,0.0576,0.0384,0.0788,0.0876,0.0616,0.1105,0.2445
West,Wind,200,2025,0.0206,0.0103,0.0325,0.0412,0.0225,0.0601,0.0683,0.0391,0.0937,0.2957
West,Wind,400,2020,0.0224,0.0102,0.0356,0.0594,0.0428,0.0724,0.104,0.0858,0.1194,0.3934
West,Wind,400,2021,0.0283,0.0141,0.0449,0.0652,0.0485,0.0816,0.1102,0.0932,0.1254,0.3348
West,Wind,400,2022,0.0343,0.0174,0.0575,0.0712,0.0525,0.0927,0.1151,0.0992,0.1321,0.2691
West,Wind,400,2023,0.0322,0.015,0.0507,0.0654,0.0467,0.0881,0.1058,0.0832,0.1329,0.2427
West,Wind,400,2024,0.0254,0.0118,0.0418,0.0526,0.0323,0.0765,0.0882,0.0574,0.1227,0.2511
West,Wind,400,2025,0.0179,0.0082,0.0308,0.0391,0.0187,0.0599,0.0698,0.0358,0.106,0.2886
West,Wind,800,2020,0.0108,0.0038,0.0192,0.0404,0.0282,0.0532,0.0857,0.0632,0.1117,0.3839
West,Wind,800,2021,0.0138,0.0056,0.0258,0.0443,0.0344,0.0569,0.0918,0.076,0.1187,0.3482
West,Wind,800,2022,0.0202,0.009,0.0408,0.0527,0.0372,0.072,0.102,0.0845,0.1298,0.3014
West,Wind,800,2023,0.0228,0.0088,0.0449,0.0545,0.0339,0.0741,0.1009,0.0769,0.1317,0.2671
West,Wind,800,2024,0.0196,0.0073,0.0345,0.047,0.027,0.0664,0.0881,0.0557,0.1295,0.2594
West,Wind,800,2025,0.0147,0.0058,0.0267,0.0364,0.0155,0.0548,0.0708,0.0336,0.1154,0.2812
West,Battery,50,2020,0.0625,0.0508,0.0907,0.1056,0.0884,0.138,0.1421,0.1211,0.1767,0.4085
West,Battery,50,2021,0.0671,0.0528,0.0938,0.1099,0.0901,0.1401,0.1471,0.1197,0.1829,0.3345
West,Battery,50,2022,0.0677,0.0504,0.0924,0.1088,0.0852,0.1376,0.1456,0.1194,0.1794,0.2823
West,Battery,50,2023,0.059,0.0303,0.0851,0.0966,0.0614,0.135,0.1326,0.1039,0.1787,0.2793
West,Battery,50,2024,0.0449,0.0176,0.0772,0.0772,0.0422,0.1285,0.1119,0.0707,0.1753,0.3193
West,Battery,50,2025,0.0296,0.009,0.058,0.0552,0.0231,0.1044,0.0861,0.0418,0.1519,0.3744
West,Battery,100,2020,0.0328,0.0231,0.0497,0.076,0.0583,0.093,0.1167,0.0919,0.1394,0.3979
West,Battery,100,2021,0.0385,0.0279,0.0535,0.0802,0.0622,0.1027,0.1209,0.0944,0.1537,0.3335
West,Battery,100,2022,0.0467,0.0328,0.0686,0.0883,0.0665,0.1164,0.1301,0.1019,0.17,0.2824
West,Battery,100,2023,0.0465,0.0233,0.0698,0.0847,0.0542,0.1216,0.1257,0.0998,0.176,0.2739
West,Battery,100,2024,0.0371,0.0149,0.0625,0.0699,0.0392,0.1158,0.1085,0.073,0.1734,0.3063
West,Battery,100,2025,0.0258,0.0078,0.0501,0.0519,0.0214,0.1005,0.0863,0.0439,0.1622,0.3606
West,Battery,200,2020,0.0173,0.0083,0.0277,0.0565,0.0384,0.0806,0.0998,0.0721,0.1394,0.3739
West,Battery,200,2021,0.0208,0.0123,0.0318,0.0585,0.0406,0.0885,0.1022,0.0732,0.152,0.3258
West,Battery,200,2022,0.0283,0.0175,0.0448,0.0667,0.048,0.096,0.112,0.0851,0.1627,0.2875
West,Battery,200,2023,0.0336,0.0172,0.0511,0.0709,0.0453,0.1041,0.1162,0.0901,0.1728,0.2727
West,Battery,200,2024,0.0301,0.0129,0.052,0.0626,0.0352,0.103,0.1045,0.0736,0.1718,0.2939
West,Battery,200,2025,0.0221,0.0073,0.0425,0.0481,0.02,0.0927,0.0844,0.0443,0.1608,0.3413
West,Battery,400,2020,0.01,0.0047,0.016,0.0445,0.031,0.0657,0.0873,0.0653,0.1324,0.3402
West,Battery,400,2021,0.0113,0.0058,0.0183,0.044,0.0315,0.0684,0.0875,0.0609,0.1376,0.3079
West,Battery,400,2022,0.0167,0.0094,0.0293,0.0512,0.0358,0.0788,0.0973,0.0741,0.1442,0.2852
West,Battery,400,2023,0.0225,0.0111,0.0373,0.0573,0.0348,0.0796,0.1047,0.0778,0.1553,0.2704
West,Battery,400,2024,0.0222,0.01,0.0338,0.0538,0.0299,0.0834,0.0977,0.0695,0.1587,0.2777
West,Battery,400,2025,0.0188,0.007,0.0347,0.0448,0.0199,0.0822,0.0828,0.0476,0.1546,0.3208
West,Battery,800,2020,0.0067,0.003,0.0109,0.0374,0.0237,0.0596,0.0792,0.0512,0.1297,0.3096
West,Battery,800,2021,0.0073,0.0034,0.0143,0.0369,0.0235,0.0611,0.0796,0.0498,0.1329,0.2865
West,Battery,800,2022,0.0101,0.0052,0.022,0.0412,0.0286,0.0689,0.0867,0.0627,0.1466,0.2719
West,Battery,800,2023,0.0146,0.0067,0.0288,0.0466,0.027,0.0706,0.0936,0.0662,0.1546,0.2628
West,Battery,800,2024,0.016,0.0068,0.0292,0.046,0.0242,0.0663,0.0906,0.0615,0.1473,0.2645
West,Battery,800,2025,0.014,0.0051,0.0239,0.0395,0.0172,0.0655,0.0791,0.0469,0.1421,0.2898
West,Hybrid,50,2020,0.0398,0.0252,0.0582,0.0845,0.0611,0.1062,0.1229,0.0934,0.1513,0.4156
West,Hybrid,50,2021,0.0459,0.0276,0.0703,0.0921,0.0699,0.1184,0.1326,0.106,0.1643,0.35
West,Hybrid,50,2022,0.0475,0.0252,0.0701,0.093,0.0705,0.1249,0.1346,0.1139,0.1673,0.2993
West,Hybrid,50,2023,0.0438,0.0168,0.0742,0.0836,0.0569,0.1277,0.1235,0.0919,0.167,0.3013
West,Hybrid,50,2024,0.0338,0.0114,0.0663,0.0653,0.0403,0.1106,0.1025,0.0625,0.1442,0.3365
West,Hybrid,50,2025,0.0224,0.0066,0.0487,0.0458,0.0198,0.0833,0.0782,0.0367,0.1204,0.3873
West,Hybrid,100,2020,0.0229,0.0164,0.0342,0.0681,0.0561,0.0822,0.1121,0.0904,0.1406,0.4085
West,Hybrid,100,2021,0.0276,0.0183,0.0423,0.0726,0.0586,0.0881,0.118,0.0977,0.1468,0.3496
West,Hybrid,100,2022,0.0321,0.0181,0.0513,0.0771,0.0588,0.0978,0.1238,0.1032,0.1449,0.3035
West,Hybrid,100,2023,0.0328,0.0163,0.0592,0.0734,0.0503,0.1076,0.118,0.0891,0.1566,0.298
West,Hybrid,100,2024,0.0275,0.0118,0.053,0.0598,0.0311,0.0968,0.0999,0.0582,0.1472,0.3237
West,Hybrid,100,2025,0.0197,0.0065,0.0444,0.0442,0.0162,0.0797,0.0789,0.0335,0.1277,0.3674
West,Hybrid,200,2020,0.0132,0.0087,0.018,0.0555,0.0456,0.0682,0.1041,0.09,0.1357,0.393
West,Hybrid,200,2021,0.0148,0.0107,0.0202,0.0549,0.0428,0.0674,0.104,0.0881,0.137,0.3406
West,Hybrid,200,2022,0.0195,0.012,0.0346,0.0601,0.0433,0.0775,0.1104,0.0894,0.1409,0.302
West,Hybrid,200,2023,0.0231,0.011,0.0446,0.0611,0.0392,0.0849,0.1092,0.0832,0.1492,0.292
West,Hybrid,200,2024,0.0212,0.0088,0.0422,0.0529,0.026,0.079,0.0956,0.0565,0.1413,0.3078
West,Hybrid,200,2025,0.0169,0.0058,0.0348,0.0415,0.0149,0.0677,0.0779,0.0343,0.1261,0.3446
West,Hybrid,400,2020,0.0081,0.0052,0.013,0.0455,0.0363,0.0634,0.0955,0.0765,0.1293,0.3617
West,Hybrid,400,2021,0.0089,0.0061,0.0146,0.0444,0.0337,0.0627,0.0947,0.0729,0.1322,0.3168
West,Hybrid,400,2022,0.0122,0.0078,0.0245,0.0484,0.0339,0.0663,0.1002,0.0789,0.1365,0.2883
West,Hybrid,400,2023,0.0162,0.0078,0.0336,0.051,0.0321,0.0697,0.1009,0.0749,0.143,0.2815
West,Hybrid,400,2024,0.0165,0.0067,0.0338,0.0468,0.0237,0.0669,0.0918,0.0586,0.1424,0.2924
West,Hybrid,400,2025,0.0135,0.0046,0.0284,0.0379,0.0138,0.058,0.0764,0.0357,0.1315,0.322
West,Hybrid,800,2020,0.0054,0.003,0.0094,0.039,0.0275,0.0572,0.0894,0.0657,0.1258,0.3245
West,Hybrid,800,2021,0.0058,0.0033,0.0114,0.038,0.0252,0.0576,0.0882,0.0615,0.1307,0.2886
West,Hybrid,800,2022,0.0078,0.0043,0.0171,0.0404,0.0274,0.0596,0.0918,0.0689,0.1368,0.2683
West,Hybrid,800,2023,0.0111,0.0044,0.0255,0.0429,0.0257,0.0589,0.0938,0.0665,0.1364,0.2666
West,Hybrid,800,2024,0.0127,0.0043,0.0274,0.0411,0.0225,0.0588,0.0876,0.059,0.1386,0.2767
West,Hybrid,800,2025,0.0108,0.0037,0.0236,0.034,0.0129,0.0523,0.074,0.0369,0.1317,0.3009
West,Gas,50,2020,0.108,0.0888,0.1257,0.1485,0.1278,0.1714,0.1734,0.1487,0.1956,0.3165
West,Gas,50,2021,0.1002,0.0865,0.1133,0.1403,0.1245,0.1547,0.1664,0.1454,0.1865,0.277
West,Gas,50,2022,0.0956,0.0813,0.1128,0.1365,0.1197,0.1566,0.1649,0.1494,0.1884,0.2586
West,Gas,50,2023,0.0874,0.053,0.1136,0.1275,0.0877,0.1614,0.1586,0.1196,0.1976,0.2672
West,Gas,50,2024,0.0728,0.0347,0.1027,0.1094,0.0636,0.1519,0.1414,0.0894,0.1929,0.292
West,Gas,50,2025,0.0534,0.0196,0.0839,0.0825,0.0393,0.1279,0.1116,0.0573,0.1711,0.3158
West,Gas,100,2020,0.0952,0.0742,0.1142,0.1374,0.1117,0.161,0.1636,0.1318,0.1901,0.3156
West,Gas,100,2021,0.0895,0.0698,0.1066,0.1308,0.1049,0.1511,0.1582,0.1265,0.1851,0.2803
West,Gas,100,2022,0.0839,0.0729,0.1002,0.1257,0.1056,0.147,0.1556,0.1278,0.1804,0.254
West,Gas,100,2023,0.0768,0.0494,0.1006,0.118,0.0835,0.1514,0.1508,0.1127,0.1878,0.2557
West,Gas,100,2024,0.0636,0.0315,0.089,0.1008,0.0583,0.1395,0.1337,0.0838,0.1842,0.2765
West,Gas,100,2025,0.0464,0.0174,0.0732,0.0762,0.0345,0.1187,0.1063,0.053,0.1666,0.298
West,Gas,200,2020,0.0779,0.0583,0.0997,0.119,0.0913,0.1434,0.1474,0.1153,0.1779,0.3244
West,Gas,200,2021,0.0774,0.0552,0.0965,0.1179,0.0863,0.1417,0.1473,0.111,0.1779,0.2889
West,Gas,200,2022,0.0737,0.0605,0.0933,0.1154,0.0908,0.1449,0.1474,0.1153,0.1839,0.2596
West,Gas,200,2023,0.0691,0.0466,0.0886,0.1101,0.0763,0.1423,0.1443,0.1071,0.1833,0.2514
West,Gas,200,2024,0.0571,0.0304,0.0787,0.0936,0.0528,0.1301,0.1268,0.0805,0.1747,0.2639
West,Gas,200,2025,0.0422,0.017,0.066,0.0717,0.0309,0.1121,0.102,0.0508,0.1593,0.2816
West,Gas,400,2020,0.0553,0.0426,0.0744,0.0935,0.0717,0.1143,0.125,0.0959,0.1507,0.3291
West,Gas,400,2021,0.0598,0.0409,0.0733,0.0979,0.069,0.1162,0.1301,0.0934,0.1569,0.2954
West,Gas,400,2022,0.0603,0.0472,0.0786,0.1,0.0784,0.1306,0.1345,0.1048,0.1742,0.2656
West,Gas,400,2023,0.0579,0.0379,0.0781,0.0969,0.0667,0.1328,0.1332,0.1025,0.1797,0.2491
West,Gas,400,2024,0.051,0.0275,0.0743,0.0864,0.0469,0.1271,0.1216,0.0769,0.1759,0.2525
West,Gas,400,2025,0.0385,0.0165,0.0616,0.0671,0.0274,0.1075,0.0984,0.0485,0.1582,0.2639
West,Gas,800,2020,0.0344,0.0217,0.0481,0.0692,0.0531,0.0877,0.1045,0.0765,0.1297,0.3303
West,Gas,800,2021,0.0392,0.0274,0.0544,0.0737,0.0568,0.0901,0.109,0.0813,0.1321,0.2998
West,Gas,800,2022,0.0433,0.0355,0.0596,0.0793,0.0654,0.1009,0.1166,0.0926,0.1437,0.2725
West,Gas,800,2023,0.0446,0.0311,0.0559,0.081,0.0573,0.1061,0.1196,0.094,0.1567,0.2549
West,Gas,800,2024,0.0418,0.0231,0.06,0.0755,0.0399,0.1088,0.1126,0.071,0.165,0.2485
West,Gas,800,2025,0.0336,0.014,0.0574,0.0612,0.024,0.0999,0.0941,0.0467,0.155,0.2492
