q_year,region,tech,mw,event,T_years,state,dc_market
2000.0,MISO,Wind,80.0,1,8.835,IA,0
2000.0,Southeast,Other,2.8,0,25.999,NC,0
2000.0,MISO,Gas,189.0,1,7.403,IN,0
2000.0,PJM,Gas,550.0,2,2.04,MD,0
2000.0,PJM,Gas,550.0,2,2.68,MD,0
2000.0,NYISO,Gas,79.9,2,8.493,NY,0
2000.0,MISO,Gas,240.0,1,1.279,MI,1
2000.0,PJM,Gas,500.0,2,1.443,PA,0
2000.0,MISO,Other,500.0,2,2.913,IN,0
2000.0,PJM,Nuclear,26.0,1,1.465,NJ,0
2000.0,MISO,Other,500.0,2,2.913,IN,0
2000.0,PJM,Nuclear,69.0,1,1.5,NJ,0
2000.0,CAISO,Gas,590.0,1,8.925,CA,0
2000.0,PJM,Gas,37.0,2,0.975,NJ,0
2000.0,PJM,Gas,100.0,2,5.372,PA,0
2000.0,PJM,Gas,9.9,2,1.361,PA,0
2000.0,MISO,Other,95.0,1,1.251,KY,0
2000.0,PJM,Gas,550.0,2,4.271,MD,0
2000.0,PJM,Gas,550.0,2,4.271,MD,0
2000.0,MISO,Gas,260.0,2,3.168,IN,0
2000.0,MISO,Gas,230.0,2,3.159,IA,0
2000.0,PJM,Gas,550.0,2,1.927,PA,0
2000.0,PJM,Gas,1.6,1,0.151,PA,0
2000.0,PJM,Gas,10.0,1,0.014,DE,0
2000.0,MISO,Other,55.0,1,8.126,MN,0
2000.0,PJM,Gas,99.0,1,2.122,PA,0
2000.0,MISO,Gas,505.0,1,3.099,WI,0
2000.0,MISO,Wind,36.0,1,2.053,MN,0
2000.0,NYISO,Gas,79.9,2,8.153,NY,0
2000.0,PJM,Gas,1.0,1,0.038,PA,0
2000.0,MISO,Wind,202.0,2,3.548,MN,0
2000.0,MISO,Wind,2.0,1,4.003,MN,0
2000.0,CAISO,Hybrid,866.0,1,12.964,CA,0
2000.0,PJM,Wind,70.0,1,3.461,PA,0
2000.0,PJM,Gas,432.0,2,2.264,MD,0
2000.0,PJM,Gas,5.0,1,0.071,PA,0
2000.0,MISO,Other,37.0,1,2.943,MN,0
2000.0,MISO,Gas,332.0,1,2.943,MI,0
2000.0,PJM,Gas,8.0,1,0.088,PA,0
2000.0,PJM,Gas,168.0,1,1.087,NJ,0
2000.0,MISO,Other,330.0,2,2.445,WI,0
2000.0,NYISO,Gas,635.0,1,10.212,NY,0
2000.0,MISO,Other,500.0,2,4.255,IL,0
2000.0,MISO,Other,500.0,2,4.255,IL,0
2000.0,MISO,Wind,200.0,1,1.443,IA,0
2000.0,ISO-NE,Other,48.9,2,10.582,CT,0
2000.0,PJM,Gas,10.0,1,3.855,DC,0
2000.0,PJM,Other,25.0,1,3.849,MD,0
2000.0,PJM,Gas,100.0,1,1.763,DE,0
2000.0,PJM,Gas,9.0,2,1.648,NJ,0
2000.0,PJM,Gas,550.0,2,2.749,PA,0
2000.0,PJM,Gas,190.0,2,1.591,DE,0
2000.0,PJM,Gas,550.0,2,2.749,PA,0
2000.0,PJM,Gas,550.0,2,2.749,PA,0
2000.0,PJM,Gas,350.0,1,3.759,PA,0
2000.0,PJM,Gas,550.0,2,1.467,PA,0
2000.0,PJM,Gas,550.0,2,1.467,PA,0
2000.0,PJM,Gas,550.0,2,2.749,PA,0
2000.0,PJM,Gas,550.0,2,2.286,PA,0
2000.0,PJM,Gas,500.0,2,1.654,PA,0
2000.0,PJM,Gas,550.0,2,2.341,NJ,0
2000.0,PJM,Gas,39.0,2,3.129,DE,0
2000.0,PJM,Gas,3.0,1,0.912,MD,0
2000.0,PJM,Gas,500.0,2,1.654,PA,0
2000.0,CAISO,Gas,521.0,1,5.183,CA,0
2000.0,MISO,Other,725.0,2,3.422,WI,0
2000.0,PJM,Other,1.2,1,0.257,PA,0
2000.0,PJM,Gas,750.0,2,1.213,NJ,0
2000.0,PJM,Other,5.0,2,2.188,NJ,0
2000.0,NYISO,Gas,173.0,2,5.974,NY,0
2000.0,MISO,Other,1200.0,2,3.373,WI,0
2000.0,MISO,Other,1300.0,1,2.36,WI,1
2000.0,CAISO,Gas,1156.0,2,10.812,CA,0
2000.0,MISO,Wind,80.0,1,3.748,IA,0
2000.0,PJM,Gas,88.0,1,2.234,PA,0
2000.0,MISO,Other,3.0,1,0.561,SD,0
2000.0,MISO,Wind,80.0,1,4.786,MN,0
2000.0,PJM,Gas,2.5,1,0.298,MD,0
2000.0,MISO,Wind,100.0,1,0.372,MN,0
2000.0,PJM,Gas,620.0,2,2.144,MD,0
2000.0,PJM,Wind,15.6,2,2.053,PA,0
2000.0,CAISO,Gas,570.0,1,12.758,CA,0
2000.0,PJM,Other,7.0,1,1.58,PA,0
2000.0,MISO,Other,755.0,2,2.987,WI,0
2000.0,MISO,Other,90.0,2,1.396,WI,0
2000.0,MISO,Gas,210.0,1,4.594,IN,0
2000.0,NYISO,Gas,530.0,2,18.346,NY,0
2000.0,PJM,Wind,10.0,1,3.775,PA,0
2000.0,PJM,Gas,75.0,2,1.624,PA,0
2000.0,MISO,Other,2.0,1,3.474,ND,0
2000.0,PJM,Gas,640.0,2,3.546,PA,0
2000.0,PJM,Gas,620.0,1,2.541,PA,0
2000.0,PJM,Gas,727.0,2,3.953,NJ,0
2000.0,PJM,Other,6.5,1,2.059,PA,0
2000.0,PJM,Gas,960.0,2,1.689,VA,1
2000.0,PJM,Gas,60.0,1,2.834,DE,0
2000.0,PJM,Gas,100.0,2,1.473,NJ,0
2000.0,PJM,Gas,50.0,2,1.796,NJ,0
2000.0,PJM,Gas,551.0,2,1.325,PA,0
2000.0,PJM,Gas,650.0,2,0.983,NJ,0
2000.0,PJM,Other,30.0,1,0.298,PA,0
2000.0,ISO-NE,Solar,4.9,2,24.496,MA,0
2000.0,MISO,Gas,174.0,0,25.027,KY,0
2001.0,MISO,Other,41.0,2,2.182,OH,0
2001.0,MISO,Gas,150.0,1,7.956,WI,0
2001.0,PJM,Wind,30.0,2,4.235,PA,0
2001.0,MISO,Wind,1.0,1,3.346,MN,0
2001.0,MISO,Gas,50.0,1,4.096,WI,0
2001.0,MISO,Other,500.0,2,2.075,IN,0
2001.0,PJM,Gas,9.0,2,1.703,PA,0
2001.0,PJM,Gas,6.0,1,0.123,MD,0
2001.0,PJM,Gas,16.0,1,0.123,MD,0
2001.0,PJM,Gas,264.0,2,1.744,VA,0
2001.0,PJM,Gas,668.0,2,1.717,MD,0
2001.0,SPP,Gas,620.0,2,3.231,OK,0
2001.0,West,Other,250.0,0,24.898,SD,0
2001.0,PJM,Gas,234.0,2,2.686,MD,0
2001.0,PJM,Gas,450.0,2,1.955,WV,0
2001.0,MISO,Wind,1.0,0,24.854,MN,0
2001.0,PJM,Gas,5.0,2,1.161,MD,0
2001.0,PJM,Other,30.0,1,11.017,PA,0
2001.0,West,Other,100.0,0,24.841,SD,0
2001.0,MISO,Other,600.0,2,2.1,OH,0
2001.0,MISO,Gas,320.0,1,4.241,IN,0
2001.0,MISO,Other,7.0,0,24.824,WI,0
2001.0,PJM,Gas,100.0,2,0.745,PA,0
2001.0,PJM,Gas,7.0,1,0.298,NJ,0
2001.0,PJM,Gas,50.0,1,1.199,NJ,0
2001.0,PJM,Gas,622.0,2,0.805,NJ,0
2001.0,PJM,Gas,316.0,2,0.794,NJ,0
2001.0,NYISO,Gas,79.9,2,8.186,NY,0
2001.0,NYISO,Gas,79.9,2,8.186,NY,0
2001.0,MISO,Other,200.0,2,2.062,WI,0
2001.0,PJM,Gas,600.0,2,2.198,PA,0
2001.0,PJM,Gas,16.0,1,1.287,NJ,0
2001.0,PJM,Gas,12.0,1,3.08,NJ,0
2001.0,PJM,Gas,12.0,1,3.08,NJ,0
2001.0,PJM,Gas,6.0,1,2.155,NJ,0
2001.0,PJM,Wind,30.0,1,2.658,PA,0
2001.0,PJM,Gas,38.0,1,1.484,PA,0
2001.0,West,Wind,135.0,1,4.854,MT,0
2001.0,West,Other,109.0,1,4.986,MT,0
2001.0,MISO,Gas,200.0,1,3.107,WI,0
2001.0,SPP,Wind,94.5,1,5.974,OK,0
2001.0,SPP,Wind,26.0,2,2.877,OK,0
2001.0,PJM,Other,1.9,1,1.103,NJ,0
2001.0,PJM,Other,3.8,1,1.999,NJ,0
2001.0,PJM,Gas,750.0,2,0.69,NJ,0
2001.0,PJM,Gas,750.0,2,0.69,DE,0
2001.0,PJM,Gas,350.0,2,0.69,NJ,0
2001.0,PJM,Other,10.0,1,0.068,MD,0
2001.0,NYISO,Gas,550.0,2,6.283,NY,0
2001.0,SPP,Gas,47.0,1,0.632,KS,0
2001.0,MISO,Other,30.0,2,1.914,OH,0
2001.0,PJM,Other,600.0,1,7.031,WV,0
2001.0,PJM,Gas,54.0,1,2.023,WV,0
2001.0,PJM,Gas,104.0,1,2.023,PA,0
2001.0,SPP,Gas,750.0,2,2.93,LA,1
2001.0,PJM,Gas,500.0,2,1.476,MD,0
2001.0,NYISO,Gas,45.0,2,7.116,NY,0
2001.0,PJM,Gas,610.0,2,1.864,PA,0
2001.0,ISO-NE,Wind,454.0,2,15.603,MA,0
2001.0,MISO,Gas,644.0,2,2.94,MI,1
2001.0,MISO,Gas,105.0,1,1.218,WI,0
2001.0,MISO,Wind,2.0,2,3.11,MN,0
2001.0,MISO,Wind,370.0,1,2.949,WI,0
2001.0,MISO,Other,118.0,2,3.08,IA,0
2001.0,MISO,Other,40.0,2,2.215,MI,1
2001.0,MISO,Gas,520.0,2,2.034,MI,1
2001.0,MISO,Other,1000.0,2,1.889,KY,0
2001.0,SPP,Gas,580.0,2,2.817,OK,0
2001.0,SPP,Gas,630.0,1,5.977,AR,0
2001.0,PJM,Gas,340.0,2,2.207,MD,0
2001.0,PJM,Other,107.0,1,0.709,PA,0
2001.0,MISO,Other,1500.0,1,5.04,IL,0
2001.0,PJM,Gas,471.0,2,0.726,NJ,0
2001.0,PJM,Gas,86.0,2,0.726,PA,0
2001.0,PJM,Gas,4.2,2,0.901,MD,0
2001.0,PJM,Gas,260.0,2,0.652,PA,0
2001.0,SPP,Wind,74.2,1,2.188,OK,0
2001.0,PJM,Gas,750.0,2,0.643,PA,0
2001.0,PJM,Gas,600.0,2,0.706,PA,0
2001.0,MISO,Wind,9.0,1,3.34,MN,0
2001.0,PJM,Gas,600.0,2,0.693,PA,0
2001.0,PJM,Gas,10.0,1,0.838,DE,0
2001.0,PJM,Gas,575.0,2,1.884,PA,0
2001.0,PJM,Gas,75.0,2,0.649,PA,0
2001.0,PJM,Gas,910.0,2,0.816,MD,0
2001.0,PJM,Gas,10.0,2,1.862,PA,0
2001.0,PJM,Gas,10.0,2,0.616,PA,0
2001.0,PJM,Gas,32.0,2,0.693,PA,0
2001.0,PJM,Gas,525.0,2,0.917,PA,0
2001.0,PJM,Gas,640.0,2,8.723,MD,0
2001.0,PJM,Other,9.9,1,1.667,PA,0
2001.0,PJM,Nuclear,70.0,1,0.419,PA,0
2001.0,PJM,Other,525.0,2,11.633,PA,0
2001.0,MISO,Other,85.0,1,9.602,WI,0
2001.0,SPP,Gas,520.0,2,2.59,KS,0
2001.0,MISO,Wind,200.0,1,3.814,MN,0
2001.0,West,Wind,0.5,1,2.576,MT,0
2001.0,MISO,Other,650.0,2,1.903,SD,0
2001.0,SPP,Gas,250.0,1,3.381,NE,0
2001.0,PJM,Nuclear,9.0,1,5.78,PA,0
2001.0,PJM,Nuclear,9.0,1,2.278,PA,0
2001.0,MISO,Other,6.0,2,2.913,IA,0
2001.0,MISO,Other,1.0,2,1.503,MN,0
2001.0,SPP,Gas,50.0,1,1.637,MO,0
2001.0,MISO,Other,2.0,2,1.503,MN,0
2001.0,PJM,Wind,150.0,2,2.782,WV,0
2001.0,MISO,Wind,180.0,1,2.204,ND,0
2001.0,SPP,Wind,120.0,1,4.263,NM,0
2001.0,PJM,Gas,600.0,2,0.882,MD,0
2001.0,MISO,Other,840.0,2,1.55,MI,0
2001.0,MISO,Other,660.0,2,0.868,MN,0
2001.0,MISO,Gas,560.0,2,1.084,MI,0
2001.0,NYISO,Gas,79.9,2,17.415,NY,0
2001.0,NYISO,Gas,1100.0,2,10.404,NY,0
2001.0,NYISO,Gas,310.0,1,8.142,NY,0
2001.0,SPP,Wind,102.0,1,2.067,OK,0
2001.0,MISO,Other,2.0,1,0.17,MN,0
2001.0,PJM,Gas,25.0,1,3.192,PA,0
2001.0,MISO,Other,550.0,1,2.355,WI,0
2001.0,PJM,Gas,200.0,2,0.627,NJ,0
2001.0,MISO,Other,4.0,1,4.586,MN,0
2001.0,SPP,Wind,100.0,1,7.083,KS,0
2001.0,PJM,Gas,560.0,2,0.611,PA,0
2001.0,MISO,Gas,20.0,1,1.558,WI,0
2001.0,MISO,Other,12.0,0,24.131,ND,0
2001.0,PJM,Gas,635.0,2,0.969,PA,0
2001.0,MISO,Wind,150.0,2,1.377,SD,0
2001.0,MISO,Gas,2.0,1,4.033,MN,0
2001.0,PJM,Gas,500.0,2,0.668,NJ,0
2001.0,PJM,Gas,10.0,1,4.03,DE,0
2001.0,PJM,Gas,9.0,1,2.511,MD,0
2001.0,SPP,Gas,50.0,1,1.405,MO,0
2001.0,MISO,Gas,45.0,1,2.001,WI,0
2001.0,PJM,Gas,1060.0,2,0.912,PA,0
2001.0,MISO,Other,550.0,0,24.079,IL,0
2001.0,MISO,Wind,200.0,1,1.5,MN,0
2001.0,MISO,Wind,200.0,2,0.715,MN,0
2001.0,MISO,Gas,630.0,2,0.862,MI,0
2001.0,PJM,Gas,500.0,2,0.575,PA,0
2001.0,MISO,Other,1500.0,2,2.858,IL,0
2001.0,MISO,Nuclear,38.0,1,5.462,WI,0
2001.0,PJM,Gas,520.0,2,0.873,PA,0
2001.0,PJM,Gas,565.0,2,0.761,DE,0
2002.0,PJM,Nuclear,115.0,1,6.387,NJ,0
2002.0,PJM,Nuclear,43.0,1,5.886,NJ,0
2002.0,PJM,Nuclear,78.0,1,5.886,NJ,0
2002.0,MISO,Gas,700.0,2,1.673,MN,0
2002.0,MISO,Other,120.0,2,1.188,MN,0
2002.0,MISO,Other,20.0,1,4.956,MN,0
2002.0,PJM,Other,3.5,1,1.355,MD,0
2002.0,PJM,Wind,300.0,1,5.667,WV,0
2002.0,PJM,Wind,10.0,2,0.734,PA,0
2002.0,PJM,Gas,300.0,2,1.125,PA,0
2002.0,PJM,Wind,100.0,1,4.767,MD,0
2002.0,PJM,Other,1.0,1,0.832,NJ,0
2002.0,PJM,Gas,575.0,2,0.783,PA,0
2002.0,PJM,Gas,252.0,2,1.188,PA,0
2002.0,PJM,Gas,25.0,2,1.418,NJ,0
2002.0,NYISO,Gas,400.0,2,17.081,NY,0
2002.0,NYISO,Gas,290.0,2,6.426,NY,0
2002.0,PJM,Wind,7.5,1,3.877,NJ,0
2002.0,PJM,Gas,35.0,2,1.221,OH,0
2002.0,MISO,Gas,300.0,1,5.281,MN,0
2002.0,MISO,Gas,550.0,2,0.307,IA,0
2002.0,MISO,Gas,49.0,2,0.474,MN,0
2002.0,MISO,Wind,100.0,1,3.71,MN,0
2002.0,MISO,Other,5.0,0,23.828,MN,0
2002.0,PJM,Other,35.0,1,2.546,WV,0
2002.0,MISO,Other,600.0,2,0.211,IA,0
2002.0,MISO,Gas,600.0,2,0.211,IA,0
2002.0,MISO,Gas,600.0,2,0.211,IA,0
2002.0,MISO,Gas,600.0,2,1.013,IA,0
2002.0,MISO,Gas,600.0,2,0.211,IA,0
2002.0,MISO,Wind,200.0,2,0.649,MN,0
2002.0,MISO,Gas,600.0,1,5.544,IA,0
2002.0,PJM,Gas,70.0,2,1.106,PA,0
2002.0,MISO,Wind,4.0,1,2.031,MN,0
2002.0,PJM,Wind,40.0,2,7.647,PA,0
2002.0,PJM,Wind,45.0,2,3.044,PA,0
2002.0,PJM,Gas,6.0,2,1.133,MD,0
2002.0,PJM,Gas,1.7,1,1.062,NJ,0
2002.0,MISO,Other,750.0,1,4.222,KY,0
2002.0,MISO,Other,24.0,2,0.997,MI,0
2002.0,MISO,Other,60.0,2,0.997,MI,0
2002.0,PJM,Other,1860.0,2,0.665,OH,0
2002.0,SPP,Wind,153.0,1,3.677,KS,0
2002.0,MISO,Other,650.0,2,0.318,IA,0
2002.0,MISO,Gas,650.0,2,1.188,IA,0
2002.0,SPP,Gas,80.0,1,1.626,NE,0
2002.0,MISO,Wind,180.0,2,0.578,ND,0
2002.0,NYISO,Wind,55.5,2,7.94,NY,0
2002.0,MISO,Wind,30.0,2,0.197,MI,0
2002.0,MISO,Wind,30.0,2,0.556,MI,0
2002.0,MISO,Gas,100.0,2,0.285,WI,0
2002.0,SPP,Wind,123.0,1,6.678,OK,0
2002.0,MISO,Gas,750.0,2,0.498,MN,0
2002.0,SPP,Wind,150.0,2,2.305,OK,0
2002.0,MISO,Gas,60.0,2,0.857,WI,0
2002.0,MISO,Gas,60.0,1,2.073,WI,0
2002.0,PJM,Other,252.0,2,1.684,VA,0
2002.0,NYISO,Wind,50.0,2,4.868,NY,0
2002.0,MISO,Wind,10.0,1,3.302,MN,0
2002.0,MISO,Other,2.0,1,0.285,IA,1
2002.0,NYISO,Wind,78.2,2,11.45,NY,0
2002.0,MISO,Gas,60.0,2,0.118,WI,0
2002.0,MISO,Wind,44.0,1,4.594,IA,0
2002.0,MISO,Gas,22.0,1,2.91,MI,0
2002.0,MISO,Wind,10.0,2,1.092,MN,0
2002.0,PJM,Gas,2.0,1,2.308,MD,0
2002.0,MISO,Other,650.0,2,0.134,MN,0
2002.0,MISO,Gas,210.0,1,3.808,MN,0
2002.0,PJM,Gas,450.0,2,1.599,NJ,0
2002.0,SPP,Wind,67.2,1,4.2,TX,0
2002.0,SPP,Wind,240.0,1,6.45,TX,0
2002.0,MISO,Wind,6.0,1,0.851,MN,0
2002.0,CAISO,Gas,520.0,1,8.014,CA,0
2002.0,MISO,Gas,55.0,1,6.757,WI,0
2002.0,PJM,Other,23.3,1,1.426,PA,0
2002.0,PJM,Wind,29.4,1,5.602,PA,0
2002.0,MISO,Wind,2.0,1,0.09,MN,0
2002.0,PJM,Other,9.9,2,0.523,PA,0
2002.0,PJM,Other,4.1,1,1.837,PA,0
2002.0,PJM,Other,41.0,2,1.262,WV,0
2002.0,PJM,Other,9.9,2,0.523,PA,0
2002.0,PJM,Other,9.9,2,0.523,PA,0
2002.0,PJM,Other,9.9,2,0.523,PA,0
2002.0,PJM,Other,9.9,2,0.438,PA,0
2002.0,MISO,Other,100.0,2,0.936,MN,0
2002.0,MISO,Other,100.0,2,0.936,MN,0
2002.0,MISO,Wind,19.0,1,5.413,MN,0
2002.0,West,Wind,9.0,1,3.537,MT,0
2002.0,MISO,Other,100.0,2,0.047,MN,0
2002.0,MISO,Other,4.0,2,1.06,MI,0
2002.0,MISO,Gas,110.0,2,0.517,WI,0
2002.0,PJM,Wind,41.0,2,1.396,VA,0
2002.0,MISO,Wind,12.0,1,0.145,MN,0
2002.0,SPP,Wind,239.2,1,4.257,TX,0
2002.0,SPP,Wind,160.0,2,2.779,TX,0
2002.0,MISO,Wind,100.0,1,4.12,SD,0
2002.0,MISO,Gas,45.0,1,0.367,MT,0
2002.0,MISO,Other,83.0,2,0.197,IN,0
2002.0,PJM,Gas,565.0,2,1.38,DE,0
2002.0,MISO,Gas,50.0,1,0.572,IA,0
2002.0,MISO,Gas,667.0,1,1.057,MN,0
2002.0,MISO,Gas,1061.0,2,0.356,MN,0
2002.0,PJM,Wind,4.0,2,2.327,IL,0
2002.0,PJM,Other,7.0,2,1.796,NJ,0
2002.0,PJM,Wind,25.0,2,2.313,IL,0
2002.0,MISO,Wind,105.0,1,5.027,MN,0
2002.0,MISO,Wind,200.0,2,1.884,MN,0
2002.0,PJM,Wind,34.0,2,0.55,PA,0
2002.0,PJM,Gas,8.0,1,0.761,NJ,0
2002.0,SPP,Wind,100.5,1,3.584,KS,0
2002.0,PJM,Wind,155.0,2,7.655,WV,0
2002.0,MISO,Gas,905.0,2,0.616,MN,0
2002.0,SPP,Wind,121.0,2,1.845,KS,0
2002.0,MISO,Gas,1005.0,2,0.372,MN,0
2002.0,MISO,Gas,190.0,2,2.092,MN,0
2002.0,MISO,Gas,189.0,2,0.597,WI,0
2002.0,MISO,Wind,100.0,2,0.572,MN,0
2002.0,MISO,Gas,670.0,2,0.794,MN,0
2002.0,MISO,Wind,10.0,1,1.741,MN,0
2002.0,MISO,Other,2.0,1,2.226,MN,0
2002.0,PJM,Gas,8.0,1,1.676,MD,0
2002.0,MISO,Wind,19.0,2,0.345,SD,0
2002.0,MISO,Other,300.0,2,0.375,ND,0
2002.0,CAISO,Wind,150.0,1,3.285,CA,0
2002.0,MISO,Gas,590.0,2,0.537,WI,0
2002.0,MISO,Other,19.0,2,0.296,ND,0
2002.0,MISO,Other,400.0,2,2.029,WI,0
2002.0,MISO,Wind,8.0,1,4.364,MN,0
2002.0,MISO,Other,4.0,2,0.624,MN,0
2002.0,MISO,Other,4.0,2,0.624,MN,0
2003.0,CAISO,Other,40.0,1,9.645,CA,0
2003.0,MISO,Wind,100.0,2,0.487,WI,0
2003.0,MISO,Wind,100.0,2,0.487,WI,0
2003.0,CAISO,Gas,65.0,1,6.735,CA,0
2003.0,MISO,Wind,19.0,2,0.268,ND,0
2003.0,MISO,Wind,19.0,2,0.268,ND,0
2003.0,MISO,Other,4.0,1,0.871,IA,0
2003.0,MISO,Gas,510.0,1,0.898,MN,0
2003.0,MISO,Gas,575.0,1,1.276,MN,0
2003.0,MISO,Wind,200.0,1,1.44,MN,0
2003.0,MISO,Wind,100.0,1,5.67,IN,0
2003.0,PJM,Other,26.0,1,3.228,PA,0
2003.0,ISO-NE,Other,97.2,2,5.692,MA,0
2003.0,MISO,Wind,19.0,1,3.901,ND,0
2003.0,West,Wind,200.0,0,22.902,WA,1
2003.0,PJM,Other,8.0,1,1.388,NJ,0
2003.0,MISO,Wind,25.0,2,0.137,SD,0
2003.0,MISO,Wind,100.0,1,7.885,IA,0
2003.0,MISO,Wind,39.0,2,11.25,SD,0
2003.0,West,Wind,0.7,1,1.714,MT,0
2003.0,MISO,Wind,200.0,1,3.784,MN,0
2003.0,MISO,Gas,4.0,1,0.862,IN,0
2003.0,MISO,Other,6.0,1,4.271,IA,0
2003.0,MISO,Other,160.0,2,0.172,WI,0
2003.0,MISO,Other,100.0,2,0.172,WI,0
2003.0,MISO,Wind,4.0,1,0.517,IA,0
2003.0,West,Gas,53.0,1,3.239,MT,0
2003.0,PJM,Wind,70.0,1,9.582,PA,0
2003.0,PJM,Wind,80.0,2,10.497,IL,0
2003.0,MISO,Gas,250.0,2,0.359,IN,0
2003.0,PJM,Wind,39.6,2,0.257,PA,0
2003.0,MISO,Other,200.0,2,0.162,WI,0
2003.0,ISO-NE,Other,203.9,2,7.351,CT,0
2003.0,MISO,Wind,19.0,2,0.227,ND,0
2003.0,MISO,Wind,19.0,2,0.227,ND,0
2003.0,MISO,Gas,580.0,2,0.679,ON,0
2003.0,MISO,Wind,8.0,1,2.708,IA,0
2003.0,MISO,Wind,19.0,2,0.205,ND,0
2003.0,MISO,Wind,19.0,2,0.205,ND,0
2003.0,MISO,Wind,50.0,2,0.63,ND,0
2003.0,MISO,Other,80.0,2,0.016,IA,0
2003.0,MISO,Other,80.0,2,0.942,IA,0
2003.0,MISO,Other,125.0,2,0.016,IA,0
2003.0,MISO,Wind,80.0,2,0.016,IA,0
2003.0,MISO,Other,2.0,1,2.68,MN,0
2003.0,MISO,Other,16.0,1,0.17,WI,0
2003.0,MISO,Other,5.0,1,0.17,WI,0
2003.0,MISO,Other,8.0,2,0.085,WI,0
2003.0,MISO,Other,19.0,1,0.17,WI,0
2003.0,MISO,Other,10.0,1,7.168,WI,0
2003.0,MISO,Other,7.0,2,0.085,WI,0
2003.0,MISO,Other,19.0,1,0.17,WI,0
2003.0,MISO,Other,2.0,1,0.17,WI,0
2003.0,MISO,Wind,12.0,2,0.498,ND,0
2003.0,MISO,Wind,50.0,2,2.357,MN,0
2003.0,MISO,Wind,19.0,1,0.723,MN,0
2003.0,MISO,Wind,200.0,2,0.934,IA,0
2003.0,MISO,Wind,80.0,1,3.222,IA,0
2003.0,PJM,Other,5.1,1,2.209,NJ,0
2003.0,PJM,Wind,80.0,2,1.829,IL,0
2003.0,PJM,Wind,80.0,2,8.449,IL,0
2003.0,MISO,Gas,55.0,2,0.405,MN,0
2003.0,MISO,Wind,160.0,2,0.977,WI,0
2003.0,MISO,Wind,80.0,2,0.241,WI,0
2003.0,MISO,Wind,80.0,2,0.635,WI,0
2003.0,MISO,Wind,80.0,2,0.241,WI,0
2003.0,MISO,Gas,55.0,2,0.942,MN,0
2003.0,MISO,Wind,54.0,1,0.441,WI,0
2003.0,MISO,Wind,1.0,1,3.168,MN,0
2003.0,MISO,Wind,150.0,2,0.433,ND,0
2003.0,PJM,Gas,5.0,1,1.492,MD,0
2003.0,PJM,Gas,5.0,1,1.489,MD,0
2003.0,PJM,Wind,158.0,2,6.344,IL,0
2003.0,PJM,Gas,1800.0,2,0.23,MD,0
2003.0,NYISO,Wind,82.5,1,5.758,NY,0
2003.0,MISO,Gas,18.0,1,0.082,MI,0
2003.0,MISO,Wind,200.0,1,3.581,MN,0
2003.0,SPP,Wind,99.0,1,3.491,OK,0
2003.0,PJM,Wind,34.0,2,0.597,PA,0
2003.0,SPP,Wind,100.0,1,2.53,OK,0
2003.0,ISO-NE,Wind,12.0,2,5.555,MA,0
2003.0,CAISO,Wind,46.0,1,2.286,CA,0
2003.0,SPP,Other,700.0,1,5.796,NE,0
2003.0,PJM,Wind,6.0,2,1.747,PA,0
2003.0,NYISO,Nuclear,36.0,1,5.711,NY,0
2003.0,MISO,Wind,80.0,1,5.446,WI,0
2003.0,MISO,Wind,80.0,1,3.444,WI,0
2003.0,NYISO,Nuclear,38.0,1,5.711,NY,0
2003.0,PJM,Wind,60.0,1,4.183,WV,0
2003.0,PJM,Wind,13.6,2,1.714,PA,0
2003.0,PJM,Wind,7.0,2,0.482,VA,0
2003.0,PJM,Wind,6.8,2,0.452,PA,0
2003.0,PJM,Gas,9.9,2,0.564,PA,0
2003.0,PJM,Other,5.0,2,0.545,PA,0
2003.0,SPP,Wind,198.0,2,2.188,KS,0
2003.0,PJM,Wind,1.8,1,1.04,PA,0
2003.0,PJM,Wind,3.0,1,1.996,PA,0
2003.0,PJM,Wind,13.0,1,0.923,PA,0
2003.0,PJM,Wind,30.0,2,0.977,WV,0
2003.0,PJM,Wind,8.0,2,6.289,PA,0
2003.0,PJM,Wind,31.0,2,6.913,WV,0
2003.0,PJM,Nuclear,35.0,2,2.059,MD,0
2003.0,PJM,Wind,2.1,1,1.04,PA,0
2003.0,PJM,Wind,20.0,1,3.269,MD,0
2003.0,PJM,Wind,1.5,2,1.164,NJ,0
2003.0,PJM,Gas,1800.0,2,0.687,MD,0
2003.0,MISO,Wind,20.0,2,0.52,MN,0
2003.0,PJM,Wind,15.0,2,2.242,IL,0
2003.0,NYISO,Wind,321.0,1,4.501,NY,0
2003.0,PJM,Other,165.0,2,8.567,OH,0
2003.0,CAISO,Other,189.0,1,15.195,CA,0
2003.0,Southeast,Gas,1195.0,2,19.778,GA,0
2003.0,Southeast,Gas,630.0,2,19.778,GA,0
2003.0,Southeast,Gas,655.0,2,19.778,AL,0
2003.0,Southeast,Gas,655.0,2,0.805,MS,0
2003.0,Southeast,Gas,630.0,2,19.778,GA,0
2003.0,Southeast,Gas,655.0,2,0.805,MS,0
2003.0,Southeast,Gas,595.0,2,19.778,AL,0
2003.0,PJM,Other,0.8,2,4.731,PA,0
2003.0,PJM,Other,1.5,1,1.391,NJ,0
2003.0,Southeast,Gas,630.0,2,0.802,AL,0
2003.0,Southeast,Gas,630.0,2,19.775,AL,0
2003.0,Southeast,Gas,890.0,2,19.775,GA,0
2003.0,Southeast,Gas,655.0,2,19.775,AL,0
2003.0,Southeast,Gas,655.0,2,19.775,AL,0
2003.0,Southeast,Gas,85.0,2,0.241,AL,0
2003.0,MISO,Wind,200.0,1,10.921,MN,0
2003.0,PJM,Wind,60.0,2,0.747,PA,0
2003.0,PJM,Wind,25.0,2,0.556,PA,0
2003.0,MISO,Other,425.0,2,0.876,MI,0
2003.0,PJM,Wind,150.0,1,2.88,IL,0
2003.0,SPP,Nuclear,50.0,1,3.214,NE,0
2003.0,MISO,Wind,11.0,2,1.845,MN,0
2003.0,MISO,Wind,200.0,1,3.88,WI,0
2003.0,MISO,Other,800.0,2,1.44,IL,0
2003.0,MISO,Gas,385.0,1,2.623,MN,0
2003.0,MISO,Gas,205.0,1,4.123,SD,0
2003.0,PJM,Gas,550.0,2,0.674,PA,0
2003.0,West,Wind,300.0,2,4.925,CO,0
2003.0,CAISO,Wind,37.5,1,3.181,CA,0
2003.0,PJM,Wind,42.9,2,1.569,PA,0
2003.0,MISO,Other,9.9,2,0.482,MN,0
2003.0,ISO-NE,Other,23.8,2,5.18,CT,0
2003.0,MISO,Wind,100.0,2,0.925,WI,0
2003.0,NYISO,Wind,50.0,2,6.595,NY,0
2003.0,West,Other,500.0,2,5.396,CO,0
2003.0,MISO,Gas,100.0,2,11.652,MN,0
2003.0,MISO,Gas,200.0,1,0.745,MN,0
2003.0,PJM,Other,2.0,1,0.775,PA,0
2003.0,MISO,Wind,2.0,1,0.649,MN,0
2003.0,West,Other,750.0,0,22.149,CO,0
2003.0,PJM,Other,2.0,1,0.775,PA,0
2003.0,MISO,Wind,20.0,1,1.473,MN,0
2003.0,MISO,Wind,1.6,2,0.471,MN,0
2003.0,West,Wind,30.0,2,1.396,WY,0
2003.0,PJM,Other,520.0,2,0.665,PA,0
2003.0,MISO,Wind,6.0,1,1.465,MN,0
2003.0,CAISO,Hybrid,76.0,0,22.119,CA,0
2003.0,MISO,Wind,200.0,2,0.296,MN,0
2003.0,MISO,Wind,100.0,2,0.244,WI,0
2003.0,MISO,Wind,100.0,2,0.244,WI,0
2003.0,MISO,Wind,130.0,2,1.005,WI,0
2003.0,MISO,Wind,150.0,1,2.029,ND,0
2003.0,SPP,Wind,249.3,1,2.938,KS,0
2003.0,CAISO,Gas,72.0,1,1.854,CA,0
2003.0,MISO,Wind,8.0,1,4.011,MN,0
2003.0,PJM,Wind,9.9,2,1.369,PA,0
2003.0,PJM,Gas,6.2,2,0.742,NJ,0
2003.0,PJM,Wind,20.0,2,8.69,IL,0
2003.0,PJM,Wind,79.0,2,1.175,IL,0
2003.0,West,Wind,50.0,2,2.448,WA,0
2003.0,MISO,Wind,100.0,1,3.841,MN,0
2003.0,PJM,Wind,40.0,1,4.033,PA,0
2003.0,MISO,Wind,300.0,1,4.025,MN,0
2003.0,PJM,Gas,29.0,1,1.432,IL,1
2003.0,SPP,Wind,75.0,1,1.758,NE,0
2003.0,SPP,Wind,159.1,1,8.591,TX,0
2003.0,West,Other,750.0,2,0.145,CO,0
2003.0,MISO,Wind,19.8,2,0.561,MN,0
2003.0,SPP,Wind,120.0,1,2.004,OK,0
2004.0,MISO,Other,2.0,1,0.465,SD,0
2004.0,MISO,Nuclear,10.0,2,1.974,WI,0
2004.0,MISO,Wind,79.2,2,1.295,IL,0
2004.0,MISO,Wind,50.0,2,2.7,IL,0
2004.0,MISO,Wind,79.0,2,7.995,IL,0
2004.0,PJM,Wind,175.0,2,2.557,IL,0
2004.0,PJM,Wind,225.0,2,1.708,IL,0
2004.0,West,Wind,150.0,2,5.024,CO,0
2004.0,PJM,Other,5.0,2,0.58,MD,0
2004.0,SPP,Nuclear,48.0,1,2.946,NE,0
2004.0,MISO,Wind,4.9,2,0.589,MN,0
2004.0,MISO,Wind,6.6,2,0.589,MN,0
2004.0,PJM,Other,6.0,1,1.191,PA,0
2004.0,PJM,Wind,35.0,2,0.663,VA,0
2004.0,MISO,Wind,2.0,1,5.944,MN,0
2004.0,MISO,Wind,5.0,1,4.945,MN,0
2004.0,MISO,Other,5.0,2,0.35,MN,0
2004.0,PJM,Wind,26.0,1,2.081,PA,0
2004.0,PJM,Other,290.0,2,6.152,PA,0
2004.0,NYISO,Nuclear,95.0,1,4.074,NY,0
2004.0,CAISO,Wind,150.0,1,4.991,CA,0
2004.0,Southeast,Gas,920.0,2,19.389,AL,0
2004.0,Southeast,Gas,920.0,2,19.389,AL,0
2004.0,PJM,Other,9.9,2,0.512,PA,0
2004.0,PJM,Gas,1800.0,2,1.125,MD,0
2004.0,MISO,Other,600.0,2,5.747,SD,0
2004.0,SPP,Wind,240.0,2,1.99,TX,0
2004.0,West,Wind,238.0,0,21.892,CO,0
2004.0,MISO,Wind,3.3,2,0.422,MN,0
2004.0,MISO,Other,80.0,2,0.096,SD,0
2004.0,MISO,Gas,350.0,1,0.37,MN,0
2004.0,NYISO,Wind,112.5,1,5.347,NY,0
2004.0,MISO,Gas,667.0,2,1.952,MN,0
2004.0,PJM,Wind,8.1,2,1.232,PA,0
2004.0,PJM,Gas,300.0,2,1.114,NJ,0
2004.0,MISO,Wind,99.0,2,1.035,WI,0
2004.0,MISO,Other,2.0,1,3.77,MT,0
2004.0,MISO,Wind,19.8,2,0.405,MN,0
2004.0,PJM,Nuclear,63.0,1,1.344,MD,0
2004.0,MISO,Wind,12.0,1,1.667,ND,0
2004.0,NYISO,Gas,96.0,1,3.986,NY,0
2004.0,MISO,Wind,150.0,2,1.352,IL,0
2004.0,MISO,Wind,10.0,2,0.397,MN,0
2004.0,MISO,Other,25.0,2,0.129,WI,0
2004.0,PJM,Other,30.5,2,1.61,PA,0
2004.0,PJM,Gas,6.3,1,0.008,PA,0
2004.0,MISO,Gas,300.0,2,1.049,MN,0
2004.0,West,Wind,10.5,1,6.705,ID,0
2004.0,MISO,Wind,50.0,2,0.698,WI,0
2004.0,MISO,Wind,1.5,2,0.134,IA,0
2004.0,MISO,Wind,99.0,2,0.632,WI,0
2004.0,MISO,Other,15.0,1,2.193,MN,0
2004.0,MISO,Wind,140.0,2,6.71,MI,0
2004.0,SPP,Other,850.0,1,8.194,MO,0
2004.0,MISO,Wind,150.0,2,12.019,ND,0
2004.0,PJM,Wind,65.0,2,1.043,PA,0
2004.0,MISO,Wind,19.0,2,0.424,WI,0
2004.0,SPP,Wind,300.0,2,1.492,KS,0
2004.0,PJM,Wind,200.0,2,0.83,IL,0
2004.0,NYISO,Wind,31.5,2,8.375,NY,0
2004.0,MISO,Wind,100.0,1,1.7,MN,0
2004.0,MISO,Wind,150.0,1,0.611,IL,0
2004.0,SPP,Wind,152.0,1,8.693,KS,0
2004.0,MISO,Wind,200.0,2,0.036,MN,0
2004.0,MISO,Wind,101.0,1,3.409,MN,0
2004.0,MISO,Wind,8.2,2,1.281,MN,0
2004.0,PJM,Nuclear,111.0,1,6.179,PA,0
2004.0,PJM,Nuclear,107.0,1,7.247,PA,0
2004.0,MISO,Nuclear,10.0,1,1.273,MN,0
2004.0,CAISO,Hybrid,259.2,0,21.604,CA,0
2004.0,PJM,Wind,3.3,2,0.608,IL,0
2004.0,MISO,Wind,200.0,2,0.126,MN,0
2004.0,PJM,Gas,100.0,2,0.512,NJ,0
2004.0,PJM,Gas,302.0,2,1.355,PA,0
2004.0,MISO,Gas,420.0,1,3.463,IN,0
2004.0,PJM,Other,4.0,2,0.293,MD,0
2004.0,PJM,Wind,1.6,2,1.547,IL,0
2004.0,NYISO,Wind,70.0,2,5.785,NY,0
2004.0,MISO,Wind,65.0,2,7.414,IL,0
2004.0,PJM,Other,4.5,1,2.185,MD,0
2004.0,MISO,Nuclear,19.0,1,2.015,MN,0
2004.0,MISO,Nuclear,19.0,1,1.352,MN,0
2004.0,MISO,Gas,300.0,2,1.32,IN,0
2004.0,MISO,Gas,545.0,2,0.271,IL,0
2004.0,CAISO,Other,10.0,1,1.881,NV,0
2004.0,SPP,Gas,150.0,1,1.719,TX,0
2004.0,West,Wind,10.0,1,0.471,ID,0
2004.0,PJM,Other,5.0,2,1.982,PA,0
2004.0,SPP,Wind,150.0,2,1.5,KS,0
2004.0,West,Wind,275.0,2,0.873,CO,0
2004.0,MISO,Other,50.0,1,5.944,IL,0
2004.0,PJM,Other,20.0,1,1.303,IL,0
2004.0,NYISO,Wind,99.0,2,6.935,NY,0
2004.0,PJM,Other,125.0,2,2.251,PA,0
2004.0,PJM,Wind,150.0,2,11.526,WV,0
2004.0,MISO,Wind,20.0,2,4.947,SD,0
2004.0,PJM,Hybrid,186.0,1,3.264,WV,0
2004.0,MISO,Wind,100.0,1,1.342,IN,0
2004.0,PJM,Other,11.0,2,1.306,PA,0
2004.0,PJM,Gas,150.0,2,8.942,PA,0
2004.0,PJM,Other,7.0,1,2.338,PA,0
2004.0,PJM,Other,600.0,2,2.335,IL,0
2004.0,PJM,Gas,550.0,2,1.076,PA,0
2004.0,PJM,Gas,550.0,2,1.076,PA,0
2004.0,PJM,Wind,200.0,2,0.884,WV,0
2004.0,West,Wind,280.0,2,0.808,CO,0
2004.0,MISO,Gas,439.0,2,0.865,ON,0
2004.0,MISO,Wind,1.0,2,0.123,ND,0
2004.0,West,Wind,250.0,2,5.144,CO,0
2004.0,West,Wind,402.0,2,0.903,CO,0
2004.0,MISO,Wind,50.0,1,5.785,MN,0
2004.0,West,Wind,200.0,2,0.583,CO,0
2004.0,SPP,Gas,250.0,1,2.357,KS,0
2004.0,MISO,Wind,5.0,1,1.103,MN,0
2004.0,MISO,Wind,7.0,1,3.272,MN,0
2004.0,PJM,Gas,8.0,2,0.131,DE,0
2004.0,PJM,Gas,9.0,1,1.766,DE,0
2004.0,MISO,Wind,200.0,2,0.63,IA,0
2004.0,West,Other,40.0,0,21.35,SD,0
2004.0,PJM,Gas,7.0,1,1.766,DE,0
2004.0,MISO,Wind,19.5,2,0.86,ND,0
2004.0,MISO,Wind,150.0,2,0.988,IN,0
2004.0,MISO,Wind,100.0,2,0.986,MO,0
2004.0,MISO,Wind,100.0,2,0.071,MO,0
2004.0,West,Wind,80.0,2,0.501,CO,0
2004.0,SPP,Other,5.0,1,2.3,NE,0
2004.0,PJM,Other,0.0,1,0.454,PA,0
2004.0,NYISO,Wind,148.5,2,7.452,NY,0
2004.0,SPP,Nuclear,22.0,1,0.282,NE,0
2004.0,PJM,Wind,39.0,2,15.447,VA,0
2004.0,PJM,Wind,125.0,2,0.925,PA,0
2004.0,West,Wind,300.0,2,0.422,CO,0
2004.0,NYISO,Wind,74.0,1,6.418,NY,0
2004.0,MISO,Wind,20.0,1,0.747,MN,0
2004.0,West,Wind,19.5,2,7.896,ID,0
2004.0,PJM,Other,90.0,2,3.893,WV,0
2004.0,SPP,Gas,0.1,1,0.244,NE,0
2004.0,MISO,Nuclear,56.0,1,3.146,MO,0
2004.0,SPP,Wind,27.0,1,1.232,OK,0
2004.0,PJM,Gas,6.0,1,0.638,WV,0
2004.0,PJM,Gas,15.0,1,0.638,VA,0
2004.0,NYISO,Wind,100.0,2,7.384,NY,0
2004.0,NYISO,Wind,79.2,2,6.546,NY,0
2004.0,NYISO,Wind,100.0,2,14.234,NY,0
2004.0,MISO,Other,545.0,2,0.799,IL,0
2004.0,PJM,Other,75.0,1,4.632,OH,0
2004.0,MISO,Gas,134.0,1,1.046,IL,0
2004.0,SPP,Other,11.0,1,0.2,NE,0
2004.0,MISO,Other,29.0,1,3.765,MI,0
2004.0,SPP,Wind,20.6,1,1.136,OK,0
2004.0,PJM,Nuclear,1630.0,1,0.167,PA,0
2004.0,MISO,Wind,1.0,1,2.366,ND,0
2004.0,MISO,Wind,80.0,2,0.977,OH,0
2004.0,West,Wind,70.0,2,0.925,CO,0
2004.0,CAISO,Wind,200.0,1,8.063,CA,0
2004.0,CAISO,Gas,146.4,1,5.881,CA,0
2004.0,MISO,Other,1200.0,2,1.265,OH,0
2004.0,West,Wind,69.0,2,4.4,CO,0
2004.0,West,Wind,199.0,2,0.564,CO,0
2004.0,NYISO,Other,6.4,1,3.901,NY,0
2004.0,PJM,Wind,24.0,1,1.522,PA,0
2004.0,MISO,Other,1290.0,2,1.821,IN,0
2004.0,MISO,Wind,60.0,2,0.112,WI,0
2004.0,SPP,Other,75.0,1,4.09,NE,0
2004.0,CAISO,Gas,354.0,1,8.684,CA,1
2004.0,PJM,Wind,150.0,1,4.914,IL,0
2004.0,NYISO,Wind,83.0,1,8.312,NY,0
2004.0,PJM,Other,4.0,1,1.993,DE,0
2004.0,PJM,Other,3.0,1,1.873,DE,0
2004.0,NYISO,Wind,70.0,2,14.637,NY,0
2004.0,CAISO,Gas,810.0,1,5.459,CA,0
2004.0,CAISO,Gas,401.0,1,4.433,CA,0
2004.0,CAISO,Gas,0.6,1,1.437,CA,0
2004.0,PJM,Other,19.2,2,0.153,PA,0
2004.0,PJM,Wind,1.6,2,0.69,IL,0
2004.0,MISO,Wind,20.0,2,0.942,MN,0
2004.0,MISO,Wind,100.0,2,8.931,MN,0
2005.0,PJM,Wind,9.9,2,0.115,IL,0
2005.0,West,Other,300.0,0,20.98,SD,0
2005.0,CAISO,Hybrid,239.8,0,20.966,CA,0
2005.0,West,Wind,10.5,1,5.886,ID,0
2005.0,NYISO,Wind,100.0,2,3.598,NY,0
2005.0,West,Wind,101.5,1,5.963,ID,0
2005.0,West,Wind,40.0,1,1.374,WA,1
2005.0,PJM,Wind,53.0,2,7.576,IL,0
2005.0,SPP,Wind,80.0,2,1.435,TX,0
2005.0,PJM,Wind,30.0,2,7.576,IL,0
2005.0,PJM,Wind,30.0,2,7.576,IL,0
2005.0,PJM,Wind,11.0,2,7.576,IL,0
2005.0,PJM,Wind,53.0,2,7.576,IL,0
2005.0,MISO,Wind,20.0,2,4.539,MN,0
2005.0,PJM,Other,1.7,1,4.945,PA,0
2005.0,SPP,Wind,30.6,1,0.898,OK,0
2005.0,West,Wind,279.0,2,0.12,CO,0
2005.0,West,Wind,0.4,1,1.552,MT,0
2005.0,PJM,Other,3.6,1,2.341,NJ,0
2005.0,PJM,Other,40.0,2,0.405,PA,0
2005.0,PJM,Wind,50.0,2,0.758,PA,0
2005.0,PJM,Other,300.0,2,0.605,PA,0
2005.0,PJM,Wind,80.0,1,1.758,PA,0
2005.0,NYISO,Wind,140.0,2,3.077,NY,0
2005.0,PJM,Wind,120.0,2,0.509,OH,0
2005.0,PJM,Other,5.0,2,2.177,PA,0
2005.0,PJM,Other,5.0,1,3.255,PA,0
2005.0,PJM,Wind,50.4,1,6.902,PA,0
2005.0,PJM,Wind,50.0,2,8.964,PA,0
2005.0,PJM,Other,9.0,2,0.876,PA,0
2005.0,PJM,Wind,60.0,2,7.05,WV,0
2005.0,PJM,Other,250.0,1,0.923,DE,0
2005.0,PJM,Wind,40.0,2,2.601,MD,0
2005.0,PJM,Wind,84.0,2,0.107,IL,0
2005.0,PJM,Other,600.0,2,0.868,WV,0
2005.0,PJM,Wind,90.0,2,0.2,PA,0
2005.0,PJM,Other,1.0,2,0.693,DE,0
2005.0,PJM,Other,1200.0,2,1.153,KY,0
2005.0,PJM,Other,1200.0,2,6.831,OH,0
2005.0,PJM,Other,1200.0,2,3.721,WV,0
2005.0,PJM,Wind,85.0,1,6.79,WV,0
2005.0,PJM,Wind,100.5,2,1.095,PA,0
2005.0,NYISO,Wind,500.0,2,14.76,NY,0
2005.0,PJM,Wind,90.0,2,1.095,PA,0
2005.0,PJM,Gas,1120.0,2,0.712,MI,0
2005.0,West,Wind,2.0,1,1.607,MT,0
2005.0,MISO,Wind,5.0,1,0.821,MN,0
2005.0,MISO,Other,1221.0,2,0.542,MI,0
2005.0,PJM,Other,3.2,2,6.292,PA,0
2005.0,NYISO,Wind,79.8,2,7.31,NY,0
2005.0,NYISO,Wind,80.0,2,14.319,NY,0
2005.0,CAISO,Gas,715.0,1,5.867,CA,0
2005.0,NYISO,Wind,75.9,2,9.054,NY,0
2005.0,NYISO,Wind,132.2,1,8.14,NY,0
2005.0,NYISO,Wind,90.0,2,1.67,NY,0
2005.0,PJM,Other,3.2,2,1.517,PA,0
2005.0,NYISO,Wind,120.0,2,7.058,NY,0
2005.0,MISO,Wind,20.0,2,0.389,MN,0
2005.0,MISO,Other,150.0,1,1.637,IL,0
2005.0,PJM,Gas,640.0,2,0.972,NJ,0
2005.0,MISO,Wind,11.6,2,0.531,MN,0
2005.0,PJM,Wind,11.0,2,7.51,IL,0
2005.0,NYISO,Wind,79.5,1,3.663,NY,0
2005.0,NYISO,Wind,102.0,2,3.975,NY,0
2005.0,NYISO,Wind,100.5,2,5.366,NY,0
2005.0,NYISO,Wind,126.0,1,4.044,NY,0
2005.0,NYISO,Wind,129.0,2,1.421,NY,0
2005.0,MISO,Gas,1.1,2,1.424,OH,0
2005.0,NYISO,Wind,81.0,1,3.663,NY,0
2005.0,NYISO,Wind,99.0,1,4.044,NY,0
2005.0,NYISO,Wind,72.0,1,3.663,NY,0
2005.0,MISO,Gas,710.0,2,0.449,IL,0
2005.0,PJM,Other,22.0,1,0.35,IL,0
2005.0,CAISO,Other,62.0,2,8.632,NV,0
2005.0,MISO,Wind,109.5,2,0.326,IA,0
2005.0,NYISO,Wind,165.0,2,1.875,NY,0
2005.0,PJM,Other,4.0,1,1.265,VA,0
2005.0,PJM,Wind,25.0,2,2.056,IL,0
2005.0,PJM,Wind,212.0,1,13.651,IL,0
2005.0,Southeast,Other,1200.0,2,7.118,GA,0
2005.0,MISO,Wind,68.0,1,0.643,WI,0
2005.0,MISO,Wind,79.2,2,0.134,IL,0
2005.0,MISO,Wind,100.0,2,0.643,WI,0
2005.0,MISO,Wind,50.0,1,2.13,ND,0
2005.0,PJM,Gas,7.0,1,0.216,DE,0
2005.0,MISO,Wind,158.0,1,3.551,MI,0
2005.0,MISO,Wind,158.0,2,1.399,MI,0
2005.0,MISO,Other,150.0,2,0.378,IL,0
2005.0,MISO,Other,15.0,2,0.578,KY,0
2005.0,NYISO,Wind,10.0,2,11.953,NY,0
2005.0,MISO,Gas,90.0,1,0.789,WI,0
2005.0,MISO,Wind,75.0,2,1.262,MN,0
2005.0,PJM,Other,7.0,1,2.196,NJ,0
2005.0,NYISO,Wind,57.4,1,6.779,NY,0
2005.0,MISO,Wind,100.0,2,0.142,MI,0
2005.0,NYISO,Wind,69.3,2,14.459,NY,0
2005.0,SPP,Wind,150.0,2,0.999,OK,0
2005.0,NYISO,Wind,165.0,2,14.689,NY,0
2005.0,PJM,Other,20.0,1,0.679,IL,0
2005.0,NYISO,Wind,75.9,2,14.355,NY,0
2005.0,NYISO,Other,120.0,1,5.254,NY,0
2005.0,CAISO,Hybrid,91.8,0,20.756,CA,0
2005.0,SPP,Wind,120.0,1,2.245,OK,0
2005.0,NYISO,Wind,80.0,2,6.497,NY,0
2005.0,NYISO,Wind,109.5,2,3.838,NY,0
2005.0,NYISO,Wind,96.0,2,14.333,NY,0
2005.0,NYISO,Wind,126.0,2,9.06,NY,0
2005.0,NYISO,Wind,66.0,2,1.509,NY,0
2005.0,PJM,Wind,65.0,2,3.732,PA,0
2005.0,MISO,Gas,70.0,2,1.396,IL,0
2005.0,MISO,Wind,150.0,1,1.697,MN,0
2005.0,PJM,Wind,60.4,1,3.661,PA,0
2005.0,MISO,Wind,100.0,1,2.445,IL,0
2005.0,MISO,Wind,6.0,2,0.162,MN,0
2005.0,MISO,Wind,8.0,1,2.415,MN,0
2005.0,PJM,Other,9.4,1,2.075,NJ,0
2005.0,PJM,Wind,33.0,2,7.086,PA,0
2005.0,CAISO,Gas,500.5,1,7.874,CA,0
2005.0,PJM,Wind,48.0,2,4.419,OH,0
2005.0,CAISO,Gas,245.0,1,8.249,CA,1
2005.0,CAISO,Solar,850.0,2,8.068,CA,0
2005.0,PJM,Wind,300.0,2,8.186,IL,0
2005.0,PJM,Wind,300.0,2,8.186,IL,0
2005.0,PJM,Wind,300.0,1,5.457,IL,0
2005.0,PJM,Other,8.0,1,3.135,PA,0
2005.0,PJM,Other,6.0,1,2.053,MD,0
2005.0,PJM,Gas,300.0,2,7.006,IL,0
2005.0,PJM,Wind,51.0,2,4.923,PA,0
2005.0,PJM,Wind,225.0,1,14.527,IL,0
2005.0,PJM,Wind,9.0,2,0.192,IL,0
2005.0,NYISO,Wind,60.0,2,1.648,NY,0
2005.0,NYISO,Wind,75.0,2,13.64,NY,0
2005.0,PJM,Other,5.2,1,1.621,VA,0
2005.0,MISO,Other,600.0,2,7.967,MN,0
2005.0,MISO,Wind,150.0,2,10.051,MN,0
2005.0,West,Other,100.0,0,20.608,SD,0
2005.0,ISO-NE,Wind,53.0,2,1.331,VT,0
2005.0,West,Wind,10.5,1,3.729,ID,0
2005.0,NYISO,Gas,300.0,2,13.7,NY,0
2005.0,MISO,Nuclear,30.0,1,5.514,OH,0
2005.0,MISO,Other,550.0,2,0.849,WI,0
2005.0,MISO,Other,550.0,2,0.86,WI,0
2005.0,MISO,Gas,600.0,2,0.416,WI,0
2005.0,PJM,Wind,20.0,1,6.913,IL,0
2005.0,PJM,Gas,3.0,2,0.342,MD,0
2005.0,PJM,Wind,74.0,1,2.064,IL,0
2005.0,PJM,Other,1.6,1,5.985,PA,0
2005.0,MISO,Wind,52.0,1,4.901,MI,0
2005.0,Southeast,Gas,70.0,1,1.062,FL,0
2005.0,MISO,Other,550.0,2,0.942,WI,0
2005.0,Southeast,Gas,223.0,1,4.047,FL,0
2005.0,West,Other,1.7,1,1.049,ID,0
2005.0,CAISO,Gas,12.6,1,3.795,CA,0
2005.0,MISO,Wind,14.0,1,1.333,IA,0
2005.0,CAISO,Gas,591.0,2,0.575,NV,1
2005.0,West,Wind,18.9,1,3.671,ID,0
2005.0,MISO,Other,650.0,2,0.2,IL,0
2005.0,CAISO,Other,500.0,0,20.528,CA,0
2005.0,ISO-NE,Wind,90.0,2,3.264,ME,0
2005.0,PJM,Gas,14.0,2,0.802,WV,0
2005.0,West,Other,64.0,1,12.022,ID,0
2005.0,PJM,Wind,56.0,2,4.89,PA,0
2005.0,CAISO,Wind,141.3,1,7.064,CA,0
2005.0,PJM,Wind,50.0,1,2.467,PA,0
2005.0,PJM,Wind,28.0,2,5.76,PA,0
2005.0,MISO,Other,68.0,2,9.993,ND,0
2005.0,NYISO,Wind,79.9,2,1.024,NY,0
2005.0,NYISO,Wind,78.0,2,10.831,NY,0
2005.0,PJM,Nuclear,84.0,1,1.487,MI,0
2005.0,MISO,Wind,20.0,1,1.155,MN,0
2005.0,PJM,Gas,54.0,1,6.45,IL,0
2005.0,MISO,Wind,4.9,2,0.145,IA,0
2005.0,CAISO,Wind,102.0,1,5.352,CA,0
2005.0,Southeast,Other,1200.0,2,0.827,GA,0
2005.0,CAISO,Other,10.5,1,3.844,CA,0
2005.0,CAISO,Other,10.5,1,3.841,CA,0
2005.0,MISO,Other,16.0,1,3.047,IL,0
2005.0,PJM,Other,540.0,2,0.515,OH,0
2005.0,MISO,Wind,20.0,1,3.699,MN,0
2005.0,NYISO,Wind,79.8,2,8.194,NY,0
2005.0,ISO-NE,Wind,9.0,2,2.943,VT,0
2005.0,PJM,Wind,2.0,1,2.36,PA,0
2005.0,MISO,Wind,100.0,2,1.185,IL,0
2005.0,PJM,Wind,10.0,2,8.865,IL,0
2005.0,PJM,Wind,200.0,1,7.266,IL,0
2005.0,PJM,Wind,200.0,2,7.02,IL,0
2005.0,NYISO,Wind,42.5,1,3.702,NY,0
2005.0,PJM,Wind,36.0,1,2.85,PA,0
2005.0,PJM,Nuclear,81.0,1,1.136,PA,0
2005.0,PJM,Wind,50.0,2,7.781,PA,0
2005.0,PJM,Wind,300.0,1,2.428,IL,0
2005.0,PJM,Nuclear,77.0,1,1.24,PA,0
2005.0,PJM,Other,9.0,2,0.972,PA,0
2005.0,PJM,Other,142.0,2,0.723,WV,0
2005.0,PJM,Wind,76.0,2,6.853,PA,0
2005.0,PJM,Other,75.0,2,3.047,TN,0
2005.0,PJM,Other,8.0,2,1.61,VA,0
2005.0,PJM,Wind,5.4,2,8.695,PA,0
2005.0,PJM,Gas,525.0,2,0.605,NJ,0
2005.0,PJM,Gas,201.0,2,0.539,PA,0
2005.0,PJM,Wind,99.0,2,4.397,PA,0
2005.0,PJM,Other,650.0,2,0.219,IN,0
2005.0,PJM,Other,8.0,2,0.745,VA,0
2005.0,PJM,Wind,60.0,2,6.867,PA,0
2005.0,PJM,Wind,124.0,2,5.771,PA,0
2005.0,PJM,Wind,100.0,2,6.292,IL,0
2005.0,PJM,Other,535.0,2,0.914,KY,0
2005.0,PJM,Wind,60.0,2,0.698,PA,0
2005.0,PJM,Wind,100.0,2,6.292,IL,0
2005.0,ISO-NE,Wind,45.0,2,3.044,VT,0
2005.0,MISO,Wind,50.0,1,1.711,IA,0
2005.0,SPP,Wind,248.4,1,7.066,KS,0
2005.0,MISO,Other,80.0,2,0.162,KY,0
2005.0,NYISO,Gas,915.0,2,13.476,NY,0
2005.0,NYISO,Gas,200.0,2,9.952,NY,0
2005.0,ISO-NE,Other,55.0,2,6.571,MA,0
2005.0,ISO-NE,Other,40.0,2,1.621,ME,0
2005.0,SPP,Wind,199.8,1,5.867,KS,0
2005.0,CAISO,Wind,300.0,2,5.465,CA,0
2005.0,PJM,Wind,65.0,2,7.368,PA,0
2005.0,NYISO,Gas,130.0,2,13.528,NY,0
2005.0,PJM,Gas,550.0,2,0.969,OH,0
2005.0,PJM,Wind,1.3,1,2.338,PA,0
2005.0,CAISO,Solar,300.0,2,6.505,CA,0
2005.0,MISO,Wind,80.0,1,2.166,IA,0
2005.0,MISO,Other,50.0,1,0.246,PA,0
2005.0,NYISO,Other,17.6,1,2.637,NY,0
2005.0,MISO,Other,50.0,1,1.079,PA,0
2005.0,MISO,Wind,200.0,2,3.658,IL,0
2005.0,MISO,Wind,200.0,1,2.313,IL,0
2005.0,PJM,Gas,550.0,2,0.758,PA,0
2005.0,PJM,Gas,550.0,1,5.476,PA,0
2005.0,PJM,Gas,225.0,1,3.31,NJ,0
2005.0,PJM,Gas,122.0,2,0.767,NJ,0
2005.0,CAISO,Gas,610.0,2,4.044,CA,0
2005.0,Southeast,Gas,223.0,1,3.795,FL,0
2005.0,Southeast,Gas,223.0,1,3.795,FL,0
2005.0,CAISO,Other,56.9,0,20.298,CA,0
2005.0,Southeast,Gas,223.0,1,3.795,FL,0
2005.0,PJM,Other,27.0,1,5.347,VA,0
2005.0,PJM,Gas,600.0,2,3.608,VA,1
2005.0,CAISO,Other,6.8,2,5.889,CA,0
2005.0,NYISO,Other,4.0,1,3.08,NY,0
2005.0,CAISO,Wind,60.0,2,3.061,CA,0
2005.0,MISO,Wind,80.0,1,2.204,IA,0
2005.0,MISO,Other,15.0,1,0.205,MO,0
2005.0,MISO,Wind,20.0,2,12.761,MN,0
2005.0,MISO,Gas,24.0,1,1.268,WI,0
2005.0,PJM,Wind,190.5,1,4.679,IL,0
2005.0,PJM,Wind,200.0,1,6.412,IL,0
2005.0,MISO,Wind,99.0,1,1.216,IA,0
2005.0,MISO,Wind,50.0,2,4.52,IA,0
2005.0,West,Wind,200.0,2,7.42,UT,0
2005.0,West,Wind,200.0,2,7.42,UT,0
2005.0,PJM,Gas,600.0,2,0.726,NJ,0
2005.0,PJM,Wind,20.0,2,0.309,IL,0
2005.0,PJM,Wind,80.0,1,6.552,IL,0
2005.0,ISO-NE,Gas,99.0,2,3.54,MA,0
2005.0,West,Wind,65.0,1,4.041,WA,1
2005.0,PJM,Other,340.0,1,4.118,VA,0
2005.0,PJM,Wind,20.0,2,0.287,IL,0
2005.0,PJM,Wind,20.0,2,0.287,IL,0
2005.0,PJM,Wind,2.5,2,8.627,IL,0
2005.0,NYISO,Wind,478.5,2,4.441,NY,0
2005.0,MISO,Wind,100.0,2,0.211,IA,0
2005.0,MISO,Wind,100.0,2,6.371,MN,0
2005.0,PJM,Wind,210.0,2,11.135,IL,0
2005.0,PJM,Wind,150.0,2,0.994,IL,0
2005.0,NYISO,Wind,150.0,2,2.812,NY,0
2005.0,PJM,Gas,46.0,2,3.31,NJ,0
2005.0,PJM,Wind,20.0,1,3.844,PA,0
2005.0,NYISO,Wind,19.5,2,7.414,NY,0
2005.0,MISO,Wind,210.0,2,0.389,IL,0
2005.0,MISO,Other,1.0,1,1.914,WI,0
2005.0,MISO,Other,3.0,1,2.163,WI,0
2005.0,MISO,Other,3.0,1,1.58,WI,0
2005.0,MISO,Wind,60.0,2,0.895,MI,0
2005.0,PJM,Wind,20.0,2,8.578,IL,0
2005.0,PJM,Wind,20.0,2,8.578,IL,0
2005.0,MISO,Wind,3.0,1,5.563,MI,0
2005.0,PJM,Wind,9.5,1,6.48,IL,0
2005.0,MISO,Other,135.0,2,1.303,MI,0
2005.0,MISO,Other,165.0,2,1.303,MI,0
2005.0,MISO,Wind,125.0,2,0.246,WI,0
2005.0,PJM,Other,13.0,1,2.185,VA,0
2005.0,PJM,Wind,150.0,1,7.132,PA,0
2005.0,MISO,Wind,100.0,2,1.511,IN,0
2005.0,PJM,Other,20.0,2,6.305,OH,0
2005.0,CAISO,Solar,100.0,1,13.938,CA,0
2005.0,PJM,Gas,19.5,1,2.064,MD,0
2005.0,PJM,Other,1.0,1,0.876,DE,0
2005.0,MISO,Wind,80.0,1,1.892,IA,0
2005.0,MISO,Wind,40.0,1,0.81,IA,0
2005.0,MISO,Wind,40.0,2,4.353,MN,0
2005.0,SPP,Gas,181.0,1,1.27,OK,1
2005.0,SPP,Gas,177.0,1,2.037,OK,0
2005.0,ISO-NE,Other,200.0,2,1.15,MA,0
2005.0,West,Other,50.0,2,5.949,UT,0
2005.0,MISO,Other,50.0,1,1.78,IA,0
2005.0,West,Wind,21.0,1,5.04,ID,0
2005.0,West,Wind,19.9,1,4.983,ID,0
2005.0,West,Wind,11.6,1,4.928,ID,0
2005.0,PJM,Gas,2.0,1,0.611,NJ,0
2005.0,MISO,Wind,300.0,2,2.779,MO,0
2005.0,PJM,Other,6.4,1,1.029,PA,0
2005.0,ISO-NE,Wind,48.0,2,0.309,VT,0
2005.0,PJM,Wind,140.0,2,7.567,IL,0
2005.0,PJM,Gas,675.0,1,5.268,VA,0
2005.0,PJM,Wind,240.0,1,4.69,IL,0
2005.0,MISO,Other,50.0,1,0.772,OH,0
2005.0,MISO,Other,50.0,1,0.769,OH,0
2005.0,MISO,Other,600.0,2,2.511,ND,0
2005.0,CAISO,Wind,120.0,2,2.242,CA,0
2005.0,PJM,Wind,60.0,2,5.175,IL,0
2005.0,PJM,Wind,20.0,2,7.151,IL,0
2005.0,MISO,Wind,3.0,2,2.62,MN,0
2005.0,MISO,Other,16.0,2,1.342,MI,0
2005.0,MISO,Other,0.5,2,0.036,WI,0
2005.0,MISO,Wind,30.0,1,1.67,MN,0
2005.0,MISO,Wind,8.0,2,0.23,MN,0
2005.0,MISO,Wind,20.0,2,9.925,MN,0
2006.0,PJM,Other,9.0,2,0.482,PA,0
2006.0,MISO,Gas,59.7,1,0.986,WI,0
2006.0,SPP,Wind,100.8,1,4.966,OK,0
2006.0,West,Gas,483.0,0,19.973,CO,0
2006.0,West,Gas,115.0,0,19.973,CO,1
2006.0,West,Wind,75.0,0,19.973,CO,0
2006.0,West,Wind,300.0,0,19.973,CO,0
2006.0,West,Gas,269.0,0,19.973,CO,0
2006.0,West,Wind,400.0,0,19.973,CO,0
2006.0,NYISO,Wind,209.3,2,8.129,NY,0
2006.0,MISO,Other,750.0,2,2.982,IA,0
2006.0,PJM,Other,50.0,1,0.988,TN,0
2006.0,PJM,Other,62.5,1,3.967,NC,0
2006.0,PJM,Other,7.5,1,0.956,OH,1
2006.0,ISO-NE,Other,25.0,2,0.271,RI,0
2006.0,PJM,Wind,120.0,2,3.622,PA,0
2006.0,NYISO,Gas,36.0,2,0.687,NY,0
2006.0,CAISO,Wind,33.1,2,6.875,CA,0
2006.0,CAISO,Wind,34.0,2,6.875,CA,0
2006.0,PJM,Wind,100.0,1,1.687,IL,0
2006.0,PJM,Wind,100.0,1,3.89,PA,0
2006.0,MISO,Gas,700.0,2,2.223,MN,0
2006.0,PJM,Other,7.0,1,0.342,OH,0
2006.0,PJM,Gas,14.0,1,0.342,OH,0
2006.0,PJM,Gas,9.0,1,0.342,OH,0
2006.0,PJM,Wind,80.0,2,1.043,PA,0
2006.0,PJM,Wind,81.0,2,0.556,VA,0
2006.0,PJM,Wind,80.0,2,4.914,WV,0
2006.0,PJM,Other,1035.0,2,3.989,OH,0
2006.0,PJM,Wind,80.0,2,4.047,WV,0
2006.0,PJM,Wind,97.6,1,2.916,WV,0
2006.0,PJM,Other,600.0,2,3.132,OH,0
2006.0,PJM,Other,20.0,1,1.246,OH,0
2006.0,PJM,Other,20.0,1,3.247,OH,0
2006.0,PJM,Wind,52.5,1,4.079,PA,0
2006.0,CAISO,Nuclear,28.0,2,4.86,CA,0
2006.0,PJM,Wind,500.0,1,2.815,IN,0
2006.0,MISO,Wind,50.0,2,6.806,MN,0
2006.0,MISO,Wind,100.0,2,6.634,MN,0
2006.0,CAISO,Gas,613.5,2,2.01,CA,0
2006.0,NYISO,Gas,100.0,2,1.41,NY,0
2006.0,PJM,Wind,80.0,2,0.43,PA,0
2006.0,CAISO,Gas,570.0,2,4.646,CA,0
2006.0,ISO-NE,Wind,51.0,2,2.349,CT,0
2006.0,PJM,Wind,250.0,1,9.802,IN,0
2006.0,MISO,Wind,150.0,1,1.629,IA,0
2006.0,MISO,Other,606.0,2,3.932,MN,0
2006.0,MISO,Wind,1.0,2,0.137,MN,0
2006.0,MISO,Wind,144.0,2,7.129,IL,0
2006.0,MISO,Wind,144.0,2,5.884,IL,0
2006.0,PJM,Wind,18.0,2,0.326,PA,0
2006.0,PJM,Wind,18.0,2,0.695,PA,0
2006.0,PJM,Wind,18.0,2,0.695,PA,0
2006.0,PJM,Wind,140.0,2,0.695,PA,0
2006.0,MISO,Wind,110.0,2,0.194,MN,0
2006.0,CAISO,Gas,93.0,2,3.691,CA,0
2006.0,MISO,Wind,6.3,2,0.698,MN,0
2006.0,PJM,Other,2.5,1,1.106,VA,0
2006.0,PJM,Gas,50.0,2,3.488,NJ,0
2006.0,PJM,Gas,300.0,2,4.099,NJ,0
2006.0,CAISO,Gas,570.0,2,13.407,CA,0
2006.0,MISO,Wind,32.0,1,1.602,MN,0
2006.0,PJM,Gas,27.0,1,2.853,IN,0
2006.0,SPP,Other,620.0,1,6.812,AR,0
2006.0,SPP,Gas,550.0,1,4.326,LA,1
2006.0,MISO,Wind,44.0,1,1.418,MN,0
2006.0,NYISO,Other,6.4,1,2.626,NY,0
2006.0,MISO,Wind,200.0,2,0.583,IN,0
2006.0,MISO,Wind,30.0,1,2.256,IN,0
2006.0,ISO-NE,Other,168.2,2,1.676,MA,0
2006.0,CAISO,Wind,160.0,2,8.58,CA,0
2006.0,CAISO,Hybrid,750.0,0,19.836,CA,0
2006.0,MISO,Other,25.0,2,3.877,ND,0
2006.0,CAISO,Wind,550.0,1,5.958,CA,0
2006.0,CAISO,Wind,180.0,2,7.932,CA,0
2006.0,CAISO,Wind,220.0,1,15.154,CA,0
2006.0,MISO,Wind,6.0,2,5.462,MN,0
2006.0,MISO,Other,6.0,1,2.648,WI,0
2006.0,Southeast,Gas,418.0,1,3.318,FL,0
2006.0,PJM,Other,6.6,2,4.424,IL,1
2006.0,PJM,Other,6.6,2,4.46,IL,1
2006.0,PJM,Other,6.6,2,4.424,IL,1
2006.0,PJM,Other,6.6,2,4.46,IL,1
2006.0,PJM,Other,5.0,1,1.665,PA,0
2006.0,PJM,Other,1.6,2,4.424,IL,1
2006.0,PJM,Other,1.6,2,4.424,IL,0
2006.0,PJM,Other,1.0,2,0.734,NJ,0
2006.0,MISO,Wind,98.0,1,2.379,WI,0
2006.0,PJM,Other,140.0,1,4.621,PA,0
2006.0,PJM,Other,0.5,1,0.769,NJ,0
2006.0,MISO,Wind,150.0,1,1.153,IA,0
2006.0,PJM,Wind,19.0,2,0.69,WV,0
2006.0,PJM,Wind,101.0,2,2.867,PA,0
2006.0,PJM,Wind,80.0,2,6.198,PA,0
2006.0,MISO,Wind,17.0,2,2.001,MN,0
2006.0,MISO,Wind,200.0,2,6.99,IA,0
2006.0,CAISO,Gas,45.0,1,0.192,CA,0
2006.0,PJM,Gas,550.0,2,0.539,NJ,0
2006.0,NYISO,Wind,21.0,1,2.533,NY,0
2006.0,NYISO,Wind,21.0,2,7.075,NY,0
2006.0,NYISO,Wind,120.0,2,2.845,NY,0
2006.0,NYISO,Wind,28.5,1,2.533,NY,0
2006.0,NYISO,Wind,106.5,1,2.913,NY,0
2006.0,MISO,Wind,120.0,2,1.254,IN,0
2006.0,CAISO,Hybrid,240.0,0,19.74,CA,0
2006.0,PJM,Wind,170.0,2,7.321,PA,0
2006.0,PJM,Wind,100.0,1,3.061,PA,0
2006.0,MISO,Wind,50.0,2,6.292,MN,0
2006.0,PJM,Other,5.4,2,7.551,IL,0
2006.0,MISO,Wind,138.0,2,5.536,MN,0
2006.0,PJM,Gas,10.0,1,0.14,MD,0
2006.0,PJM,Other,3.0,2,0.444,OH,1
2006.0,MISO,Wind,50.0,1,2.634,MN,0
2006.0,MISO,Wind,19.0,2,12.008,MN,0
2006.0,MISO,Wind,20.0,0,19.704,MN,0
2006.0,CAISO,Wind,210.0,2,1.747,CA,0
2006.0,MISO,Wind,60.0,2,0.824,IL,0
2006.0,MISO,Wind,148.8,2,5.769,ND,0
2006.0,CAISO,Wind,100.0,2,5.213,CA,0
2006.0,PJM,Other,30.0,2,1.336,VA,0
2006.0,SPP,Gas,150.0,1,1.103,TX,0
2006.0,PJM,Wind,100.0,2,7.25,PA,0
2006.0,PJM,Wind,150.0,2,0.118,PA,0
2006.0,MISO,Wind,150.0,2,5.574,ND,0
2006.0,MISO,Wind,32.0,2,6.459,MN,0
2006.0,PJM,Gas,15.0,2,0.591,OH,0
2006.0,MISO,Wind,101.0,2,6.669,SD,0
2006.0,MISO,Wind,96.0,2,6.669,SD,0
2006.0,PJM,Wind,50.0,1,5.971,PA,0
2006.0,West,Wind,200.0,2,2.606,WA,0
2006.0,CAISO,Other,27.0,2,10.642,CA,0
2006.0,PJM,Other,0.0,2,0.698,PA,0
2006.0,MISO,Wind,32.0,2,10.231,MN,0
2006.0,CAISO,Gas,304.0,2,3.406,CA,0
2006.0,CAISO,Wind,100.0,2,5.257,CA,0
2006.0,MISO,Wind,201.0,2,0.953,IL,0
2006.0,MISO,Wind,21.0,2,2.598,MN,0
2006.0,NYISO,Nuclear,168.0,1,6.905,NY,0
2006.0,PJM,Wind,105.0,2,9.457,IL,0
2006.0,MISO,Wind,19.0,2,6.976,MN,0
2006.0,MISO,Wind,19.0,2,6.976,MN,0
2006.0,MISO,Wind,19.0,2,6.976,MN,0
2006.0,PJM,Wind,40.0,2,2.292,PA,0
2006.0,MISO,Wind,18.9,2,8.438,MN,0
2006.0,MISO,Wind,20.0,2,10.579,MN,0
2006.0,MISO,Wind,20.0,2,7.477,MN,0
2006.0,MISO,Wind,19.5,2,0.233,MN,0
2006.0,MISO,Wind,30.0,2,6.867,MN,0
2006.0,MISO,Nuclear,14.0,2,0.827,OH,0
2006.0,MISO,Other,18.0,1,2.357,MN,0
2006.0,MISO,Wind,20.0,2,4.517,IA,0
2006.0,MISO,Wind,20.0,2,8.2,MN,0
2006.0,CAISO,Solar,635.0,2,2.385,CA,0
2006.0,MISO,Other,50.0,1,2.352,ND,0
2006.0,MISO,Other,30.0,1,1.752,IN,0
2006.0,West,Wind,10.0,1,1.24,MT,0
2006.0,PJM,Other,630.0,2,2.152,DE,0
2006.0,PJM,Other,30.0,2,7.436,NJ,0
2006.0,CAISO,Hybrid,100.0,2,13.495,CA,0
2006.0,NYISO,Wind,90.0,2,2.546,PA,0
2006.0,PJM,Other,534.0,1,5.791,VA,0
2006.0,PJM,Gas,0.3,1,0.06,PA,0
2006.0,CAISO,Wind,128.0,1,5.736,CA,0
2006.0,CAISO,Wind,128.0,2,5.158,CA,0
2006.0,West,Wind,200.0,0,19.562,CO,0
2006.0,MISO,Wind,101.0,2,2.982,IL,0
2006.0,MISO,Wind,300.0,2,2.982,IL,0
2006.0,PJM,Other,3.2,1,1.281,PA,0
2006.0,CAISO,Solar,300.0,2,0.424,CA,0
2006.0,CAISO,Solar,550.0,2,4.789,CA,0
2006.0,CAISO,Solar,1400.0,2,4.789,CA,0
2006.0,PJM,Other,10.0,2,6.743,PA,0
2006.0,West,Wind,201.0,2,5.673,WY,0
2006.0,West,Other,23.0,1,5.541,MT,0
2006.0,SPP,Other,275.0,1,4.537,MO,0
2006.0,SPP,Wind,42.0,1,2.535,NE,0
2006.0,PJM,Nuclear,140.0,1,6.398,PA,0
2006.0,MISO,Wind,102.0,2,0.162,MI,0
2006.0,PJM,Nuclear,1640.0,2,3.409,MD,0
2006.0,PJM,Nuclear,70.0,1,5.402,IL,0
2006.0,PJM,Nuclear,140.0,1,5.265,IL,0
2006.0,PJM,Nuclear,70.0,1,6.48,IL,0
2006.0,ISO-NE,Other,311.0,2,3.524,MA,0
2006.0,SPP,Wind,94.0,1,2.448,KS,0
2006.0,PJM,Other,300.0,2,1.473,PA,0
2006.0,MISO,Wind,99.0,2,4.865,ND,0
2006.0,PJM,Wind,38.0,1,4.906,PA,0
2006.0,MISO,Wind,115.0,2,1.744,ND,0
2006.0,PJM,Wind,62.5,2,6.092,WV,0
2006.0,PJM,Wind,100.0,2,0.331,IN,0
2006.0,CAISO,Wind,300.0,2,2.842,CA,0
2006.0,ISO-NE,Gas,30.0,2,0.32,CT,0
2006.0,ISO-NE,Other,82.2,2,2.409,CT,0
2006.0,CAISO,Wind,30.0,2,8.32,CA,0
2006.0,MISO,Other,23.2,2,0.736,IA,0
2006.0,NYISO,Wind,150.0,2,0.066,NY,0
2006.0,PJM,Wind,180.0,2,0.37,PA,0
2006.0,ISO-NE,Gas,223.0,2,2.757,CT,0
2006.0,MISO,Wind,250.0,2,3.847,IL,0
2006.0,PJM,Wind,100.0,2,2.119,PA,0
2006.0,PJM,Wind,240.0,1,8.359,IL,0
2006.0,PJM,Wind,201.0,2,5.747,IL,0
2006.0,SPP,Wind,18.9,1,2.486,OK,0
2006.0,PJM,Other,6.4,1,1.897,PA,0
2006.0,MISO,Wind,500.0,2,2.877,IN,0
2006.0,PJM,Other,10.0,2,2.13,WV,0
2006.0,PJM,Wind,100.0,2,2.71,PA,0
2006.0,PJM,Other,16.0,1,4.085,PA,0
2006.0,CAISO,Wind,150.0,2,2.376,CA,0
2006.0,CAISO,Wind,150.0,2,2.376,CA,0
2006.0,CAISO,Wind,50.0,2,2.376,CA,0
2006.0,NYISO,Gas,752.0,2,2.448,NY,0
2006.0,PJM,Other,20.0,2,0.884,VA,0
2006.0,MISO,Wind,20.0,2,7.272,MN,0
2006.0,PJM,Nuclear,1594.0,2,9.791,VA,0
2006.0,PJM,Other,2.1,2,7.242,IL,0
2006.0,PJM,Other,3.5,2,7.242,IL,1
2006.0,PJM,Other,3.5,2,7.242,IL,1
2006.0,MISO,Wind,20.0,2,7.277,MN,0
2006.0,MISO,Wind,50.0,2,0.851,ND,0
2006.0,MISO,Wind,50.0,2,2.568,MN,0
2006.0,NYISO,Wind,75.0,2,2.721,PA,0
2006.0,NYISO,Wind,175.0,2,2.086,PA,0
2006.0,ERCOT,Wind,249.0,0,19.45,TX,0
2006.0,CAISO,Wind,70.0,2,5.043,CA,0
2006.0,NYISO,Wind,90.0,2,7.362,NY,0
2006.0,PJM,Other,726.0,2,5.875,IL,0
2006.0,NYISO,Wind,99.0,2,0.641,NY,0
2006.0,MISO,Other,726.0,2,3.901,IL,0
2006.0,ISO-NE,Other,18.0,2,2.973,MA,0
2006.0,PJM,Other,10.0,1,1.539,VA,0
2006.0,PJM,Other,11.0,1,1.27,VA,0
2006.0,SPP,Gas,604.0,1,1.851,NM,0
2006.0,MISO,Wind,100.0,2,4.027,SD,0
2006.0,PJM,Other,2.0,1,1.851,VA,0
2006.0,PJM,Wind,60.0,2,3.409,PA,0
2006.0,PJM,Other,30.0,1,3.693,PA,0
2006.0,PJM,Other,5.0,2,0.485,WV,0
2006.0,PJM,Wind,20.0,2,2.376,IL,0
2006.0,PJM,Other,600.0,2,2.229,NJ,0
2006.0,PJM,Other,2.0,1,2.387,NJ,0
2006.0,PJM,Nuclear,1640.0,2,0.638,MD,0
2006.0,PJM,Other,100.0,1,4.088,WV,0
2006.0,PJM,Gas,100.0,2,2.839,WV,0
2006.0,PJM,Other,20.0,2,0.233,WV,0
2006.0,PJM,Gas,455.1,2,2.672,NJ,0
2006.0,PJM,Other,750.0,2,0.663,PA,0
2006.0,PJM,Gas,650.0,1,8.03,NJ,0
2006.0,ISO-NE,Gas,320.0,2,3.37,RI,0
2006.0,ISO-NE,Gas,563.0,2,2.686,NH,0
2006.0,CAISO,Gas,550.0,2,1.317,AZ,0
2006.0,MISO,Wind,20.0,2,7.173,MN,0
2006.0,CAISO,Wind,500.0,1,14.716,CA,0
2006.0,CAISO,Solar,1200.0,2,2.3,CA,0
2006.0,MISO,Wind,250.0,2,2.795,IN,0
2006.0,MISO,Wind,13.0,1,1.227,MN,0
2006.0,MISO,Wind,100.0,2,5.958,MN,0
2006.0,MISO,Wind,200.0,2,0.06,MN,0
2006.0,MISO,Wind,200.0,2,0.624,MN,0
2006.0,SPP,Gas,380.0,1,1.807,KS,0
2006.0,ISO-NE,Wind,250.0,2,3.099,,0
2006.0,SPP,Gas,360.0,1,2.806,KS,0
2006.0,ISO-NE,Other,27.5,2,0.216,VT,0
2006.0,SPP,Gas,75.6,1,1.793,KS,0
2006.0,CAISO,Gas,49.0,1,2.973,CA,0
2006.0,CAISO,Gas,99.0,2,0.416,CA,0
2006.0,CAISO,Gas,99.0,2,0.416,CA,0
2006.0,CAISO,Hybrid,750.0,0,19.359,CA,0
2006.0,CAISO,Solar,250.0,1,8.285,CA,0
2006.0,NYISO,Gas,90.0,2,8.936,NY,0
2006.0,NYISO,Other,6.4,1,2.327,NY,0
2006.0,PJM,Nuclear,800.0,2,5.405,PA,0
2006.0,ISO-NE,Other,55.0,2,2.623,MA,0
2006.0,PJM,Wind,130.0,2,6.45,IN,0
2006.0,PJM,Nuclear,800.0,2,5.405,PA,0
2006.0,SPP,Wind,132.0,1,5.662,OK,0
2006.0,MISO,Other,200.0,1,1.585,IN,0
2006.0,MISO,Other,80.0,1,1.585,IN,0
2006.0,CAISO,Wind,1500.0,2,5.785,NV,1
2006.0,CAISO,Gas,600.0,2,2.93,CA,0
2006.0,CAISO,Other,27.2,2,0.857,CA,0
2006.0,NYISO,Other,6.4,2,1.61,NY,0
2006.0,PJM,Other,817.0,2,2.103,PA,0
2006.0,MISO,Wind,99.0,2,0.192,WI,0
2006.0,NYISO,Gas,1200.0,2,0.183,NY,0
2006.0,NYISO,Other,9.3,2,3.978,NY,0
2006.0,PJM,Wind,50.0,2,2.908,PA,0
2006.0,PJM,Wind,60.0,2,0.567,PA,0
2006.0,MISO,Wind,99.0,1,1.303,ND,0
2006.0,MISO,Wind,9.9,2,0.047,IL,0
2006.0,MISO,Wind,20.0,2,6.746,MN,0
2006.0,PJM,Other,2.0,1,1.051,NJ,0
2006.0,CAISO,Wind,400.0,2,0.112,CA,0
2006.0,CAISO,Solar,565.0,2,1.55,CA,0
2006.0,PJM,Other,300.0,2,2.431,PA,0
2006.0,PJM,Wind,48.0,2,2.968,PA,0
2006.0,NYISO,Gas,2.2,2,1.818,NY,0
2006.0,MISO,Wind,44.0,2,6.773,MN,0
2006.0,MISO,Other,22.0,2,2.385,MN,0
2006.0,PJM,Gas,440.0,2,13.185,NJ,0
2006.0,ISO-NE,Wind,60.0,2,2.335,VT,0
2006.0,CAISO,Solar,132.0,1,7.264,CA,0
2006.0,CAISO,Wind,162.0,1,6.196,CA,0
2006.0,NYISO,Wind,120.0,2,2.045,NY,0
2006.0,PJM,Other,350.0,2,1.722,OH,0
2006.0,PJM,Gas,15.0,1,0.586,OH,0
2006.0,PJM,Gas,9.0,1,0.586,OH,0
2006.0,PJM,Wind,126.0,2,8.145,IL,0
2006.0,PJM,Gas,645.0,2,3.496,MD,0
2006.0,PJM,Other,6.4,1,1.254,IL,0
2006.0,CAISO,Wind,140.0,2,0.216,CA,0
2006.0,SPP,Wind,75.0,1,8.244,NE,0
2006.0,MISO,Wind,20.0,2,0.266,MN,0
2006.0,MISO,Wind,20.0,1,2.081,MN,0
2006.0,PJM,Gas,340.0,1,1.662,VA,0
2006.0,PJM,Gas,20.0,1,0.244,MD,0
2006.0,West,Wind,71.4,2,4.493,UT,0
2006.0,West,Other,600.0,2,0.649,CO,0
2006.0,CAISO,Gas,200.0,2,0.312,CA,0
2006.0,CAISO,Wind,60.0,2,6.995,CA,0
2006.0,MISO,Other,750.0,2,2.563,MI,0
2006.0,MISO,Wind,24.0,2,0.241,MN,0
2006.0,West,Other,36.0,1,5.47,OR,0
2006.0,PJM,Wind,14.0,2,0.597,WV,0
2006.0,PJM,Wind,90.0,2,2.245,WV,0
2006.0,MISO,Other,560.0,1,2.01,OH,0
2006.0,ISO-NE,Other,280.0,2,5.826,MA,0
2006.0,MISO,Wind,50.0,2,3.088,WI,0
2006.0,MISO,Wind,200.0,2,5.043,ND,0
2006.0,PJM,Gas,20.0,1,0.211,NJ,0
2006.0,CAISO,Gas,300.0,2,3.797,CA,0
2006.0,SPP,Wind,80.0,1,6.207,NE,0
2006.0,CAISO,Gas,211.0,1,12.09,CA,0
2006.0,PJM,Other,940.0,2,1.747,PA,0
2006.0,MISO,Wind,18.0,1,1.785,MI,0
2006.0,ISO-NE,Other,18.4,2,2.563,CT,0
2006.0,ISO-NE,Wind,145.5,2,2.193,NH,0
2006.0,ISO-NE,Other,175.0,2,2.563,CT,0
2006.0,CAISO,Hybrid,150.0,0,19.19,CA,0
2006.0,ISO-NE,Other,190.0,2,2.168,MA,0
2006.0,MISO,Wind,62.0,2,2.73,IL,0
2006.0,PJM,Other,940.0,2,0.638,PA,0
2006.0,PJM,Wind,500.0,2,12.819,IL,0
2006.0,PJM,Wind,200.0,2,3.242,IL,0
2006.0,PJM,Other,940.0,2,0.734,PA,0
2006.0,PJM,Other,52.0,2,2.242,PA,0
2006.0,MISO,Wind,200.0,2,5.766,IA,0
2006.0,CAISO,Gas,698.0,2,3.912,CA,0
2006.0,SPP,Wind,80.0,1,5.013,NE,0
2006.0,NYISO,Other,7.0,2,6.585,NY,0
2006.0,PJM,Gas,18.0,2,3.491,VA,0
2006.0,PJM,Wind,73.6,1,5.396,PA,0
2006.0,NYISO,Other,536.0,2,0.482,NY,0
2006.0,PJM,Gas,600.0,1,8.517,IL,0
2006.0,MISO,Wind,21.0,2,7.882,MN,0
2006.0,CAISO,Other,75.0,2,0.323,CA,0
2006.0,NYISO,Other,706.0,2,0.4,NY,0
2006.0,NYISO,Gas,30.0,2,0.052,NY,0
2006.0,NYISO,Other,6.4,2,5.492,NY,0
2006.0,ISO-NE,Other,332.0,2,10.56,MA,0
2006.0,CAISO,Gas,504.0,2,1.103,CA,0
2006.0,PJM,Other,50.0,2,6.229,IL,1
2006.0,CAISO,Solar,320.0,2,3.088,CA,0
2006.0,CAISO,Solar,80.0,2,2.056,CA,0
2006.0,CAISO,Solar,80.0,2,10.177,CA,0
2006.0,MISO,Wind,150.0,2,3.384,MO,0
2006.0,MISO,Wind,18.9,2,1.054,MN,0
2006.0,MISO,Wind,250.0,2,5.695,SD,0
2006.0,CAISO,Gas,591.0,2,1.958,NV,1
2006.0,PJM,Wind,450.0,2,5.744,DE,0
2006.0,PJM,Wind,450.0,2,2.179,DE,0
2006.0,PJM,Wind,547.0,2,0.83,DE,0
2006.0,MISO,Wind,110.0,2,0.194,IA,0
2006.0,MISO,Wind,105.0,2,1.128,IL,0
2006.0,PJM,Gas,300.0,2,2.062,NJ,0
2006.0,MISO,Wind,1500.0,2,5.451,SD,0
2006.0,MISO,Wind,1500.0,2,5.451,SD,0
2006.0,MISO,Wind,2000.0,2,5.451,SD,0
2006.0,MISO,Wind,60.0,1,1.131,ND,0
2006.0,PJM,Other,6.0,2,1.032,PA,0
2006.0,PJM,Wind,1.8,1,1.624,PA,0
2006.0,CAISO,Other,90.0,2,0.211,NV,0
2006.0,CAISO,Wind,362.0,2,1.927,CA,0
2006.0,CAISO,Gas,47.4,2,9.352,CA,0
2006.0,ISO-NE,Other,140.0,2,0.512,MA,0
2006.0,CAISO,Gas,510.0,2,0.066,CA,0
2006.0,SPP,Wind,99.0,1,3.077,OK,0
2006.0,MISO,Wind,99.0,1,1.949,WI,0
2006.0,West,Solar,300.0,2,8.917,NM,0
2006.0,PJM,Other,6.0,2,2.708,PA,0
2006.0,CAISO,Wind,100.0,2,7.852,CA,0
2006.0,CAISO,Wind,105.0,2,1.936,CA,0
2006.0,NYISO,Other,8.5,1,3.222,NY,0
2006.0,PJM,Other,485.0,2,3.48,KY,0
2006.0,PJM,Wind,20.0,2,8.548,PA,0
2006.0,NYISO,Other,500.0,1,6.341,NJ,0
2006.0,West,Other,0.1,2,10.092,OR,0
2006.0,Southeast,Other,700.0,2,1.191,GA,0
2006.0,CAISO,Solar,250.0,2,6.382,CA,0
2006.0,CAISO,Gas,300.0,2,2.089,CA,1
2006.0,ISO-NE,Other,78.0,2,2.491,CT,0
2006.0,PJM,Wind,70.0,2,2.166,PA,0
2006.0,PJM,Wind,9.0,2,0.824,IL,0
2006.0,SPP,Wind,40.5,1,5.073,NE,0
2006.0,SPP,Wind,370.0,1,16.074,TX,0
2006.0,SPP,Wind,129.6,1,4.501,OK,0
2006.0,CAISO,Wind,201.0,2,5.273,CA,0
2006.0,ISO-NE,Gas,28.9,2,2.146,CT,0
2006.0,PJM,Wind,200.0,2,11.211,OH,0
2006.0,PJM,Wind,48.0,2,0.75,OH,0
2006.0,PJM,Wind,97.0,1,4.605,OH,0
2006.0,PJM,Wind,48.3,2,11.08,OH,0
2006.0,PJM,Wind,48.0,2,0.75,OH,0
2006.0,PJM,Wind,100.0,2,12.767,OH,0
2006.0,ISO-NE,Other,69.0,2,0.153,MA,0
2006.0,PJM,Wind,60.0,2,2.201,PA,0
2006.0,NYISO,Wind,15.0,1,5.147,NY,0
2006.0,MISO,Other,10.0,2,2.078,ND,0
2006.0,PJM,Wind,100.0,2,4.496,IL,0
2006.0,PJM,Wind,100.0,2,4.496,IL,0
2006.0,MISO,Other,513.0,2,1.974,ND,0
2006.0,PJM,Wind,124.0,2,3.055,PA,0
2006.0,MISO,Wind,200.0,2,4.394,ND,0
2006.0,NYISO,Wind,120.0,2,0.843,NY,0
2006.0,West,Wind,165.0,2,5.205,WA,0
2006.0,West,Wind,185.0,2,5.205,WA,0
2006.0,MISO,Wind,76.0,2,0.285,IA,0
2006.0,MISO,Wind,150.0,2,0.392,IA,0
2006.0,MISO,Other,600.0,2,0.112,IA,0
2006.0,MISO,Other,900.0,2,0.112,IA,0
2006.0,MISO,Other,600.0,2,2.226,IA,0
2006.0,NYISO,Wind,150.0,2,4.375,NY,0
2006.0,CAISO,Wind,100.0,2,1.949,CA,0
2006.0,CAISO,Wind,100.0,2,1.949,CA,0
2006.0,CAISO,Wind,100.0,2,3.003,CA,0
2006.0,West,Wind,200.0,2,2.899,CO,0
2006.0,SPP,Wind,400.0,2,5.812,KS,0
2006.0,MISO,Wind,160.0,2,5.424,MN,0
2006.0,PJM,Other,30.0,1,3.294,PA,0
2006.0,MISO,Wind,250.0,2,5.607,SD,0
2006.0,PJM,Gas,55.0,2,2.951,NJ,0
2006.0,ISO-NE,Other,39.0,2,2.385,CT,0
2006.0,ISO-NE,Other,26.0,2,3.726,CT,0
2006.0,CAISO,Wind,256.0,1,15.061,MX,0
2006.0,MISO,Other,10.0,1,1.634,ND,0
2006.0,ISO-NE,Other,550.0,2,0.241,CT,0
2006.0,CAISO,Solar,220.0,2,0.717,CA,0
2007.0,ERCOT,Wind,200.0,2,12.266,TX,0
2007.0,PJM,Wind,160.0,2,3.061,IL,0
2007.0,CAISO,Gas,220.0,2,4.465,CA,0
2007.0,CAISO,Solar,126.0,1,6.984,CA,0
2007.0,ISO-NE,Gas,60.0,2,5.185,CT,0
2007.0,PJM,Wind,350.0,1,5.229,OH,0
2007.0,ISO-NE,Gas,189.3,2,0.309,CT,0
2007.0,MISO,Wind,99.0,2,2.248,WI,0
2007.0,MISO,Wind,135.0,2,0.2,KS,0
2007.0,PJM,Wind,350.0,2,2.261,IN,0
2007.0,PJM,Gas,20.0,1,9.394,KY,0
2007.0,MISO,Wind,84.8,2,8.183,MN,0
2007.0,CAISO,Solar,300.0,1,9.64,CA,0
2007.0,NYISO,Wind,72.5,2,8.137,NY,0
2007.0,PJM,Other,19.0,1,4.386,VA,0
2007.0,NYISO,Other,6.4,1,2.795,NY,0
2007.0,CAISO,Wind,1000.0,2,1.854,MX,0
2007.0,PJM,Gas,20.0,1,0.131,NJ,0
2007.0,PJM,Wind,200.0,2,3.044,IL,0
2007.0,PJM,Wind,100.0,2,3.044,IL,0
2007.0,CAISO,Solar,400.0,2,3.343,CA,0
2007.0,PJM,Other,1940.0,2,0.096,OH,0
2007.0,PJM,Other,251.0,2,0.096,IN,0
2007.0,PJM,Other,2510.0,2,0.096,PA,0
2007.0,PJM,Other,210.0,2,0.096,OH,0
2007.0,MISO,Nuclear,13.0,1,1.955,MN,0
2007.0,PJM,Other,18.0,1,1.895,DE,0
2007.0,PJM,Other,5.0,1,1.895,DE,0
2007.0,PJM,Other,4.8,1,1.821,NJ,0
2007.0,MISO,Nuclear,30.0,1,1.366,IA,1
2007.0,PJM,Other,54.2,1,2.103,WV,0
2007.0,CAISO,Solar,210.0,1,7.759,CA,0
2007.0,MISO,Wind,100.0,2,3.299,SD,0
2007.0,PJM,Gas,600.0,2,2.489,VA,0
2007.0,MISO,Wind,300.0,2,0.096,MN,0
2007.0,CAISO,Gas,700.0,2,0.304,CA,0
2007.0,MISO,Wind,2.5,2,0.145,MN,0
2007.0,PJM,Wind,300.3,2,5.191,IL,0
2007.0,PJM,Gas,101.0,1,3.036,PA,0
2007.0,PJM,Wind,300.3,2,7.272,IL,0
2007.0,MISO,Wind,750.0,2,3.573,SD,0
2007.0,PJM,Other,5.0,1,0.17,IN,0
2007.0,PJM,Other,5.0,1,0.17,IN,0
2007.0,PJM,Other,5.0,1,0.17,OH,0
2007.0,PJM,Other,5.0,1,0.17,WV,0
2007.0,SPP,Other,160.0,2,4.994,TX,0
2007.0,PJM,Other,5.0,1,0.17,WV,0
2007.0,PJM,Other,10.0,1,0.17,OH,0
2007.0,MISO,Wind,73.5,2,0.23,IA,0
2007.0,PJM,Other,24.0,1,3.836,MD,0
2007.0,PJM,Other,0.4,1,0.334,NJ,0
2007.0,NYISO,Wind,75.0,2,2.5,NY,0
2007.0,NYISO,Wind,100.0,2,4.999,NY,0
2007.0,PJM,Wind,75.0,2,1.437,IL,0
2007.0,MISO,Other,34.0,2,0.06,IA,0
2007.0,PJM,Wind,70.0,2,6.883,PA,0
2007.0,PJM,Other,12.0,2,0.329,NC,0
2007.0,PJM,Other,940.0,2,0.474,PA,0
2007.0,PJM,Other,940.0,2,0.474,PA,0
2007.0,PJM,Wind,200.0,2,5.577,IL,0
2007.0,PJM,Other,20.0,1,4.75,IN,0
2007.0,PJM,Other,14.0,2,1.073,VA,0
2007.0,NYISO,Other,6.4,2,6.245,NY,0
2007.0,MISO,Nuclear,1650.0,2,3.904,MO,0
2007.0,CAISO,Wind,1000.0,2,4.159,MX,0
2007.0,MISO,Wind,101.0,2,4.249,SD,0
2007.0,CAISO,Solar,211.6,2,1.815,CA,0
2007.0,MISO,Wind,200.0,1,12.827,SD,0
2007.0,MISO,Wind,200.0,1,10.91,IA,0
2007.0,CAISO,Solar,150.0,2,2.847,CA,0
2007.0,MISO,Wind,100.0,2,4.241,MN,0
2007.0,PJM,Other,4.0,1,1.402,MD,0
2007.0,PJM,Other,1.0,1,1.402,MD,0
2007.0,MISO,Wind,300.0,2,1.771,MN,0
2007.0,ISO-NE,Other,67.5,2,1.243,NH,0
2007.0,CAISO,Wind,500.0,2,4.14,CA,0
2007.0,MISO,Wind,450.0,2,0.049,IN,0
2007.0,MISO,Wind,150.0,2,6.554,IA,0
2007.0,PJM,Gas,633.0,2,0.715,NJ,0
2007.0,PJM,Gas,5.0,1,0.879,DE,0
2007.0,SPP,Wind,160.0,2,5.32,OK,0
2007.0,CAISO,Gas,508.0,2,8.375,CA,0
2007.0,CAISO,Wind,30.0,2,0.318,CA,0
2007.0,CAISO,Gas,49.9,2,1.947,CA,0
2007.0,MISO,Other,8.0,1,4.063,MN,0
2007.0,MISO,Wind,45.0,1,2.79,MI,0
2007.0,MISO,Wind,150.0,2,2.07,MO,0
2007.0,MISO,Wind,130.0,2,1.728,IN,0
2007.0,CAISO,Wind,650.0,2,8.304,CA,0
2007.0,MISO,Wind,100.0,2,2.179,WI,0
2007.0,ISO-NE,Wind,34.0,2,6.459,NH,0
2007.0,MISO,Wind,250.0,1,1.859,IA,0
2007.0,MISO,Wind,200.0,1,1.27,IA,0
2007.0,CAISO,Gas,49.9,2,1.18,CA,0
2007.0,NYISO,Wind,100.0,2,2.426,NY,0
2007.0,ISO-NE,Gas,162.0,2,2.798,RI,0
2007.0,PJM,Wind,202.0,1,2.76,IN,0
2007.0,PJM,Other,16.0,1,3.452,PA,0
2007.0,MISO,Wind,200.0,2,2.01,MI,0
2007.0,MISO,Wind,150.0,1,2.59,ND,0
2007.0,ISO-NE,Gas,250.0,2,3.65,CT,0
2007.0,MISO,Wind,300.0,2,3.819,MT,0
2007.0,MISO,Wind,200.0,2,4.181,ND,0
2007.0,CAISO,Wind,100.0,2,0.723,CA,0
2007.0,MISO,Wind,50.0,2,1.777,OH,0
2007.0,CAISO,Wind,500.0,2,4.088,MX,0
2007.0,MISO,Wind,50.0,2,1.782,MI,0
2007.0,CAISO,Wind,100.0,2,1.897,CA,0
2007.0,MISO,Wind,100.8,2,0.099,OH,0
2007.0,CAISO,Wind,500.0,2,1.739,MX,0
2007.0,CAISO,Solar,300.0,2,1.741,CA,0
2007.0,West,Wind,200.0,2,8.214,UT,0
2007.0,CAISO,Gas,564.0,2,1.166,CA,0
2007.0,West,Wind,200.0,2,8.214,UT,0
2007.0,CAISO,Gas,400.0,2,1.166,CA,0
2007.0,PJM,Wind,70.0,2,2.311,PA,0
2007.0,West,Wind,13.0,2,2.672,WY,0
2007.0,CAISO,Wind,300.0,2,10.601,MX,0
2007.0,CAISO,Solar,500.0,2,2.762,CA,0
2007.0,CAISO,Other,32.0,2,6.448,CA,0
2007.0,CAISO,Other,150.0,2,3.83,NV,0
2007.0,CAISO,Gas,211.0,2,0.728,CA,0
2007.0,MISO,Other,550.0,2,1.758,IN,0
2007.0,West,Other,675.0,2,0.674,CO,0
2007.0,West,Other,675.0,2,0.674,CO,0
2007.0,MISO,Wind,500.0,1,8.739,IA,0
2007.0,MISO,Other,28.0,1,7.811,IA,0
2007.0,SPP,Wind,135.0,2,8.126,KS,0
2007.0,West,Wind,80.0,2,6.108,UT,0
2007.0,PJM,Other,1300.0,2,0.997,OH,0
2007.0,MISO,Wind,150.4,2,6.439,MN,0
2007.0,CAISO,Other,50.0,2,1.232,CA,0
2007.0,MISO,Wind,50.0,2,4.89,SD,0
2007.0,MISO,Wind,241.5,2,5.303,SD,0
2007.0,West,Other,1.5,1,1.84,ID,0
2007.0,NYISO,Wind,19.5,2,5.465,NY,0
2007.0,PJM,Gas,1250.0,2,0.928,MD,0
2007.0,PJM,Wind,28.0,2,0.621,PA,0
2007.0,SPP,Wind,81.0,1,1.791,NE,0
2007.0,PJM,Gas,19.0,1,1.788,IN,0
2007.0,MISO,Wind,300.0,2,1.922,MI,0
2007.0,PJM,Gas,225.0,2,6.752,MD,0
2007.0,PJM,Wind,50.0,2,4.148,PA,0
2007.0,PJM,Wind,54.9,1,18.146,MD,0
2007.0,ISO-NE,Other,6.3,2,2.283,NH,0
2007.0,MISO,Wind,30.0,1,2.702,MT,0
2007.0,West,Wind,300.0,2,6.812,CO,0
2007.0,West,Wind,300.0,2,6.812,CO,0
2007.0,MISO,Wind,50.0,2,5.268,MN,0
2007.0,MISO,Wind,50.0,2,5.268,MN,0
2007.0,Southeast,Other,18.0,2,1.057,GA,0
2007.0,MISO,Wind,200.0,2,4.115,MN,0
2007.0,CAISO,Wind,198.0,1,8.257,CA,0
2007.0,MISO,Wind,100.0,2,3.362,MN,0
2007.0,SPP,Wind,135.0,2,6.316,KS,0
2007.0,MISO,Wind,200.0,2,7.899,IL,0
2007.0,MISO,Wind,70.0,2,3.036,MI,0
2007.0,MISO,Wind,200.0,2,4.104,SD,0
2007.0,PJM,Gas,550.0,2,0.63,PA,0
2007.0,West,Wind,200.0,0,18.762,CO,0
2007.0,West,Wind,50.0,0,18.762,CO,0
2007.0,Southeast,Other,110.0,2,1.068,GA,0
2007.0,PJM,Gas,550.0,2,2.453,PA,0
2007.0,MISO,Wind,5.9,2,5.826,MN,0
2007.0,MISO,Wind,20.0,2,4.099,MN,0
2007.0,CAISO,Gas,330.0,2,4.172,CA,0
2007.0,ISO-NE,Other,48.0,2,0.077,CT,0
2007.0,CAISO,Gas,105.8,1,12.197,CA,0
2007.0,MISO,Wind,259.9,2,4.956,MN,0
2007.0,ISO-NE,Gas,9.1,2,0.504,ME,0
2007.0,CAISO,Gas,315.0,2,0.498,CA,0
2007.0,CAISO,Gas,315.0,2,0.498,CA,0
2007.0,ISO-NE,Other,452.0,2,4.819,CT,0
2007.0,CAISO,Hybrid,730.0,1,14.24,CA,0
2007.0,CAISO,Solar,190.0,1,7.562,CA,0
2007.0,CAISO,Gas,725.0,2,0.46,CA,0
2007.0,PJM,Wind,75.0,2,1.139,IN,0
2007.0,NYISO,Other,6.0,2,0.156,NY,0
2007.0,MISO,Gas,578.0,1,1.733,IN,0
2007.0,PJM,Gas,114.0,1,1.095,NJ,0
2007.0,MISO,Wind,150.0,2,4.066,ND,0
2007.0,MISO,Wind,122.0,2,4.06,ND,0
2007.0,MISO,Wind,122.0,2,4.06,ND,0
2007.0,NYISO,Gas,230.0,2,2.968,NY,0
2007.0,SPP,Wind,100.5,2,4.862,MO,0
2007.0,CAISO,Gas,210.0,2,3.967,CA,0
2007.0,NYISO,Other,650.0,2,0.936,NY,0
2007.0,ISO-NE,Gas,100.0,2,1.358,MA,0
2007.0,MISO,Wind,42.0,2,2.867,MN,0
2007.0,CAISO,Gas,315.0,2,0.632,CA,0
2007.0,MISO,Wind,100.0,1,2.459,IA,0
2007.0,NYISO,Other,3.2,1,4.621,NY,0
2007.0,CAISO,Gas,400.0,2,0.734,CA,0
2007.0,CAISO,Gas,200.0,2,0.068,CA,0
2007.0,CAISO,Wind,198.6,2,1.569,CA,0
2007.0,CAISO,Gas,99.0,1,3.159,CA,0
2007.0,CAISO,Gas,50.0,2,0.873,CA,0
2007.0,CAISO,Wind,149.4,2,1.67,CA,0
2007.0,CAISO,Wind,198.6,2,3.951,CA,0
2007.0,CAISO,Solar,5.0,2,6.708,NV,1
2007.0,CAISO,Other,200.0,2,0.159,CA,0
2007.0,PJM,Gas,900.0,2,0.835,MD,0
2007.0,MISO,Other,49.0,1,4.271,ND,0
2007.0,MISO,Wind,20.0,2,4.682,MN,0
2007.0,MISO,Wind,150.0,2,3.674,IA,0
2007.0,West,Wind,300.0,2,6.513,WY,0
2007.0,Southeast,Gas,613.0,2,4.769,GA,0
2007.0,CAISO,Gas,557.3,2,0.862,CA,0
2007.0,PJM,Other,6.8,1,4.424,PA,0
2007.0,MISO,Wind,50.0,2,5.238,MN,0
2007.0,PJM,Other,4.0,1,0.671,MD,0
2007.0,MISO,Wind,100.0,2,1.941,WI,0
2007.0,MISO,Wind,300.0,2,3.272,MN,0
2007.0,CAISO,Solar,500.0,2,2.601,CA,0
2007.0,PJM,Wind,450.0,2,0.936,IN,0
2007.0,PJM,Gas,120.0,2,2.166,MD,0
2007.0,CAISO,Wind,400.0,2,2.628,MX,0
2007.0,PJM,Gas,130.0,1,8.016,MD,0
2007.0,CAISO,Wind,201.0,2,1.61,CA,0
2007.0,PJM,Gas,20.0,1,0.068,PA,0
2007.0,PJM,Other,20.0,1,1.07,OH,0
2007.0,PJM,Wind,175.0,1,8.225,IL,0
2007.0,PJM,Wind,175.0,1,9.511,IL,0
2007.0,PJM,Other,8.0,1,1.903,PA,0
2007.0,West,Wind,361.0,2,6.568,WY,0
2007.0,MISO,Wind,30.0,2,3.611,MN,0
2007.0,ISO-NE,Other,550.0,2,0.537,MA,0
2007.0,CAISO,Wind,180.0,2,1.552,CA,0
2007.0,CAISO,Wind,50.0,2,5.21,CA,0
2007.0,SPP,Wind,198.9,1,7.647,OK,0
2007.0,PJM,Other,12.5,2,4.772,PA,0
2007.0,PJM,Other,10.5,1,1.703,PA,0
2007.0,CAISO,Wind,49.2,2,1.511,CA,0
2007.0,MISO,Wind,120.0,2,1.054,MI,0
2007.0,MISO,Wind,150.0,1,1.552,IA,0
2007.0,PJM,Other,17.0,1,0.496,NJ,0
2007.0,PJM,Wind,18.0,2,6.653,PA,0
2007.0,ISO-NE,Other,45.0,2,2.037,NH,0
2007.0,ISO-NE,Gas,159.0,2,2.801,MA,0
2007.0,PJM,Wind,100.0,2,4.819,OH,0
2007.0,PJM,Wind,110.0,2,1.448,PA,0
2007.0,PJM,Wind,200.0,2,1.993,OH,0
2007.0,CAISO,Wind,420.0,2,10.39,MX,0
2007.0,ISO-NE,Other,41.0,2,0.402,NH,0
2007.0,West,Wind,500.0,2,5.467,WY,0
2007.0,West,Wind,1000.0,2,5.467,WY,0
2007.0,West,Wind,500.0,2,5.467,WY,0
2007.0,CAISO,Gas,98.8,2,0.172,CA,0
2007.0,CAISO,Gas,98.8,2,0.172,CA,0
2007.0,CAISO,Gas,98.8,2,0.172,CA,0
2007.0,West,Gas,562.0,1,3.28,AZ,1
2007.0,West,Wind,300.0,2,8.192,NM,0
2007.0,West,Solar,417.0,1,10.445,AZ,1
2007.0,CAISO,Solar,50.0,2,11.838,CA,0
2007.0,CAISO,Solar,450.0,2,2.546,CA,0
2007.0,CAISO,Hybrid,132.0,0,18.609,CA,0
2007.0,CAISO,Solar,450.0,2,2.546,CA,0
2007.0,PJM,Wind,90.0,2,3.332,PA,0
2007.0,SPP,Wind,299.2,1,5.358,KS,0
2007.0,PJM,Other,18.0,1,0.101,VA,1
2007.0,MISO,Wind,50.0,2,3.598,MN,0
2007.0,ISO-NE,Wind,50.0,2,4.559,ME,0
2007.0,West,Other,2.0,1,3.934,MT,0
2007.0,MISO,Gas,250.0,2,2.894,MN,0
2007.0,West,Other,11.5,1,2.021,MT,0
2007.0,West,Wind,100.0,2,8.192,NM,0
2007.0,PJM,Wind,99.0,2,2.858,OH,0
2007.0,PJM,Gas,600.0,2,2.094,VA,0
2007.0,PJM,Wind,20.0,2,1.216,IL,0
2007.0,CAISO,Wind,170.0,2,1.216,CA,0
2007.0,MISO,Wind,250.0,2,3.929,SD,0
2007.0,MISO,Wind,125.0,2,3.929,SD,0
2007.0,CAISO,Gas,99.0,2,0.148,CA,0
2007.0,MISO,Wind,150.0,2,3.929,SD,0
2007.0,NYISO,Wind,250.0,2,4.75,NY,0
2007.0,CAISO,Gas,640.0,2,3.828,CA,0
2007.0,PJM,Wind,130.0,2,2.056,VA,0
2007.0,CAISO,Gas,620.0,2,0.83,CA,0
2007.0,MISO,Wind,300.0,2,3.852,MN,0
2007.0,PJM,Gas,585.0,1,4.537,IL,0
2007.0,MISO,Other,19.0,1,9.24,IL,0
2007.0,PJM,Other,535.0,2,0.89,KY,0
2007.0,ISO-NE,Other,244.0,2,2.971,MA,0
2007.0,NYISO,Gas,325.0,2,4.887,NY,0
2007.0,NYISO,Other,300.0,2,0.309,NY,0
2007.0,MISO,Gas,193.0,1,2.472,MI,0
2007.0,MISO,Wind,101.0,2,3.888,ND,0
2007.0,CAISO,Wind,175.0,2,0.739,CA,0
2007.0,West,Wind,150.0,2,0.167,WA,1
2007.0,West,Wind,300.0,2,5.624,CO,0
2007.0,NYISO,Other,250.0,2,0.285,NJ,0
2007.0,CAISO,Gas,630.0,2,0.339,CA,1
2007.0,MISO,Wind,20.0,2,7.838,MN,0
2007.0,CAISO,Solar,1000.0,2,2.467,CA,0
2007.0,West,Wind,86.0,2,6.557,CO,0
2007.0,CAISO,Solar,1000.0,2,2.467,CA,0
2007.0,West,Wind,79.8,2,3.348,WY,0
2007.0,West,Wind,98.7,2,3.348,WY,0
2007.0,CAISO,Wind,50.0,2,1.424,CA,0
2007.0,PJM,Other,1.9,1,1.35,OH,0
2007.0,CAISO,Gas,99.0,2,0.112,CA,0
2007.0,CAISO,Solar,132.0,1,6.511,CA,0
2007.0,ISO-NE,Other,62.0,2,1.596,MA,0
2007.0,PJM,Gas,63.0,2,4.865,NJ,0
2007.0,PJM,Gas,20.0,1,4.29,NJ,0
2007.0,CAISO,Solar,400.0,2,3.77,NV,1
2007.0,West,Wind,200.0,2,2.261,CO,0
2007.0,CAISO,Gas,630.0,2,1.413,CA,0
2007.0,MISO,Wind,100.0,2,5.01,IA,0
2007.0,CAISO,Gas,630.0,2,1.413,CA,0
2007.0,NYISO,Other,5.6,1,5.747,NY,0
2007.0,CAISO,Gas,634.0,2,1.399,NV,1
2007.0,PJM,Wind,500.0,2,7.107,IL,0
2007.0,PJM,Gas,13.0,1,0.252,OH,0
2007.0,NYISO,Other,690.6,1,10.738,NY,0
2007.0,PJM,Other,18.0,2,5.903,PA,0
2007.0,West,Other,95.0,2,1.292,MT,0
2007.0,SPP,Nuclear,67.0,2,1.728,NE,0
2007.0,West,Wind,75.0,2,1.569,WA,0
2007.0,CAISO,Solar,250.0,1,6.595,CA,0
2007.0,CAISO,Solar,45.0,2,1.38,CA,0
2007.0,CAISO,Solar,400.0,2,6.322,CA,0
2007.0,CAISO,Solar,400.0,2,6.502,CA,0
2007.0,West,Wind,100.0,1,1.385,MT,0
2007.0,CAISO,Solar,150.0,1,7.291,CA,0
2007.0,MISO,Wind,5.9,2,8.189,MN,0
2007.0,MISO,Wind,100.0,2,7.266,SD,0
2007.0,MISO,Wind,76.0,2,3.474,MN,0
2007.0,MISO,Wind,100.0,2,3.767,SD,0
2007.0,MISO,Wind,200.0,1,3.083,MN,0
2007.0,MISO,Wind,100.0,2,4.947,SD,0
2007.0,MISO,Wind,200.0,2,3.474,MN,0
2007.0,CAISO,Other,429.0,2,1.366,CA,0
2007.0,MISO,Other,600.0,2,4.531,MI,0
2007.0,CAISO,Wind,120.0,2,1.366,CA,0
2007.0,CAISO,Wind,228.0,2,1.366,CA,0
2007.0,MISO,Wind,20.0,2,8.318,MN,0
2007.0,ISO-NE,Other,510.0,2,4.873,CT,0
2007.0,MISO,Wind,250.0,1,1.377,IA,0
2007.0,CAISO,Wind,120.0,2,1.363,CA,0
2007.0,ISO-NE,Wind,34.9,2,3.551,ME,0
2007.0,PJM,Wind,85.0,2,1.451,PA,0
2007.0,MISO,Wind,199.5,2,7.474,MN,0
2007.0,PJM,Other,96.0,2,1.109,PA,0
2007.0,MISO,Other,642.0,2,4.569,KY,0
2007.0,MISO,Wind,300.0,2,4.906,MN,0
2007.0,ISO-NE,Gas,185.0,2,0.287,CT,0
2007.0,SPP,Wind,150.0,2,3.693,OK,0
2007.0,West,Wind,16.8,1,2.793,ID,0
2007.0,PJM,Gas,101.0,1,0.851,MD,0
2007.0,PJM,Other,36.4,1,8.304,WV,0
2007.0,CAISO,Gas,67.0,2,7.923,CA,0
2007.0,CAISO,Wind,105.0,2,1.328,CA,0
2007.0,CAISO,Wind,66.2,2,5.848,CA,0
2007.0,PJM,Wind,200.0,2,6.442,IN,0
2007.0,PJM,Wind,120.0,1,10.13,IN,0
2007.0,West,Wind,250.0,2,2.71,WY,0
2007.0,MISO,Wind,50.0,2,5.196,MN,0
2007.0,CAISO,Gas,67.0,2,3.691,CA,0
2007.0,PJM,Wind,240.0,2,8.356,IN,0
2007.0,MISO,Wind,99.0,1,3.044,ND,0
2007.0,PJM,Gas,19.0,1,2.765,VA,0
2007.0,PJM,Gas,1200.0,2,0.591,PA,0
2007.0,PJM,Wind,150.0,2,0.131,OH,0
2007.0,PJM,Gas,57.0,1,3.68,PA,0
2007.0,PJM,Other,80.0,1,4.643,VA,0
2007.0,PJM,Gas,912.0,2,1.572,PA,0
2007.0,PJM,Gas,170.0,1,1.667,VA,0
2007.0,PJM,Nuclear,75.0,1,3.918,VA,0
2007.0,PJM,Gas,15.0,1,0.838,VA,1
2007.0,PJM,Wind,150.0,2,0.131,OH,0
2007.0,PJM,Nuclear,15.0,1,3.836,VA,0
2007.0,PJM,Nuclear,65.0,1,2.798,VA,0
2007.0,PJM,Nuclear,15.0,1,3.836,VA,0
2007.0,PJM,Gas,580.0,1,4.227,OH,0
2007.0,MISO,Wind,40.5,1,1.421,ND,0
2007.0,PJM,Nuclear,65.0,1,2.754,VA,0
2007.0,PJM,Nuclear,20.0,1,2.754,VA,0
2007.0,PJM,Nuclear,20.0,1,2.798,VA,0
2007.0,PJM,Gas,19.0,1,2.765,VA,0
2007.0,PJM,Gas,19.0,1,2.765,VA,0
2007.0,PJM,Gas,19.0,1,2.765,VA,0
2007.0,PJM,Nuclear,75.0,1,4.871,VA,0
2007.0,PJM,Gas,15.0,1,0.838,VA,1
2007.0,PJM,Gas,520.0,2,5.96,NJ,0
2007.0,PJM,Other,38.0,1,3.836,WV,0
2007.0,PJM,Gas,20.0,2,4.95,VA,0
2007.0,PJM,Other,20.0,2,1.676,VA,1
2007.0,PJM,Gas,20.0,1,0.838,VA,0
2007.0,PJM,Gas,20.0,1,0.838,VA,0
2007.0,PJM,Gas,20.0,1,0.838,VA,0
2007.0,PJM,Gas,20.0,1,0.838,VA,0
2007.0,Southeast,Gas,761.0,2,1.708,GA,0
2007.0,PJM,Gas,20.0,1,0.838,VA,0
2007.0,PJM,Gas,20.0,2,4.95,VA,0
2007.0,PJM,Gas,20.0,1,0.838,VA,0
2007.0,PJM,Gas,20.0,1,0.838,VA,0
2007.0,PJM,Other,45.0,2,1.656,WV,0
2007.0,PJM,Gas,15.0,1,0.838,VA,1
2007.0,PJM,Other,16.0,2,1.347,VA,0
2007.0,PJM,Gas,15.0,1,0.838,VA,1
2007.0,PJM,Other,27.0,1,3.337,VA,0
2007.0,PJM,Other,19.0,2,1.347,VA,0
2007.0,PJM,Other,29.0,2,4.95,WV,0
2007.0,PJM,Other,38.0,1,5.851,WV,0
2007.0,PJM,Other,50.0,2,1.84,OH,0
2007.0,PJM,Gas,478.0,2,0.994,NJ,0
2007.0,PJM,Gas,63.0,1,4.717,NJ,0
2007.0,PJM,Gas,22.0,1,2.741,VA,0
2007.0,PJM,Other,20.0,1,3.836,VA,0
2007.0,CAISO,Solar,200.0,2,1.322,CA,0
2007.0,MISO,Other,20.0,2,1.199,WI,0
2007.0,MISO,Nuclear,53.0,1,1.996,WI,0
2007.0,MISO,Nuclear,53.0,1,1.413,WI,0
2007.0,PJM,Other,20.0,2,4.942,VA,0
2007.0,MISO,Wind,200.0,2,1.582,IN,0
2007.0,MISO,Wind,200.0,2,1.582,IN,0
2007.0,CAISO,Gas,26.0,1,2.508,CA,0
2007.0,SPP,Gas,170.0,2,1.643,NE,0
2007.0,MISO,Other,25.0,1,3.099,OH,0
2007.0,CAISO,Wind,40.0,2,1.29,CA,0
2007.0,ISO-NE,Gas,161.0,2,3.192,CT,0
2007.0,NYISO,Wind,124.2,2,4.548,NY,0
2007.0,PJM,Other,5.0,1,2.765,DE,0
2007.0,PJM,Other,3.0,1,0.797,VA,0
2007.0,PJM,Other,4.0,1,0.129,DE,0
2007.0,MISO,Wind,250.0,2,2.979,MN,0
2007.0,MISO,Wind,250.0,2,2.979,MN,0
2007.0,West,Other,18.5,0,18.366,OR,0
2007.0,PJM,Wind,30.0,1,8.238,MD,0
2007.0,CAISO,Gas,600.0,2,8.008,CA,0
2007.0,CAISO,Solar,250.0,2,3.428,CA,0
2007.0,NYISO,Gas,550.0,2,0.857,NY,0
2007.0,CAISO,Solar,30.0,2,0.088,CA,0
2007.0,MISO,Wind,250.0,2,0.835,MN,0
2007.0,MISO,Wind,250.0,2,0.835,MN,0
2007.0,MISO,Wind,100.0,2,6.207,MN,0
2007.0,MISO,Wind,300.0,2,4.12,MN,0
2007.0,MISO,Gas,62.0,2,2.595,MO,0
2007.0,MISO,Wind,60.0,2,1.079,ND,0
2007.0,MISO,Wind,4.0,2,3.474,MN,0
2007.0,PJM,Solar,3.3,1,0.663,PA,0
2007.0,Southeast,Nuclear,1300.0,0,18.338,FL,1
2007.0,Southeast,Nuclear,1300.0,0,18.338,FL,1
2007.0,West,Other,89.0,0,18.324,OR,1
2007.0,West,Gas,256.0,0,18.324,OR,1
2007.0,West,Other,385.0,0,18.324,OR,1
2007.0,West,Wind,375.0,0,18.324,OR,0
2007.0,West,Wind,375.0,0,18.324,OR,0
2007.0,NYISO,Wind,70.5,2,2.571,NY,0
2007.0,ISO-NE,Gas,904.0,2,1.856,NH,0
2007.0,MISO,Wind,600.0,2,3.658,ND,0
2007.0,MISO,Other,84.0,1,8.753,IN,0
2007.0,MISO,Other,80.0,1,0.192,KY,0
2007.0,PJM,Wind,60.0,2,1.342,PA,0
2007.0,MISO,Wind,150.0,2,1.689,MI,0
2007.0,West,Solar,250.0,0,18.308,CA,0
2007.0,CAISO,Gas,575.0,2,3.611,CA,0
2007.0,MISO,Wind,400.0,2,3.639,MN,0
2007.0,MISO,Wind,200.0,2,4.851,MN,0
2007.0,CAISO,Gas,260.0,2,1.207,CA,0
2007.0,PJM,Wind,2500.0,2,5.235,SD,0
2007.0,NYISO,Other,2.0,2,3.548,NY,0
2007.0,PJM,Wind,1000.0,2,4.471,SD,0
2007.0,PJM,Wind,1500.0,2,4.471,SD,0
2007.0,PJM,Wind,1500.0,2,2.609,ND,0
2007.0,CAISO,Gas,651.0,2,10.96,CA,0
2007.0,CAISO,Gas,345.0,2,1.251,CA,0
2007.0,West,Wind,201.0,2,2.486,CO,0
2007.0,PJM,Gas,225.0,2,1.851,DE,0
2007.0,PJM,Wind,150.0,2,1.259,PA,0
2007.0,PJM,Gas,900.0,2,0.986,PA,0
2007.0,MISO,Wind,600.0,2,5.38,MN,0
2007.0,MISO,Wind,960.0,2,3.636,ND,0
2007.0,West,Wind,150.0,2,1.599,WA,0
2007.0,PJM,Wind,18.0,2,3.228,PA,0
2007.0,MISO,Wind,900.0,2,2.546,ND,0
2007.0,SPP,Wind,200.0,2,3.573,KS,0
2007.0,MISO,Wind,200.0,2,4.966,IN,0
2007.0,PJM,Gas,178.0,2,4.695,NJ,0
2007.0,PJM,Gas,205.0,2,4.559,NJ,0
2007.0,PJM,Gas,178.0,1,4.632,NJ,0
2007.0,PJM,Gas,89.0,1,4.632,NJ,0
2007.0,PJM,Gas,205.0,2,1.856,NJ,0
2007.0,PJM,Gas,27.2,2,0.381,NJ,0
2007.0,PJM,Other,22.2,2,0.381,NJ,0
2007.0,PJM,Gas,42.0,1,1.624,PA,0
2007.0,PJM,Other,6.7,1,1.511,VA,0
2007.0,PJM,Gas,13.0,1,2.678,DE,0
2007.0,PJM,Other,7.3,1,0.695,DE,0
2007.0,PJM,Gas,9.4,1,2.891,NJ,0
2007.0,PJM,Gas,12.4,1,2.615,NJ,0
2007.0,PJM,Other,8.3,2,0.381,NJ,0
2007.0,PJM,Other,10.5,2,0.381,NJ,0
2007.0,PJM,Gas,14.4,1,3.792,NJ,0
2007.0,PJM,Gas,20.0,1,0.611,DE,0
2007.0,PJM,Other,5.3,1,1.528,DE,0
2007.0,PJM,Other,8.4,1,1.692,DE,0
2007.0,PJM,Wind,40.0,2,4.632,OH,0
2007.0,PJM,Other,5.2,1,1.528,DE,0
2007.0,NYISO,Other,1.0,2,0.348,NY,0
2007.0,NYISO,Wind,124.8,2,0.06,NY,0
2007.0,NYISO,Other,20.0,1,4.181,NY,0
2007.0,MISO,Other,23.0,1,1.766,IL,0
2007.0,PJM,Gas,20.0,1,0.684,OH,0
2007.0,MISO,Nuclear,1563.0,2,8.553,MI,0
2007.0,SPP,Wind,131.1,1,4.706,KS,0
2007.0,ISO-NE,Other,43.0,2,2.992,MA,0
2007.0,PJM,Gas,16.0,1,5.287,IL,1
2007.0,West,Wind,103.5,0,18.264,WA,1
2007.0,PJM,Gas,27.0,1,5.133,NJ,0
2007.0,PJM,Gas,20.0,1,5.133,NJ,0
2007.0,CAISO,Gas,104.0,2,1.164,CA,0
2007.0,West,Wind,200.0,0,18.251,SD,0
2007.0,MISO,Wind,200.0,2,1.426,IA,0
2007.0,West,Other,2.1,1,2.012,ID,0
2007.0,MISO,Wind,201.0,1,2.166,MN,0
2007.0,SPP,Wind,200.0,1,3.083,OK,0
2007.0,SPP,Wind,299.2,1,7.247,OK,0
2007.0,NYISO,Gas,108.0,2,4.413,NY,0
2007.0,MISO,Other,875.0,2,2.65,MI,0
2007.0,PJM,Other,9.8,1,2.579,VA,0
2007.0,NYISO,Wind,70.0,2,1.602,NY,0
2007.0,PJM,Gas,44.0,1,0.657,NJ,0
2007.0,PJM,Other,6.2,1,1.99,VA,0
2007.0,Southeast,Gas,340.0,1,2.152,FL,0
2007.0,MISO,Wind,80.0,2,5.344,MN,0
2007.0,CAISO,Solar,5.0,1,2.53,CA,0
2007.0,West,Gas,100.0,0,18.229,OR,1
2007.0,West,Gas,100.0,0,18.229,OR,1
2007.0,West,Gas,200.0,0,18.229,OR,1
2007.0,MISO,Wind,20.0,2,5.506,MN,0
2007.0,West,Gas,100.0,0,18.229,OR,0
2007.0,Southeast,Other,3.0,1,2.642,FL,0
2007.0,West,Gas,200.0,0,18.229,OR,1
2007.0,MISO,Wind,150.0,2,5.002,MN,0
2007.0,MISO,Wind,150.0,2,2.59,SD,0
2007.0,MISO,Other,40.0,1,3.228,ND,0
2007.0,MISO,Other,25.0,1,2.229,ND,0
2007.0,CAISO,Gas,634.0,2,0.345,NV,1
2007.0,CAISO,Gas,390.6,2,0.649,CA,0
2007.0,MISO,Wind,1500.0,2,1.47,MN,0
2007.0,MISO,Wind,1500.0,2,1.911,MN,0
2007.0,MISO,Wind,1500.0,2,1.607,SD,0
2007.0,Southeast,Gas,170.0,1,2.141,FL,0
2007.0,West,Wind,60.0,2,0.701,ID,0
2007.0,NYISO,Wind,92.8,1,6.467,NY,0
2007.0,West,Gas,380.0,0,18.215,CO,0
2007.0,PJM,Wind,350.0,2,0.758,NJ,0
2007.0,PJM,Wind,350.0,2,1.763,NJ,0
2007.0,PJM,Wind,350.0,2,0.734,NJ,0
2007.0,West,Wind,79.5,2,4.14,WY,0
2007.0,SPP,Wind,200.0,1,8.167,OK,0
2007.0,ISO-NE,Other,41.0,2,0.901,NH,0
2007.0,CAISO,Wind,300.0,2,2.177,CA,0
2007.0,Southeast,Other,700.0,2,0.312,GA,0
2007.0,PJM,Wind,350.0,2,5.002,NJ,0
2007.0,MISO,Wind,199.5,2,3.42,ND,0
2007.0,CAISO,Solar,25.0,2,0.137,CA,0
2007.0,MISO,Wind,50.0,2,3.201,IN,0
2007.0,PJM,Other,6.4,1,1.21,PA,0
2007.0,PJM,Other,1.6,1,0.709,PA,0
2007.0,MISO,Wind,20.0,2,3.313,IN,0
2007.0,SPP,Wind,400.0,2,6.248,TX,0
2007.0,MISO,Wind,80.0,2,3.195,MN,0
2007.0,MISO,Wind,59.4,1,0.364,MI,0
2007.0,MISO,Gas,42.0,2,1.043,MT,0
2007.0,CAISO,Gas,325.0,2,1.106,CA,0
2007.0,MISO,Wind,200.0,2,3.54,MN,0
2007.0,SPP,Wind,151.8,1,3.17,OK,0
2007.0,MISO,Wind,600.0,2,1.169,IL,0
2007.0,MISO,Wind,1500.0,2,1.109,MN,0
2007.0,MISO,Wind,1500.0,2,1.109,MN,0
2007.0,MISO,Wind,1500.0,2,0.635,MN,0
2007.0,CAISO,Gas,280.0,1,4.731,CA,0
2007.0,MISO,Wind,1500.0,2,0.635,MN,0
2007.0,MISO,Wind,1000.0,2,0.654,MN,0
2007.0,MISO,Wind,1000.0,2,0.654,MN,0
2007.0,MISO,Wind,1500.0,2,0.824,IL,0
2007.0,PJM,Wind,1500.0,2,1.9,IA,0
2007.0,PJM,Wind,1500.0,2,1.9,IA,0
2007.0,NYISO,Other,2.8,2,6.437,NY,0
2007.0,MISO,Wind,49.5,2,4.537,MN,0
2007.0,PJM,Gas,1035.0,1,8.605,MI,0
2007.0,CAISO,Hybrid,185.0,0,18.188,CA,0
2007.0,West,Wind,250.0,0,18.185,WA,0
2007.0,West,Wind,250.0,0,18.182,WA,0
2007.0,PJM,Wind,100.0,2,8.893,IL,0
2007.0,PJM,Gas,6.0,2,1.593,NJ,0
2007.0,CAISO,Gas,371.3,2,3.436,CA,0
2007.0,MISO,Wind,2000.0,2,3.808,MN,0
2007.0,CAISO,Hybrid,196.8,0,18.166,CA,0
2007.0,CAISO,Gas,99.0,2,0.233,CA,0
2007.0,ISO-NE,Other,275.0,2,0.244,CT,0
2007.0,CAISO,Solar,700.0,2,2.103,CA,0
2007.0,CAISO,Solar,400.0,2,2.103,CA,0
2007.0,MISO,Wind,150.0,2,5.758,ND,0
2007.0,CAISO,Gas,54.0,1,0.802,CA,0
2007.0,West,Wind,250.0,0,18.155,CO,0
2007.0,MISO,Wind,200.0,2,4.331,IN,0
2007.0,SPP,Wind,200.0,2,5.188,OK,0
2007.0,CAISO,Gas,630.0,2,3.417,CA,0
2007.0,SPP,Gas,150.0,1,1.643,OK,0
2007.0,CAISO,Gas,650.0,2,1.027,CA,0
2007.0,MISO,Wind,450.0,2,2.998,MN,0
2007.0,PJM,Wind,200.0,2,0.925,PA,0
2007.0,PJM,Other,6.4,2,0.523,OH,0
2007.0,PJM,Other,10.0,1,0.805,PA,0
2007.0,PJM,Other,10.0,1,0.805,PA,0
2007.0,MISO,Wind,201.0,2,3.469,MN,0
2007.0,West,Wind,250.0,0,18.13,CO,0
2007.0,MISO,Wind,99.0,2,3.469,MN,0
2007.0,MISO,Wind,99.0,2,3.469,MN,0
2007.0,MISO,Wind,99.0,2,3.469,MN,0
2007.0,ISO-NE,Gas,65.0,2,0.285,CT,0
2007.0,CAISO,Wind,75.0,2,0.307,CA,0
2007.0,PJM,Other,20.0,1,0.378,VA,0
2007.0,MISO,Wind,137.0,2,0.958,IL,0
2007.0,MISO,Wind,150.0,2,0.958,IL,0
2007.0,SPP,Wind,110.0,2,4.197,MO,0
2007.0,West,Wind,150.0,2,5.618,WY,0
2007.0,West,Wind,150.0,2,5.618,WY,0
2007.0,PJM,Wind,350.0,2,5.084,IL,0
2007.0,West,Wind,150.0,2,5.615,WY,0
2007.0,PJM,Gas,625.0,1,7.603,NJ,0
2007.0,PJM,Wind,140.0,2,2.431,IL,0
2007.0,Southeast,Other,200.0,2,4.162,GA,0
2007.0,West,Wind,75.0,2,5.292,WA,0
2007.0,NYISO,Gas,290.0,2,7.587,NY,0
2007.0,PJM,Other,9.2,1,2.157,PA,0
2007.0,ISO-NE,Other,353.0,2,4.923,MA,0
2007.0,CAISO,Other,40.0,2,0.969,CA,0
2007.0,CAISO,Other,40.0,2,0.249,CA,0
2007.0,NYISO,Wind,600.0,2,4.668,NY,0
2007.0,Southeast,Gas,666.7,2,0.821,AL,0
2007.0,MISO,Other,120.0,2,2.951,IL,0
2007.0,MISO,Wind,200.0,2,1.459,IN,0
2007.0,MISO,Wind,300.0,2,1.714,MN,0
2007.0,PJM,Other,20.0,1,2.721,PA,0
2007.0,PJM,Other,20.0,1,2.721,PA,0
2007.0,CAISO,Gas,500.0,2,0.482,CA,0
2007.0,Southeast,Gas,386.0,2,1.035,GA,0
2007.0,ISO-NE,Gas,285.0,2,2.111,RI,0
2007.0,West,Gas,213.0,1,2.598,MT,0
2007.0,West,Wind,150.0,2,6.198,WY,0
2007.0,ISO-NE,Other,1.6,2,2.527,MA,0
2007.0,NYISO,Gas,800.0,2,0.591,NY,0
2007.0,NYISO,Other,2.0,2,0.137,NY,0
2007.0,MISO,Nuclear,60.8,1,2.809,MN,0
2007.0,MISO,Other,60.0,1,1.391,MN,0
2007.0,West,Wind,100.0,1,0.972,MT,0
2007.0,MISO,Wind,56.0,2,0.89,MN,0
2007.0,MISO,Wind,150.0,1,1.259,IL,0
2007.0,CAISO,Other,29.0,2,6.976,CA,0
2007.0,PJM,Other,6.4,1,1.462,MI,0
2007.0,ISO-NE,Other,35.0,2,0.862,CT,0
2007.0,CAISO,Other,106.8,2,3.332,CA,0
2007.0,SPP,Wind,34.5,2,5.651,TX,0
2007.0,NYISO,Wind,244.8,2,8.632,NY,0
2007.0,CAISO,Gas,115.0,2,0.956,CA,0
2007.0,CAISO,Wind,150.0,2,0.956,CA,0
2007.0,PJM,Other,16.0,2,0.909,PA,0
2007.0,PJM,Other,32.5,2,0.186,PA,0
2007.0,PJM,Other,32.5,2,0.186,PA,0
2007.0,PJM,Gas,126.0,1,3.124,PA,0
2007.0,PJM,Nuclear,18.0,2,2.253,IL,0
2007.0,ISO-NE,Other,94.0,2,2.858,CT,0
2007.0,Southeast,Gas,386.0,2,0.997,GA,0
2007.0,PJM,Gas,10.0,1,1.782,PA,0
2007.0,PJM,Gas,600.0,2,2.004,NJ,0
2007.0,NYISO,Wind,124.8,2,3.863,NY,0
2007.0,West,Wind,80.0,2,0.537,WA,1
2007.0,CAISO,Solar,375.0,2,0.381,CA,0
2007.0,MISO,Other,1.0,1,2.782,MI,0
2007.0,MISO,Wind,200.0,2,1.547,MI,0
2007.0,NYISO,Gas,1080.0,2,1.3,NY,0
2007.0,CAISO,Solar,231.0,2,3.307,CA,0
2007.0,NYISO,Wind,299.0,2,0.553,NY,0
2007.0,CAISO,Solar,375.0,2,0.397,CA,0
2007.0,CAISO,Solar,375.0,2,0.438,CA,0
2007.0,West,Wind,100.0,2,0.501,ID,0
2007.0,MISO,Wind,150.0,2,1.895,MI,0
2007.0,MISO,Wind,150.0,2,1.895,MI,0
2007.0,MISO,Other,24.0,2,2.478,OH,0
2007.0,MISO,Gas,105.0,2,1.194,IN,0
2007.0,MISO,Other,67.0,1,4.433,OH,0
2007.0,SPP,Wind,424.0,1,8.986,OK,0
2007.0,CAISO,Solar,250.0,2,0.112,CA,0
2007.0,CAISO,Solar,250.0,2,0.901,CA,0
2007.0,CAISO,Solar,750.0,2,1.949,CA,0
2007.0,PJM,Wind,75.0,2,8.153,PA,0
2007.0,PJM,Wind,250.0,2,2.505,IL,0
2007.0,PJM,Wind,600.0,2,1.588,MD,0
2007.0,ISO-NE,Other,38.0,2,4.074,CT,0
2008.0,West,Wind,50.0,2,2.229,WA,0
2008.0,PJM,Wind,200.0,2,4.903,IL,0
2008.0,PJM,Gas,440.0,2,1.405,NJ,0
2008.0,PJM,Wind,200.0,2,4.903,IL,0
2008.0,PJM,Wind,200.0,1,2.82,IN,0
2008.0,PJM,Wind,200.0,1,2.825,IN,0
2008.0,CAISO,Other,5.2,2,0.934,CA,0
2008.0,ISO-NE,Other,20.0,2,1.708,NH,0
2008.0,ISO-NE,Wind,117.0,2,4.214,ME,0
2008.0,MISO,Wind,378.8,1,0.994,ND,0
2008.0,West,Wind,99.0,2,5.988,WY,0
2008.0,West,Wind,98.0,2,5.988,WY,0
2008.0,West,Wind,99.0,2,5.988,WY,0
2008.0,PJM,Other,700.0,2,0.402,PA,0
2008.0,PJM,Gas,20.0,1,0.898,PA,0
2008.0,West,Wind,200.0,2,2.735,WA,0
2008.0,PJM,Wind,300.0,2,7.047,OH,0
2008.0,PJM,Wind,150.0,1,8.873,OH,0
2008.0,PJM,Other,15.0,2,1.298,NJ,0
2008.0,PJM,Gas,325.0,2,6.708,MD,0
2008.0,PJM,Gas,225.0,2,6.708,MD,0
2008.0,MISO,Wind,99.0,1,3.88,IA,0
2008.0,MISO,Wind,100.0,2,1.823,IA,0
2008.0,MISO,Wind,100.0,2,1.823,IA,0
2008.0,MISO,Wind,100.0,2,2.951,IN,0
2008.0,PJM,Wind,300.0,2,10.675,OH,0
2008.0,MISO,Wind,249.6,2,6.749,IA,0
2008.0,PJM,Wind,250.0,2,7.833,IL,0
2008.0,MISO,Other,25.0,2,1.068,MN,0
2008.0,MISO,Wind,12.0,1,2.875,IA,0
2008.0,MISO,Wind,200.0,2,4.137,IN,0
2008.0,West,Wind,200.0,2,2.702,WA,0
2008.0,CAISO,Solar,300.0,2,1.892,CA,0
2008.0,PJM,Other,19.8,2,6.533,MD,0
2008.0,CAISO,Hybrid,132.0,0,17.952,CA,0
2008.0,CAISO,Solar,33.0,2,0.345,CA,0
2008.0,MISO,Wind,50.0,2,1.062,WI,0
2008.0,MISO,Wind,99.0,2,1.062,WI,0
2008.0,MISO,Wind,50.0,2,1.062,WI,0
2008.0,MISO,Wind,50.0,2,1.062,WI,0
2008.0,PJM,Wind,346.0,2,6.018,NJ,0
2008.0,SPP,Other,65.0,1,1.221,MO,0
2008.0,MISO,Wind,300.0,2,4.507,IA,0
2008.0,NYISO,Gas,100.0,2,0.463,NY,0
2008.0,CAISO,Solar,140.0,2,0.824,NV,1
2008.0,PJM,Gas,10.0,1,0.353,MD,0
2008.0,NYISO,Wind,120.0,2,1.205,NY,0
2008.0,SPP,Wind,101.2,1,1.886,OK,0
2008.0,West,Wind,500.0,2,7.463,WY,0
2008.0,PJM,Wind,100.0,2,8.652,IL,0
2008.0,SPP,Other,16.0,1,1.596,OK,0
2008.0,PJM,Other,140.0,2,1.667,OH,0
2008.0,PJM,Other,1.1,2,0.871,NJ,0
2008.0,PJM,Other,10.0,1,1.084,OH,0
2008.0,PJM,Gas,580.0,2,0.334,VA,0
2008.0,PJM,Other,6.0,1,5.908,PA,0
2008.0,ISO-NE,Gas,77.0,2,0.923,MA,0
2008.0,MISO,Wind,300.0,2,4.912,IA,0
2008.0,MISO,Wind,100.0,2,5.5,IA,0
2008.0,CAISO,Gas,27.0,2,2.992,CA,0
2008.0,MISO,Wind,200.0,2,4.047,IA,0
2008.0,MISO,Wind,300.0,2,3.242,IA,0
2008.0,PJM,Other,50.0,2,0.329,VA,0
2008.0,PJM,Other,90.0,2,1.459,PA,0
2008.0,PJM,Gas,230.0,2,0.268,NJ,0
2008.0,PJM,Wind,102.5,1,8.906,WV,0
2008.0,PJM,Other,20.0,2,5.325,PA,0
2008.0,NYISO,Solar,90.0,0,17.919,NY,0
2008.0,PJM,Wind,70.0,2,0.482,WV,0
2008.0,SPP,Gas,30.0,1,2.374,LA,1
2008.0,PJM,Other,1.8,2,0.246,PA,0
2008.0,PJM,Battery,20.0,2,1.563,DE,0
2008.0,PJM,Wind,20.0,2,0.383,NJ,0
2008.0,PJM,Wind,20.0,2,0.383,NJ,0
2008.0,PJM,Wind,200.0,2,4.925,IN,0
2008.0,PJM,Gas,1010.0,2,1.47,VA,0
2008.0,PJM,Battery,20.0,2,0.079,MD,0
2008.0,PJM,Battery,20.0,2,2.475,MD,0
2008.0,PJM,Wind,200.0,2,4.925,IN,0
2008.0,PJM,Nuclear,16.8,1,7.723,PA,0
2008.0,PJM,Battery,20.0,2,0.079,MD,0
2008.0,PJM,Gas,690.0,2,2.105,VA,1
2008.0,PJM,Gas,873.0,2,0.635,PA,0
2008.0,PJM,Gas,190.0,2,5.944,VA,0
2008.0,PJM,Other,11.0,2,1.336,OH,0
2008.0,PJM,Gas,930.0,1,10.798,PA,0
2008.0,PJM,Other,20.0,1,0.003,OH,0
2008.0,PJM,Battery,20.0,2,0.339,NJ,0
2008.0,PJM,Other,15.0,1,0.003,OH,0
2008.0,MISO,Wind,100.0,2,5.281,MN,0
2008.0,PJM,Other,20.0,1,0.003,OH,0
2008.0,ISO-NE,Other,10.3,2,1.169,VT,0
2008.0,West,Wind,150.0,1,7.819,CO,0
2008.0,MISO,Wind,18.0,2,0.274,IN,0
2008.0,NYISO,Nuclear,1660.0,2,1.881,NY,0
2008.0,CAISO,Gas,400.0,2,3.28,CA,0
2008.0,MISO,Wind,100.0,2,3.239,IA,0
2008.0,PJM,Gas,630.0,2,1.572,PA,0
2008.0,PJM,Wind,20.0,2,0.854,IL,0
2008.0,PJM,Gas,18.0,1,3.061,PA,0
2008.0,PJM,Gas,630.0,2,1.684,PA,0
2008.0,PJM,Gas,700.0,2,0.52,PA,0
2008.0,PJM,Gas,700.0,2,0.361,PA,0
2008.0,PJM,Gas,700.0,2,0.361,PA,0
2008.0,CAISO,Solar,500.0,2,0.717,CA,0
2008.0,West,Wind,210.0,2,3.663,WA,0
2008.0,PJM,Wind,500.0,2,0.572,IN,0
2008.0,MISO,Wind,20.0,1,1.717,MN,0
2008.0,SPP,Wind,60.0,2,6.261,TX,0
2008.0,MISO,Wind,400.0,2,4.424,IA,0
2008.0,MISO,Wind,501.0,2,2.45,IA,0
2008.0,MISO,Wind,250.5,2,3.253,IA,0
2008.0,MISO,Wind,501.0,2,3.253,IA,0
2008.0,West,Solar,2.0,2,3.398,OR,1
2008.0,SPP,Wind,60.0,2,3.362,NM,0
2008.0,CAISO,Solar,200.0,2,0.131,CA,0
2008.0,PJM,Other,110.0,2,1.418,NJ,0
2008.0,SPP,Wind,300.0,1,4.799,OK,0
2008.0,PJM,Other,110.0,2,1.418,NJ,0
2008.0,PJM,Other,80.0,2,2.787,NC,0
2008.0,PJM,Other,20.0,1,1.604,VA,0
2008.0,NYISO,Other,1000.0,2,1.342,NY,0
2008.0,NYISO,Other,1000.0,2,0.649,NY,0
2008.0,NYISO,Other,1000.0,2,2.776,NY,0
2008.0,NYISO,Other,1000.0,2,2.108,NY,0
2008.0,West,Wind,100.0,2,9.029,WY,0
2008.0,MISO,Gas,855.0,2,2.91,MN,0
2008.0,MISO,Wind,200.0,2,2.563,WI,0
2008.0,West,Wind,100.0,2,9.029,WY,0
2008.0,West,Wind,200.0,2,9.029,WY,0
2008.0,West,Wind,100.0,2,4.326,WY,0
2008.0,PJM,Other,4.0,2,0.405,OH,0
2008.0,PJM,Other,4.0,2,0.405,OH,0
2008.0,PJM,Gas,220.0,2,1.676,MD,0
2008.0,CAISO,Wind,500.0,2,0.665,MX,0
2008.0,CAISO,Solar,50.0,1,5.024,CA,0
2008.0,NYISO,Wind,101.2,2,3.253,NY,0
2008.0,PJM,Wind,50.0,2,1.911,PA,0
2008.0,PJM,Wind,250.0,2,2.366,IL,0
2008.0,West,Gas,675.0,2,1.243,CO,1
2008.0,SPP,Wind,150.0,2,2.762,TX,0
2008.0,NYISO,Other,1000.0,2,0.118,NY,0
2008.0,Southeast,Other,8.2,2,3.493,GA,0
2008.0,MISO,Wind,101.0,2,1.706,WI,0
2008.0,SPP,Wind,248.0,2,4.671,TX,0
2008.0,West,Wind,300.0,2,3.532,CO,0
2008.0,West,Wind,3.0,1,3.721,OR,0
2008.0,NYISO,Other,1.6,1,5.569,NY,0
2008.0,CAISO,Gas,611.0,2,2.746,CA,0
2008.0,MISO,Wind,19.5,2,3.682,ND,0
2008.0,MISO,Wind,60.0,2,2.042,ND,0
2008.0,ISO-NE,Wind,19.5,2,1.459,ME,0
2008.0,CAISO,Solar,100.0,2,0.12,CA,0
2008.0,CAISO,Gas,200.0,2,0.695,CA,0
2008.0,CAISO,Solar,100.0,2,0.12,CA,0
2008.0,CAISO,Solar,100.0,2,0.12,CA,0
2008.0,CAISO,Solar,100.0,2,3.031,CA,0
2008.0,CAISO,Solar,100.0,2,0.12,CA,0
2008.0,CAISO,Solar,100.0,2,0.12,CA,0
2008.0,CAISO,Solar,100.0,2,0.153,CA,0
2008.0,ISO-NE,Other,269.0,2,1.224,CT,0
2008.0,CAISO,Solar,100.0,2,0.12,CA,0
2008.0,CAISO,Solar,100.0,2,0.12,CA,0
2008.0,CAISO,Solar,100.0,2,3.031,CA,0
2008.0,CAISO,Solar,100.0,2,0.12,CA,0
2008.0,CAISO,Solar,100.0,2,0.12,CA,0
2008.0,CAISO,Solar,100.0,2,0.12,CA,0
2008.0,SPP,Wind,300.0,2,2.891,KS,0
2008.0,West,Solar,30.0,1,2.327,NM,0
2008.0,West,Solar,300.0,0,17.804,CA,0
2008.0,CAISO,Gas,100.0,1,5.136,CA,0
2008.0,West,Wind,78.0,2,1.78,MT,0
2008.0,MISO,Wind,300.0,2,4.148,SD,0
2008.0,SPP,Wind,250.0,1,5.741,KS,0
2008.0,SPP,Wind,300.0,2,6.004,OK,0
2008.0,MISO,Other,42.0,1,2.289,IL,0
2008.0,MISO,Other,42.0,1,3.54,IL,0
2008.0,PJM,Other,2.0,1,0.791,VA,0
2008.0,CAISO,Gas,611.0,2,2.724,CA,0
2008.0,CAISO,Wind,100.0,2,2.724,CA,0
2008.0,MISO,Wind,500.0,2,3.622,IA,0
2008.0,MISO,Wind,200.0,2,3.622,IA,0
2008.0,MISO,Wind,200.0,2,2.779,IA,0
2008.0,MISO,Wind,99.0,2,0.654,IL,0
2008.0,MISO,Wind,400.0,2,0.654,WI,0
2008.0,MISO,Wind,200.0,2,3.869,ND,0
2008.0,MISO,Other,52.0,1,3.195,OH,0
2008.0,MISO,Other,330.0,1,2.697,OH,0
2008.0,PJM,Wind,100.0,2,5.703,IL,0
2008.0,West,Other,0.8,0,17.771,WA,0
2008.0,PJM,Other,2.0,1,0.86,MD,0
2008.0,SPP,Nuclear,42.0,1,3.143,KS,0
2008.0,PJM,Wind,130.0,2,3.792,PA,0
2008.0,PJM,Wind,200.0,2,1.131,PA,0
2008.0,PJM,Gas,27.0,1,4.835,IL,1
2008.0,CAISO,Solar,100.0,2,0.077,CA,0
2008.0,CAISO,Solar,100.0,2,0.654,CA,0
2008.0,CAISO,Solar,100.0,2,0.077,CA,0
2008.0,CAISO,Solar,100.0,2,0.077,CA,0
2008.0,NYISO,Wind,73.5,2,2.511,NY,0
2008.0,CAISO,Solar,100.0,2,0.077,CA,0
2008.0,NYISO,Wind,79.2,2,4.26,NY,0
2008.0,CAISO,Solar,250.0,2,0.077,CA,0
2008.0,NYISO,Wind,199.5,2,1.032,NY,0
2008.0,PJM,Wind,350.0,2,6.294,NJ,0
2008.0,West,Wind,90.0,0,17.76,,0
2008.0,SPP,Wind,150.0,1,4.676,OK,0
2008.0,SPP,Wind,299.6,1,7.633,NM,0
2008.0,CAISO,Solar,264.0,2,0.657,CA,0
2008.0,MISO,Wind,19.5,2,3.625,MT,0
2008.0,MISO,Wind,20.0,2,0.123,ND,0
2008.0,PJM,Gas,950.0,2,1.829,PA,0
2008.0,CAISO,Solar,231.0,2,0.657,CA,0
2008.0,CAISO,Solar,264.0,2,0.657,CA,0
2008.0,CAISO,Solar,33.0,2,0.657,CA,0
2008.0,NYISO,Wind,120.0,2,0.851,NY,0
2008.0,CAISO,Solar,33.0,2,0.657,CA,0
2008.0,ISO-NE,Wind,2.0,2,1.5,NH,0
2008.0,West,Wind,55.5,2,4.715,WY,0
2008.0,MISO,Wind,99.0,2,0.556,WI,0
2008.0,PJM,Gas,586.0,2,0.769,IN,0
2008.0,PJM,Wind,151.8,2,4.81,OH,0
2008.0,PJM,Wind,48.3,1,9.621,OH,0
2008.0,MISO,Wind,150.0,1,2.669,IL,0
2008.0,CAISO,Gas,99.0,2,0.085,CA,1
2008.0,ISO-NE,Other,20.0,2,4.909,NH,0
2008.0,CAISO,Gas,195.9,1,4.238,CA,1
2008.0,SPP,Wind,101.2,2,3.055,KS,0
2008.0,PJM,Other,18.0,1,3.211,NJ,0
2008.0,PJM,Other,20.0,2,1.306,NJ,0
2008.0,CAISO,Solar,75.0,2,0.624,CA,0
2008.0,PJM,Other,1.6,1,3.143,PA,0
2008.0,MISO,Wind,200.0,2,3.97,IN,0
2008.0,MISO,Wind,200.0,2,0.608,IN,0
2008.0,MISO,Wind,200.0,2,0.608,IN,0
2008.0,West,Wind,250.0,2,4.14,CO,0
2008.0,West,Gas,345.0,1,4.14,ID,0
2008.0,NYISO,Wind,220.0,2,4.296,NY,0
2008.0,NYISO,Wind,440.0,2,4.296,NY,0
2008.0,PJM,Other,35.0,2,1.782,PA,0
2008.0,PJM,Other,10.0,2,1.867,WV,0
2008.0,PJM,Other,10.0,2,1.867,PA,0
2008.0,ISO-NE,Wind,250.0,2,5.388,ME,0
2008.0,West,Wind,100.0,2,4.734,CO,0
2008.0,PJM,Gas,10.0,1,2.875,PA,0
2008.0,PJM,Other,30.0,2,1.782,PA,0
2008.0,PJM,Other,14.0,2,0.411,PA,0
2008.0,PJM,Other,15.0,2,1.525,PA,0
2008.0,PJM,Other,10.0,2,1.311,PA,0
2008.0,PJM,Other,10.0,2,1.276,WV,0
2008.0,PJM,Other,16.0,2,1.867,PA,0
2008.0,PJM,Other,12.0,2,5.238,WV,0
2008.0,PJM,Other,12.0,2,1.782,PA,0
2008.0,PJM,Other,16.0,2,1.276,PA,0
2008.0,PJM,Other,8.0,2,0.575,PA,0
2008.0,NYISO,Wind,280.0,2,0.69,NY,0
2008.0,PJM,Other,10.0,2,1.867,PA,0
2008.0,PJM,Other,10.0,2,1.867,PA,0
2008.0,MISO,Gas,860.0,2,1.081,WI,0
2008.0,MISO,Wind,300.0,2,1.347,MN,0
2008.0,MISO,Wind,100.0,2,3.14,IL,0
2008.0,CAISO,Gas,10.0,2,0.608,CA,0
2008.0,PJM,Other,150.0,2,1.673,PA,0
2008.0,MISO,Wind,49.6,1,2.705,ND,0
2008.0,SPP,Wind,250.5,2,2.984,OK,0
2008.0,CAISO,Solar,26.0,1,4.821,CA,0
2008.0,West,Wind,100.0,1,0.619,MT,0
2008.0,PJM,Other,20.0,1,0.493,PA,0
2008.0,PJM,Wind,100.0,2,4.709,IN,0
2008.0,PJM,Wind,150.0,2,4.709,IN,0
2008.0,CAISO,Gas,50.0,2,0.605,CA,0
2008.0,CAISO,Solar,20.0,1,4.876,CA,0
2008.0,MISO,Wind,41.0,1,7.48,IA,0
2008.0,MISO,Wind,182.0,2,0.134,IA,0
2008.0,MISO,Wind,150.0,1,2.691,IA,0
2008.0,MISO,Wind,36.0,1,3.691,IA,0
2008.0,CAISO,Gas,525.0,2,0.591,CA,0
2008.0,MISO,Wind,250.0,2,4.679,MN,0
2008.0,CAISO,Solar,40.0,2,0.575,CA,0
2008.0,CAISO,Solar,40.0,2,0.575,CA,0
2008.0,CAISO,Gas,49.0,2,0.586,CA,0
2008.0,CAISO,Gas,49.0,2,0.586,CA,0
2008.0,CAISO,Gas,49.0,2,0.586,CA,0
2008.0,CAISO,Gas,49.0,2,0.586,CA,0
2008.0,CAISO,Solar,50.0,2,2.215,CA,0
2008.0,CAISO,Solar,30.0,2,0.575,CA,0
2008.0,CAISO,Solar,40.0,2,2.215,CA,0
2008.0,CAISO,Solar,80.0,2,2.215,CA,0
2008.0,CAISO,Solar,40.0,1,9.591,CA,0
2008.0,CAISO,Solar,100.0,2,2.612,CA,0
2008.0,CAISO,Solar,100.0,2,0.564,CA,0
2008.0,PJM,Other,20.0,1,0.92,VA,0
2008.0,MISO,Wind,150.0,1,3.671,WI,0
2008.0,PJM,Other,20.0,1,1.424,VA,0
2008.0,PJM,Other,20.0,1,1.424,VA,0
2008.0,PJM,Battery,20.0,2,0.326,DE,0
2008.0,MISO,Wind,150.0,2,4.156,MN,0
2008.0,MISO,Wind,200.0,2,4.315,IA,0
2008.0,MISO,Wind,150.0,2,2.683,MN,0
2008.0,MISO,Wind,100.0,2,4.156,MN,0
2008.0,MISO,Wind,200.0,2,6.475,SD,0
2008.0,MISO,Wind,200.0,2,0.553,IN,0
2008.0,MISO,Wind,300.0,2,0.553,IN,0
2008.0,MISO,Wind,200.0,2,0.553,IN,0
2008.0,PJM,Gas,100.0,2,0.611,NJ,0
2008.0,PJM,Other,4.0,2,1.974,IL,0
2008.0,CAISO,Solar,100.0,2,0.559,CA,0
2008.0,MISO,Wind,138.6,1,2.667,IA,0
2008.0,CAISO,Solar,350.0,2,0.572,CA,0
2008.0,CAISO,Gas,200.0,2,0.194,CA,0
2008.0,CAISO,Solar,200.0,2,0.569,CA,0
2008.0,CAISO,Solar,300.0,2,0.569,CA,0
2008.0,West,Wind,51.0,1,2.453,CO,0
2008.0,CAISO,Solar,700.0,2,2.185,CA,0
2008.0,CAISO,Solar,700.0,2,0.545,CA,0
2008.0,ISO-NE,Gas,27.0,2,2.261,RI,0
2008.0,ISO-NE,Wind,450.0,2,0.808,RI,0
2008.0,MISO,Other,455.0,1,5.648,ND,0
2008.0,CAISO,Hybrid,507.0,1,14.125,CA,0
2008.0,SPP,Wind,99.0,1,3.598,OK,0
2008.0,NYISO,Wind,100.5,2,1.218,NY,0
2008.0,CAISO,Gas,115.5,2,0.468,CA,1
2008.0,CAISO,Solar,50.0,2,0.537,CA,0
2008.0,West,Gas,450.0,0,17.637,OR,0
2008.0,West,Gas,450.0,0,17.634,OR,1
2008.0,PJM,Wind,200.0,2,0.961,IL,0
2008.0,PJM,Gas,1010.0,2,0.55,NJ,0
2008.0,MISO,Wind,200.0,2,3.472,IN,0
2008.0,PJM,Gas,1010.0,2,0.55,NJ,0
2008.0,MISO,Wind,150.0,2,4.312,IN,0
2008.0,MISO,Wind,48.0,2,1.744,WI,0
2008.0,MISO,Gas,135.0,2,0.055,OH,0
2008.0,SPP,Wind,197.8,1,3.789,OK,0
2008.0,MISO,Wind,299.0,2,3.754,MN,0
2008.0,SPP,Wind,263.1,1,6.626,OK,0
2008.0,SPP,Wind,200.0,2,5.038,OK,0
2008.0,CAISO,Other,1300.0,2,0.441,CA,0
2008.0,PJM,Other,8.0,1,3.619,VA,0
2008.0,CAISO,Gas,150.0,2,0.515,CA,0
2008.0,NYISO,Wind,19.9,2,1.873,NY,0
2008.0,ISO-NE,Gas,221.6,2,0.471,,0
2008.0,CAISO,Gas,390.4,2,0.517,CA,0
2008.0,MISO,Wind,160.0,2,3.332,MN,0
2008.0,MISO,Wind,180.0,2,0.323,MN,0
2008.0,West,Wind,500.0,2,4.668,CO,0
2008.0,CAISO,Solar,20.0,2,5.306,CA,0
2008.0,MISO,Wind,300.0,2,3.756,MN,0
2008.0,MISO,Other,15.0,2,0.156,ND,0
2008.0,NYISO,Wind,57.0,2,2.275,NY,0
2008.0,PJM,Wind,100.0,2,11.483,PA,0
2008.0,ISO-NE,Other,6.0,2,3.463,RI,0
2008.0,CAISO,Gas,337.5,2,0.512,CA,0
2008.0,PJM,Wind,200.0,2,0.438,VA,0
2008.0,PJM,Wind,85.0,2,3.641,PA,0
2008.0,PJM,Gas,900.0,2,0.624,WV,0
2008.0,CAISO,Gas,315.0,2,0.501,CA,0
2008.0,CAISO,Gas,49.0,2,0.498,CA,0
2008.0,ISO-NE,Wind,385.0,2,1.823,RI,0
2008.0,MISO,Wind,30.0,2,0.575,WI,0
2008.0,CAISO,Gas,600.0,2,2.53,CA,0
2008.0,CAISO,Gas,49.9,2,0.498,CA,0
2008.0,CAISO,Hybrid,123.0,0,17.593,CA,1
2008.0,CAISO,Gas,600.0,2,0.498,CA,1
2008.0,CAISO,Solar,612.0,2,0.561,CA,0
2008.0,PJM,Wind,30.0,2,0.531,OH,0
2008.0,PJM,Wind,50.0,2,0.528,PA,0
2008.0,PJM,Other,4.0,2,0.739,WV,0
2008.0,PJM,Other,135.0,2,6.689,OH,0
2008.0,CAISO,Solar,240.0,2,1.528,NV,1
2008.0,CAISO,Solar,900.0,2,1.432,CA,0
2008.0,CAISO,Solar,600.0,2,1.432,CA,0
2008.0,CAISO,Solar,600.0,2,2.815,CA,0
2008.0,CAISO,Solar,900.0,2,2.815,AZ,0
2008.0,CAISO,Solar,900.0,2,2.815,AZ,0
2008.0,CAISO,Solar,900.0,2,1.555,AZ,1
2008.0,CAISO,Solar,300.0,2,1.555,AZ,1
2008.0,CAISO,Other,15.0,2,2.694,CA,0
2008.0,CAISO,Other,15.0,2,2.694,CA,0
2008.0,CAISO,Other,60.7,2,2.697,NV,0
2008.0,CAISO,Other,15.0,2,2.694,CA,0
2008.0,CAISO,Solar,290.0,2,1.528,CA,0
2008.0,CAISO,Gas,85.0,2,6.472,CA,0
2008.0,CAISO,Other,52.5,2,0.496,NV,0
2008.0,MISO,Gas,135.0,0,17.591,OH,0
2008.0,CAISO,Other,60.7,2,2.697,NV,0
2008.0,CAISO,Other,60.7,2,2.697,NV,0
2008.0,CAISO,Other,60.7,2,2.815,NV,0
2008.0,CAISO,Solar,145.0,2,0.457,CA,0
2008.0,CAISO,Other,52.5,2,0.496,NV,0
2008.0,CAISO,Solar,250.0,2,0.493,CA,0
2008.0,CAISO,Solar,250.0,2,1.552,CA,0
2008.0,CAISO,Solar,250.0,2,0.493,NV,1
2008.0,CAISO,Gas,400.0,2,0.49,CA,0
2008.0,CAISO,Solar,100.0,1,10.437,CA,0
2008.0,CAISO,Solar,250.0,1,6.053,CA,0
2008.0,CAISO,Solar,49.5,2,0.493,CA,0
2008.0,CAISO,Solar,250.0,2,0.493,CA,0
2008.0,CAISO,Solar,49.5,2,0.493,CA,0
2008.0,CAISO,Solar,250.0,2,0.493,CA,0
2008.0,CAISO,Solar,280.0,2,0.479,CA,0
2008.0,CAISO,Solar,250.0,2,2.809,CA,0
2008.0,CAISO,Solar,250.0,2,0.493,CA,0
2008.0,CAISO,Solar,250.0,2,2.891,CA,0
2008.0,CAISO,Solar,500.0,2,0.493,CA,0
2008.0,CAISO,Solar,500.0,2,0.493,CA,0
2008.0,CAISO,Solar,250.0,2,2.891,AZ,0
2008.0,CAISO,Solar,250.0,2,0.493,AZ,1
2008.0,CAISO,Wind,350.0,2,0.402,CA,0
2008.0,CAISO,Wind,500.0,2,0.493,CA,0
2008.0,CAISO,Solar,280.0,2,0.479,CA,0
2008.0,CAISO,Gas,188.0,2,0.493,CA,0
2008.0,CAISO,Solar,280.0,2,0.479,CA,0
2008.0,CAISO,Solar,280.0,2,0.479,CA,0
2008.0,CAISO,Wind,14.0,2,5.514,CA,0
2008.0,CAISO,Solar,150.0,2,2.606,CA,0
2008.0,CAISO,Solar,49.5,2,1.533,CA,0
2008.0,CAISO,Solar,125.0,1,6.166,CA,0
2008.0,CAISO,Wind,150.0,2,3.904,CA,0
2008.0,CAISO,Solar,1150.0,2,0.493,CA,0
2008.0,CAISO,Gas,450.0,2,0.222,CA,0
2008.0,CAISO,Solar,30.0,2,2.524,CA,0
2008.0,CAISO,Gas,49.0,2,0.49,CA,0
2008.0,CAISO,Gas,600.0,2,0.222,CA,0
2008.0,CAISO,Gas,49.8,2,0.162,CA,0
2008.0,CAISO,Wind,130.0,2,0.493,CA,0
2008.0,CAISO,Solar,700.0,2,0.145,CA,0
2008.0,CAISO,Gas,49.0,2,0.49,CA,0
2008.0,CAISO,Gas,49.0,2,0.49,CA,0
2008.0,CAISO,Gas,49.0,2,0.49,CA,0
2008.0,West,Wind,151.2,2,6.256,OR,0
2008.0,CAISO,Hybrid,64.5,1,15.822,CA,0
2008.0,CAISO,Gas,49.0,2,0.49,CA,0
2008.0,CAISO,Other,50.0,2,0.493,CA,0
2008.0,CAISO,Solar,310.0,1,7.023,CA,0
2008.0,CAISO,Solar,450.0,2,0.493,CA,0
2008.0,CAISO,Solar,49.5,2,0.493,CA,0
2008.0,SPP,Wind,161.0,1,6.587,TX,0
2008.0,CAISO,Solar,49.5,2,0.493,CA,0
2008.0,CAISO,Solar,500.0,2,0.493,CA,0
2008.0,CAISO,Wind,1150.0,2,0.493,CA,0
2008.0,CAISO,Solar,250.0,2,0.556,CA,0
2008.0,CAISO,Gas,49.0,2,0.49,CA,0
2008.0,CAISO,Solar,276.0,1,7.069,CA,0
2008.0,CAISO,Solar,100.0,2,0.164,CA,0
2008.0,CAISO,Hybrid,430.0,1,8.225,NV,1
2008.0,CAISO,Solar,40.0,2,0.482,CA,0
2008.0,CAISO,Solar,840.0,2,0.485,CA,0
2008.0,CAISO,Solar,58.8,2,0.482,CA,0
2008.0,CAISO,Solar,50.0,2,0.164,CA,0
2008.0,CAISO,Solar,58.8,2,0.482,CA,0
2008.0,CAISO,Solar,40.0,2,0.482,CA,0
2008.0,CAISO,Solar,141.0,2,2.801,CA,0
2008.0,CAISO,Solar,50.0,2,0.482,CA,0
2008.0,CAISO,Solar,40.0,2,0.274,CA,0
2008.0,CAISO,Solar,40.0,2,0.274,CA,0
2008.0,CAISO,Solar,55.0,2,0.485,CA,0
2008.0,CAISO,Solar,84.0,2,0.485,CA,0
2008.0,CAISO,Solar,250.0,2,0.485,AZ,0
2008.0,CAISO,Solar,290.0,1,6.021,AZ,0
2008.0,CAISO,Gas,730.0,2,0.479,CA,0
2008.0,NYISO,Other,14.4,2,0.846,NY,0
2008.0,MISO,Wind,200.0,2,1.714,MO,0
2008.0,ISO-NE,Other,0.8,2,0.099,NH,0
2008.0,Southeast,Gas,520.0,2,0.674,GA,0
2008.0,PJM,Wind,60.0,1,6.461,MD,0
2008.0,PJM,Solar,1.3,2,3.754,PA,0
2008.0,MISO,Wind,71.0,2,0.342,IA,0
2008.0,West,Wind,198.0,2,3.357,CO,0
2008.0,MISO,Wind,81.0,2,0.178,IA,0
2008.0,PJM,Wind,20.0,2,0.487,MD,0
2008.0,PJM,Other,30.0,2,2.207,VA,0
2008.0,West,Other,18.0,1,1.64,ID,0
2008.0,MISO,Wind,40.0,2,3.332,MN,0
2008.0,MISO,Wind,40.0,2,4.038,MN,0
2008.0,MISO,Wind,45.0,2,5.766,MN,0
2008.0,MISO,Wind,50.0,2,1.793,MN,0
2008.0,MISO,Wind,50.0,2,1.793,MN,0
2008.0,MISO,Wind,50.0,2,3.332,MN,0
2008.0,MISO,Wind,40.0,2,4.038,MN,0
2008.0,MISO,Wind,40.0,2,2.565,MN,0
2008.0,MISO,Wind,50.0,2,3.332,MN,0
2008.0,West,Gas,650.0,2,1.818,CO,0
2008.0,MISO,Wind,200.0,2,4.038,MN,0
2008.0,MISO,Wind,45.0,2,4.038,MN,0
2008.0,MISO,Wind,50.0,2,5.766,MN,0
2008.0,MISO,Wind,40.0,2,1.793,MN,0
2008.0,MISO,Wind,100.0,2,2.565,MN,0
2008.0,MISO,Wind,50.0,2,3.332,MN,0
2008.0,MISO,Wind,40.0,2,2.565,MN,0
2008.0,MISO,Wind,75.0,2,2.565,MN,0
2008.0,PJM,Gas,650.0,2,1.18,NJ,0
2008.0,MISO,Wind,35.0,2,4.038,MN,0
2008.0,PJM,Wind,166.4,2,11.477,OH,0
2008.0,PJM,Wind,201.0,2,2.119,OH,0
2008.0,MISO,Wind,270.0,2,0.597,MN,0
2008.0,MISO,Wind,39.0,2,5.99,MN,0
2008.0,MISO,Wind,39.0,2,5.974,MN,0
2008.0,MISO,Wind,40.0,2,0.353,MN,0
2008.0,MISO,Wind,39.0,2,0.372,MN,0
2008.0,ISO-NE,Other,12.5,2,4.561,MA,0
2008.0,MISO,Wind,40.0,2,3.899,MN,0
2008.0,MISO,Wind,70.0,2,0.37,MN,0
2008.0,MISO,Wind,55.0,2,4.025,MN,0
2008.0,MISO,Wind,85.0,2,2.552,MN,0
2008.0,MISO,Wind,40.0,2,1.703,MN,0
2008.0,MISO,Wind,200.0,2,0.115,MN,0
2008.0,MISO,Wind,100.0,2,4.022,MN,0
2008.0,MISO,Wind,47.5,2,4.022,MN,0
2008.0,ISO-NE,Wind,34.0,2,0.816,VT,0
2008.0,MISO,Wind,74.0,2,1.413,MI,0
2008.0,MISO,Wind,250.0,2,2.869,IA,0
2008.0,MISO,Wind,121.0,1,3.529,IA,0
2008.0,PJM,Wind,20.0,2,0.422,NJ,0
2008.0,PJM,Wind,20.0,2,10.724,NJ,0
2008.0,West,Wind,120.0,2,1.169,ID,0
2008.0,MISO,Wind,200.0,2,0.441,IL,0
2008.0,West,Wind,450.0,2,1.582,CO,0
2008.0,West,Other,14.0,2,5.711,OR,0
2008.0,West,Wind,200.0,2,1.188,CO,0
2008.0,West,Wind,400.0,2,4.025,CO,0
2008.0,PJM,Gas,640.0,2,0.438,NJ,0
2008.0,PJM,Gas,800.0,2,0.939,PA,0
2008.0,MISO,Wind,200.0,2,0.304,IL,0
2008.0,PJM,Wind,80.0,2,0.731,VA,0
2008.0,PJM,Wind,60.0,2,2.533,VA,0
2008.0,PJM,Wind,100.0,2,2.533,VA,0
2008.0,PJM,Gas,640.0,2,2.628,NJ,0
2008.0,ISO-NE,Other,175.0,2,0.706,CT,0
2008.0,MISO,Wind,201.0,1,3.017,MN,0
2008.0,PJM,Other,2.6,2,5.673,PA,0
2008.0,NYISO,Other,3.0,2,0.301,NY,0
2008.0,West,Wind,12.0,1,1.35,WA,1
2008.0,PJM,Wind,89.1,2,5.112,PA,0
2008.0,PJM,Other,88.7,2,2.283,VA,0
2008.0,MISO,Wind,200.0,2,4.055,MN,0
2008.0,MISO,Wind,500.0,2,2.842,ND,0
2008.0,PJM,Other,47.6,2,2.283,VA,0
2008.0,PJM,Wind,500.0,2,2.053,IL,0
2008.0,West,Wind,200.5,2,4.832,WY,0
2008.0,MISO,Wind,200.0,2,2.834,ND,0
2008.0,MISO,Wind,200.0,2,4.14,IA,0
2008.0,PJM,Wind,50.0,1,1.402,MD,0
2008.0,PJM,Other,5.0,2,0.772,NJ,0
2008.0,PJM,Solar,2.0,1,3.431,NJ,0
2008.0,ISO-NE,Wind,8.5,2,0.764,VT,0
2008.0,MISO,Wind,299.2,2,3.981,MO,0
2008.0,PJM,Wind,187.5,2,4.997,OH,0
2008.0,PJM,Gas,5.0,1,5.481,PA,0
2008.0,PJM,Other,1000.0,2,1.103,NJ,0
2008.0,MISO,Wind,300.0,2,1.514,IN,0
2008.0,PJM,Wind,250.0,2,2.037,IL,0
2008.0,CAISO,Gas,16.3,2,0.348,CA,0
2008.0,PJM,Wind,200.0,2,3.431,OH,0
2008.0,NYISO,Wind,80.0,2,1.708,NY,0
2008.0,PJM,Other,2.5,1,0.457,PA,0
2008.0,NYISO,Wind,120.0,2,0.438,NY,0
2008.0,MISO,Wind,150.0,2,2.075,ND,0
2008.0,West,Wind,200.0,2,3.091,CO,0
2008.0,MISO,Wind,200.0,2,0.381,IL,0
2008.0,MISO,Wind,60.0,2,1.536,WI,0
2008.0,NYISO,Gas,700.0,2,0.726,NY,0
2008.0,ISO-NE,Other,1000.0,2,2.702,ME,0
2008.0,West,Wind,5.0,1,0.37,MT,0
2008.0,West,Wind,100.0,2,3.91,WY,0
2008.0,PJM,Wind,7.5,2,0.947,PA,0
2008.0,PJM,Wind,56.0,2,2.396,PA,0
2008.0,PJM,Wind,130.0,2,5.473,VA,0
2008.0,PJM,Wind,139.4,1,4.413,PA,0
2008.0,PJM,Wind,249.8,1,12.402,OH,0
2008.0,PJM,Wind,200.0,2,0.6,VA,0
2008.0,West,Wind,300.0,2,1.328,CO,0
2008.0,West,Wind,400.0,2,12.249,CO,0
2008.0,West,Wind,400.0,2,1.314,CO,0
2008.0,MISO,Wind,101.0,2,0.29,OH,0
2008.0,PJM,Gas,650.0,2,4.027,PA,0
2008.0,PJM,Gas,636.0,2,0.72,PA,0
2008.0,MISO,Other,5.0,1,2.85,OH,0
2008.0,PJM,Other,10.0,2,5.454,PA,0
2008.0,MISO,Other,60.0,1,2.434,MN,0
2008.0,MISO,Wind,99.0,1,2.426,IL,0
2008.0,SPP,Wind,98.9,1,3.261,KS,0
2008.0,PJM,Gas,400.0,2,0.339,MD,0
2008.0,PJM,Gas,400.0,2,0.339,MD,0
2008.0,PJM,Gas,600.0,2,0.339,MD,0
2008.0,PJM,Other,134.0,2,3.953,KY,0
2008.0,CAISO,Solar,20.0,2,5.114,CA,0
2008.0,CAISO,Solar,20.0,2,5.114,CA,0
2008.0,PJM,Other,11.4,2,0.709,PA,0
2008.0,PJM,Gas,600.0,2,0.339,MD,0
2008.0,PJM,Gas,600.0,2,2.552,IL,0
2008.0,West,Other,25.0,2,6.99,WA,0
2008.0,West,Other,25.0,2,6.99,WA,0
2008.0,West,Other,25.0,2,6.99,WA,0
2008.0,PJM,Other,1.5,2,0.279,PA,0
2008.0,PJM,Wind,200.0,1,6.24,IN,0
2008.0,PJM,Gas,1320.0,2,1.073,NJ,0
2008.0,PJM,Gas,700.0,2,1.333,PA,0
2008.0,PJM,Wind,100.0,2,3.68,IN,0
2008.0,PJM,Other,20.0,2,4.099,IL,0
2008.0,PJM,Wind,100.0,2,3.68,IN,0
2008.0,PJM,Solar,19.0,2,1.09,NJ,0
2008.0,ISO-NE,Other,36.7,2,11.201,MA,0
2008.0,MISO,Wind,550.0,2,2.746,SD,0
2008.0,MISO,Wind,120.6,2,3.324,IA,0
2008.0,ISO-NE,Other,29.5,2,4.186,VT,0
2008.0,SPP,Wind,201.0,1,6.396,NE,0
2008.0,CAISO,Other,11.0,1,2.078,CA,0
2008.0,PJM,Battery,1.0,2,10.125,PA,0
2008.0,SPP,Wind,50.6,2,6.73,TX,0
2008.0,West,Other,0.6,1,0.969,WA,0
2008.0,PJM,Wind,200.0,1,4.37,IN,0
2008.0,MISO,Wind,200.0,2,0.805,IA,0
2008.0,PJM,Other,1.6,2,5.139,MD,0
2008.0,PJM,Other,2.0,1,3.546,MD,0
2008.0,MISO,Wind,150.0,2,3.91,MN,0
2008.0,PJM,Other,595.0,2,1.67,PA,0
2008.0,PJM,Other,200.0,2,1.67,PA,0
2008.0,SPP,Wind,200.5,1,7.283,KS,0
2008.0,MISO,Wind,200.0,1,4.367,IL,0
2008.0,NYISO,Gas,617.2,1,3.277,NY,0
2008.0,West,Wind,800.0,2,4.383,CO,0
2008.0,West,Wind,200.0,2,5.095,CO,0
2008.0,West,Wind,100.0,2,0.953,CO,1
2008.0,SPP,Wind,99.5,1,7.272,KS,0
2008.0,PJM,Wind,120.0,2,0.545,PA,0
2008.0,MISO,Gas,50.0,2,5.202,MN,0
2008.0,West,Wind,300.0,2,1.202,CO,0
2008.0,PJM,Wind,125.0,2,0.528,PA,0
2008.0,PJM,Wind,85.0,2,0.528,PA,0
2008.0,ISO-NE,Wind,30.0,2,6.023,VT,0
2008.0,West,Wind,488.0,0,17.322,OR,1
2008.0,PJM,Gas,550.0,2,0.471,VA,0
2008.0,West,Wind,500.0,2,4.4,CO,0
2008.0,NYISO,Gas,650.0,2,0.665,NY,0
2008.0,ISO-NE,Other,695.0,2,0.422,CT,0
2008.0,CAISO,Solar,20.0,1,4.485,CA,0
2008.0,CAISO,Solar,19.9,2,2.943,CA,0
2008.0,West,Wind,201.0,0,17.29,OR,0
2008.0,PJM,Wind,20.0,2,0.457,PA,0
2008.0,PJM,Other,4.0,2,2.081,PA,0
2008.0,NYISO,Gas,1136.0,2,6.272,NY,0
2008.0,NYISO,Wind,79.2,2,0.534,NY,0
2008.0,PJM,Gas,100.0,2,13.593,IL,0
2008.0,NYISO,Wind,150.0,2,2.497,NY,0
2008.0,ISO-NE,Other,30.0,2,0.392,VT,0
2008.0,PJM,Solar,14.0,2,0.392,NJ,0
2008.0,PJM,Gas,720.0,2,0.397,PA,0
2008.0,PJM,Wind,80.0,2,3.406,WV,0
2008.0,ISO-NE,Wind,180.0,2,1.977,NH,0
2008.0,ISO-NE,Wind,85.0,2,1.478,VT,0
2008.0,NYISO,Other,1000.0,2,0.712,NY,0
2008.0,CAISO,Wind,20.0,2,1.049,CA,0
2008.0,SPP,Wind,60.0,1,1.229,NE,0
2008.0,West,Solar,100.0,2,2.261,CO,0
2008.0,West,Solar,200.0,2,1.925,CO,0
2008.0,West,Wind,500.0,2,4.961,CO,0
2008.0,ISO-NE,Other,49.7,2,2.7,MA,0
2008.0,MISO,Wind,150.0,2,2.984,MN,0
2008.0,West,Solar,34.0,2,2.073,CO,0
2008.0,MISO,Wind,200.0,2,0.49,IN,0
2008.0,MISO,Wind,100.0,2,2.166,IL,0
2008.0,NYISO,Other,47.0,2,3.269,NY,0
2008.0,West,Wind,400.0,2,2.735,CO,0
2008.0,CAISO,Other,9.9,2,5.599,CA,0
2008.0,MISO,Wind,17.5,2,3.83,MN,0
2008.0,ISO-NE,Gas,35.0,2,3.847,ME,0
2008.0,PJM,Nuclear,43.0,1,4.025,PA,0
2008.0,PJM,Wind,200.0,2,4.181,IN,0
2008.0,MISO,Wind,25.0,2,2.352,MN,0
2008.0,PJM,Nuclear,48.0,1,5.046,PA,0
2008.0,West,Solar,50.0,2,2.215,CO,0
2008.0,PJM,Solar,20.0,2,9.804,NJ,0
2008.0,MISO,Wind,150.0,2,1.394,IL,0
2008.0,NYISO,Wind,124.8,2,0.991,NY,0
2008.0,MISO,Wind,250.0,2,3.732,IA,0
2008.0,PJM,Gas,40.0,1,4.233,IL,0
2008.0,West,Solar,100.0,2,3.762,CO,0
2008.0,West,Solar,100.0,2,5.12,CO,0
2008.0,West,Solar,100.0,2,5.12,CO,0
2008.0,PJM,Wind,200.0,2,10.22,OH,0
2008.0,PJM,Wind,100.0,2,4.12,WV,0
2008.0,PJM,Gas,120.0,2,0.945,PA,0
2008.0,PJM,Gas,700.0,2,1.054,PA,0
2008.0,PJM,Other,20.0,2,3.833,IL,0
2008.0,PJM,Other,14.0,2,4.676,MD,0
2008.0,SPP,Wind,89.7,1,9.01,NE,0
2008.0,West,Wind,90.0,2,5.06,OR,0
2008.0,PJM,Other,6.4,1,2.149,OH,0
2008.0,SPP,Wind,200.1,1,8.29,KS,0
2008.0,MISO,Other,275.0,2,1.774,IL,0
2008.0,PJM,Gas,3.0,1,0.52,VA,0
2008.0,PJM,Wind,200.0,2,4.019,IL,0
2008.0,PJM,Wind,200.0,2,4.019,IL,0
2008.0,PJM,Wind,200.0,2,4.019,IL,0
2008.0,West,Gas,256.0,2,2.059,CO,0
2008.0,PJM,Gas,950.0,2,0.545,PA,0
2008.0,PJM,Solar,10.0,1,3.951,PA,0
2008.0,PJM,Gas,8.7,1,0.512,MD,0
2008.0,PJM,Gas,48.0,2,0.512,PA,0
2008.0,PJM,Wind,165.0,2,0.548,WV,0
2008.0,NYISO,Battery,20.0,2,3.493,NY,0
2008.0,NYISO,Battery,20.0,2,3.493,NY,0
2008.0,NYISO,Battery,20.0,1,2.075,NY,0
2008.0,SPP,Wind,200.1,2,2.346,KS,0
2008.0,ISO-NE,Gas,187.5,2,0.819,MA,0
2008.0,MISO,Wind,100.0,1,8.052,ND,0
2008.0,West,Wind,200.0,2,2.168,CO,0
2008.0,West,Wind,600.0,2,1.873,WY,0
2008.0,MISO,Wind,250.0,2,3.159,IA,0
2008.0,PJM,Wind,100.0,2,4.676,VA,0
2008.0,PJM,Gas,100.0,2,10.431,IL,0
2008.0,West,Solar,250.0,2,1.385,CO,0
2008.0,PJM,Gas,6.0,1,1.489,IL,0
2008.0,PJM,Wind,100.0,2,12.86,OH,0
2008.0,PJM,Wind,100.0,2,12.86,OH,0
2008.0,PJM,Gas,400.0,2,0.405,PA,0
2008.0,West,Gas,270.0,2,11.45,CO,0
2008.0,PJM,Gas,36.0,1,5.057,IL,0
2008.0,West,Gas,270.0,2,2.012,CO,0
2009.0,NYISO,Other,6.4,2,0.742,NY,0
2009.0,MISO,Other,23.0,2,0.37,MI,1
2009.0,West,Wind,200.0,0,16.986,OR,0
2009.0,MISO,Wind,150.0,2,1.229,IN,0
2009.0,MISO,Other,24.4,1,4.986,MN,0
2009.0,MISO,Other,41.2,1,4.986,MN,0
2009.0,MISO,Wind,100.0,2,0.46,MN,0
2009.0,MISO,Wind,150.0,2,3.86,IA,0
2009.0,West,Solar,200.0,2,3.587,CO,0
2009.0,MISO,Wind,100.0,2,0.46,ND,0
2009.0,MISO,Wind,200.0,2,0.46,MN,0
2009.0,MISO,Other,28.0,2,1.227,IN,0
2009.0,MISO,Wind,200.0,2,3.469,ND,0
2009.0,MISO,Wind,100.0,2,1.996,MN,0
2009.0,MISO,Wind,100.0,2,0.46,MN,0
2009.0,MISO,Wind,200.0,2,0.46,MN,0
2009.0,ISO-NE,Gas,9.0,2,4.572,CT,0
2009.0,NYISO,Wind,59.9,2,5.629,NY,0
2009.0,PJM,Other,5.0,1,0.947,OH,0
2009.0,PJM,Other,5.0,1,0.947,OH,0
2009.0,West,Wind,200.0,0,16.939,SD,0
2009.0,NYISO,Other,1000.0,2,0.416,NY,0
2009.0,PJM,Solar,5.1,1,0.923,NJ,0
2009.0,PJM,Wind,200.0,2,3.869,IL,0
2009.0,West,Solar,125.0,1,6.998,AZ,1
2009.0,PJM,Wind,100.0,2,4.266,IN,0
2009.0,PJM,Wind,710.0,2,6.467,IN,0
2009.0,ISO-NE,Other,49.7,2,0.988,MA,0
2009.0,PJM,Other,2.0,2,2.031,PA,0
2009.0,PJM,Other,2.0,2,2.031,PA,0
2009.0,PJM,Other,2.0,2,2.031,PA,0
2009.0,PJM,Other,2.0,2,2.031,PA,0
2009.0,PJM,Other,2.0,2,2.031,PA,0
2009.0,PJM,Other,2.0,2,2.031,PA,0
2009.0,PJM,Other,2.0,2,2.031,PA,0
2009.0,PJM,Gas,2.0,2,2.031,PA,0
2009.0,PJM,Other,2.0,2,2.031,PA,0
2009.0,West,Solar,30.0,2,0.23,CO,0
2009.0,ISO-NE,Wind,20.0,2,0.249,RI,0
2009.0,MISO,Wind,201.0,2,0.975,MN,0
2009.0,MISO,Wind,40.0,2,1.602,MN,0
2009.0,CAISO,Other,4.0,1,3.269,CA,0
2009.0,ISO-NE,Gas,898.0,2,0.241,MA,0
2009.0,MISO,Wind,100.0,2,1.591,MN,0
2009.0,CAISO,Solar,20.0,1,4.487,CA,0
2009.0,PJM,Other,12.0,2,0.498,WV,0
2009.0,MISO,Wind,100.0,2,3.518,IL,0
2009.0,ISO-NE,Other,30.0,2,0.438,VT,0
2009.0,MISO,Wind,200.0,1,2.85,MI,0
2009.0,Southeast,Gas,123.0,1,1.183,KY,0
2009.0,PJM,Wind,260.0,2,3.146,OH,0
2009.0,ERCOT,Wind,162.9,1,9.771,TX,0
2009.0,PJM,Wind,150.0,2,9.194,OH,0
2009.0,PJM,Wind,100.0,1,9.536,OH,0
2009.0,PJM,Other,580.0,2,0.537,PA,0
2009.0,MISO,Other,12.8,1,0.843,MI,0
2009.0,ERCOT,Wind,500.0,2,9.9,TX,0
2009.0,MISO,Wind,50.0,2,6.259,MN,0
2009.0,West,Wind,10.0,2,3.765,OR,0
2009.0,West,Wind,10.0,2,3.765,OR,0
2009.0,West,Wind,10.0,2,3.765,OR,0
2009.0,West,Wind,10.0,2,3.765,OR,0
2009.0,MISO,Wind,48.3,2,3.91,MN,0
2009.0,MISO,Wind,100.0,2,2.253,IL,0
2009.0,MISO,Wind,100.0,2,3.042,IL,0
2009.0,NYISO,Other,2.0,2,0.09,NY,0
2009.0,NYISO,Other,2.0,2,0.09,NY,0
2009.0,West,Wind,100.0,1,3.822,WA,0
2009.0,PJM,Other,4.8,2,0.485,OH,0
2009.0,SPP,Wind,198.7,1,6.727,KS,0
2009.0,MISO,Wind,4.9,2,7.97,MN,0
2009.0,MISO,Wind,250.0,2,1.079,ND,0
2009.0,MISO,Wind,102.0,2,1.719,IA,0
2009.0,MISO,Wind,175.0,2,7.874,IL,0
2009.0,CAISO,Solar,20.0,1,4.285,CA,0
2009.0,West,Wind,298.0,2,1.84,CO,0
2009.0,MISO,Wind,64.5,2,0.663,MI,0
2009.0,MISO,Wind,498.0,2,2.062,IL,0
2009.0,CAISO,Solar,20.0,2,4.241,CA,0
2009.0,MISO,Wind,4.9,2,5.101,MN,0
2009.0,MISO,Other,50.0,2,1.024,MI,0
2009.0,NYISO,Wind,700.0,2,2.278,NY,0
2009.0,MISO,Wind,150.0,2,2.768,IL,0
2009.0,NYISO,Wind,8.3,2,0.178,NY,0
2009.0,NYISO,Other,4.8,2,0.178,NY,0
2009.0,PJM,Other,1.9,1,4.583,NJ,0
2009.0,MISO,Wind,150.0,2,2.768,IL,0
2009.0,ISO-NE,Wind,201.6,2,2.793,ME,0
2009.0,West,Solar,15.0,0,16.769,CO,0
2009.0,West,Solar,15.0,0,16.769,CO,0
2009.0,West,Solar,150.0,0,16.767,NV,1
2009.0,MISO,Wind,100.0,2,4.772,IA,0
2009.0,PJM,Gas,380.0,2,4.715,IL,0
2009.0,SPP,Wind,100.3,2,2.108,OK,0
2009.0,West,Wind,204.0,0,16.745,OR,1
2009.0,West,Wind,204.0,0,16.745,OR,1
2009.0,PJM,Other,2.0,1,1.67,WV,0
2009.0,NYISO,Solar,32.0,1,2.648,NY,0
2009.0,MISO,Wind,28.0,2,7.759,IA,0
2009.0,MISO,Wind,3.0,2,7.759,IA,0
2009.0,MISO,Wind,54.0,2,7.759,IA,0
2009.0,MISO,Wind,200.0,2,2.856,IA,0
2009.0,MISO,Wind,300.0,2,7.759,IA,0
2009.0,MISO,Wind,300.0,2,2.856,IA,0
2009.0,MISO,Wind,92.0,1,0.731,IA,0
2009.0,PJM,Nuclear,20.0,2,11.244,PA,0
2009.0,PJM,Nuclear,20.0,1,6.114,IL,0
2009.0,PJM,Nuclear,20.0,1,6.114,IL,0
2009.0,PJM,Nuclear,20.0,2,11.244,PA,0
2009.0,SPP,Wind,48.3,1,6.5,KS,0
2009.0,ISO-NE,Wind,1.5,2,0.074,ME,0
2009.0,MISO,Wind,90.0,1,10.376,IA,0
2009.0,PJM,Other,2.0,1,3.044,PA,0
2009.0,West,Wind,15.0,2,0.298,WA,0
2009.0,West,Other,18.5,0,16.698,OR,0
2009.0,CAISO,Other,18.4,1,2.779,CA,0
2009.0,ERCOT,Wind,226.0,1,12.129,TX,0
2009.0,PJM,Wind,6.0,2,0.394,PA,0
2009.0,CAISO,Solar,20.0,1,6.13,CA,0
2009.0,PJM,Solar,52.0,1,2.667,NJ,0
2009.0,PJM,Gas,950.0,2,2.757,VA,1
2009.0,PJM,Solar,5.0,2,1.958,OH,0
2009.0,PJM,Other,132.0,2,7.034,MD,0
2009.0,CAISO,Solar,10.0,2,2.303,CA,0
2009.0,PJM,Other,53.0,2,3.71,WV,0
2009.0,MISO,Wind,150.0,2,1.708,IA,0
2009.0,NYISO,Nuclear,112.0,2,0.148,NY,0
2009.0,MISO,Wind,148.8,2,5.446,IA,0
2009.0,PJM,Wind,91.8,2,3.866,OH,0
2009.0,PJM,Other,2.6,2,0.761,PA,0
2009.0,PJM,Solar,4.0,2,4.668,NJ,0
2009.0,MISO,Wind,249.6,2,5.347,IA,0
2009.0,MISO,Other,3.2,1,1.309,MI,0
2009.0,PJM,Solar,5.0,2,0.567,PA,0
2009.0,MISO,Wind,199.8,2,3.721,MN,0
2009.0,MISO,Wind,99.0,2,2.845,IL,0
2009.0,MISO,Other,36.0,2,1.41,MI,0
2009.0,MISO,Wind,120.0,2,0.151,MI,0
2009.0,MISO,Wind,120.0,2,1.221,MI,0
2009.0,PJM,Other,1.9,2,0.761,NJ,0
2009.0,MISO,Other,31.0,1,2.368,IL,0
2009.0,MISO,Wind,140.0,2,2.338,ND,0
2009.0,MISO,Other,32.5,2,0.214,MO,0
2009.0,MISO,Wind,23.1,2,3.611,MN,0
2009.0,West,Wind,302.0,0,16.619,OR,1
2009.0,NYISO,Wind,46.0,2,0.175,NY,0
2009.0,PJM,Wind,150.0,2,10.735,OH,0
2009.0,PJM,Solar,16.1,2,14.678,NJ,0
2009.0,PJM,Other,600.0,2,3.598,IL,0
2009.0,West,Solar,101.0,0,16.583,OR,0
2009.0,West,Solar,202.0,0,16.583,OR,0
2009.0,West,Wind,80.0,1,2.475,ID,0
2009.0,PJM,Solar,10.0,2,3.775,NJ,0
2009.0,PJM,Solar,5.6,2,0.194,PA,0
2009.0,NYISO,Wind,150.7,2,3.228,NY,0
2009.0,PJM,Gas,2.8,2,0.534,NJ,0
2009.0,PJM,Solar,0.5,2,3.587,NJ,0
2009.0,CAISO,Solar,20.0,1,5.829,CA,0
2009.0,PJM,Solar,3.3,2,0.517,NJ,0
2009.0,PJM,Solar,5.1,2,0.676,NJ,0
2009.0,ISO-NE,Wind,150.0,2,1.859,ME,0
2009.0,PJM,Solar,20.0,2,1.509,NJ,0
2009.0,CAISO,Wind,20.0,2,2.182,CA,0
2009.0,PJM,Wind,0.5,1,1.169,PA,0
2009.0,MISO,Wind,16.0,2,0.359,IA,0
2009.0,SPP,Wind,59.8,1,3.37,OK,0
2009.0,ISO-NE,Other,7.6,2,0.153,ME,0
2009.0,West,Other,65.0,2,0.641,ID,0
2009.0,PJM,Wind,150.0,2,0.704,OH,0
2009.0,PJM,Other,64.0,2,0.854,NJ,0
2009.0,ERCOT,Wind,600.3,2,9.777,TX,0
2009.0,ERCOT,Wind,152.5,0,16.509,TX,0
2009.0,CAISO,Solar,20.0,2,3.053,CA,0
2009.0,NYISO,Wind,50.0,2,3.003,NY,0
2009.0,MISO,Wind,250.0,2,0.542,ND,0
2009.0,MISO,Wind,200.0,2,1.843,MN,0
2009.0,PJM,Solar,5.0,1,2.669,NJ,0
2009.0,PJM,Wind,164.0,2,0.449,WV,0
2009.0,PJM,Wind,250.5,2,0.769,OH,0
2009.0,PJM,Wind,201.0,2,0.131,OH,0
2009.0,West,Other,4.8,2,5.922,OR,0
2009.0,ISO-NE,Other,4.9,2,0.197,ME,0
2009.0,PJM,Other,1.6,2,3.625,PA,0
2009.0,PJM,Solar,6.0,2,8.591,MD,0
2009.0,West,Wind,401.4,0,16.479,OR,1
2009.0,MISO,Other,36.0,2,0.339,MI,0
2009.0,MISO,Wind,100.0,1,2.144,MI,0
2009.0,ISO-NE,Other,10.0,2,0.279,MA,0
2009.0,ISO-NE,Other,3.3,2,1.06,MA,0
2009.0,West,Solar,1.0,2,0.586,WA,0
2009.0,West,Other,1.5,1,1.717,MT,0
2009.0,ISO-NE,Other,9.1,2,2.877,VT,0
2009.0,PJM,Gas,950.0,1,5.295,VA,0
2009.0,West,Solar,40.0,2,11.075,CO,0
2009.0,PJM,Solar,2.0,1,4.747,NJ,0
2009.0,MISO,Wind,200.0,2,2.735,IN,0
2009.0,PJM,Gas,4.5,1,0.684,MD,0
2009.0,MISO,Wind,29.0,1,2.097,MI,0
2009.0,PJM,Wind,200.0,2,4.715,OH,0
2009.0,MISO,Wind,70.0,2,7.732,MI,0
2009.0,MISO,Wind,40.0,2,0.181,SD,0
2009.0,MISO,Wind,100.8,2,3.882,MI,0
2009.0,West,Other,13.0,2,0.298,ID,0
2009.0,MISO,Wind,4.9,2,7.592,MN,0
2009.0,MISO,Wind,99.0,2,1.232,MI,0
2009.0,MISO,Wind,200.0,2,1.845,OH,0
2009.0,PJM,Other,4.0,1,1.155,VA,0
2009.0,PJM,Nuclear,1640.0,2,3.107,MD,0
2009.0,PJM,Solar,4.0,1,2.171,NJ,0
2009.0,CAISO,Solar,20.0,2,1.306,CA,0
2009.0,CAISO,Solar,6.0,2,1.306,CA,0
2009.0,CAISO,Solar,960.0,2,1.169,AZ,0
2009.0,CAISO,Other,7.2,1,2.667,CA,0
2009.0,CAISO,Solar,150.0,2,5.454,CA,0
2009.0,CAISO,Solar,40.0,2,0.947,CA,0
2009.0,CAISO,Hybrid,555.3,0,16.419,CA,0
2009.0,CAISO,Solar,750.0,2,1.166,AZ,0
2009.0,CAISO,Solar,20.0,1,7.064,NV,1
2009.0,CAISO,Solar,155.0,1,5.87,NV,1
2009.0,CAISO,Solar,350.0,2,0.257,CA,0
2009.0,CAISO,Wind,688.0,2,0.26,CA,0
2009.0,CAISO,Gas,131.0,2,0.345,CA,0
2009.0,CAISO,Gas,58.3,2,1.207,CA,0
2009.0,CAISO,Gas,49.9,1,1.251,CA,0
2009.0,CAISO,Solar,130.0,1,4.197,CA,0
2009.0,CAISO,Solar,92.6,2,0.334,CA,0
2009.0,CAISO,Solar,2.0,2,6.264,CA,0
2009.0,CAISO,Solar,141.0,2,6.264,CA,0
2009.0,CAISO,Gas,190.0,2,0.26,CA,0
2009.0,CAISO,Solar,20.0,2,5.158,CA,0
2009.0,CAISO,Solar,960.0,2,1.624,NV,0
2009.0,CAISO,Solar,230.0,2,2.371,CA,0
2009.0,CAISO,Solar,92.0,2,2.445,NV,1
2009.0,CAISO,Wind,98.9,2,2.568,CA,0
2009.0,PJM,Solar,1.4,2,3.504,NJ,0
2009.0,PJM,Solar,19.9,1,1.999,NJ,0
2009.0,PJM,Solar,20.0,2,2.116,VA,0
2009.0,PJM,Solar,12.0,2,0.663,NJ,0
2009.0,PJM,Solar,12.0,2,0.663,NJ,0
2009.0,CAISO,Hybrid,504.4,0,16.419,CA,0
2009.0,CAISO,Nuclear,48.0,2,4.381,CA,0
2009.0,CAISO,Solar,600.0,2,1.207,CA,0
2009.0,CAISO,Other,1100.0,2,1.303,CA,0
2009.0,PJM,Gas,750.0,2,0.578,MD,0
2009.0,West,Other,0.4,1,1.076,ID,0
2009.0,PJM,Solar,1.2,2,0.597,MD,0
2009.0,PJM,Wind,500.0,2,1.517,IN,0
2009.0,PJM,Other,83.0,2,0.668,PA,0
2009.0,PJM,Wind,200.0,1,11.463,IN,0
2009.0,PJM,Solar,1.0,2,1.676,PA,0
2009.0,PJM,Wind,200.0,2,6.815,IN,0
2009.0,PJM,Solar,10.0,2,4.244,NJ,0
2009.0,PJM,Wind,100.0,2,2.817,IN,0
2009.0,PJM,Wind,200.0,2,6.815,IN,0
2009.0,PJM,Other,3.4,1,1.81,NJ,0
2009.0,NYISO,Other,6.3,2,10.387,NY,0
2009.0,CAISO,Solar,20.0,2,2.152,CA,0
2009.0,West,Other,0.0,2,4.241,OR,0
2009.0,PJM,Solar,20.0,2,2.19,OH,0
2009.0,SPP,Gas,6.4,2,1.741,OK,1
2009.0,CAISO,Solar,20.0,2,2.702,CA,0
2009.0,CAISO,Solar,20.0,1,5.363,CA,0
2009.0,CAISO,Solar,20.0,2,0.799,CA,0
2009.0,CAISO,Solar,20.0,2,1.864,CA,0
2009.0,CAISO,Solar,20.0,2,0.843,CA,0
2009.0,PJM,Wind,160.2,2,2.511,IL,0
2009.0,MISO,Wind,100.0,2,0.266,MN,0
2009.0,MISO,Wind,200.0,2,0.266,MN,0
2009.0,MISO,Wind,250.0,2,2.93,MN,0
2009.0,CAISO,Solar,20.0,2,0.758,CA,0
2009.0,MISO,Other,29.0,2,1.525,IN,0
2009.0,CAISO,Solar,20.0,2,2.943,CA,0
2009.0,PJM,Wind,300.0,2,8.652,IN,0
2009.0,PJM,Wind,300.0,2,2.626,OH,0
2009.0,PJM,Gas,725.0,1,7.255,MD,0
2009.0,PJM,Wind,75.0,2,1.021,PA,0
2009.0,CAISO,Solar,19.9,2,1.413,CA,0
2009.0,PJM,Gas,2.0,2,0.572,PA,0
2009.0,ISO-NE,Wind,28.8,2,1.944,RI,0
2009.0,PJM,Solar,10.0,2,0.772,NJ,0
2009.0,SPP,Wind,72.0,1,7.009,KS,0
2009.0,PJM,Solar,20.0,2,0.605,PA,0
2009.0,PJM,Wind,200.0,2,0.487,WV,0
2009.0,PJM,Wind,150.0,2,0.903,OH,0
2009.0,PJM,Wind,30.6,1,3.316,PA,0
2009.0,PJM,Solar,5.0,1,2.073,NJ,0
2009.0,PJM,Solar,20.0,1,11.08,OH,0
2009.0,PJM,Wind,200.0,2,2.899,IL,0
2009.0,ISO-NE,Other,1.0,2,0.074,ME,0
2009.0,CAISO,Solar,20.0,2,1.284,CA,0
2009.0,NYISO,Gas,39.0,2,0.994,NY,0
2009.0,MISO,Wind,300.0,2,0.994,MN,0
2009.0,NYISO,Other,2.0,1,2.412,NY,0
2009.0,PJM,Wind,84.0,2,4.931,PA,0
2009.0,NYISO,Other,6.4,1,3.573,NY,0
2009.0,PJM,Gas,50.0,2,0.865,NJ,0
2009.0,West,Wind,10.8,1,1.172,ID,0
2009.0,West,Wind,1.2,1,1.153,ID,0
2009.0,ISO-NE,Wind,33.0,2,3.181,ME,0
2009.0,CAISO,Solar,20.0,1,7.491,CA,0
2009.0,CAISO,Solar,20.0,2,1.221,CA,0
2009.0,PJM,Gas,4.0,1,2.746,MD,0
2009.0,PJM,Gas,5.5,1,2.212,NJ,0
2009.0,PJM,Solar,0.6,2,3.318,NJ,0
2009.0,PJM,Solar,1.2,2,3.318,NJ,0
2009.0,MISO,Wind,100.0,2,5.703,IA,0
2009.0,PJM,Solar,10.0,2,7.006,PA,0
2009.0,ISO-NE,Other,20.0,2,2.081,NH,0
2009.0,West,Gas,0.1,2,8.843,CA,0
2009.0,PJM,Other,3.2,1,1.232,PA,0
2009.0,MISO,Wind,200.0,2,1.194,MI,0
2009.0,West,Wind,501.0,2,5.903,OR,0
2009.0,MISO,Wind,48.0,2,1.281,MN,0
2009.0,West,Wind,100.8,2,10.752,WY,0
2009.0,CAISO,Solar,20.0,2,0.783,CA,0
2009.0,PJM,Other,4.8,1,1.708,PA,0
2009.0,MISO,Other,3.9,1,2.004,IN,0
2009.0,PJM,Other,112.0,1,6.089,OH,0
2009.0,MISO,Other,112.0,2,1.862,KY,0
2009.0,PJM,Other,9.9,2,0.416,WV,0
2009.0,MISO,Gas,268.0,2,1.224,OH,0
2009.0,West,Wind,403.2,2,4.005,WY,0
2009.0,MISO,Wind,200.1,2,2.371,IA,0
2009.0,CAISO,Solar,20.0,2,0.293,CA,0
2009.0,MISO,Wind,151.2,2,1.407,IN,0
2009.0,MISO,Wind,350.0,2,2.437,MI,0
2009.0,MISO,Wind,150.0,1,5.24,MI,0
2009.0,MISO,Wind,50.0,2,3.321,MN,0
2009.0,MISO,Wind,29.0,2,0.641,WI,0
2009.0,MISO,Wind,200.0,2,1.955,SD,0
2009.0,MISO,Wind,200.0,2,1.955,ND,0
2009.0,MISO,Wind,100.0,2,1.955,ND,0
2009.0,MISO,Wind,200.0,2,1.342,IN,0
2009.0,MISO,Wind,150.0,2,2.784,MI,0
2009.0,MISO,Wind,100.0,2,3.305,MN,0
2009.0,MISO,Wind,30.0,2,3.305,MN,0
2009.0,MISO,Other,26.0,2,1.574,MI,0
2009.0,MISO,Other,447.0,1,2.656,IN,0
2009.0,West,Wind,120.6,2,0.706,WA,0
2009.0,MISO,Wind,200.0,2,2.875,ND,0
2009.0,PJM,Gas,4.6,2,1.812,NJ,0
2009.0,MISO,Wind,200.0,2,2.856,WI,0
2009.0,West,Other,2.4,1,2.634,ID,0
2009.0,MISO,Wind,66.0,1,1.665,IA,0
2009.0,ISO-NE,Gas,410.0,2,0.129,MA,0
2009.0,PJM,Wind,3.2,1,1.254,PA,0
2009.0,CAISO,Solar,20.0,1,6.24,CA,0
2009.0,West,Wind,19.5,1,3.118,SD,0
2009.0,PJM,Wind,150.0,2,3.978,IN,0
2009.0,West,Other,10.0,2,2.467,WA,0
2009.0,CAISO,Gas,14.5,2,4.975,CA,0
2009.0,PJM,Other,50.0,2,0.851,KY,0
2009.0,Southeast,Other,20.0,0,16.186,MO,0
2009.0,Southeast,Other,20.0,0,16.186,MO,0
2009.0,Southeast,Other,17.0,0,16.186,MO,0
2009.0,West,Solar,10.0,2,0.052,WA,0
2009.0,MISO,Wind,50.0,2,7.203,IA,0
2009.0,MISO,Wind,20.0,2,4.72,IA,0
2009.0,CAISO,Solar,20.0,2,2.026,CA,0
2009.0,CAISO,Solar,20.0,2,1.235,CA,0
2009.0,CAISO,Solar,16.0,2,0.252,CA,0
2009.0,PJM,Solar,8.0,1,2.174,NJ,0
2009.0,PJM,Solar,2.3,1,1.24,NJ,0
2009.0,PJM,Solar,0.8,1,1.298,NJ,0
2009.0,PJM,Solar,0.4,1,1.049,NJ,0
2009.0,PJM,Solar,0.5,1,0.92,NJ,0
2009.0,PJM,Other,28.0,2,2.13,WV,0
2009.0,PJM,Other,20.0,2,0.323,VA,0
2009.0,PJM,Solar,20.0,2,3.077,PA,0
2009.0,PJM,Solar,2.0,2,2.642,NJ,0
2009.0,PJM,Wind,20.0,2,0.736,IL,0
2009.0,MISO,Wind,300.0,2,3.159,IA,0
2009.0,PJM,Solar,20.0,2,3.077,VA,0
2009.0,PJM,Other,50.0,2,0.758,MD,0
2009.0,PJM,Solar,0.4,1,1.169,NJ,0
2009.0,PJM,Solar,2.0,1,1.982,NJ,0
2009.0,PJM,Battery,20.0,2,1.552,PA,0
2009.0,PJM,Solar,2.0,1,1.982,NJ,0
2009.0,MISO,Wind,150.0,2,2.806,IA,0
2009.0,NYISO,Gas,2.3,2,0.077,NY,0
2009.0,PJM,Solar,2.0,1,2.166,NJ,0
2009.0,CAISO,Solar,20.0,1,7.45,CA,0
2009.0,West,Solar,200.0,2,5.352,CA,0
2009.0,Southeast,Other,28.2,0,16.156,MO,0
2009.0,Southeast,Other,1.7,0,16.156,MO,0
2009.0,Southeast,Other,11.0,2,0.074,GA,0
2009.0,PJM,Gas,575.0,2,0.539,PA,0
2009.0,PJM,Battery,14.0,2,0.517,DE,0
2009.0,MISO,Wind,150.0,2,2.82,ND,0
2009.0,MISO,Wind,200.0,2,5.432,IA,0
2009.0,PJM,Solar,10.0,2,0.485,NJ,0
2009.0,PJM,Solar,2.9,1,0.72,NJ,0
2009.0,CAISO,Solar,20.0,2,0.435,CA,0
2009.0,West,Wind,200.0,2,2.179,CO,0
2009.0,PJM,Solar,10.0,2,4.036,NJ,0
2009.0,PJM,Wind,200.0,2,12.016,OH,0
2009.0,PJM,Other,4.8,2,1.985,PA,0
2009.0,CAISO,Solar,20.0,2,1.446,CA,0
2009.0,PJM,Other,3.0,1,5.377,OH,0
2009.0,PJM,Solar,5.2,2,0.556,NJ,0
2009.0,CAISO,Solar,20.0,2,0.287,CA,0
2009.0,West,Other,65.0,2,0.512,ID,0
2009.0,PJM,Other,6.5,2,0.977,PA,0
2009.0,MISO,Wind,200.0,2,1.314,MN,0
2009.0,MISO,Wind,100.0,2,0.805,MN,0
2009.0,PJM,Wind,66.6,2,4.81,OH,0
2009.0,CAISO,Wind,19.5,2,4.542,CA,0
2009.0,NYISO,Other,20.0,2,2.768,NY,0
2009.0,PJM,Gas,650.0,2,4.216,PA,0
2009.0,PJM,Gas,10.0,1,3.513,NJ,0
2009.0,PJM,Gas,475.0,1,4.928,VA,0
2009.0,PJM,Solar,3.5,2,2.223,NJ,0
2009.0,PJM,Wind,200.0,2,5.333,MI,0
2009.0,PJM,Solar,18.0,2,4.832,NJ,0
2009.0,PJM,Solar,5.0,2,9.281,VA,0
2009.0,PJM,Wind,300.0,2,2.231,IN,0
2009.0,PJM,Solar,18.0,2,5.202,NJ,0
2009.0,PJM,Solar,20.0,2,5.697,NJ,0
2009.0,NYISO,Wind,50.4,2,9.164,NY,0
2009.0,NYISO,Other,0.8,2,0.408,NY,0
2009.0,MISO,Wind,48.6,2,1.339,MI,0
2009.0,West,Solar,150.0,2,1.238,CO,0
2009.0,MISO,Wind,300.0,2,2.198,IL,0
2009.0,MISO,Wind,300.0,2,2.198,IL,0
2009.0,PJM,Solar,4.0,2,0.093,NJ,0
2009.0,PJM,Solar,20.0,2,3.778,NJ,0
2009.0,PJM,Solar,5.0,1,2.779,PA,0
2009.0,PJM,Wind,299.2,2,6.743,IN,0
2009.0,PJM,Solar,1.5,2,0.107,OH,0
2009.0,ISO-NE,Nuclear,29.0,2,1.484,CT,0
2009.0,PJM,Solar,10.0,2,3.097,NJ,0
2009.0,PJM,Solar,20.0,2,2.264,NJ,0
2009.0,MISO,Nuclear,26.0,1,3.795,MI,0
2009.0,MISO,Wind,20.0,2,2.168,IA,0
2009.0,PJM,Other,1.0,1,2.623,MD,0
2009.0,CAISO,Solar,20.0,2,1.495,CA,0
2009.0,PJM,Solar,9.0,2,1.418,MD,0
2009.0,CAISO,Hybrid,40.0,0,16.036,CA,0
2009.0,MISO,Wind,80.0,2,2.795,IL,0
2009.0,West,Solar,14.0,2,8.361,UT,0
2009.0,MISO,Wind,165.0,2,2.152,IL,0
2009.0,MISO,Other,25.6,2,0.181,MI,0
2009.0,West,Solar,20.0,2,8.361,UT,0
2009.0,PJM,Gas,22.0,2,2.598,OH,0
2009.0,MISO,Gas,32.0,1,1.695,OH,0
2009.0,PJM,Solar,20.0,2,0.43,NJ,0
2009.0,CAISO,Solar,20.0,2,3.373,CA,0
2009.0,PJM,Nuclear,20.0,1,4.12,IL,0
2009.0,PJM,Nuclear,20.0,1,4.12,IL,0
2009.0,PJM,Nuclear,20.0,1,4.12,IL,0
2009.0,PJM,Nuclear,20.0,1,4.12,IL,0
2009.0,PJM,Nuclear,206.0,1,6.034,PA,0
2009.0,PJM,Solar,3.0,2,0.435,NJ,0
2009.0,PJM,Solar,8.0,2,0.841,NJ,0
2009.0,PJM,Solar,20.0,2,4.753,NJ,0
2009.0,PJM,Solar,20.0,2,4.753,NJ,0
2009.0,PJM,Gas,10.0,1,1.536,PA,0
2009.0,Southeast,Gas,785.0,0,16.005,KY,0
2009.0,NYISO,Other,22.5,2,11.499,NY,0
2009.0,PJM,Solar,20.0,2,2.913,VA,0
2009.0,PJM,Solar,10.0,1,1.969,NJ,0
2010.0,West,Solar,20.0,2,2.593,CO,0
2010.0,CAISO,Solar,20.0,2,1.035,CA,0
2010.0,CAISO,Solar,20.0,2,4.676,CA,0
2010.0,CAISO,Solar,20.0,2,0.975,CA,0
2010.0,CAISO,Solar,20.0,2,3.814,CA,0
2010.0,CAISO,Solar,20.0,2,1.613,CA,0
2010.0,CAISO,Solar,20.0,2,0.282,CA,0
2010.0,CAISO,Solar,20.0,2,2.218,CA,0
2010.0,CAISO,Solar,15.0,2,2.949,CA,0
2010.0,CAISO,Solar,20.0,2,2.949,CA,0
2010.0,PJM,Solar,11.0,2,0.86,OH,0
2010.0,MISO,Wind,150.0,2,1.374,MN,0
2010.0,PJM,Other,20.0,2,0.851,WV,0
2010.0,MISO,Other,7.5,1,1.582,ND,0
2010.0,CAISO,Solar,20.0,1,5.183,CA,0
2010.0,CAISO,Solar,20.0,2,0.383,CA,0
2010.0,CAISO,Solar,20.0,2,6.557,CA,0
2010.0,PJM,Solar,3.0,2,3.485,NJ,0
2010.0,West,Solar,90.0,2,3.044,CA,0
2010.0,PJM,Solar,20.0,2,0.78,NJ,0
2010.0,PJM,Solar,20.0,2,3.874,VA,0
2010.0,West,Wind,268.0,2,3.587,CO,0
2010.0,CAISO,Solar,20.0,2,2.094,CA,0
2010.0,PJM,Solar,10.0,2,1.032,NJ,0
2010.0,PJM,Solar,2.6,1,1.897,NJ,0
2010.0,PJM,Solar,3.6,2,0.041,NJ,0
2010.0,PJM,Solar,5.0,1,1.914,NC,0
2010.0,PJM,Solar,3.0,1,1.925,NJ,0
2010.0,PJM,Battery,2.0,2,0.498,OH,1
2010.0,PJM,Other,4.8,2,2.27,PA,0
2010.0,PJM,Solar,2.5,1,0.326,OH,0
2010.0,PJM,Wind,1000.0,2,1.993,IL,0
2010.0,PJM,Solar,2.0,2,4.531,PA,0
2010.0,PJM,Solar,5.3,2,4.569,PA,0
2010.0,PJM,Solar,13.0,2,4.569,PA,0
2010.0,PJM,Solar,3.0,1,1.919,NJ,0
2010.0,PJM,Solar,10.0,2,0.123,NJ,0
2010.0,CAISO,Solar,60.0,1,4.775,CA,0
2010.0,CAISO,Solar,20.0,2,0.797,CA,0
2010.0,CAISO,Solar,170.0,2,0.203,CA,0
2010.0,CAISO,Solar,220.0,2,1.04,CA,0
2010.0,CAISO,Solar,70.0,2,0.159,CA,0
2010.0,CAISO,Solar,110.0,1,5.826,CA,0
2010.0,CAISO,Other,9.6,2,0.799,CA,0
2010.0,CAISO,Gas,308.0,1,6.754,CA,0
2010.0,CAISO,Solar,50.0,2,1.016,CA,0
2010.0,CAISO,Solar,110.0,2,0.364,CA,0
2010.0,CAISO,Solar,450.0,2,1.038,CA,0
2010.0,CAISO,Wind,102.0,2,0.652,CA,0
2010.0,CAISO,Gas,25.0,1,3.515,CA,1
2010.0,CAISO,Other,1400.0,2,0.887,CA,0
2010.0,CAISO,Solar,21.0,2,0.887,CA,0
2010.0,CAISO,Gas,100.0,2,5.424,CA,0
2010.0,CAISO,Solar,23.0,2,0.145,CA,0
2010.0,CAISO,Solar,22.0,2,0.145,CA,0
2010.0,CAISO,Solar,420.0,2,0.312,CA,0
2010.0,CAISO,Solar,100.0,1,6.535,CA,0
2010.0,CAISO,Solar,500.0,2,1.043,CA,0
2010.0,CAISO,Wind,57.5,2,5.807,CA,0
2010.0,CAISO,Solar,150.0,2,1.016,CA,0
2010.0,CAISO,Solar,146.0,2,0.214,CA,0
2010.0,CAISO,Solar,145.4,1,12.906,CA,0
2010.0,CAISO,Solar,10.0,2,0.799,CA,0
2010.0,CAISO,Solar,20.0,2,1.155,CA,0
2010.0,CAISO,Solar,20.0,2,0.085,CA,0
2010.0,CAISO,Solar,17.8,2,0.799,CA,0
2010.0,CAISO,Solar,15.0,2,0.799,CA,0
2010.0,CAISO,Solar,15.0,2,0.797,CA,0
2010.0,CAISO,Solar,200.0,2,3.439,CA,0
2010.0,CAISO,Solar,20.0,2,0.799,CA,0
2010.0,CAISO,Solar,250.0,2,2.081,CA,0
2010.0,CAISO,Solar,40.0,2,0.216,CA,0
2010.0,CAISO,Solar,147.0,1,3.721,CA,0
2010.0,CAISO,Solar,1.0,2,5.544,CA,0
2010.0,CAISO,Solar,1.0,2,5.544,CA,0
2010.0,CAISO,Solar,106.8,2,0.134,CA,0
2010.0,CAISO,Other,42.0,2,4.507,CA,0
2010.0,CAISO,Wind,150.0,2,2.084,CA,0
2010.0,CAISO,Solar,310.0,2,9.281,AZ,0
2010.0,CAISO,Solar,100.0,2,3.806,CA,0
2010.0,CAISO,Gas,600.0,2,3.973,CA,0
2010.0,CAISO,Solar,19.8,1,5.295,CA,0
2010.0,CAISO,Solar,150.0,1,5.969,CA,0
2010.0,CAISO,Solar,60.0,1,5.38,CA,0
2010.0,CAISO,Gas,20.0,1,2.327,CA,0
2010.0,CAISO,Gas,600.0,2,0.81,CA,0
2010.0,CAISO,Hybrid,336.0,1,12.887,CA,0
2010.0,CAISO,Hybrid,120.0,2,11.485,CA,0
2010.0,CAISO,Gas,600.0,2,0.827,NV,1
2010.0,CAISO,Wind,92.0,2,1.73,CA,0
2010.0,CAISO,Solar,400.0,2,1.155,NV,0
2010.0,CAISO,Solar,19.8,1,4.663,CA,0
2010.0,CAISO,Wind,126.0,2,0.183,CA,0
2010.0,CAISO,Wind,138.0,2,1.667,CA,0
2010.0,West,Other,26.0,2,4.775,OR,0
2010.0,PJM,Solar,20.0,1,6.842,VA,0
2010.0,PJM,Solar,20.0,1,6.842,VA,0
2010.0,PJM,Solar,20.0,2,0.548,VA,0
2010.0,PJM,Solar,20.0,2,4.564,VA,0
2010.0,PJM,Solar,20.0,2,0.548,VA,0
2010.0,PJM,Solar,20.0,2,2.086,PA,0
2010.0,PJM,Solar,70.0,2,1.284,NJ,0
2010.0,PJM,Solar,20.0,1,6.842,VA,0
2010.0,PJM,Solar,20.0,1,6.842,VA,0
2010.0,CAISO,Solar,20.0,2,2.067,CA,0
2010.0,ISO-NE,Wind,535.5,2,1.604,RI,0
2010.0,MISO,Wind,100.5,2,2.01,MO,0
2010.0,MISO,Wind,150.0,2,2.01,IA,0
2010.0,West,Wind,300.0,2,1.938,CO,0
2010.0,PJM,Wind,50.0,2,2.234,PA,0
2010.0,NYISO,Wind,810.0,2,1.952,NY,0
2010.0,MISO,Other,9.1,2,0.591,MN,0
2010.0,MISO,Wind,999.0,2,1.5,IA,0
2010.0,MISO,Wind,500.0,2,2.36,MO,0
2010.0,CAISO,Solar,20.0,2,0.994,CA,0
2010.0,PJM,Solar,20.0,2,1.662,PA,0
2010.0,PJM,Solar,20.0,2,1.659,PA,0
2010.0,CAISO,Solar,13.0,2,6.174,CA,0
2010.0,CAISO,Solar,20.0,2,4.175,CA,0
2010.0,PJM,Wind,60.8,2,2.231,PA,0
2010.0,Southeast,Other,50.0,2,1.103,AL,0
2010.0,PJM,Solar,20.0,2,3.647,NJ,0
2010.0,West,Wind,22.0,1,1.648,ID,0
2010.0,PJM,Solar,10.0,2,3.984,NJ,0
2010.0,PJM,Solar,20.0,2,3.428,NJ,0
2010.0,PJM,Solar,4.0,1,1.802,NJ,0
2010.0,CAISO,Wind,20.0,2,2.021,CA,0
2010.0,PJM,Other,25.0,2,6.207,MD,0
2010.0,PJM,Wind,208.0,1,7.014,NC,0
2010.0,PJM,Wind,300.0,2,0.496,IL,0
2010.0,PJM,Wind,300.0,2,0.496,IL,0
2010.0,PJM,Solar,3.0,1,5.936,NJ,0
2010.0,PJM,Gas,10.0,2,0.509,NJ,0
2010.0,PJM,Gas,10.0,1,2.026,NJ,0
2010.0,PJM,Solar,20.0,2,0.851,VA,0
2010.0,PJM,Wind,45.0,2,2.064,VA,0
2010.0,PJM,Wind,50.0,2,1.897,OH,0
2010.0,PJM,Gas,750.0,2,0.49,MD,0
2010.0,West,Solar,30.0,0,15.844,CO,0
2010.0,PJM,Nuclear,350.0,2,1.963,IL,0
2010.0,PJM,Gas,750.0,2,0.736,KY,0
2010.0,West,Solar,60.0,1,6.48,CA,0
2010.0,CAISO,Solar,20.0,2,3.822,CA,0
2010.0,SPP,Wind,300.0,1,5.199,OK,0
2010.0,PJM,Solar,20.0,2,1.081,PA,0
2010.0,PJM,Solar,20.0,2,1.081,PA,0
2010.0,PJM,Solar,13.5,1,9.826,PA,0
2010.0,PJM,Solar,15.0,2,3.743,PA,0
2010.0,PJM,Solar,20.0,2,1.081,PA,0
2010.0,CAISO,Solar,20.0,2,1.999,CA,0
2010.0,West,Wind,150.0,2,4.69,CO,0
2010.0,SPP,Wind,99.5,1,4.397,KS,0
2010.0,PJM,Solar,5.0,2,3.359,NJ,0
2010.0,CAISO,Solar,20.0,2,0.862,CA,0
2010.0,PJM,Solar,20.0,2,1.599,PA,0
2010.0,PJM,Solar,130.0,2,1.591,PA,0
2010.0,PJM,Solar,20.0,2,1.06,PA,0
2010.0,SPP,Wind,299.2,1,11.797,KS,0
2010.0,PJM,Other,11.4,1,2.56,PA,0
2010.0,MISO,Wind,61.2,2,2.494,MI,0
2010.0,CAISO,Solar,20.0,2,0.843,CA,0
2010.0,West,Solar,20.0,2,1.821,CO,0
2010.0,PJM,Wind,18.4,1,7.663,OH,0
2010.0,PJM,Solar,10.0,2,1.53,NJ,0
2010.0,West,Other,0.2,1,0.78,MT,0
2010.0,CAISO,Solar,20.0,2,3.68,CA,0
2010.0,West,Wind,400.0,0,15.775,OR,0
2010.0,MISO,Gas,134.5,2,1.774,OH,0
2010.0,PJM,Solar,20.0,2,1.728,NC,0
2010.0,PJM,Gas,134.5,2,2.278,OH,0
2010.0,PJM,Solar,2.0,2,2.073,NJ,0
2010.0,SPP,Gas,205.0,1,1.268,TX,0
2010.0,PJM,Solar,20.0,2,0.799,NJ,0
2010.0,Southeast,Nuclear,1158.0,1,14.1,GA,0
2010.0,Southeast,Nuclear,1158.0,1,14.1,,0
2010.0,CAISO,Solar,20.0,2,0.821,CA,0
2010.0,SPP,Wind,73.8,2,2.105,TX,0
2010.0,PJM,Gas,53.0,1,2.215,DE,0
2010.0,SPP,Wind,64.4,2,0.805,OK,0
2010.0,SPP,Wind,165.6,1,2.76,KS,0
2010.0,SPP,Wind,100.5,2,1.541,NE,0
2010.0,West,Solar,30.0,2,1.766,CO,0
2010.0,CAISO,Solar,20.0,2,3.105,CA,0
2010.0,SPP,Wind,65.0,2,2.606,OK,0
2010.0,SPP,Wind,358.8,1,12.753,TX,0
2010.0,SPP,Wind,200.1,2,4.441,KS,0
2010.0,SPP,Solar,20.0,2,3.967,NM,0
2010.0,PJM,Other,1.6,2,4.252,PA,0
2010.0,PJM,Solar,2.0,2,1.632,NJ,0
2010.0,PJM,Solar,9.0,2,1.911,NJ,0
2010.0,CAISO,Solar,20.0,2,0.23,CA,0
2010.0,SPP,Wind,29.7,1,1.914,OK,0
2010.0,CAISO,Solar,19.7,2,0.991,CA,0
2010.0,CAISO,Solar,20.0,2,0.739,CA,0
2010.0,MISO,Wind,100.0,2,0.813,IL,0
2010.0,Southeast,Gas,690.0,0,15.734,KY,0
2010.0,NYISO,Other,3.2,2,0.156,NY,0
2010.0,ISO-NE,Solar,19.9,2,0.298,MA,0
2010.0,West,Other,38.5,0,15.715,NV,0
2010.0,MISO,Wind,60.0,1,2.461,MI,0
2010.0,PJM,Solar,20.0,2,3.849,NJ,0
2010.0,CAISO,Solar,10.0,2,0.621,CA,0
2010.0,CAISO,Solar,20.0,2,0.621,CA,0
2010.0,MISO,Nuclear,200.0,2,2.902,MN,0
2010.0,PJM,Wind,50.0,2,3.989,OH,0
2010.0,MISO,Wind,81.0,2,2.031,MI,0
2010.0,MISO,Wind,50.0,2,1.114,OH,0
2010.0,PJM,Solar,20.0,2,3.715,MD,0
2010.0,CAISO,Solar,14.0,2,0.745,CA,0
2010.0,PJM,Solar,1.0,2,0.728,NJ,0
2010.0,West,Wind,300.0,2,1.974,NM,0
2010.0,MISO,Wind,4.9,2,2.242,MN,0
2010.0,MISO,Gas,300.0,2,0.988,IA,0
2010.0,MISO,Wind,100.0,2,2.341,IL,0
2010.0,MISO,Gas,40.0,2,1.098,OH,0
2010.0,CAISO,Solar,20.0,1,5.629,CA,0
2010.0,West,Solar,0.2,2,4.78,OR,0
2010.0,CAISO,Solar,20.0,2,5.81,CA,0
2010.0,CAISO,Solar,20.0,2,3.844,CA,0
2010.0,PJM,Gas,40.0,1,3.959,OH,0
2010.0,MISO,Gas,300.0,2,2.168,MN,0
2010.0,PJM,Gas,612.0,2,0.342,VA,0
2010.0,PJM,Gas,610.0,2,0.342,VA,1
2010.0,PJM,Other,4.0,1,1.344,VA,0
2010.0,PJM,Solar,20.0,2,2.376,PA,0
2010.0,MISO,Gas,300.0,2,0.983,WI,0
2010.0,PJM,Solar,10.0,2,4.049,NJ,0
2010.0,PJM,Solar,2.5,2,0.323,NJ,0
2010.0,PJM,Solar,7.0,2,0.709,NJ,0
2010.0,PJM,Solar,18.0,2,0.709,NJ,0
2010.0,PJM,Solar,10.0,2,0.709,NJ,0
2010.0,PJM,Solar,20.0,2,0.709,NJ,0
2010.0,PJM,Solar,8.7,2,0.709,NJ,0
2010.0,PJM,Solar,18.0,2,3.74,NJ,0
2010.0,PJM,Solar,4.6,2,2.702,NJ,0
2010.0,PJM,Solar,20.0,2,3.74,NJ,0
2010.0,PJM,Solar,20.0,2,3.74,NJ,0
2010.0,PJM,Solar,20.0,2,3.74,NJ,0
2010.0,PJM,Solar,20.0,2,3.74,NJ,0
2010.0,PJM,Solar,5.0,2,0.709,NJ,0
2010.0,PJM,Solar,20.0,2,7.855,NJ,0
2010.0,PJM,Solar,5.0,2,1.435,NJ,0
2010.0,PJM,Other,9.9,2,0.953,WV,0
2010.0,PJM,Solar,18.0,2,3.74,NJ,0
2010.0,PJM,Solar,2.0,1,3.603,NJ,0
2010.0,PJM,Solar,20.0,2,3.751,NJ,0
2010.0,PJM,Solar,5.0,2,0.764,MD,0
2010.0,PJM,Solar,9.2,1,6.494,NJ,0
2010.0,PJM,Solar,5.0,1,4.392,NJ,0
2010.0,PJM,Solar,8.8,1,7.129,NJ,0
2010.0,PJM,Solar,8.8,1,7.127,NJ,0
2010.0,PJM,Solar,10.0,2,2.563,NJ,0
2010.0,PJM,Solar,5.1,2,3.852,NJ,0
2010.0,PJM,Solar,20.0,2,0.78,NJ,0
2010.0,PJM,Solar,3.0,1,5.166,NJ,0
2010.0,PJM,Solar,12.0,2,0.323,NJ,0
2010.0,PJM,Solar,16.9,1,2.604,NJ,0
2010.0,PJM,Solar,10.0,2,0.339,NJ,0
2010.0,PJM,Solar,20.0,2,3.751,NJ,0
2010.0,PJM,Solar,8.0,1,1.624,NJ,0
2010.0,PJM,Solar,14.0,1,2.182,MD,0
2010.0,PJM,Solar,8.0,1,5.895,NJ,0
2010.0,PJM,Solar,3.0,2,6.639,PA,0
2010.0,PJM,Solar,3.0,2,7.639,PA,0
2010.0,PJM,Solar,2.0,2,0.706,NJ,0
2010.0,PJM,Solar,1.0,2,0.862,NJ,0
2010.0,PJM,Solar,1.3,2,0.862,NJ,0
2010.0,PJM,Solar,1.7,2,0.862,NJ,0
2010.0,PJM,Solar,1.4,1,0.871,NJ,0
2010.0,PJM,Solar,1.9,2,0.088,NJ,0
2010.0,PJM,Solar,20.0,2,0.326,NJ,0
2010.0,PJM,Solar,0.6,2,2.349,PA,0
2010.0,PJM,Solar,5.0,2,4.282,PA,0
2010.0,PJM,Solar,2.0,2,5.451,PA,0
2010.0,PJM,Solar,3.0,2,4.282,PA,0
2010.0,PJM,Solar,4.0,1,2.836,NJ,0
2010.0,PJM,Battery,20.0,2,1.514,IL,1
2010.0,PJM,Solar,3.2,2,0.337,NJ,0
2010.0,PJM,Gas,13.0,1,3.247,PA,0
2010.0,PJM,Battery,20.0,1,4.233,PA,0
2010.0,ISO-NE,Wind,48.0,2,4.309,ME,0
2010.0,CAISO,Solar,20.0,1,4.044,CA,0
2010.0,CAISO,Solar,20.0,1,4.142,CA,0
2010.0,West,Wind,18.4,1,1.153,MT,0
2010.0,CAISO,Solar,10.0,2,1.284,CA,0
2010.0,ISO-NE,Wind,2.5,2,3.335,MA,0
2010.0,Southeast,Other,3.2,2,0.903,FL,0
2010.0,PJM,Wind,66.6,2,4.361,OH,0
2010.0,PJM,Solar,20.0,2,0.594,MD,0
2010.0,PJM,Solar,20.0,2,0.594,MD,0
2010.0,CAISO,Solar,20.0,2,0.693,CA,0
2010.0,ISO-NE,Other,33.0,2,5.081,VT,0
2010.0,CAISO,Solar,10.4,2,0.564,CA,0
2010.0,PJM,Other,30.0,2,0.597,WV,0
2010.0,PJM,Other,45.0,2,2.031,NJ,0
2010.0,PJM,Solar,1.0,2,0.523,NJ,0
2010.0,MISO,Wind,300.0,2,2.409,IL,0
2010.0,NYISO,Wind,100.0,2,4.72,NY,0
2010.0,CAISO,Solar,20.0,2,0.307,CA,0
2010.0,CAISO,Hybrid,40.0,0,15.633,CA,0
2010.0,PJM,Wind,100.0,2,2.713,OH,0
2010.0,West,Other,100.0,0,15.633,CO,0
2010.0,ISO-NE,Wind,18.0,2,2.519,NH,0
2010.0,ISO-NE,Other,18.1,2,1.128,ME,0
2010.0,ISO-NE,Wind,30.0,2,0.841,MA,0
2010.0,CAISO,Solar,20.0,2,3.723,CA,0
2010.0,CAISO,Solar,20.0,2,0.402,CA,0
2010.0,PJM,Gas,18.0,2,0.594,VA,0
2010.0,PJM,Other,20.0,1,2.138,PA,0
2010.0,PJM,Other,20.0,1,2.138,PA,0
2010.0,CAISO,Solar,4.9,2,0.728,CA,0
2010.0,CAISO,Solar,20.0,2,0.728,CA,0
2010.0,SPP,Wind,450.0,2,3.064,KS,0
2010.0,CAISO,Solar,20.0,2,3.261,CA,0
2010.0,MISO,Wind,150.0,2,1.971,WI,0
2010.0,CAISO,Solar,19.0,1,4.553,CA,0
2010.0,PJM,Other,2.0,1,4.082,PA,0
2010.0,PJM,Solar,10.0,2,0.52,NJ,0
2010.0,PJM,Solar,15.0,1,3.603,NJ,0
2010.0,MISO,Wind,200.0,2,2.168,SD,0
2010.0,CAISO,Solar,20.0,2,0.802,CA,0
2010.0,PJM,Solar,5.0,2,2.253,NJ,0
2010.0,PJM,Solar,5.0,2,0.608,NJ,0
2010.0,PJM,Solar,6.0,2,0.052,NJ,0
2010.0,PJM,Other,4.8,1,1.903,PA,0
2010.0,PJM,Solar,6.0,1,6.409,NJ,0
2010.0,PJM,Solar,5.0,2,2.253,NJ,0
2010.0,PJM,Wind,73.6,2,6.489,NC,0
2010.0,PJM,Gas,625.0,2,4.745,NJ,0
2010.0,PJM,Gas,625.0,2,1.506,NJ,0
2010.0,PJM,Solar,20.0,2,0.49,NJ,0
2010.0,PJM,Solar,1.5,2,2.962,NJ,0
2010.0,CAISO,Solar,20.0,2,5.027,CA,0
2010.0,SPP,Gas,168.1,1,0.805,TX,0
2010.0,CAISO,Solar,20.0,1,8.361,CA,0
2010.0,PJM,Nuclear,5.0,2,10.1,PA,0
2010.0,PJM,Nuclear,5.0,2,10.1,PA,0
2010.0,CAISO,Solar,18.0,1,3.704,CA,0
2010.0,PJM,Solar,9.6,1,6.338,NJ,0
2010.0,ISO-NE,Gas,492.0,2,0.115,RI,0
2010.0,PJM,Solar,8.5,2,1.259,NJ,0
2010.0,PJM,Solar,20.0,2,0.474,NJ,0
2010.0,West,Wind,102.0,2,0.227,ID,0
2010.0,ERCOT,Wind,150.0,0,15.548,TX,0
2010.0,West,Wind,40.0,1,2.42,ID,0
2010.0,PJM,Solar,20.0,2,0.632,NJ,0
2010.0,PJM,Solar,16.0,2,3.636,NJ,0
2010.0,MISO,Wind,18.0,2,2.053,IA,0
2010.0,MISO,Wind,120.0,2,1.243,MI,0
2010.0,West,Wind,20.0,1,1.952,ID,0
2010.0,PJM,Solar,0.7,1,0.756,NJ,0
2010.0,West,Wind,20.0,1,1.952,ID,0
2010.0,West,Wind,20.0,1,1.952,ID,0
2010.0,West,Wind,20.0,1,1.952,ID,0
2010.0,West,Wind,20.0,1,1.952,ID,0
2010.0,West,Wind,20.0,1,1.952,ID,0
2010.0,PJM,Solar,7.0,2,0.444,NJ,0
2010.0,West,Solar,30.0,2,2.376,CO,0
2010.0,ISO-NE,Other,33.0,2,0.758,VT,0
2010.0,SPP,Wind,216.0,2,0.334,TX,0
2010.0,SPP,Wind,230.0,2,0.334,TX,0
2010.0,SPP,Wind,261.0,2,0.334,TX,0
2010.0,MISO,Other,25.6,2,0.534,MI,0
2010.0,MISO,Wind,30.0,2,2.021,IA,0
2010.0,MISO,Wind,99.0,2,0.873,WI,0
2010.0,PJM,Gas,63.0,1,5.344,NJ,0
2010.0,MISO,Wind,500.0,2,1.886,IA,0
2010.0,MISO,Wind,185.6,2,4.531,IN,0
2010.0,MISO,Wind,4.9,2,0.041,MN,0
2010.0,MISO,Wind,201.0,2,2.264,IN,0
2010.0,MISO,Wind,27.0,2,1.725,ND,0
2010.0,MISO,Other,13.6,2,1.506,MI,1
2010.0,MISO,Wind,99.0,2,5.117,ND,0
2010.0,MISO,Wind,350.0,2,2.5,SD,0
2010.0,MISO,Other,5.9,2,1.131,IN,0
2010.0,MISO,Wind,4.9,2,3.814,MN,0
2010.0,MISO,Wind,201.0,2,0.912,MN,0
2010.0,MISO,Wind,60.0,2,2.721,MI,0
2010.0,PJM,Solar,20.0,2,9.569,OH,0
2010.0,Southeast,Other,2.3,2,1.509,AL,0
2010.0,PJM,Solar,2.5,2,0.093,NJ,0
2010.0,PJM,Solar,5.0,2,0.424,NJ,0
2010.0,PJM,Wind,450.0,2,1.437,IL,0
2010.0,PJM,Solar,7.5,2,3.874,NJ,0
2010.0,PJM,Wind,62.5,1,8.339,IL,0
2010.0,PJM,Other,47.4,1,3.236,VA,0
2010.0,PJM,Wind,100.5,2,0.517,IN,0
2010.0,SPP,Other,4.6,1,2.089,KS,0
2010.0,CAISO,Solar,20.0,2,3.589,CA,0
2010.0,CAISO,Solar,20.0,2,1.681,CA,0
2010.0,ERCOT,Wind,210.0,1,9.035,TX,0
2010.0,West,Solar,169.0,2,1.478,NM,0
2010.0,CAISO,Solar,20.0,1,4.452,CA,0
2010.0,CAISO,Solar,20.0,1,2.919,CA,0
2010.0,CAISO,Solar,10.0,2,3.138,CA,0
2010.0,CAISO,Solar,12.0,2,0.556,CA,0
2010.0,West,Hybrid,600.0,1,9.467,AZ,1
2010.0,PJM,Solar,7.6,2,0.383,NJ,0
2010.0,PJM,Solar,10.0,1,5.692,NJ,0
2010.0,CAISO,Solar,20.0,2,1.593,CA,0
2010.0,CAISO,Solar,20.0,2,1.593,CA,0
2010.0,PJM,Solar,0.6,1,0.652,NJ,0
2010.0,CAISO,Solar,20.0,2,1.629,CA,0
2010.0,CAISO,Solar,20.0,2,1.629,CA,0
2010.0,PJM,Solar,20.0,2,0.701,PA,0
2010.0,PJM,Solar,20.0,2,0.701,PA,0
2010.0,PJM,Solar,11.0,1,2.234,NJ,0
2010.0,CAISO,Gas,11.2,2,0.419,CA,0
2010.0,West,Solar,130.0,2,1.886,CO,0
2010.0,West,Solar,52.0,0,15.431,CO,0
2010.0,PJM,Solar,8.0,2,2.171,NJ,0
2010.0,PJM,Battery,27.4,1,1.15,WV,0
2010.0,PJM,Solar,1.0,2,0.438,NJ,0
2010.0,PJM,Other,2.4,2,2.081,PA,0
2010.0,PJM,Solar,3.0,1,5.843,NJ,0
2010.0,PJM,Other,12.1,2,0.088,KY,0
2010.0,PJM,Solar,20.0,2,2.836,NJ,0
2010.0,PJM,Solar,10.0,2,1.487,NJ,0
2010.0,PJM,Solar,20.0,2,2.122,PA,0
2010.0,PJM,Solar,20.0,2,2.122,PA,0
2010.0,PJM,Solar,10.0,2,0.813,PA,0
2010.0,PJM,Solar,20.0,2,1.604,PA,0
2010.0,PJM,Solar,20.0,2,1.604,PA,0
2010.0,PJM,Solar,10.0,2,0.879,NJ,0
2010.0,PJM,Solar,20.0,2,2.125,PA,0
2010.0,PJM,Solar,10.0,2,0.838,NJ,0
2010.0,PJM,Solar,17.0,2,5.355,NJ,0
2010.0,PJM,Solar,17.0,2,0.857,NJ,0
2010.0,PJM,Solar,10.0,2,0.307,NJ,0
2010.0,PJM,Solar,20.0,2,5.473,NJ,0
2010.0,PJM,Solar,20.0,2,4.214,NJ,0
2010.0,PJM,Solar,7.0,1,3.926,NJ,0
2010.0,PJM,Solar,10.0,1,5.837,NJ,0
2010.0,CAISO,Solar,20.0,2,1.944,CA,0
2010.0,PJM,Solar,20.0,2,0.761,MD,0
2010.0,PJM,Solar,5.0,2,0.339,NJ,0
2010.0,PJM,Solar,10.0,2,2.56,NJ,0
2010.0,PJM,Solar,17.0,2,5.355,NJ,0
2010.0,PJM,Other,70.0,2,3.118,KY,0
2010.0,PJM,Wind,50.0,2,2.07,OH,0
2010.0,PJM,Wind,150.0,2,1.506,OH,0
2010.0,PJM,Solar,10.0,2,0.761,PA,0
2010.0,PJM,Solar,10.0,2,0.342,NJ,0
2010.0,PJM,Solar,2.8,1,1.377,NJ,0
2010.0,PJM,Solar,20.0,2,0.556,NJ,0
2010.0,PJM,Solar,10.0,2,2.56,NJ,0
2010.0,PJM,Solar,4.0,2,6.631,NJ,0
2010.0,PJM,Solar,2.0,2,6.297,NJ,0
2010.0,PJM,Solar,2.1,2,0.11,NJ,0
2010.0,PJM,Solar,9.0,1,5.645,NJ,0
2010.0,PJM,Solar,19.4,2,3.42,IL,0
2010.0,PJM,Solar,2.0,1,6.834,NJ,0
2010.0,PJM,Solar,3.0,2,1.259,PA,0
2010.0,PJM,Solar,17.0,1,6.631,NJ,0
2010.0,PJM,Other,0.9,1,0.994,PA,0
2010.0,PJM,Solar,1.0,2,3.603,NJ,0
2010.0,CAISO,Hybrid,272.0,1,11.625,CA,0
2010.0,CAISO,Solar,50.0,2,0.906,CA,0
2010.0,CAISO,Solar,45.0,1,4.041,CA,0
2010.0,CAISO,Solar,150.0,2,0.994,CA,0
2010.0,CAISO,Solar,80.0,2,1.123,CA,0
2010.0,CAISO,Solar,250.0,2,1.109,CA,0
2010.0,CAISO,Solar,500.0,2,1.109,CA,0
2010.0,CAISO,Solar,165.0,1,3.422,AZ,1
2010.0,CAISO,Solar,320.0,2,1.109,CA,0
2010.0,CAISO,Solar,80.0,2,0.315,CA,0
2010.0,CAISO,Solar,480.0,2,0.296,CA,0
2010.0,CAISO,Solar,20.0,2,2.757,CA,0
2010.0,CAISO,Solar,289.0,2,1.12,CA,0
2010.0,CAISO,Solar,1000.0,2,1.109,AZ,0
2010.0,CAISO,Solar,1.0,2,3.168,CA,0
2010.0,CAISO,Solar,600.0,2,1.12,CA,0
2010.0,CAISO,Other,27.2,1,5.109,CA,0
2010.0,CAISO,Solar,220.0,2,2.787,CA,0
2010.0,CAISO,Solar,200.0,2,2.757,CA,0
2010.0,CAISO,Solar,150.0,2,2.757,CA,0
2010.0,CAISO,Wind,540.0,2,0.255,MX,0
2010.0,CAISO,Wind,300.0,2,0.323,MX,0
2010.0,CAISO,Solar,242.0,2,0.86,NV,1
2010.0,CAISO,Solar,200.0,2,1.109,CA,0
2010.0,CAISO,Other,364.2,2,0.906,NV,0
2010.0,CAISO,Solar,238.0,2,1.109,AZ,0
2010.0,CAISO,Solar,200.0,2,2.757,CA,0
2010.0,CAISO,Other,5.6,2,0.991,NV,0
2010.0,CAISO,Solar,100.0,1,8.498,CA,0
2010.0,CAISO,Solar,300.0,2,2.773,NV,1
2010.0,CAISO,Hybrid,175.0,1,11.247,CA,0
2010.0,CAISO,Hybrid,253.0,0,15.42,CA,0
2010.0,CAISO,Other,169.0,2,1.12,CA,0
2010.0,CAISO,Other,289.0,2,1.12,CA,0
2010.0,CAISO,Wind,16.1,2,2.355,CA,0
2010.0,CAISO,Other,86.0,2,0.966,CA,0
2010.0,CAISO,Hybrid,185.0,1,10.366,CA,0
2010.0,CAISO,Other,289.0,2,1.12,CA,0
2010.0,CAISO,Solar,200.0,2,1.029,CA,0
2010.0,CAISO,Wind,149.5,2,1.09,CA,0
2010.0,CAISO,Solar,300.0,2,0.945,CA,0
2010.0,CAISO,Wind,200.1,2,2.757,CA,0
2010.0,CAISO,Solar,750.0,2,2.563,CA,0
2010.0,CAISO,Other,95.0,2,0.906,CA,0
2010.0,CAISO,Solar,170.0,2,0.11,CA,0
2010.0,CAISO,Solar,500.0,2,0.11,CA,0
2010.0,West,Wind,500.0,0,15.417,OR,1
2010.0,PJM,Other,3.2,1,0.663,VA,1
2010.0,PJM,Solar,1.3,2,0.602,NJ,0
2010.0,NYISO,Other,3.0,1,4.739,NY,0
2010.0,PJM,Solar,8.8,1,8.241,NJ,0
2010.0,PJM,Wind,500.0,2,3.874,OH,0
2010.0,PJM,Solar,5.0,2,0.586,NJ,0
2010.0,PJM,Solar,20.0,2,0.657,PA,0
2010.0,PJM,Solar,20.0,2,3.102,PA,0
2010.0,PJM,Solar,10.0,2,2.965,NJ,0
2010.0,Southeast,Gas,959.0,2,0.504,GA,0
2010.0,Southeast,Gas,1918.0,2,0.504,GA,0
2010.0,Southeast,Gas,1922.0,2,0.635,GA,0
2010.0,Southeast,Gas,961.0,2,0.635,GA,0
2010.0,Southeast,Gas,952.0,2,0.92,GA,0
2010.0,PJM,Wind,300.0,2,0.597,OH,0
2010.0,PJM,Solar,2.0,2,0.526,NJ,0
2010.0,PJM,Wind,300.0,2,1.692,OH,0
2010.0,PJM,Wind,300.0,2,1.561,OH,0
2010.0,PJM,Wind,300.0,2,1.062,OH,0
2010.0,PJM,Other,0.3,2,0.849,VA,0
2010.0,West,Other,4.5,1,1.355,ID,0
2010.0,PJM,Solar,60.0,2,1.029,NJ,0
2010.0,PJM,Solar,20.0,2,0.52,NJ,0
2010.0,PJM,Solar,20.0,2,0.52,NJ,0
2010.0,CAISO,Solar,20.0,1,5.352,CA,0
2010.0,West,Solar,30.0,2,0.178,CO,0
2010.0,CAISO,Solar,20.0,1,6.938,CA,0
2010.0,MISO,Wind,150.0,2,3.058,IL,0
2010.0,SPP,Wind,300.0,1,2.264,OK,0
2010.0,CAISO,Solar,20.0,2,1.498,CA,0
2010.0,PJM,Wind,150.0,2,0.939,NC,0
2010.0,PJM,Wind,70.0,2,2.108,PA,0
2010.0,CAISO,Solar,20.0,2,5.873,CA,0
2010.0,PJM,Wind,70.0,2,1.522,VA,0
2010.0,PJM,Wind,120.0,2,1.106,PA,0
2010.0,CAISO,Solar,20.0,2,1.873,CA,0
2010.0,CAISO,Solar,8.0,2,1.878,CA,0
2010.0,CAISO,Solar,20.0,2,6.242,CA,0
2010.0,MISO,Wind,101.2,2,0.192,IL,0
2010.0,MISO,Wind,101.2,2,0.151,IL,0
2010.0,PJM,Wind,150.0,2,4.58,PA,0
2010.0,CAISO,Solar,11.8,2,1.873,CA,0
2010.0,PJM,Wind,149.4,2,2.664,IN,0
2010.0,PJM,Solar,5.0,2,2.905,NJ,0
2010.0,PJM,Wind,348.0,2,5.708,NJ,0
2010.0,PJM,Solar,2.1,2,5.821,NJ,0
2010.0,West,Wind,238.0,0,15.343,OR,1
2010.0,PJM,Solar,5.0,2,1.52,NJ,0
2010.0,PJM,Gas,309.2,1,4.723,DE,0
2010.0,PJM,Solar,8.0,2,3.318,NJ,0
2010.0,PJM,Solar,20.0,2,0.159,NJ,0
2010.0,PJM,Solar,8.4,1,7.762,NJ,0
2010.0,PJM,Other,7.5,2,4.085,NJ,0
2010.0,PJM,Other,7.5,2,0.942,NJ,0
2010.0,PJM,Solar,7.0,2,0.482,NJ,0
2010.0,PJM,Solar,5.0,2,0.501,MD,0
2010.0,PJM,Solar,20.0,2,0.517,MD,0
2010.0,PJM,Solar,5.0,2,1.689,NJ,0
2010.0,PJM,Wind,20.0,2,2.757,NJ,0
2010.0,PJM,Other,3.8,2,0.641,PA,0
2010.0,PJM,Solar,10.0,2,2.341,NJ,0
2010.0,PJM,Solar,16.0,2,1.098,PA,0
2010.0,PJM,Wind,500.0,2,0.958,VA,0
2010.0,PJM,Wind,60.0,2,1.347,KY,0
2010.0,PJM,Solar,8.8,1,8.821,NJ,0
2010.0,PJM,Gas,60.0,1,4.164,VA,0
2010.0,PJM,Nuclear,50.0,1,2.398,NJ,0
2010.0,PJM,Solar,10.0,2,0.482,NJ,0
2010.0,MISO,Wind,155.0,1,1.585,MI,0
2010.0,PJM,Wind,95.0,2,2.396,VA,0
2010.0,PJM,Wind,150.0,2,1.741,NC,0
2010.0,PJM,Wind,260.0,2,0.487,NC,0
2010.0,PJM,Wind,200.0,2,1.418,IL,0
2010.0,PJM,Wind,207.5,2,7.71,IL,0
2010.0,PJM,Solar,20.0,2,1.287,NC,0
2010.0,PJM,Solar,3.0,2,6.16,NJ,0
2010.0,PJM,Solar,20.0,2,5.344,NJ,0
2010.0,PJM,Solar,8.0,2,1.016,NJ,0
2010.0,PJM,Solar,12.0,2,1.016,NJ,0
2010.0,MISO,Other,270.0,2,0.912,IA,1
2010.0,NYISO,Wind,249.4,2,0.23,NY,0
2010.0,CAISO,Solar,20.0,2,0.37,CA,0
2010.0,CAISO,Solar,20.0,2,1.574,CA,0
2010.0,CAISO,Solar,20.0,1,4.293,CA,0
2010.0,West,Other,10.0,2,3.351,OR,0
2010.0,CAISO,Solar,20.0,2,2.658,CA,0
2010.0,PJM,Wind,97.6,2,1.396,OH,0
2010.0,PJM,Wind,99.0,2,4.159,OH,0
2010.0,PJM,Solar,10.0,2,0.457,NJ,0
2010.0,PJM,Solar,10.0,2,2.869,NJ,0
2010.0,PJM,Wind,99.0,2,0.761,OH,0
2010.0,MISO,Wind,100.0,2,1.949,IN,0
2010.0,MISO,Wind,99.0,2,0.723,OH,0
2010.0,MISO,Wind,97.6,2,0.723,OH,0
2010.0,MISO,Wind,99.0,2,0.69,OH,0
2010.0,MISO,Gas,500.0,2,3.19,MN,0
2010.0,MISO,Wind,200.0,2,0.602,MO,0
2010.0,CAISO,Solar,20.0,2,0.178,CA,0
2010.0,PJM,Wind,120.0,2,1.169,IN,0
2010.0,MISO,Solar,20.0,2,0.096,IL,0
2010.0,PJM,Solar,20.0,2,0.457,MD,0
2010.0,MISO,Wind,200.0,2,1.843,MI,0
2010.0,CAISO,Solar,15.0,2,1.834,CA,0
2010.0,PJM,Other,0.8,1,0.701,OH,0
2010.0,CAISO,Solar,20.0,1,4.145,CA,0
2010.0,PJM,Solar,20.0,2,0.528,PA,0
2010.0,CAISO,Solar,20.0,2,1.429,CA,0
2010.0,SPP,Wind,10.3,2,8.63,NE,0
2010.0,SPP,Gas,320.0,2,1.432,OK,0
2010.0,PJM,Wind,300.0,2,5.854,NC,0
2010.0,MISO,Wind,400.0,2,2.877,MN,0
2010.0,ERCOT,Wind,30.2,1,8.86,TX,0
2010.0,PJM,Solar,20.0,2,0.515,PA,0
2010.0,SPP,Wind,99.0,2,3.083,NE,0
2010.0,MISO,Wind,200.0,2,1.848,IL,0
2010.0,PJM,Solar,20.0,2,0.649,PA,0
2010.0,PJM,Solar,20.0,2,0.649,PA,0
2010.0,CAISO,Hybrid,40.0,0,15.255,CA,0
2010.0,CAISO,Solar,20.0,2,1.864,CA,0
2010.0,CAISO,Solar,20.0,2,1.864,CA,0
2010.0,CAISO,Solar,20.0,2,1.588,CA,0
2010.0,SPP,Wind,197.8,2,7.543,KS,0
2010.0,PJM,Other,52.0,2,2.486,MD,0
2010.0,PJM,Solar,11.0,2,0.819,NJ,0
2010.0,SPP,Wind,72.0,2,0.999,NE,0
2010.0,PJM,Solar,15.0,1,6.248,NJ,0
2010.0,CAISO,Solar,20.0,1,4.517,CA,0
2010.0,SPP,Wind,200.0,1,8.214,NE,0
2010.0,CAISO,Solar,20.0,2,4.372,CA,0
2010.0,CAISO,Solar,20.0,2,0.435,CA,0
2010.0,SPP,Wind,70.0,2,6.281,KS,0
2010.0,CAISO,Solar,20.0,2,1.432,CA,0
2010.0,PJM,Solar,7.0,1,5.552,NJ,0
2010.0,CAISO,Solar,20.0,2,2.828,CA,0
2010.0,CAISO,Solar,20.0,2,1.774,CA,0
2010.0,CAISO,Solar,20.0,2,0.329,CA,0
2010.0,SPP,Wind,199.8,2,2.004,KS,0
2010.0,SPP,Wind,49.6,2,1.476,KS,0
2010.0,SPP,Wind,301.3,2,1.295,KS,0
2010.0,PJM,Solar,13.0,2,4.057,NJ,0
2010.0,PJM,Solar,20.0,2,0.386,NJ,0
2010.0,PJM,Solar,17.0,2,5.185,NJ,0
2010.0,PJM,Solar,8.8,1,9.279,NJ,0
2010.0,SPP,Gas,4.5,1,2.412,OK,1
2010.0,PJM,Solar,12.5,2,1.473,MD,0
2010.0,SPP,Gas,56.0,2,8.739,TX,0
2010.0,PJM,Solar,2.0,2,0.865,NJ,0
2010.0,PJM,Solar,20.0,2,2.951,PA,0
2010.0,PJM,Solar,20.0,2,0.865,NJ,0
2010.0,West,Wind,21.0,1,1.248,ID,0
2010.0,CAISO,Solar,20.0,2,1.41,CA,0
2010.0,West,Wind,24.0,1,1.133,MT,0
2010.0,CAISO,Solar,20.0,2,1.281,CA,0
2010.0,CAISO,Solar,20.0,2,1.281,CA,0
2010.0,CAISO,Hybrid,24.1,2,14.47,CA,0
2010.0,PJM,Solar,16.6,2,0.134,NJ,0
2010.0,PJM,Wind,185.0,2,2.56,OH,0
2010.0,PJM,Solar,15.0,2,0.405,DE,0
2010.0,PJM,Solar,10.0,2,0.827,DE,0
2010.0,West,Wind,199.5,2,4.583,UT,0
2010.0,West,Solar,30.0,2,1.347,CO,0
2010.0,CAISO,Solar,10.0,1,6.116,CA,0
2010.0,CAISO,Solar,20.0,2,1.377,CA,0
2010.0,PJM,Solar,3.0,2,0.345,NJ,0
2010.0,PJM,Solar,20.0,2,0.816,NJ,0
2010.0,PJM,Solar,10.0,2,0.345,NJ,0
2010.0,PJM,Wind,200.0,2,6.021,OH,0
2010.0,CAISO,Solar,14.0,2,1.706,CA,0
2010.0,MISO,Gas,194.0,2,1.829,MN,0
2010.0,CAISO,Solar,20.0,1,4.32,CA,0
2010.0,SPP,Wind,151.2,2,3.89,MO,0
2010.0,PJM,Battery,3.0,2,1.361,PA,0
2010.0,West,Solar,20.0,2,1.785,CO,0
2010.0,PJM,Solar,2.5,2,1.018,PA,0
2010.0,PJM,Solar,15.0,2,3.896,NJ,0
2010.0,PJM,Solar,5.0,2,0.956,OH,0
2010.0,PJM,Solar,20.0,2,0.994,OH,0
2010.0,PJM,Wind,100.0,2,7.871,PA,0
2010.0,SPP,Wind,201.0,1,1.922,KS,0
2010.0,MISO,Wind,200.0,2,0.934,MN,0
2010.0,PJM,Solar,15.0,2,0.556,PA,0
2010.0,PJM,Solar,3.2,2,2.141,NJ,0
2010.0,PJM,Solar,8.0,2,0.345,NJ,0
2010.0,PJM,Gas,652.0,2,6.563,OH,0
2010.0,PJM,Solar,12.0,2,4.038,OH,0
2010.0,PJM,Gas,371.0,2,8.277,NJ,0
2010.0,PJM,Gas,193.5,2,2.461,NJ,0
2010.0,PJM,Gas,402.0,2,0.339,DE,0
2010.0,PJM,Solar,2.0,2,1.448,NJ,0
2010.0,PJM,Solar,12.0,2,0.936,PA,0
2010.0,PJM,Gas,218.0,2,0.339,DE,0
2010.0,PJM,Other,1.0,2,1.93,OH,1
2010.0,PJM,Solar,5.0,2,0.794,NJ,0
2010.0,PJM,Solar,10.0,2,0.835,NJ,0
2010.0,PJM,Solar,6.0,2,0.569,NJ,0
2010.0,PJM,Solar,5.0,2,0.797,NJ,0
2010.0,PJM,Solar,10.0,2,0.378,NJ,0
2010.0,PJM,Solar,17.0,2,3.181,NJ,0
2010.0,PJM,Solar,16.0,2,0.378,NJ,0
2010.0,PJM,Solar,10.0,2,3.962,NJ,0
2010.0,PJM,Solar,2.5,2,1.144,NJ,0
2010.0,PJM,Solar,1.6,2,4.09,NJ,0
2010.0,PJM,Gas,20.0,2,2.795,DC,0
2010.0,PJM,Solar,17.0,2,1.298,NJ,0
2010.0,PJM,Solar,1.7,2,2.719,NJ,0
2010.0,PJM,Solar,8.0,2,5.741,NJ,0
2010.0,PJM,Solar,12.0,2,5.517,NJ,0
2010.0,PJM,Solar,2.6,2,1.01,PA,0
2010.0,PJM,Solar,10.0,2,4.903,MD,0
2010.0,PJM,Solar,17.0,2,4.381,NJ,0
2010.0,PJM,Solar,5.0,2,1.265,NJ,0
2010.0,PJM,Solar,7.3,2,1.914,NJ,0
2010.0,PJM,Solar,8.3,2,1.914,NJ,0
2010.0,PJM,Solar,7.6,2,0.145,NJ,0
2010.0,PJM,Solar,19.4,2,3.17,IL,0
2010.0,PJM,Wind,19.5,2,0.879,IL,0
2010.0,PJM,Other,10.6,2,10.475,IL,0
2010.0,PJM,Solar,8.0,2,1.451,NJ,0
2010.0,PJM,Other,12.1,2,11.316,IL,0
2010.0,PJM,Solar,4.0,2,0.402,NJ,0
2010.0,PJM,Solar,10.0,2,1.298,NJ,0
2010.0,PJM,Solar,10.0,2,7.22,NJ,0
2010.0,PJM,Solar,8.0,2,4.381,NJ,0
2010.0,PJM,Solar,3.0,2,0.802,NJ,0
2010.0,PJM,Solar,18.0,2,0.736,NJ,0
2010.0,PJM,Solar,10.0,2,1.298,NJ,0
2010.0,PJM,Gas,27.9,2,0.356,NJ,0
2010.0,PJM,Solar,17.0,2,4.52,NJ,0
2010.0,PJM,Gas,20.0,1,0.862,KY,0
2010.0,PJM,Solar,2.0,2,0.052,PA,0
2010.0,PJM,Solar,14.9,2,7.737,OH,0
2010.0,PJM,Solar,2.0,2,0.052,PA,0
2010.0,PJM,Solar,15.0,2,7.737,OH,0
2010.0,PJM,Solar,2.0,2,0.052,PA,0
2010.0,PJM,Solar,2.0,2,0.052,PA,0
2010.0,PJM,Solar,17.0,2,3.546,NJ,0
2010.0,PJM,Solar,6.0,2,0.356,MD,0
2010.0,PJM,Solar,2.8,1,0.632,NJ,0
2010.0,PJM,Solar,20.0,2,7.737,OH,0
2010.0,PJM,Solar,15.0,2,0.936,PA,0
2010.0,PJM,Solar,7.5,1,3.047,NJ,0
2010.0,PJM,Other,13.0,2,1.3,WV,0
2010.0,PJM,Solar,0.6,2,0.342,NJ,0
2010.0,PJM,Solar,1.0,2,1.062,NJ,0
2010.0,PJM,Solar,10.0,2,1.246,NJ,0
2010.0,PJM,Solar,10.0,2,1.741,PA,0
2010.0,PJM,Solar,9.9,1,5.232,NJ,0
2010.0,PJM,Solar,15.0,2,0.394,PA,0
2010.0,PJM,Solar,20.0,2,0.794,NJ,0
2010.0,PJM,Solar,20.0,2,0.794,NJ,0
2010.0,PJM,Other,5.0,1,0.816,MD,0
2010.0,PJM,Solar,20.0,2,0.794,NJ,0
2010.0,PJM,Solar,2.0,2,0.378,PA,0
2010.0,PJM,Solar,2.0,2,0.378,PA,0
2010.0,MISO,Wind,201.0,2,1.845,IN,0
2010.0,PJM,Solar,7.0,2,0.216,VA,0
2010.0,MISO,Other,3.2,2,0.578,OH,0
2010.0,PJM,Other,3.2,1,1.881,OH,0
2010.0,West,Wind,200.0,2,2.366,CO,0
2010.0,West,Wind,300.0,2,2.366,CO,0
2010.0,West,Wind,400.0,2,2.366,CO,0
2010.0,ISO-NE,Wind,92.2,2,3.014,ME,0
2010.0,PJM,Wind,90.0,2,7.948,IN,0
2010.0,CAISO,Solar,20.0,2,0.323,CA,0
2010.0,CAISO,Solar,10.0,2,0.63,CA,0
2010.0,MISO,Gas,43.8,1,0.882,WI,0
2010.0,PJM,Other,19.2,1,1.55,OH,0
2010.0,CAISO,Solar,20.0,2,0.211,CA,0
2010.0,MISO,Other,19.2,2,0.55,OH,0
2010.0,MISO,Wind,150.0,2,2.612,MN,0
2010.0,MISO,Wind,200.0,2,1.763,MI,0
2010.0,PJM,Nuclear,16.0,1,2.445,OH,0
2010.0,MISO,Wind,47.5,2,0.789,MN,0
2010.0,MISO,Wind,99.6,2,1.229,ND,0
2010.0,MISO,Wind,39.0,2,0.789,MN,0
2010.0,MISO,Wind,97.5,2,2.817,WI,0
2010.0,CAISO,Solar,20.0,2,1.295,CA,0
2010.0,West,Solar,20.0,1,1.626,AZ,1
2010.0,MISO,Wind,100.0,2,3.321,MI,0
2010.0,MISO,Wind,100.0,2,2.535,MI,0
2010.0,MISO,Nuclear,29.8,2,0.542,OH,0
2010.0,MISO,Other,30.0,2,0.816,MN,0
2010.0,MISO,Wind,100.0,2,3.932,MN,0
2010.0,West,Solar,30.0,2,1.539,CO,0
2010.0,West,Solar,120.0,0,15.124,CO,0
2010.0,PJM,Wind,306.0,1,7.075,IL,0
2010.0,CAISO,Solar,20.0,2,1.284,CA,0
2010.0,PJM,Wind,150.0,2,1.415,OH,0
2010.0,PJM,Wind,20.0,2,0.528,WV,0
2010.0,PJM,Wind,90.0,2,7.915,IN,0
2010.0,PJM,Gas,725.0,1,5.032,NJ,0
2010.0,PJM,Gas,29.1,1,3.458,MD,0
2010.0,PJM,Wind,120.0,2,0.515,PA,0
2010.0,PJM,Wind,50.0,2,0.969,PA,0
2010.0,PJM,Solar,15.0,2,5.246,NJ,0
2010.0,PJM,Solar,17.0,2,4.145,NJ,0
2010.0,PJM,Gas,210.0,1,4.131,NJ,0
2010.0,PJM,Wind,100.0,2,1.996,MD,0
2010.0,PJM,Gas,235.0,2,7.975,NJ,0
2010.0,PJM,Wind,200.0,2,1.802,OH,0
2010.0,PJM,Gas,738.4,2,2.782,NJ,0
2010.0,PJM,Solar,10.1,2,1.802,MD,0
2010.0,PJM,Wind,40.0,2,1.166,IL,0
2010.0,PJM,Solar,10.0,2,2.289,NJ,0
2010.0,ERCOT,Solar,7.4,2,15.025,TX,0
2010.0,PJM,Gas,300.0,2,1.47,NJ,0
2010.0,PJM,Gas,550.0,2,1.511,NJ,0
2010.0,PJM,Solar,100.0,2,0.657,PA,0
2010.0,ERCOT,Wind,199.5,1,9.374,TX,0
2010.0,West,Other,0.5,1,0.326,MT,0
2010.0,PJM,Solar,7.0,1,4.164,NJ,0
2010.0,MISO,Wind,198.0,2,1.733,MI,0
2010.0,MISO,Wind,99.0,2,1.591,MI,0
2010.0,PJM,Solar,10.0,2,0.956,NJ,0
2010.0,Southeast,Other,100.0,2,0.526,MS,0
2010.0,CAISO,Solar,20.0,1,5.391,CA,0
2010.0,CAISO,Solar,20.0,1,3.915,CA,0
2010.0,CAISO,Solar,20.0,1,4.958,CA,0
2010.0,CAISO,Solar,20.0,2,1.385,CA,0
2010.0,CAISO,Solar,20.0,2,1.216,CA,0
2010.0,PJM,Solar,20.0,2,0.46,NJ,0
2010.0,PJM,Solar,7.9,2,5.429,NJ,0
2010.0,PJM,Solar,2.4,2,7.871,NJ,0
2010.0,PJM,Solar,0.0,2,1.582,MD,0
2010.0,MISO,Wind,200.0,2,1.561,SD,0
2010.0,West,Solar,20.0,2,1.117,CO,0
2010.0,MISO,Wind,100.0,2,6.582,MI,0
2010.0,ISO-NE,Wind,14.9,2,0.46,MA,0
2010.0,West,Wind,500.0,2,2.251,CO,0
2010.0,NYISO,Wind,122.4,2,4.438,NY,0
2010.0,PJM,Solar,2.6,2,4.92,NJ,0
2010.0,West,Gas,6.3,2,0.063,CO,0
2010.0,PJM,Solar,10.0,2,4.945,IL,0
2010.0,West,Wind,50.0,2,0.123,WA,0
2010.0,MISO,Wind,101.2,1,1.678,IA,0
2010.0,PJM,Solar,1.5,2,1.268,NJ,0
2010.0,PJM,Solar,12.0,2,7.014,OH,0
2010.0,PJM,Solar,20.0,2,0.956,OH,0
2010.0,PJM,Gas,3.0,2,0.676,NJ,0
2010.0,PJM,Other,62.5,2,1.478,KY,0
2010.0,PJM,Solar,20.0,2,2.563,PA,0
2010.0,PJM,Other,24.0,1,1.84,NJ,0
2010.0,PJM,Battery,32.0,2,7.849,WV,0
2010.0,SPP,Gas,516.0,2,1.276,TX,0
2010.0,PJM,Solar,20.0,2,1.087,NJ,0
2010.0,SPP,Wind,129.0,2,0.263,KS,0
2010.0,SPP,Gas,992.0,2,1.284,TX,0
2010.0,PJM,Solar,9.7,2,3.422,NJ,0
2010.0,SPP,Wind,20.0,1,1.166,TX,0
2010.0,PJM,Solar,20.0,2,0.049,OH,0
2011.0,PJM,Gas,725.0,2,2.568,MD,0
2011.0,SPP,Wind,200.0,2,0.753,KS,0
2011.0,PJM,Solar,9.0,2,5.539,NJ,0
2011.0,PJM,Solar,10.0,1,5.503,NJ,0
2011.0,ISO-NE,Other,20.2,2,0.063,MA,0
2011.0,PJM,Solar,1.0,2,0.438,NJ,0
2011.0,West,Gas,348.0,2,0.972,TX,0
2011.0,ERCOT,Wind,250.1,1,10.198,TX,0
2011.0,PJM,Solar,2.0,2,4.736,NJ,0
2011.0,PJM,Gas,12.0,2,0.775,PA,0
2011.0,PJM,Solar,12.0,2,0.323,NJ,0
2011.0,Southeast,Other,55.0,2,1.837,GA,0
2011.0,PJM,Solar,8.0,2,0.873,NJ,0
2011.0,SPP,Solar,10.0,2,0.515,KS,0
2011.0,SPP,Wind,150.4,2,0.515,KS,0
2011.0,PJM,Solar,2.0,2,0.339,NJ,0
2011.0,PJM,Solar,2.0,2,0.339,NJ,0
2011.0,PJM,Wind,2.2,2,0.047,PA,0
2011.0,PJM,Solar,5.2,2,0.827,NJ,0
2011.0,PJM,Wind,5.0,2,8.11,NJ,0
2011.0,PJM,Solar,3.0,1,5.331,NJ,0
2011.0,PJM,Solar,3.0,2,5.254,NJ,0
2011.0,PJM,Solar,5.0,2,0.758,NJ,0
2011.0,PJM,Solar,8.0,2,4.123,NJ,0
2011.0,PJM,Other,3.0,2,0.241,PA,0
2011.0,PJM,Solar,2.0,2,0.402,PA,0
2011.0,PJM,Solar,16.0,2,4.726,NJ,0
2011.0,PJM,Solar,8.0,1,8.942,NJ,0
2011.0,PJM,Solar,6.0,2,0.945,NJ,0
2011.0,PJM,Solar,7.0,2,4.263,NJ,0
2011.0,PJM,Solar,10.0,2,0.337,NJ,0
2011.0,PJM,Solar,10.0,2,0.331,NJ,0
2011.0,PJM,Solar,1.3,2,3.381,NJ,0
2011.0,PJM,Solar,1.6,2,3.381,NJ,0
2011.0,PJM,Solar,10.0,2,0.331,NJ,0
2011.0,PJM,Solar,10.0,2,0.348,MD,0
2011.0,PJM,Solar,20.0,2,0.331,MD,0
2011.0,PJM,Solar,2.0,2,0.997,NJ,0
2011.0,PJM,Solar,20.0,2,5.01,NJ,0
2011.0,PJM,Solar,2.0,2,0.334,NJ,0
2011.0,PJM,Other,8.0,1,1.457,IL,0
2011.0,PJM,Solar,10.0,2,0.049,MD,0
2011.0,MISO,Wind,500.0,2,1.292,IA,0
2011.0,PJM,Other,4.0,1,2.207,IL,0
2011.0,PJM,Solar,9.0,2,1.35,NJ,0
2011.0,PJM,Battery,2.0,2,3.376,PA,0
2011.0,PJM,Solar,5.0,2,0.999,NJ,0
2011.0,PJM,Other,2.1,1,2.289,IL,0
2011.0,PJM,Other,3.1,2,1.867,IL,1
2011.0,PJM,Solar,10.0,2,0.827,NJ,0
2011.0,PJM,Solar,3.0,1,4.931,NJ,0
2011.0,PJM,Solar,8.0,2,0.559,NJ,0
2011.0,PJM,Solar,18.0,2,0.827,NJ,0
2011.0,PJM,Solar,0.7,1,0.873,NJ,0
2011.0,PJM,Solar,0.6,1,1.426,NJ,0
2011.0,PJM,Solar,10.0,1,7.507,NJ,0
2011.0,PJM,Solar,9.0,2,0.988,NJ,0
2011.0,PJM,Solar,7.0,1,5.087,NJ,0
2011.0,PJM,Solar,10.0,2,0.797,NJ,0
2011.0,PJM,Solar,10.0,2,0.06,NJ,0
2011.0,PJM,Solar,20.0,2,0.433,NJ,0
2011.0,PJM,Solar,20.0,2,0.427,NJ,0
2011.0,PJM,Solar,20.0,1,1.829,MD,0
2011.0,PJM,Gas,9.0,2,0.671,NJ,0
2011.0,MISO,Gas,240.0,2,1.383,SD,0
2011.0,MISO,Gas,60.0,2,1.383,SD,0
2011.0,MISO,Wind,50.0,2,2.491,MN,0
2011.0,MISO,Wind,300.0,2,0.493,MI,0
2011.0,MISO,Wind,200.0,2,0.813,MI,0
2011.0,MISO,Wind,99.0,2,1.002,MN,0
2011.0,MISO,Wind,124.8,2,0.986,MI,0
2011.0,MISO,Wind,50.0,1,2.732,IL,0
2011.0,MISO,Wind,120.0,2,2.858,MI,0
2011.0,West,Wind,150.0,2,0.745,WA,0
2011.0,PJM,Solar,7.8,2,0.969,NJ,0
2011.0,PJM,Solar,5.8,2,1.068,NJ,0
2011.0,PJM,Solar,9.7,2,2.776,NJ,0
2011.0,PJM,Solar,9.7,2,0.914,NJ,0
2011.0,PJM,Solar,1.9,2,1.207,NJ,0
2011.0,PJM,Solar,20.0,2,0.602,OH,0
2011.0,PJM,Solar,4.8,2,1.068,NJ,0
2011.0,West,Other,8.3,1,2.042,WA,0
2011.0,MISO,Gas,99.0,1,5.544,ND,0
2011.0,NYISO,Other,444.0,2,9.038,NY,0
2011.0,MISO,Wind,101.0,1,3.661,MI,0
2011.0,MISO,Wind,20.0,1,2.541,MI,0
2011.0,MISO,Wind,200.0,2,0.758,IL,0
2011.0,MISO,Wind,200.0,2,0.531,MI,0
2011.0,Southeast,Gas,968.0,2,6.546,AL,0
2011.0,Southeast,Gas,782.0,2,1.166,GA,0
2011.0,West,Wind,100.0,2,1.246,WA,0
2011.0,Southeast,Gas,520.0,2,0.564,AL,0
2011.0,West,Wind,250.0,2,2.623,WA,0
2011.0,Southeast,Gas,520.0,2,1.166,GA,0
2011.0,Southeast,Gas,968.0,2,6.546,GA,0
2011.0,Southeast,Gas,391.0,2,1.166,GA,0
2011.0,Southeast,Other,21.0,0,14.856,KY,0
2011.0,PJM,Solar,10.0,1,5.027,NJ,0
2011.0,West,Gas,6.3,2,0.038,CO,1
2011.0,PJM,Gas,1018.0,2,2.771,PA,0
2011.0,MISO,Solar,25.0,2,1.336,MI,1
2011.0,PJM,Wind,20.0,2,0.564,WV,0
2011.0,PJM,Wind,60.0,2,0.498,PA,0
2011.0,PJM,Solar,5.0,2,6.661,NJ,0
2011.0,PJM,Solar,10.0,2,0.107,MD,0
2011.0,PJM,Solar,6.0,2,0.107,MD,0
2011.0,PJM,Solar,15.0,2,0.561,NJ,0
2011.0,PJM,Solar,10.0,2,0.107,MD,0
2011.0,PJM,Solar,20.0,2,0.548,NJ,0
2011.0,PJM,Wind,1500.0,2,7.403,IN,0
2011.0,PJM,Wind,720.0,2,0.942,NJ,0
2011.0,West,Other,8.0,2,1.339,OR,0
2011.0,PJM,Wind,75.0,2,0.865,PA,0
2011.0,MISO,Solar,100.0,2,1.325,MI,0
2011.0,PJM,Solar,6.2,2,0.517,NJ,0
2011.0,PJM,Other,200.0,2,1.021,OH,0
2011.0,PJM,Wind,500.0,2,7.376,OH,0
2011.0,MISO,Wind,500.0,2,0.246,OH,0
2011.0,ISO-NE,Other,3.9,2,0.104,ME,0
2011.0,PJM,Solar,20.0,2,0.575,MD,0
2011.0,PJM,Solar,20.0,2,0.739,PA,0
2011.0,NYISO,Wind,19.8,2,6.149,NY,0
2011.0,West,Wind,200.0,0,14.815,CO,0
2011.0,West,Wind,200.0,0,14.801,OR,1
2011.0,ISO-NE,Wind,20.0,2,3.181,VT,0
2011.0,West,Wind,200.0,0,14.801,OR,1
2011.0,PJM,Solar,4.0,1,1.821,MD,0
2011.0,PJM,Solar,12.0,2,1.7,OH,0
2011.0,West,Wind,10.0,1,1.123,MT,0
2011.0,West,Wind,10.0,1,1.123,MT,0
2011.0,West,Solar,60.0,2,0.791,CO,0
2011.0,PJM,Solar,1.2,2,2.051,NJ,0
2011.0,PJM,Solar,2.0,2,1.164,PA,0
2011.0,PJM,Solar,2.0,2,1.164,PA,0
2011.0,West,Wind,16.0,1,1.774,MT,0
2011.0,PJM,Solar,17.0,1,3.65,NJ,0
2011.0,MISO,Wind,250.0,2,1.5,ND,0
2011.0,SPP,Wind,200.0,2,0.35,OK,0
2011.0,PJM,Gas,35.0,1,1.191,VA,0
2011.0,PJM,Gas,22.9,1,1.443,NJ,0
2011.0,PJM,Wind,360.0,2,1.936,IN,0
2011.0,PJM,Wind,262.0,2,1.128,IN,0
2011.0,PJM,Other,3.2,1,1.933,MI,0
2011.0,SPP,Wind,250.1,2,4.115,OK,0
2011.0,SPP,Wind,600.0,1,5.733,KS,0
2011.0,SPP,Wind,100.8,1,1.509,OK,0
2011.0,PJM,Solar,10.0,2,0.485,NJ,0
2011.0,PJM,Solar,2.0,2,1.785,NJ,0
2011.0,CAISO,Solar,30.0,2,0.841,CA,0
2011.0,CAISO,Solar,20.0,1,4.559,CA,0
2011.0,CAISO,Solar,19.2,2,2.089,CA,0
2011.0,CAISO,Wind,1700.0,2,0.361,NM,0
2011.0,CAISO,Gas,300.0,2,0.205,CA,0
2011.0,CAISO,Solar,3.0,2,0.747,CA,0
2011.0,CAISO,Other,27.0,2,0.994,NV,0
2011.0,CAISO,Solar,45.0,2,3.89,CA,0
2011.0,ISO-NE,Solar,6.0,2,0.329,MA,0
2011.0,CAISO,Solar,20.0,1,5.084,CA,0
2011.0,CAISO,Solar,48.0,2,1.073,CA,0
2011.0,CAISO,Solar,38.0,2,1.04,CA,0
2011.0,CAISO,Solar,0.5,2,3.039,CA,0
2011.0,CAISO,Solar,221.0,2,5.613,CA,0
2011.0,CAISO,Solar,0.1,2,5.328,CA,0
2011.0,CAISO,Solar,200.0,2,0.293,CA,0
2011.0,CAISO,Other,38.0,2,2.092,NV,0
2011.0,CAISO,Solar,20.0,1,5.084,CA,0
2011.0,CAISO,Solar,45.0,2,1.029,CA,0
2011.0,CAISO,Solar,7.0,2,1.049,CA,0
2011.0,CAISO,Solar,16.0,2,0.95,CA,0
2011.0,CAISO,Solar,20.0,2,0.895,CA,0
2011.0,CAISO,Solar,250.0,2,0.999,AZ,1
2011.0,CAISO,Other,470.0,2,0.972,CA,0
2011.0,CAISO,Solar,20.0,1,6.212,CA,0
2011.0,CAISO,Solar,1000.0,2,2.125,CA,0
2011.0,CAISO,Solar,51.2,2,0.266,CA,0
2011.0,CAISO,Solar,1.2,2,1.008,CA,0
2011.0,CAISO,Solar,118.0,2,1.049,CA,0
2011.0,CAISO,Solar,150.0,2,7.22,CA,0
2011.0,CAISO,Solar,100.0,2,0.901,CA,0
2011.0,CAISO,Solar,5.0,2,1.511,CA,0
2011.0,CAISO,Solar,75.0,2,0.988,CA,0
2011.0,CAISO,Wind,200.0,2,1.04,CA,0
2011.0,CAISO,Solar,150.0,2,0.95,CA,0
2011.0,CAISO,Solar,45.0,2,0.898,CA,0
2011.0,CAISO,Solar,71.9,2,13.927,CA,0
2011.0,CAISO,Solar,100.0,2,1.035,CA,0
2011.0,CAISO,Solar,14.0,2,1.049,CA,0
2011.0,CAISO,Solar,8.0,2,1.049,CA,0
2011.0,CAISO,Solar,80.0,2,0.917,CA,0
2011.0,CAISO,Solar,5.0,2,1.473,CA,0
2011.0,CAISO,Wind,502.0,2,0.936,CA,0
2011.0,SPP,Other,1020.0,2,0.345,KS,0
2011.0,CAISO,Solar,50.0,2,1.057,CA,0
2011.0,CAISO,Solar,20.0,2,0.222,CA,0
2011.0,CAISO,Solar,300.0,2,0.241,CA,0
2011.0,CAISO,Solar,3.0,2,0.972,CA,0
2011.0,CAISO,Solar,12.0,2,3.296,CA,0
2011.0,CAISO,Solar,5.0,2,1.971,CA,0
2011.0,CAISO,Solar,20.0,2,0.241,CA,0
2011.0,CAISO,Solar,5.0,2,0.972,CA,0
2011.0,CAISO,Solar,20.0,2,0.972,CA,0
2011.0,CAISO,Solar,20.0,2,0.972,CA,0
2011.0,CAISO,Solar,175.0,1,5.588,CA,0
2011.0,CAISO,Solar,20.0,2,0.222,CA,0
2011.0,CAISO,Solar,90.0,0,14.754,CA,0
2011.0,CAISO,Solar,100.0,2,1.049,CA,0
2011.0,CAISO,Solar,20.0,2,0.203,CA,0
2011.0,CAISO,Wind,3000.0,2,1.051,WY,0
2011.0,CAISO,Solar,270.0,2,2.105,NV,1
2011.0,CAISO,Gas,20.0,2,0.977,CA,0
2011.0,CAISO,Gas,4.7,2,8.835,CA,0
2011.0,CAISO,Solar,150.0,2,0.977,CA,0
2011.0,CAISO,Solar,200.0,2,0.728,CA,0
2011.0,CAISO,Wind,250.0,2,1.049,CA,0
2011.0,CAISO,Solar,60.0,2,0.914,CA,0
2011.0,CAISO,Solar,20.0,2,0.222,CA,0
2011.0,CAISO,Solar,20.0,2,0.241,CA,0
2011.0,CAISO,Solar,20.0,2,0.222,CA,0
2011.0,CAISO,Solar,200.0,2,1.032,CA,0
2011.0,CAISO,Solar,100.0,2,1.076,CA,0
2011.0,CAISO,Solar,0.1,2,4.35,CA,0
2011.0,CAISO,Solar,30.0,2,0.988,CA,0
2011.0,CAISO,Solar,20.0,1,5.755,CA,0
2011.0,CAISO,Gas,400.0,2,0.194,CA,0
2011.0,CAISO,Solar,75.0,2,0.227,CA,0
2011.0,CAISO,Solar,25.0,2,0.824,CA,0
2011.0,CAISO,Solar,15.0,1,4.654,CA,0
2011.0,CAISO,Other,38.0,2,0.988,NV,0
2011.0,CAISO,Solar,0.1,2,5.328,CA,0
2011.0,CAISO,Solar,18.0,2,1.049,CA,0
2011.0,CAISO,Solar,14.0,2,0.898,CA,0
2011.0,CAISO,Solar,1080.0,2,0.882,CA,0
2011.0,CAISO,Wind,400.0,2,0.901,CA,0
2011.0,CAISO,Solar,150.0,2,0.999,CA,0
2011.0,CAISO,Solar,30.0,2,2.073,CA,0
2011.0,CAISO,Wind,508.0,2,0.953,MX,0
2011.0,CAISO,Solar,20.0,2,1.049,CA,0
2011.0,CAISO,Solar,70.0,2,2.092,CA,0
2011.0,CAISO,Solar,20.0,2,0.241,CA,0
2011.0,CAISO,Solar,20.0,2,0.972,CA,0
2011.0,CAISO,Solar,100.0,2,0.901,CA,0
2011.0,CAISO,Wind,301.4,2,1.049,CA,0
2011.0,CAISO,Solar,1080.0,2,0.999,CA,0
2011.0,CAISO,Other,38.0,2,0.994,NV,0
2011.0,CAISO,Solar,200.0,2,0.95,CA,0
2011.0,SPP,Wind,73.6,1,4.044,NE,0
2011.0,CAISO,Solar,500.0,2,0.901,CA,0
2011.0,CAISO,Solar,90.0,2,1.859,CA,0
2011.0,CAISO,Solar,150.0,2,1.008,CA,0
2011.0,CAISO,Solar,150.0,2,1.008,CA,0
2011.0,CAISO,Solar,13.4,2,1.051,CA,0
2011.0,CAISO,Solar,19.9,2,1.051,CA,0
2011.0,CAISO,Solar,7.8,2,1.051,CA,0
2011.0,CAISO,Solar,5.0,2,1.383,CA,0
2011.0,CAISO,Solar,5.0,2,1.588,CA,0
2011.0,CAISO,Wind,3.1,1,0.668,CA,0
2011.0,CAISO,Solar,50.0,1,9.166,CA,0
2011.0,CAISO,Solar,21.0,2,1.04,CA,0
2011.0,SPP,Wind,299.0,2,4.441,KS,0
2011.0,CAISO,Solar,92.0,1,5.676,NV,1
2011.0,CAISO,Solar,70.0,2,2.092,CA,0
2011.0,CAISO,Solar,37.0,2,1.04,CA,0
2011.0,CAISO,Solar,20.0,2,1.04,CA,0
2011.0,SPP,Wind,200.1,2,8.047,KS,0
2011.0,CAISO,Solar,25.0,2,1.073,CA,0
2011.0,CAISO,Other,70.0,2,0.934,NV,0
2011.0,CAISO,Solar,17.9,2,1.049,CA,0
2011.0,CAISO,Solar,20.0,1,7.852,CA,0
2011.0,CAISO,Solar,240.0,2,0.95,CA,0
2011.0,CAISO,Solar,25.0,2,1.073,CA,0
2011.0,CAISO,Solar,150.0,2,0.936,CA,0
2011.0,CAISO,Solar,100.0,2,1.049,CA,0
2011.0,SPP,Wind,175.0,0,14.754,OK,0
2011.0,CAISO,Wind,299.0,2,0.898,CA,1
2011.0,SPP,Wind,200.0,2,0.345,OK,0
2011.0,CAISO,Solar,20.0,2,1.049,CA,0
2011.0,SPP,Wind,300.8,2,0.345,OK,0
2011.0,SPP,Wind,120.0,1,7.715,NE,0
2011.0,CAISO,Solar,3.0,2,0.747,CA,0
2011.0,CAISO,Solar,20.0,2,1.049,CA,0
2011.0,SPP,Wind,80.0,1,7.71,TX,0
2011.0,SPP,Wind,299.0,2,2.387,OK,0
2011.0,SPP,Wind,299.0,2,2.475,KS,0
2011.0,CAISO,Solar,100.0,2,0.98,CA,0
2011.0,CAISO,Solar,13.5,2,0.95,CA,0
2011.0,CAISO,Hybrid,120.0,0,14.754,CA,0
2011.0,CAISO,Wind,299.0,2,0.764,CA,0
2011.0,CAISO,Other,483.0,2,0.901,CA,0
2011.0,CAISO,Hybrid,280.0,0,14.754,CA,0
2011.0,SPP,Wind,299.0,1,11.441,TX,0
2011.0,SPP,Wind,299.0,2,2.913,TX,0
2011.0,SPP,Wind,165.6,0,14.754,OK,0
2011.0,CAISO,Solar,540.0,2,2.073,NV,0
2011.0,CAISO,Solar,400.0,2,0.211,CA,0
2011.0,CAISO,Gas,28.0,2,1.049,CA,0
2011.0,CAISO,Solar,120.0,2,0.999,CA,0
2011.0,CAISO,Solar,3.0,2,0.747,CA,0
2011.0,CAISO,Wind,36.0,1,4.717,CA,1
2011.0,CAISO,Wind,50.0,2,2.092,CA,1
2011.0,CAISO,Other,4.5,0,14.754,CA,0
2011.0,CAISO,Hybrid,476.0,0,14.754,CA,0
2011.0,CAISO,Other,1400.0,2,0.789,CA,0
2011.0,CAISO,Solar,100.0,2,1.01,CA,0
2011.0,CAISO,Solar,20.0,2,1.013,CA,0
2011.0,CAISO,Solar,20.0,2,5.361,CA,0
2011.0,CAISO,Solar,500.0,2,1.051,CA,0
2011.0,CAISO,Solar,0.1,2,5.328,CA,0
2011.0,CAISO,Solar,110.0,2,0.997,CA,0
2011.0,CAISO,Solar,60.0,2,0.997,CA,0
2011.0,CAISO,Solar,0.1,2,5.331,CA,0
2011.0,CAISO,Solar,250.0,2,0.95,CA,0
2011.0,CAISO,Solar,20.0,2,0.999,CA,0
2011.0,CAISO,Solar,20.0,2,0.914,CA,0
2011.0,CAISO,Solar,0.1,2,5.328,CA,0
2011.0,CAISO,Solar,0.1,2,5.328,CA,0
2011.0,CAISO,Solar,0.1,2,5.328,CA,0
2011.0,CAISO,Solar,75.0,2,1.049,CA,0
2011.0,CAISO,Solar,20.0,2,1.049,CA,0
2011.0,CAISO,Solar,20.0,2,1.049,CA,0
2011.0,CAISO,Solar,100.0,2,1.002,CA,0
2011.0,CAISO,Solar,0.1,2,5.328,CA,0
2011.0,CAISO,Solar,700.0,2,0.35,AZ,1
2011.0,CAISO,Solar,300.0,2,1.073,AZ,1
2011.0,CAISO,Solar,0.1,2,5.328,CA,0
2011.0,CAISO,Solar,0.1,2,5.328,CA,0
2011.0,CAISO,Solar,540.0,2,1.002,CA,0
2011.0,SPP,Gas,195.6,2,0.534,TX,0
2011.0,CAISO,Wind,150.0,2,0.23,CA,0
2011.0,CAISO,Solar,75.0,2,0.249,CA,0
2011.0,CAISO,Solar,45.0,2,0.953,CA,0
2011.0,CAISO,Solar,20.0,2,1.049,CA,0
2011.0,SPP,Wind,198.0,1,5.725,OK,0
2011.0,CAISO,Solar,20.0,2,0.203,CA,0
2011.0,CAISO,Solar,20.0,2,0.249,CA,0
2011.0,CAISO,Solar,20.0,2,1.008,CA,0
2011.0,CAISO,Solar,510.0,2,1.038,CA,0
2011.0,SPP,Wind,101.7,2,0.457,OK,0
2011.0,SPP,Wind,104.5,2,2.489,TX,0
2011.0,CAISO,Solar,15.0,2,0.983,CA,0
2011.0,SPP,Other,50.0,1,1.183,MO,0
2011.0,CAISO,Gas,435.0,2,6.04,CA,0
2011.0,CAISO,Solar,28.0,2,0.805,CA,0
2011.0,CAISO,Solar,20.0,2,0.241,CA,0
2011.0,CAISO,Solar,35.3,2,0.991,CA,0
2011.0,CAISO,Solar,20.0,2,1.073,CA,0
2011.0,CAISO,Solar,540.0,2,1.002,CA,0
2011.0,CAISO,Solar,20.0,2,5.361,CA,0
2011.0,CAISO,Solar,250.0,2,0.999,AZ,0
2011.0,CAISO,Solar,100.0,1,11.598,CA,0
2011.0,CAISO,Solar,20.0,2,2.105,CA,0
2011.0,CAISO,Solar,150.0,2,0.988,AZ,0
2011.0,CAISO,Solar,800.0,2,0.936,CA,0
2011.0,CAISO,Gas,49.0,2,1.04,CA,0
2011.0,CAISO,Solar,20.0,2,0.999,CA,0
2011.0,CAISO,Solar,75.0,2,0.271,CA,0
2011.0,CAISO,Solar,270.0,2,2.105,CA,0
2011.0,CAISO,Solar,80.0,2,0.988,CA,0
2011.0,CAISO,Solar,140.0,1,7.658,CA,0
2011.0,CAISO,Solar,50.0,2,1.049,CA,0
2011.0,CAISO,Solar,100.0,2,1.002,CA,0
2011.0,CAISO,Solar,100.0,2,0.994,CA,0
2011.0,CAISO,Wind,150.0,2,0.805,CA,0
2011.0,CAISO,Solar,300.0,2,0.977,CA,0
2011.0,PJM,Solar,10.0,2,1.487,NJ,0
2011.0,PJM,Gas,20.0,2,0.471,VA,0
2011.0,PJM,Nuclear,3.0,1,2.371,IL,0
2011.0,PJM,Solar,10.0,2,1.487,NJ,0
2011.0,PJM,Solar,2.0,2,5.952,NJ,0
2011.0,PJM,Solar,4.0,2,0.471,NJ,0
2011.0,PJM,Gas,40.0,2,0.712,DE,0
2011.0,PJM,Solar,8.0,2,3.962,NJ,0
2011.0,PJM,Solar,2.0,2,0.441,NJ,0
2011.0,PJM,Solar,10.0,2,1.487,NJ,0
2011.0,PJM,Solar,10.0,2,1.93,NJ,0
2011.0,MISO,Solar,20.0,2,0.884,OH,0
2011.0,PJM,Solar,20.0,2,0.884,OH,0
2011.0,ISO-NE,Solar,4.9,2,0.112,MA,0
2011.0,West,Gas,687.0,0,14.735,CO,1
2011.0,MISO,Wind,200.0,2,1.238,IL,0
2011.0,MISO,Wind,49.2,2,1.169,MI,0
2011.0,PJM,Gas,268.0,2,1.769,OH,0
2011.0,MISO,Wind,600.0,2,2.196,ND,0
2011.0,MISO,Wind,150.0,2,1.654,IN,0
2011.0,MISO,Gas,268.0,2,0.14,OH,0
2011.0,MISO,Wind,200.0,2,0.441,MN,0
2011.0,MISO,Wind,200.0,2,0.441,MN,0
2011.0,MISO,Wind,200.0,2,0.441,MN,0
2011.0,MISO,Wind,50.0,2,5.979,ND,0
2011.0,Southeast,Gas,968.0,2,0.419,GA,0
2011.0,CAISO,Hybrid,279.4,2,11.704,CA,0
2011.0,PJM,Solar,1.0,2,2.231,NJ,0
2011.0,PJM,Solar,20.0,2,1.593,NC,0
2011.0,PJM,Gas,10.0,1,1.624,NJ,0
2011.0,PJM,Solar,10.0,2,0.496,NJ,0
2011.0,PJM,Solar,0.9,1,2.453,NJ,0
2011.0,PJM,Solar,3.5,1,0.392,NJ,0
2011.0,PJM,Solar,1.0,1,1.714,NJ,0
2011.0,MISO,Wind,99.0,2,2.357,WI,0
2011.0,PJM,Gas,291.0,2,6.552,DE,0
2011.0,PJM,Solar,12.0,2,5.018,NJ,0
2011.0,NYISO,Wind,500.0,2,9.262,NY,0
2011.0,PJM,Solar,4.0,2,0.364,NJ,0
2011.0,PJM,Solar,6.0,2,0.723,NJ,0
2011.0,MISO,Wind,200.0,2,0.397,SD,0
2011.0,MISO,Wind,99.0,2,1.394,ND,0
2011.0,MISO,Wind,200.0,2,1.358,MN,0
2011.0,PJM,Solar,18.0,2,0.441,NJ,0
2011.0,PJM,Solar,10.0,2,0.854,NJ,0
2011.0,PJM,Gas,135.0,2,3.159,VA,0
2011.0,MISO,Wind,33.0,2,1.517,ND,0
2011.0,MISO,Wind,53.0,2,3.083,ND,0
2011.0,PJM,Solar,4.0,2,0.364,NJ,0
2011.0,PJM,Other,60.0,1,2.026,VA,0
2011.0,PJM,Solar,12.0,2,5.005,NJ,0
2011.0,PJM,Solar,6.0,2,2.568,IL,0
2011.0,PJM,Solar,2.0,2,5.013,NJ,0
2011.0,PJM,Solar,1.0,2,0.304,NJ,0
2011.0,PJM,Solar,16.8,2,0.953,NJ,0
2011.0,PJM,Solar,2.8,2,0.356,NJ,0
2011.0,PJM,Solar,3.0,1,5.432,NJ,0
2011.0,PJM,Solar,1.6,2,0.378,NJ,0
2011.0,PJM,Other,24.9,1,1.624,DE,0
2011.0,PJM,Solar,4.0,2,0.107,NJ,0
2011.0,PJM,Solar,4.0,2,0.107,NJ,0
2011.0,PJM,Solar,3.0,2,0.107,NJ,0
2011.0,PJM,Solar,7.0,2,3.882,NJ,0
2011.0,PJM,Other,0.5,2,2.927,NJ,0
2011.0,PJM,Solar,5.0,1,5.054,NJ,0
2011.0,PJM,Solar,2.4,2,0.356,NJ,0
2011.0,PJM,Wind,150.0,2,4.159,MD,0
2011.0,PJM,Solar,4.0,2,2.856,NJ,0
2011.0,PJM,Solar,4.0,2,0.364,NJ,0
2011.0,PJM,Other,15.3,1,5.555,IL,0
2011.0,PJM,Solar,4.0,2,0.364,NJ,0
2011.0,PJM,Solar,9.7,2,0.701,PA,0
2011.0,PJM,Wind,20.0,2,0.758,NJ,0
2011.0,PJM,Solar,17.0,2,2.292,NJ,0
2011.0,PJM,Solar,17.0,2,0.342,NJ,0
2011.0,PJM,Solar,10.0,2,1.325,NJ,0
2011.0,PJM,Solar,9.5,2,0.334,NJ,0
2011.0,PJM,Solar,8.0,2,0.364,NJ,0
2011.0,PJM,Gas,850.0,1,4.914,PA,0
2011.0,PJM,Solar,10.0,2,1.139,NJ,0
2011.0,PJM,Solar,1.9,2,0.438,NJ,0
2011.0,PJM,Solar,1.9,2,0.438,NJ,0
2011.0,PJM,Solar,2.0,2,4.569,NJ,0
2011.0,PJM,Gas,33.0,1,1.632,PA,0
2011.0,PJM,Solar,17.0,2,4.389,NJ,0
2011.0,PJM,Solar,11.2,2,0.991,NJ,0
2011.0,ERCOT,Wind,302.5,2,10.36,TX,0
2011.0,MISO,Wind,200.0,2,0.537,ND,0
2011.0,MISO,Wind,200.0,2,2.264,IA,0
2011.0,PJM,Solar,8.0,2,0.783,NJ,0
2011.0,PJM,Solar,11.2,2,0.504,NJ,0
2011.0,NYISO,Wind,18.0,2,1.41,NY,0
2011.0,PJM,Solar,2.1,2,0.364,NJ,0
2011.0,PJM,Solar,20.0,2,0.528,PA,0
2011.0,PJM,Solar,20.0,2,0.528,PA,0
2011.0,West,Wind,10.0,1,0.142,MT,0
2011.0,PJM,Solar,15.0,2,1.229,PA,0
2011.0,PJM,Other,30.0,2,1.005,WV,0
2011.0,PJM,Gas,6.0,1,1.363,NJ,0
2011.0,PJM,Gas,850.0,1,5.153,PA,0
2011.0,PJM,Battery,2.0,1,1.667,NJ,0
2011.0,PJM,Solar,2.2,2,0.621,NJ,0
2011.0,PJM,Solar,10.0,2,1.216,NJ,0
2011.0,PJM,Solar,10.0,2,0.958,NJ,0
2011.0,PJM,Solar,10.0,2,0.958,NJ,0
2011.0,PJM,Solar,10.0,2,0.958,NJ,0
2011.0,SPP,Wind,180.0,2,0.361,KS,0
2011.0,PJM,Gas,225.0,2,2.122,IL,0
2011.0,PJM,Wind,200.0,2,0.999,PA,0
2011.0,PJM,Wind,153.8,2,1.648,PA,0
2011.0,ISO-NE,Wind,16.1,2,2.163,NH,0
2011.0,PJM,Wind,51.0,2,1.648,PA,0
2011.0,PJM,Wind,50.0,2,5.5,PA,0
2011.0,PJM,Gas,830.0,2,0.674,MD,0
2011.0,PJM,Solar,3.0,2,2.727,NJ,0
2011.0,PJM,Solar,2.0,2,6.543,NJ,0
2011.0,PJM,Other,3.2,2,0.115,PA,0
2011.0,PJM,Wind,187.5,1,7.422,IL,0
2011.0,PJM,Solar,2.0,2,0.616,NJ,0
2011.0,PJM,Gas,416.0,1,6.798,PA,0
2011.0,Southeast,Gas,782.0,2,6.264,GA,0
2011.0,Southeast,Gas,391.0,2,0.884,GA,0
2011.0,PJM,Solar,0.0,2,0.627,PA,0
2011.0,PJM,Solar,3.0,2,1.591,NJ,0
2011.0,SPP,Gas,10.8,2,0.11,LA,1
2011.0,PJM,Solar,8.0,2,2.322,NJ,0
2011.0,PJM,Solar,4.0,2,0.583,NJ,0
2011.0,West,Wind,3.0,1,0.98,ID,0
2011.0,West,Wind,3.0,1,0.98,ID,0
2011.0,West,Other,37.0,0,14.565,OR,0
2011.0,West,Wind,3.0,1,0.98,ID,0
2011.0,ISO-NE,Gas,745.0,2,0.474,CT,0
2011.0,West,Wind,3.0,1,0.98,ID,0
2011.0,PJM,Wind,350.0,2,0.69,NJ,0
2011.0,West,Wind,3.0,1,0.98,ID,0
2011.0,West,Wind,3.0,1,0.98,ID,0
2011.0,PJM,Other,2.0,2,4.597,MD,0
2011.0,SPP,Wind,20.0,2,0.082,OK,0
2011.0,SPP,Wind,31.0,2,0.214,TX,0
2011.0,PJM,Wind,100.0,2,0.485,OH,0
2011.0,PJM,Other,6.0,2,0.731,VA,0
2011.0,MISO,Gas,670.0,2,2.448,IN,0
2011.0,MISO,Wind,25.0,2,0.824,MN,0
2011.0,MISO,Wind,50.0,2,2.366,WI,0
2011.0,PJM,Solar,2.0,2,0.528,NJ,0
2011.0,West,Wind,400.0,0,14.522,OR,0
2011.0,MISO,Solar,45.0,2,1.002,MI,0
2011.0,PJM,Solar,20.0,2,0.901,MD,0
2011.0,PJM,Solar,20.0,2,0.865,DE,0
2011.0,MISO,Wind,150.0,2,0.682,ND,0
2011.0,MISO,Gas,46.0,2,1.574,MI,0
2011.0,PJM,Other,3.2,2,0.517,PA,0
2011.0,PJM,Gas,705.0,2,2.398,NJ,0
2011.0,PJM,Solar,10.0,2,0.868,NJ,0
2011.0,PJM,Solar,10.0,2,0.868,NJ,0
2011.0,PJM,Solar,6.0,2,2.237,OH,0
2011.0,PJM,Gas,675.0,1,6.757,IN,0
2011.0,PJM,Other,6.4,2,0.879,OH,0
2011.0,PJM,Solar,10.0,2,4.041,NJ,0
2011.0,PJM,Other,30.0,1,2.294,VA,0
2011.0,PJM,Solar,4.1,2,0.394,NJ,0
2011.0,PJM,Solar,1.9,2,0.534,NJ,0
2011.0,PJM,Wind,149.5,2,2.029,OH,0
2011.0,PJM,Solar,5.0,2,0.386,NJ,0
2011.0,PJM,Other,4.0,2,0.457,VA,0
2011.0,PJM,Solar,10.0,2,5.043,NJ,0
2011.0,West,Other,6.0,1,6.42,WA,0
2011.0,SPP,Wind,270.0,2,0.257,TX,0
2011.0,SPP,Wind,6.6,1,1.602,OK,0
2011.0,West,Other,6.0,1,6.42,WA,0
2011.0,West,Other,3.2,1,2.494,ID,0
2011.0,West,Other,27.0,2,5.919,OR,0
2011.0,West,Solar,2.0,2,0.17,CO,0
2011.0,West,Solar,20.0,2,0.17,CO,0
2011.0,PJM,Gas,312.0,2,3.496,DE,0
2011.0,PJM,Gas,309.0,2,3.611,DE,0
2011.0,PJM,Solar,10.0,2,0.367,NJ,0
2011.0,PJM,Solar,5.0,2,0.46,NJ,0
2011.0,PJM,Solar,10.0,2,0.074,NJ,0
2011.0,PJM,Solar,5.0,2,0.46,NJ,0
2011.0,PJM,Solar,1.0,2,0.789,NJ,0
2011.0,PJM,Solar,6.0,1,4.816,NJ,0
2011.0,West,Other,1.3,1,1.008,ID,0
2011.0,PJM,Solar,10.0,2,0.55,OH,0
2011.0,PJM,Gas,1575.0,2,1.358,VA,0
2011.0,PJM,Solar,1.5,2,0.071,NJ,0
2011.0,PJM,Gas,1525.5,1,4.611,VA,0
2011.0,PJM,Solar,10.0,2,0.928,IL,1
2011.0,PJM,Solar,1.8,2,0.068,NJ,0
2011.0,PJM,Solar,4.0,2,0.068,NJ,0
2011.0,PJM,Solar,10.0,2,0.928,IL,0
2011.0,PJM,Solar,10.0,2,0.928,IL,0
2011.0,PJM,Solar,10.0,2,1.626,NJ,0
2011.0,PJM,Solar,10.0,2,0.068,NJ,0
2011.0,PJM,Wind,14.4,2,0.474,NJ,0
2011.0,PJM,Wind,18.0,2,0.474,NJ,0
2011.0,PJM,Solar,0.4,2,0.786,NJ,0
2011.0,PJM,Solar,10.0,2,0.068,NJ,0
2011.0,PJM,Other,19.0,2,0.457,KY,0
2011.0,PJM,Solar,3.0,2,0.457,NJ,0
2011.0,PJM,Solar,2.4,1,0.66,NJ,0
2011.0,PJM,Solar,1.0,1,1.057,NJ,0
2011.0,PJM,Other,3.0,1,0.898,DE,0
2011.0,PJM,Solar,2.0,1,0.424,NJ,0
2011.0,West,Solar,45.0,1,4.381,AZ,1
2011.0,PJM,Other,77.0,2,0.449,WV,0
2011.0,PJM,Solar,14.0,2,2.872,OH,0
2011.0,PJM,Solar,19.6,2,0.783,MD,0
2011.0,ISO-NE,Wind,33.0,2,2.015,NH,0
2011.0,PJM,Solar,3.4,2,7.129,OH,0
2011.0,PJM,Solar,1.8,2,5.279,OH,0
2011.0,NYISO,Wind,150.6,2,1.248,NY,0
2011.0,PJM,Gas,20.0,1,2.286,PA,0
2011.0,PJM,Gas,35.0,1,3.89,NJ,0
2011.0,PJM,Solar,9.0,1,2.136,IL,1
2011.0,PJM,Gas,150.0,2,2.519,PA,0
2011.0,PJM,Solar,2.0,2,3.474,NJ,0
2011.0,Southeast,Other,18.0,2,0.446,AL,0
2011.0,ISO-NE,Other,550.0,2,1.112,MA,0
2011.0,PJM,Solar,20.0,1,9.656,MD,0
2011.0,PJM,Solar,20.0,2,1.035,MD,0
2011.0,PJM,Solar,3.0,2,0.567,NJ,0
2011.0,PJM,Solar,8.0,2,0.575,NJ,0
2011.0,PJM,Solar,5.0,2,3.932,NJ,0
2011.0,PJM,Gas,300.0,2,0.698,DE,0
2011.0,MISO,Wind,200.0,2,0.977,MI,0
2011.0,PJM,Solar,19.5,2,6.136,MD,0
2011.0,MISO,Wind,151.2,2,0.72,IL,0
2011.0,MISO,Other,29.5,2,1.618,IN,0
2011.0,MISO,Wind,5.0,2,2.442,WI,0
2011.0,MISO,Wind,30.0,2,0.463,MN,0
2011.0,PJM,Solar,10.0,2,0.556,NJ,0
2011.0,West,Wind,200.0,0,14.355,CO,0
2011.0,PJM,Solar,1.0,2,0.537,NJ,0
2011.0,PJM,Solar,10.0,2,0.676,NJ,0
2011.0,PJM,Solar,1.8,2,0.542,NJ,0
2011.0,PJM,Solar,2.0,2,0.542,NJ,0
2011.0,PJM,Wind,60.0,2,4.936,OH,0
2011.0,PJM,Solar,100.0,2,0.564,PA,0
2011.0,PJM,Solar,2.0,2,0.118,NJ,0
2011.0,West,Gas,213.0,0,14.341,OR,0
2011.0,West,Gas,518.0,0,14.341,OR,0
2011.0,PJM,Solar,1.8,2,0.542,NJ,0
2011.0,PJM,Gas,11.2,1,2.3,NJ,0
2011.0,PJM,Wind,245.0,2,1.749,OH,0
2011.0,PJM,Wind,150.0,2,1.752,OH,0
2011.0,PJM,Solar,14.9,2,3.302,DE,0
2011.0,PJM,Wind,18.0,2,2.951,VA,0
2011.0,PJM,Other,96.0,2,1.802,PA,0
2011.0,PJM,Solar,16.0,2,0.438,NJ,0
2011.0,PJM,Wind,150.0,2,0.559,WV,0
2011.0,PJM,Solar,20.0,2,0.446,NJ,0
2011.0,PJM,Gas,20.0,2,2.817,VA,0
2011.0,PJM,Solar,20.0,2,1.076,PA,0
2011.0,PJM,Solar,5.0,2,0.561,NJ,0
2011.0,Southeast,Other,24.0,2,3.945,GA,0
2011.0,West,Other,8.6,2,1.207,OR,0
2011.0,SPP,Wind,73.8,2,0.465,KS,0
2011.0,West,Solar,100.0,1,4.843,CA,0
2011.0,ISO-NE,Wind,80.0,2,2.056,NH,0
2011.0,MISO,Wind,70.0,2,1.815,IA,0
2011.0,West,Gas,0.8,0,14.311,ND,0
2011.0,PJM,Solar,12.0,2,3.316,NJ,0
2011.0,PJM,Nuclear,32.0,2,1.47,IL,0
2011.0,PJM,Nuclear,15.0,2,2.836,PA,0
2011.0,PJM,Nuclear,32.0,2,1.47,IL,0
2011.0,SPP,Wind,300.0,2,0.052,KS,0
2011.0,SPP,Wind,111.0,1,3.181,OK,0
2011.0,MISO,Wind,100.0,2,1.785,MI,0
2011.0,West,Solar,250.0,1,4.969,CA,0
2011.0,PJM,Wind,5.0,2,0.545,VA,0
2011.0,West,Other,475.0,0,14.264,SD,0
2011.0,MISO,Wind,250.0,2,3.346,SD,0
2011.0,PJM,Gas,610.0,2,4.654,OH,0
2011.0,MISO,Other,70.0,0,14.261,MI,0
2011.0,MISO,Other,70.0,1,3.65,MI,0
2011.0,MISO,Other,70.0,1,5.662,MI,0
2011.0,MISO,Other,70.0,1,4.008,MI,0
2011.0,MISO,Other,70.0,1,1.347,MI,0
2011.0,MISO,Other,70.0,1,2.656,MI,0
2011.0,SPP,Wind,150.0,2,0.438,KS,0
2011.0,SPP,Wind,150.0,2,2.281,KS,0
2011.0,West,Solar,8.0,2,2.91,NM,1
2011.0,SPP,Wind,150.0,2,2.281,KS,0
2011.0,PJM,Gas,3.0,1,2.951,NJ,0
2011.0,SPP,Wind,150.0,2,0.438,KS,0
2011.0,SPP,Gas,205.0,1,1.588,TX,0
2011.0,PJM,Solar,17.7,2,0.843,OH,0
2011.0,PJM,Solar,4.9,2,2.125,NJ,0
2011.0,PJM,Other,10.0,2,0.126,VA,1
2011.0,SPP,Gas,23.0,1,1.936,NM,0
2011.0,PJM,Nuclear,50.0,2,1.955,PA,0
2011.0,PJM,Nuclear,50.0,2,1.955,PA,0
2011.0,SPP,Wind,108.0,1,5.205,OK,0
2011.0,SPP,Wind,104.4,2,5.429,OK,0
2011.0,SPP,Gas,22.5,2,0.246,KS,0
2011.0,SPP,Gas,250.0,2,0.052,MO,0
2011.0,SPP,Gas,250.0,2,0.052,MO,0
2011.0,SPP,Wind,300.0,1,3.253,OK,0
2011.0,SPP,Wind,250.7,2,8.887,OK,0
2011.0,SPP,Wind,52.8,2,2.875,NE,0
2011.0,SPP,Wind,150.0,1,4.249,KS,0
2011.0,SPP,Wind,200.0,2,0.452,TX,0
2011.0,SPP,Other,3.6,1,1.087,NE,0
2011.0,SPP,Gas,175.0,1,1.418,TX,0
2011.0,West,Solar,138.0,2,3.493,CA,0
2011.0,PJM,Solar,2.0,2,0.063,NJ,0
2011.0,PJM,Solar,20.0,2,1.018,OH,0
2011.0,PJM,Solar,2.0,2,0.063,NJ,0
2011.0,PJM,Solar,20.0,2,1.848,PA,0
2011.0,PJM,Solar,2.0,2,0.381,MD,0
2011.0,PJM,Solar,6.0,1,4.6,MD,0
2011.0,PJM,Gas,678.0,2,2.639,PA,0
2011.0,Southeast,Solar,10.6,2,0.857,GA,0
2011.0,PJM,Solar,4.0,2,0.044,NJ,0
2011.0,ISO-NE,Solar,4.9,2,2.815,MA,0
2011.0,NYISO,Gas,192.8,2,2.188,NY,0
2011.0,West,Gas,525.0,2,8.589,UT,0
2011.0,PJM,Gas,510.0,2,1.61,VA,1
2011.0,PJM,Solar,11.9,2,0.799,MD,0
2011.0,PJM,Solar,9.8,2,0.372,MD,0
2011.0,PJM,Solar,10.5,2,0.359,NJ,0
2011.0,PJM,Solar,10.0,2,2.042,DE,0
2011.0,PJM,Gas,2.0,1,2.125,DE,0
2011.0,NYISO,Wind,18.0,2,2.261,NY,0
2011.0,PJM,Solar,3.0,1,5.536,NJ,0
2011.0,PJM,Solar,4.0,2,0.356,NJ,0
2011.0,PJM,Gas,4.0,2,0.446,PA,0
2011.0,PJM,Solar,10.0,2,2.034,DE,0
2011.0,PJM,Gas,0.5,2,6.823,PA,0
2011.0,PJM,Solar,10.0,2,4.496,NJ,0
2011.0,PJM,Solar,8.0,2,1.328,NJ,0
2011.0,NYISO,Wind,33.0,2,9.331,NY,0
2011.0,NYISO,Wind,18.0,2,6.253,NY,0
2011.0,PJM,Solar,16.0,2,1.142,NJ,0
2011.0,PJM,Solar,4.0,2,0.047,NJ,0
2011.0,PJM,Gas,894.0,2,9.147,MD,0
2011.0,PJM,Solar,8.0,2,0.367,NJ,0
2011.0,PJM,Gas,744.0,2,0.507,NJ,0
2011.0,PJM,Gas,971.2,2,0.049,MD,0
2011.0,PJM,Solar,10.0,2,4.496,NJ,0
2011.0,PJM,Gas,971.2,2,0.638,MD,0
2011.0,PJM,Gas,440.0,2,0.641,MD,0
2011.0,PJM,Solar,20.0,2,1.788,PA,0
2011.0,PJM,Solar,20.0,2,1.788,PA,0
2011.0,PJM,Gas,56.0,2,1.068,OH,0
2011.0,PJM,Gas,5.0,2,4.597,NJ,0
2011.0,PJM,Gas,60.0,1,5.238,MD,0
2011.0,PJM,Gas,60.0,2,1.741,MD,0
2011.0,PJM,Gas,60.0,1,4.085,NJ,0
2011.0,MISO,Other,35.0,1,6.541,IL,0
2011.0,ISO-NE,Wind,11.9,2,1.936,ME,0
2011.0,MISO,Wind,200.0,2,1.563,WI,0
2011.0,MISO,Gas,700.0,1,6.62,IA,0
2011.0,CAISO,Solar,75.0,2,0.706,CA,0
2011.0,CAISO,Solar,200.0,2,1.331,AZ,1
2011.0,CAISO,Solar,80.0,2,1.473,CA,0
2011.0,CAISO,Solar,60.0,2,0.715,CA,0
2011.0,MISO,Wind,110.0,1,4.46,MI,0
2011.0,MISO,Other,35.0,2,0.868,MI,0
2011.0,CAISO,Solar,500.0,2,0.277,CA,0
2011.0,CAISO,Solar,23.0,2,2.949,CA,0
2011.0,CAISO,Other,340.0,2,1.462,CA,0
2011.0,CAISO,Wind,132.0,2,0.2,CA,0
2011.0,CAISO,Wind,72.0,2,0.465,CA,0
2011.0,CAISO,Wind,301.0,2,0.717,CA,0
2011.0,West,Solar,20.0,2,0.178,CO,0
2011.0,West,Wind,200.1,2,2.927,CA,0
2011.0,PJM,Solar,20.0,2,1.621,PA,0
2011.0,PJM,Solar,20.0,2,0.531,PA,0
2011.0,PJM,Solar,20.0,2,1.747,PA,0
2011.0,Southeast,Other,6.0,0,14.119,KY,0
2011.0,CAISO,Solar,5.0,2,0.83,CA,0
2011.0,PJM,Solar,6.0,2,3.318,NJ,0
2011.0,PJM,Solar,5.0,1,3.833,NJ,0
2011.0,PJM,Battery,20.0,2,0.597,VA,0
2011.0,PJM,Gas,10.0,1,1.837,NJ,0
2011.0,PJM,Other,80.0,2,5.802,KY,0
2011.0,PJM,Gas,320.0,2,2.448,PA,0
2011.0,PJM,Gas,792.0,2,0.674,MD,0
2011.0,PJM,Gas,227.0,1,6.297,PA,0
2011.0,PJM,Gas,110.0,2,0.515,NJ,0
2011.0,PJM,Solar,20.0,2,1.648,MD,0
2011.0,PJM,Gas,800.0,2,2.448,PA,0
2011.0,SPP,Wind,52.0,2,0.361,OK,0
2011.0,ISO-NE,Wind,79.9,2,0.961,ME,0
2011.0,PJM,Gas,35.0,1,6.48,PA,0
2011.0,MISO,Wind,2400.0,2,4.602,IN,0
2011.0,PJM,Battery,0.1,2,0.715,IL,1
2011.0,ERCOT,Gas,11.0,1,7.973,TX,0
2011.0,Southeast,Solar,20.0,2,3.436,GA,0
2011.0,ISO-NE,Wind,198.0,2,1.593,ME,0
2011.0,PJM,Solar,10.0,2,0.46,NJ,0
2011.0,PJM,Solar,13.8,2,0.66,OH,0
2011.0,PJM,Solar,2.0,1,3.463,NJ,0
2011.0,PJM,Other,4.0,2,1.005,PA,0
2012.0,ISO-NE,Wind,60.0,2,2.371,VT,0
2012.0,MISO,Gas,725.0,1,6.56,IN,0
2012.0,ISO-NE,Gas,680.0,2,1.18,CT,0
2012.0,West,Wind,79.8,2,3.869,WY,0
2012.0,ISO-NE,Solar,5.0,2,0.181,CT,0
2012.0,PJM,Other,5.0,2,0.827,PA,0
2012.0,PJM,Gas,735.5,1,6.333,MD,0
2012.0,MISO,Wind,150.0,1,8.854,MI,0
2012.0,ISO-NE,Wind,50.8,2,5.194,NH,0
2012.0,MISO,Wind,200.0,2,1.081,IL,0
2012.0,Southeast,Gas,32.0,1,0.756,NC,0
2012.0,PJM,Gas,800.0,1,5.243,VA,1
2012.0,PJM,Solar,2.0,2,2.856,DE,0
2012.0,PJM,Other,3.0,2,1.459,PA,0
2012.0,PJM,Solar,8.0,2,0.635,NJ,0
2012.0,PJM,Gas,17.9,1,3.359,NJ,0
2012.0,PJM,Battery,0.5,2,1.243,PA,0
2012.0,PJM,Gas,19.5,1,7.012,DC,0
2012.0,PJM,Solar,4.0,2,0.329,NJ,0
2012.0,PJM,Gas,1000.0,1,6.1,PA,0
2012.0,PJM,Gas,452.0,2,7.871,NJ,0
2012.0,PJM,Wind,60.0,2,4.966,MD,0
2012.0,West,Gas,30.0,0,13.895,OR,1
2012.0,West,Gas,75.0,0,13.895,OR,1
2012.0,West,Other,44.0,0,13.895,OR,1
2012.0,Southeast,Solar,20.0,2,1.062,MS,0
2012.0,PJM,Nuclear,350.0,2,1.632,IL,0
2012.0,Southeast,Solar,50.0,2,0.69,MS,0
2012.0,PJM,Wind,72.0,2,9.673,VA,0
2012.0,West,Wind,98.4,2,5.043,OR,0
2012.0,PJM,Wind,50.0,2,1.103,VA,0
2012.0,West,Solar,7.2,1,1.706,CO,0
2012.0,PJM,Other,1.9,2,0.559,NJ,0
2012.0,NYISO,Gas,820.0,2,3.606,NY,0
2012.0,West,Solar,250.0,1,3.181,NV,1
2012.0,PJM,Solar,4.0,2,0.597,NJ,0
2012.0,PJM,Gas,520.0,2,0.55,NJ,0
2012.0,PJM,Other,4.8,2,0.093,WV,0
2012.0,PJM,Other,6.5,1,1.41,OH,0
2012.0,PJM,Solar,1.6,2,0.479,MD,0
2012.0,PJM,Gas,1000.0,2,2.426,PA,0
2012.0,PJM,Other,5.0,1,1.257,OH,0
2012.0,PJM,Other,5.0,1,1.257,OH,0
2012.0,PJM,Solar,20.0,2,0.635,OH,0
2012.0,PJM,Wind,50.0,2,1.098,WV,0
2012.0,PJM,Solar,10.0,2,1.311,PA,0
2012.0,PJM,Solar,10.0,2,0.496,NJ,0
2012.0,PJM,Solar,3.0,2,0.635,OH,0
2012.0,PJM,Wind,100.0,2,2.971,OH,0
2012.0,PJM,Gas,6.0,2,4.271,WV,0
2012.0,PJM,Other,4.0,2,4.364,PA,0
2012.0,PJM,Wind,125.0,2,0.638,PA,0
2012.0,PJM,Wind,99.0,2,0.498,VA,0
2012.0,PJM,Wind,101.5,2,1.035,PA,0
2012.0,PJM,Wind,99.0,2,1.188,PA,0
2012.0,PJM,Wind,38.3,1,4.791,PA,0
2012.0,PJM,Gas,785.0,2,1.262,NJ,0
2012.0,NYISO,Other,0.8,1,1.906,NY,0
2012.0,NYISO,Wind,32.0,2,0.148,NY,0
2012.0,Southeast,Solar,20.0,2,0.531,GA,0
2012.0,PJM,Gas,462.0,2,2.374,OH,0
2012.0,SPP,Other,3.6,1,0.649,NE,0
2012.0,SPP,Other,4.5,1,0.649,NE,0
2012.0,PJM,Gas,462.0,2,2.374,OH,0
2012.0,SPP,Wind,61.2,1,0.789,TX,0
2012.0,PJM,Solar,6.0,2,0.055,NJ,0
2012.0,NYISO,Other,3.2,2,4.123,NY,0
2012.0,PJM,Solar,5.0,2,0.444,NJ,0
2012.0,SPP,Wind,81.0,2,2.442,NE,0
2012.0,SPP,Wind,101.2,2,1.736,KS,0
2012.0,PJM,Gas,170.0,2,1.314,KY,0
2012.0,PJM,Other,5.2,2,0.474,MD,0
2012.0,West,Wind,79.2,2,8.567,UT,0
2012.0,West,Wind,45.6,2,8.567,UT,0
2012.0,West,Gas,200.0,2,1.626,WA,0
2012.0,SPP,Wind,40.8,1,2.653,OK,0
2012.0,ISO-NE,Wind,2.7,2,0.287,NH,0
2012.0,SPP,Wind,200.0,2,2.374,KS,0
2012.0,SPP,Gas,120.0,1,2.045,KS,0
2012.0,SPP,Wind,150.0,2,0.498,KS,0
2012.0,NYISO,Wind,16.2,1,2.757,NY,0
2012.0,SPP,Wind,200.0,2,0.635,KS,0
2012.0,SPP,Gas,40.0,2,1.391,TX,0
2012.0,PJM,Solar,3.5,2,0.413,NJ,0
2012.0,PJM,Wind,150.0,2,0.988,NC,0
2012.0,PJM,Other,6.8,1,3.628,WV,0
2012.0,PJM,Solar,8.0,2,0.219,NJ,0
2012.0,PJM,Solar,2.0,2,6.379,MD,0
2012.0,West,Solar,150.0,2,0.783,CA,0
2012.0,PJM,Gas,15.4,1,3.543,PA,0
2012.0,MISO,Gas,720.0,2,1.629,IN,0
2012.0,MISO,Other,3.7,1,4.323,WI,0
2012.0,CAISO,Solar,40.0,2,1.117,CA,0
2012.0,CAISO,Solar,20.0,2,0.216,NV,0
2012.0,CAISO,Solar,25.0,1,3.554,CA,0
2012.0,CAISO,Other,20.0,2,1.117,CA,0
2012.0,CAISO,Solar,150.0,2,0.216,CA,0
2012.0,CAISO,Solar,150.0,2,1.092,CA,0
2012.0,CAISO,Solar,20.0,2,1.092,NV,0
2012.0,CAISO,Solar,20.0,2,1.117,CA,0
2012.0,CAISO,Solar,20.0,2,1.117,CA,0
2012.0,CAISO,Solar,200.0,2,0.345,CA,0
2012.0,CAISO,Solar,75.0,2,0.92,CA,0
2012.0,CAISO,Solar,75.0,2,0.216,CA,0
2012.0,CAISO,Gas,291.0,2,2.53,CA,0
2012.0,CAISO,Gas,402.0,2,1.04,CA,0
2012.0,CAISO,Wind,150.0,2,0.345,CA,0
2012.0,CAISO,Other,20.0,2,1.103,CA,0
2012.0,CAISO,Solar,80.0,2,0.326,CA,0
2012.0,CAISO,Gas,550.0,2,1.963,CA,0
2012.0,CAISO,Hybrid,340.0,1,6.921,CA,0
2012.0,CAISO,Wind,175.0,2,2.579,CA,0
2012.0,CAISO,Gas,49.0,2,1.117,CA,0
2012.0,CAISO,Gas,49.0,2,1.117,CA,0
2012.0,CAISO,Gas,49.0,2,0.345,CA,0
2012.0,CAISO,Solar,20.0,2,0.345,CA,0
2012.0,CAISO,Gas,49.0,2,1.117,CA,0
2012.0,CAISO,Gas,300.0,2,0.203,CA,0
2012.0,CAISO,Gas,1902.9,2,0.331,CA,0
2012.0,CAISO,Solar,238.0,2,0.203,AZ,0
2012.0,CAISO,Gas,475.7,2,1.637,CA,0
2012.0,CAISO,Solar,250.0,2,0.958,CA,0
2012.0,CAISO,Solar,210.0,2,2.94,NV,0
2012.0,PJM,Gas,20.0,2,1.774,VA,0
2012.0,CAISO,Solar,45.0,2,3.201,CA,0
2012.0,CAISO,Other,300.0,2,1.081,NV,1
2012.0,CAISO,Gas,50.0,1,3.997,CA,0
2012.0,CAISO,Solar,80.0,2,0.326,CA,0
2012.0,CAISO,Solar,100.0,2,0.945,CA,0
2012.0,CAISO,Solar,100.0,2,0.337,CA,0
2012.0,CAISO,Solar,300.0,2,1.092,NV,1
2012.0,CAISO,Other,15.0,2,0.326,CA,0
2012.0,CAISO,Solar,10.0,1,4.761,CA,0
2012.0,CAISO,Other,250.0,2,1.081,NV,1
2012.0,CAISO,Solar,250.0,2,0.233,NV,0
2012.0,CAISO,Gas,11.0,2,0.222,CA,0
2012.0,CAISO,Solar,120.0,2,0.312,CA,0
2012.0,CAISO,Solar,500.0,2,0.315,CA,0
2012.0,CAISO,Solar,180.0,2,0.329,NV,0
2012.0,CAISO,Other,1.4,2,1.117,CA,0
2012.0,CAISO,Wind,51.0,2,0.928,CA,0
2012.0,CAISO,Hybrid,40.0,0,13.747,CA,0
2012.0,CAISO,Hybrid,250.0,2,12.821,CA,0
2012.0,CAISO,Gas,540.0,2,0.214,NV,1
2012.0,CAISO,Solar,50.0,2,0.988,CA,0
2012.0,CAISO,Other,250.0,2,1.081,NV,1
2012.0,CAISO,Solar,140.0,2,1.079,CA,0
2012.0,CAISO,Solar,387.0,2,1.092,CA,0
2012.0,CAISO,Gas,938.6,2,5.413,CA,0
2012.0,CAISO,Gas,310.0,2,0.906,CA,0
2012.0,CAISO,Other,300.0,2,1.081,NV,1
2012.0,CAISO,Solar,150.0,2,1.092,CA,0
2012.0,CAISO,Solar,15.0,2,2.883,CA,0
2012.0,CAISO,Solar,100.0,2,0.977,CA,0
2012.0,CAISO,Solar,150.0,2,0.909,CA,0
2012.0,CAISO,Gas,45.0,2,1.016,CA,0
2012.0,CAISO,Wind,100.0,2,1.117,CA,0
2012.0,CAISO,Solar,15.0,1,4.778,CA,0
2012.0,CAISO,Solar,180.0,2,1.079,NV,1
2012.0,SPP,Wind,99.0,2,0.682,KS,0
2012.0,PJM,Other,6.0,1,2.653,VA,0
2012.0,West,Wind,50.0,2,1.18,CO,0
2012.0,PJM,Solar,5.0,2,0.318,NJ,0
2012.0,PJM,Gas,20.0,1,1.12,OH,0
2012.0,PJM,Nuclear,19.0,2,1.15,PA,0
2012.0,West,Solar,515.0,2,1.552,CA,0
2012.0,NYISO,Other,6.4,2,1.101,NY,0
2012.0,PJM,Solar,15.0,2,0.734,NC,0
2012.0,Southeast,Solar,5.0,2,0.895,FL,0
2012.0,Southeast,Wind,89.0,2,0.542,AL,0
2012.0,PJM,Battery,1.0,1,1.432,PA,0
2012.0,Southeast,Solar,64.8,1,3.658,NC,0
2012.0,PJM,Battery,4.0,1,1.925,OH,1
2012.0,PJM,Battery,4.0,2,1.511,OH,1
2012.0,PJM,Gas,834.1,1,5.246,MD,0
2012.0,PJM,Wind,64.6,2,0.594,PA,0
2012.0,PJM,Other,20.0,1,1.467,VA,0
2012.0,PJM,Gas,799.0,1,5.155,OH,0
2012.0,PJM,Other,4.4,2,0.43,MD,0
2012.0,PJM,Gas,6.0,2,4.86,PA,0
2012.0,PJM,Solar,15.0,2,0.353,MD,0
2012.0,PJM,Solar,20.0,1,3.655,NC,0
2012.0,PJM,Solar,2.0,2,5.043,NJ,0
2012.0,PJM,Gas,825.0,2,0.983,PA,0
2012.0,PJM,Solar,3.4,2,0.364,MD,0
2012.0,PJM,Solar,10.0,1,4.318,MD,0
2012.0,PJM,Solar,3.4,1,2.998,MD,0
2012.0,PJM,Battery,20.0,2,1.774,IL,1
2012.0,PJM,Gas,34.0,2,7.633,NJ,0
2012.0,PJM,Gas,18.1,2,0.079,NJ,0
2012.0,PJM,Solar,1.0,1,1.637,NJ,0
2012.0,PJM,Solar,7.8,2,0.824,OH,0
2012.0,PJM,Solar,20.0,2,0.348,NC,0
2012.0,PJM,Other,40.0,1,2.053,VA,0
2012.0,MISO,Other,12.8,1,4.411,MI,0
2012.0,Southeast,Wind,100.0,2,1.155,AL,0
2012.0,ISO-NE,Wind,84.0,2,3.474,ME,0
2012.0,PJM,Gas,350.0,2,0.044,PA,0
2012.0,NYISO,Wind,79.9,2,0.463,NY,0
2012.0,MISO,Other,27.0,0,13.629,TX,0
2012.0,PJM,Battery,0.6,2,3.866,IL,0
2012.0,West,Solar,150.0,2,2.415,CA,0
2012.0,MISO,Wind,150.0,2,1.561,MI,0
2012.0,MISO,Wind,100.0,2,1.637,MI,0
2012.0,MISO,Gas,726.0,2,1.092,IL,0
2012.0,MISO,Wind,7.0,1,3.028,MI,0
2012.0,MISO,Wind,75.0,2,0.35,MN,0
2012.0,West,Wind,60.0,0,13.61,CO,0
2012.0,PJM,Wind,100.0,2,1.708,IN,0
2012.0,PJM,Other,20.0,2,1.966,PA,0
2012.0,PJM,Other,20.0,2,1.966,PA,0
2012.0,PJM,Gas,800.0,2,0.972,NJ,0
2012.0,NYISO,Gas,814.0,2,7.168,NY,0
2012.0,NYISO,Gas,95.5,2,5.834,NY,0
2012.0,PJM,Gas,344.0,2,5.339,PA,0
2012.0,PJM,Wind,68.0,2,0.016,PA,0
2012.0,West,Hybrid,170.0,0,13.552,CA,0
2012.0,PJM,Solar,3.8,1,1.892,NJ,0
2012.0,PJM,Gas,45.0,1,3.02,NJ,0
2012.0,West,Wind,79.9,2,4.887,UT,0
2012.0,MISO,Gas,675.0,2,0.35,WI,0
2012.0,PJM,Solar,0.4,2,0.131,NJ,0
2012.0,SPP,Gas,425.0,2,0.142,TX,0
2012.0,MISO,Wind,180.0,1,0.249,ND,0
2012.0,ERCOT,Wind,248.0,2,9.624,TX,0
2012.0,PJM,Solar,3.0,2,1.166,PA,0
2012.0,PJM,Solar,3.0,2,0.118,PA,0
2012.0,West,Gas,375.0,0,13.459,WA,0
2012.0,NYISO,Wind,126.5,1,7.866,NY,0
2012.0,West,Other,10.0,2,3.499,OR,0
2012.0,ERCOT,Wind,258.1,1,11.71,TX,0
2012.0,PJM,Gas,18.3,1,7.316,PA,0
2012.0,NYISO,Solar,17.0,2,0.186,NY,0
2012.0,SPP,Solar,26.0,2,0.608,NM,0
2012.0,West,Gas,850.0,2,1.645,CA,0
2012.0,ISO-NE,Solar,2.2,2,0.235,VT,0
2012.0,PJM,Battery,4.5,1,0.394,IL,0
2012.0,West,Solar,200.0,2,2.371,CA,0
2012.0,West,Wind,9.7,1,1.413,MT,0
2012.0,PJM,Gas,6.0,1,3.433,KY,0
2012.0,West,Wind,15.0,1,0.397,MT,0
2012.0,PJM,Battery,20.0,2,1.243,IL,0
2012.0,NYISO,Gas,0.9,2,0.129,NY,0
2012.0,PJM,Gas,13.7,1,2.152,WV,0
2012.0,PJM,Solar,5.0,1,2.185,NJ,0
2012.0,PJM,Gas,742.0,1,5.112,OH,0
2012.0,PJM,Gas,35.0,2,2.393,OH,0
2012.0,PJM,Gas,29.0,2,6.5,PA,0
2012.0,Southeast,Solar,23.0,1,3.321,NC,0
2012.0,PJM,Other,3.0,2,0.06,OH,0
2012.0,SPP,Gas,312.0,2,1.528,OK,0
2012.0,PJM,Gas,762.0,2,2.762,VA,0
2012.0,West,Solar,40.0,0,13.342,NM,0
2012.0,MISO,Gas,999.0,2,1.61,IN,0
2012.0,ISO-NE,Wind,4.6,0,13.342,MA,0
2012.0,Southeast,Solar,2.0,2,0.575,AL,0
2012.0,PJM,Solar,20.0,2,0.528,MD,0
2012.0,PJM,Gas,3.5,1,3.121,PA,0
2012.0,PJM,Solar,20.0,2,0.548,PA,0
2012.0,PJM,Solar,20.0,2,0.372,MD,0
2012.0,West,Hybrid,500.0,0,13.317,OR,1
2012.0,MISO,Wind,27.5,2,3.162,ND,0
2012.0,MISO,Wind,200.0,2,1.613,MN,0
2012.0,MISO,Wind,39.1,2,2.858,IA,0
2012.0,MISO,Wind,48.3,2,2.322,IA,0
2012.0,West,Wind,105.0,2,1.35,WA,0
2012.0,SPP,Nuclear,115.0,2,0.914,NE,0
2012.0,PJM,Gas,344.0,2,2.563,PA,0
2012.0,SPP,Wind,200.0,2,1.333,NE,0
2012.0,SPP,Wind,200.0,2,0.367,NM,0
2012.0,PJM,Gas,65.5,1,3.028,PA,0
2012.0,SPP,Wind,478.0,1,6.752,TX,0
2012.0,SPP,Gas,4.8,1,1.18,NE,0
2012.0,SPP,Solar,30.0,2,0.356,NM,0
2012.0,SPP,Wind,115.0,2,1.851,KS,0
2012.0,SPP,Wind,200.0,2,2.434,OK,0
2012.0,PJM,Other,12.0,1,1.495,VA,0
2012.0,SPP,Wind,98.8,1,2.924,OK,0
2012.0,PJM,Other,9.0,2,2.683,VA,0
2012.0,SPP,Wind,299.0,1,2.752,OK,0
2012.0,SPP,Wind,200.0,2,0.364,OK,0
2012.0,SPP,Wind,74.9,2,0.208,NE,0
2012.0,SPP,Wind,74.0,1,3.231,OK,0
2012.0,SPP,Gas,220.0,2,0.419,KS,0
2012.0,SPP,Wind,136.0,2,3.483,OK,0
2012.0,PJM,Gas,205.0,2,0.49,PA,0
2012.0,SPP,Gas,100.0,2,1.873,KS,0
2012.0,SPP,Wind,250.0,2,0.088,OK,0
2012.0,SPP,Wind,180.0,1,4.674,KS,0
2012.0,SPP,Wind,100.3,2,0.422,OK,0
2012.0,SPP,Gas,203.0,2,0.646,TX,0
2012.0,SPP,Wind,76.5,2,3.225,OK,0
2012.0,SPP,Wind,200.0,2,1.04,NM,0
2012.0,SPP,Gas,203.0,1,2.415,TX,0
2012.0,SPP,Gas,121.5,1,2.538,OK,0
2012.0,SPP,Gas,7.0,1,0.416,TX,0
2012.0,SPP,Gas,7.0,1,2.5,TX,0
2012.0,SPP,Gas,7.0,1,2.5,TX,0
2012.0,ISO-NE,Wind,1.2,2,0.408,ME,0
2012.0,West,Other,0.4,2,0.383,WA,0
2012.0,ISO-NE,Wind,90.0,2,5.541,ME,0
2012.0,ISO-NE,Wind,19.8,2,1.856,ME,0
2012.0,Southeast,Other,33.0,0,13.229,MO,0
2012.0,MISO,Gas,8.0,1,3.042,IN,0
2012.0,West,Solar,34.6,0,13.207,OR,0
2012.0,West,Wind,200.0,2,0.901,CO,0
2012.0,NYISO,Other,94.2,2,10.292,NY,0
2012.0,PJM,Gas,8.0,1,0.616,VA,0
2012.0,PJM,Solar,0.5,2,0.564,MD,0
2012.0,West,Solar,250.0,1,4.137,NV,1
2012.0,PJM,Other,13.7,1,1.607,VA,0
2012.0,PJM,Gas,30.0,1,5.158,VA,0
2012.0,Southeast,Solar,20.0,2,2.075,GA,0
2012.0,West,Solar,300.0,2,2.149,CA,0
2012.0,West,Battery,100.0,0,13.188,OR,1
2012.0,West,Wind,87.5,0,13.183,OR,0
2012.0,West,Wind,200.0,2,2.084,CO,0
2012.0,PJM,Gas,20.0,1,2.598,NJ,0
2012.0,PJM,Gas,20.0,1,2.598,NJ,0
2012.0,West,Solar,30.0,2,1.966,CO,1
2012.0,MISO,Wind,149.5,2,0.52,IN,0
2012.0,PJM,Gas,1065.0,2,3.066,PA,0
2012.0,PJM,Gas,1050.0,2,0.674,OH,0
2012.0,PJM,Other,62.5,2,2.029,KY,0
2012.0,PJM,Battery,64.0,2,1.369,IN,0
2012.0,MISO,Other,1.0,0,13.169,MN,0
2012.0,PJM,Solar,5.0,1,2.207,NJ,0
2012.0,PJM,Gas,218.0,2,0.578,NJ,0
2012.0,PJM,Gas,1551.0,2,1.049,VA,0
2012.0,PJM,Other,5.0,1,3.775,PA,0
2012.0,PJM,Other,2.0,2,3.359,VA,1
2012.0,PJM,Other,4.0,1,4.049,MD,0
2012.0,PJM,Other,3.2,2,0.424,PA,0
2012.0,PJM,Other,1211.0,2,0.86,IL,0
2012.0,PJM,Solar,0.3,2,1.202,OH,0
2012.0,PJM,Gas,19.9,2,4.222,PA,0
2012.0,PJM,Wind,150.4,2,1.823,PA,0
2012.0,PJM,Gas,370.0,1,5.919,PA,0
2012.0,PJM,Solar,0.3,2,1.202,OH,0
2012.0,PJM,Other,47.2,2,2.086,MD,0
2012.0,PJM,Gas,6.6,2,0.728,PA,0
2012.0,PJM,Gas,193.0,2,0.687,NJ,0
2012.0,PJM,Gas,63.0,1,2.393,NJ,0
2012.0,PJM,Gas,360.0,2,7.143,IL,0
2012.0,PJM,Solar,20.0,2,5.747,MD,0
2012.0,PJM,Other,600.0,2,0.854,IL,0
2012.0,PJM,Gas,12.6,1,1.361,IL,0
2012.0,PJM,Battery,12.0,2,0.799,IN,0
2012.0,PJM,Battery,12.0,1,0.816,OH,0
2012.0,PJM,Gas,40.0,2,3.343,NJ,0
2012.0,PJM,Wind,200.0,2,0.794,IN,0
2012.0,PJM,Other,2.0,2,2.105,MD,0
2012.0,PJM,Other,0.5,1,0.709,VA,0
2012.0,PJM,Gas,705.0,2,1.21,NJ,0
2012.0,MISO,Gas,1065.0,2,1.667,IN,0
2012.0,NYISO,Wind,79.9,1,6.379,NY,0
2012.0,Southeast,Solar,20.0,2,0.621,GA,0
2012.0,Southeast,Solar,18.5,2,2.42,GA,0
2012.0,Southeast,Solar,15.0,2,0.591,GA,0
2012.0,Southeast,Solar,20.0,2,0.419,GA,0
2012.0,MISO,Wind,100.0,2,2.732,IL,0
2012.0,MISO,Wind,100.0,2,2.73,IN,0
2012.0,MISO,Wind,120.8,2,4.876,MI,0
2012.0,Southeast,Solar,20.0,2,2.39,GA,0
2012.0,Southeast,Solar,20.0,2,1.15,GA,0
2012.0,MISO,Wind,100.0,2,2.595,IL,0
2012.0,MISO,Wind,200.0,2,1.632,SD,0
2012.0,West,Solar,100.0,1,11.671,CA,0
2012.0,West,Solar,396.0,2,1.892,CA,0
2012.0,West,Solar,470.0,2,1.892,CA,0
2012.0,West,Wind,200.0,2,1.881,CA,0
2012.0,NYISO,Wind,238.8,1,10.084,NY,0
2012.0,SPP,Gas,2.0,1,0.906,KS,0
2012.0,West,Battery,100.0,0,13.07,OR,1
2012.0,Southeast,Solar,1.0,2,0.287,GA,0
2012.0,Southeast,Solar,1.0,2,0.287,GA,0
2012.0,PJM,Wind,70.0,2,0.775,PA,0
2012.0,Southeast,Gas,968.0,2,0.449,GA,0
2012.0,West,Wind,197.8,0,13.032,NM,0
2012.0,NYISO,Wind,77.7,1,4.189,NY,0
2012.0,PJM,Gas,7.5,1,1.112,NJ,0
2012.0,SPP,Wind,200.0,2,0.789,TX,0
2013.0,MISO,Wind,50.0,2,1.525,IA,0
2013.0,MISO,Wind,197.8,2,1.465,IN,0
2013.0,MISO,Wind,100.0,1,1.802,ND,0
2013.0,MISO,Wind,100.0,1,1.802,ND,0
2013.0,NYISO,Wind,12.5,2,4.638,NY,0
2013.0,MISO,Wind,125.0,2,1.651,MI,0
2013.0,MISO,Gas,801.0,2,1.462,MI,0
2013.0,MISO,Other,26.0,2,0.249,WI,0
2013.0,PJM,Other,4.8,1,1.952,IN,0
2013.0,PJM,Other,3.2,1,1.952,IN,0
2013.0,ERCOT,Solar,100.0,1,6.913,TX,0
2013.0,PJM,Other,3.2,1,6.346,WV,0
2013.0,PJM,Solar,6.0,2,2.064,NJ,0
2013.0,PJM,Solar,10.0,1,3.001,NJ,0
2013.0,ERCOT,Wind,300.5,1,6.771,TX,0
2013.0,PJM,Gas,4.4,2,5.169,MD,0
2013.0,ERCOT,Wind,201.0,1,9.265,TX,0
2013.0,West,Wind,200.0,2,1.311,CO,0
2013.0,ERCOT,Wind,201.0,1,5.87,TX,0
2013.0,PJM,Wind,130.9,2,0.608,NC,0
2013.0,PJM,Wind,150.3,2,1.216,KY,0
2013.0,Southeast,Solar,20.0,2,4.304,GA,0
2013.0,PJM,Wind,100.0,2,3.918,MD,0
2013.0,PJM,Wind,97.5,2,0.608,IL,0
2013.0,Southeast,Solar,20.0,2,4.282,GA,0
2013.0,PJM,Gas,50.0,1,2.664,NJ,0
2013.0,PJM,Gas,760.0,1,5.782,PA,0
2013.0,PJM,Gas,460.0,2,0.646,PA,0
2013.0,PJM,Wind,62.0,2,1.916,PA,0
2013.0,PJM,Gas,20.0,1,3.231,VA,0
2013.0,PJM,Other,36.0,1,1.875,OH,0
2013.0,PJM,Gas,47.0,1,3.499,NJ,0
2013.0,PJM,Other,36.0,1,4.334,IN,0
2013.0,PJM,Gas,5.0,1,2.642,NJ,0
2013.0,PJM,Gas,40.0,1,2.642,NJ,0
2013.0,PJM,Other,36.0,1,2.086,WV,0
2013.0,PJM,Gas,20.0,1,3.242,VA,0
2013.0,PJM,Gas,24.0,1,2.642,NJ,0
2013.0,PJM,Gas,10.0,2,1.394,NJ,0
2013.0,PJM,Gas,3.0,1,2.642,NJ,0
2013.0,PJM,Gas,6.0,2,4.334,NJ,0
2013.0,ISO-NE,Other,207.7,2,2.004,MA,0
2013.0,ISO-NE,Other,207.7,2,3.047,MA,0
2013.0,SPP,Solar,50.6,0,12.835,NE,0
2013.0,NYISO,Gas,208.0,2,2.658,NJ,0
2013.0,Southeast,Solar,20.0,2,3.42,GA,0
2013.0,PJM,Solar,12.0,2,3.198,DE,0
2013.0,West,Wind,200.0,2,1.522,CO,0
2013.0,Southeast,Solar,20.0,2,0.75,GA,0
2013.0,MISO,Wind,170.2,2,1.665,IA,0
2013.0,MISO,Wind,197.8,2,4.211,IN,0
2013.0,Southeast,Solar,20.0,2,0.148,GA,0
2013.0,Southeast,Solar,20.0,2,3.379,GA,0
2013.0,MISO,Gas,232.0,2,1.927,MI,0
2013.0,Southeast,Solar,20.0,2,3.368,GA,0
2013.0,PJM,Other,1.6,1,0.474,PA,0
2013.0,MISO,Wind,149.6,2,1.648,IL,0
2013.0,PJM,Solar,12.0,2,0.082,MD,0
2013.0,PJM,Solar,15.0,1,2.946,MD,0
2013.0,MISO,Wind,100.0,1,1.55,IA,0
2013.0,MISO,Gas,700.0,2,4.214,MI,0
2013.0,SPP,Gas,48.0,2,0.975,OK,0
2013.0,Southeast,Wind,80.5,2,0.805,AL,0
2013.0,MISO,Wind,150.0,2,3.266,IL,0
2013.0,MISO,Wind,200.0,1,1.457,MN,0
2013.0,MISO,Other,30.0,1,3.625,IA,0
2013.0,MISO,Gas,221.0,2,1.749,MN,0
2013.0,PJM,Wind,18.7,2,1.749,PA,0
2013.0,PJM,Gas,1161.0,2,0.474,IN,0
2013.0,NYISO,Other,632.0,2,5.525,NY,0
2013.0,SPP,Wind,6.0,2,1.391,NE,0
2013.0,SPP,Wind,50.6,2,1.352,NE,0
2013.0,SPP,Wind,100.0,1,2.664,OK,0
2013.0,SPP,Wind,100.3,2,1.385,OK,0
2013.0,SPP,Wind,99.0,2,5.372,KS,0
2013.0,SPP,Wind,73.5,2,1.429,NE,0
2013.0,SPP,Wind,1.2,1,2.053,NE,0
2013.0,SPP,Wind,248.4,2,1.377,NM,0
2013.0,SPP,Gas,147.0,1,1.372,OK,0
2013.0,SPP,Wind,25.5,2,3.042,NE,0
2013.0,SPP,Gas,203.0,1,6.557,TX,0
2013.0,PJM,Gas,525.0,2,4.079,WV,0
2013.0,SPP,Wind,125.8,2,1.374,NE,0
2013.0,SPP,Wind,200.0,2,0.564,TX,0
2013.0,Southeast,Solar,20.0,2,3.313,GA,0
2013.0,West,Hybrid,225.0,1,11.247,CA,0
2013.0,SPP,Wind,51.0,2,0.501,NE,0
2013.0,West,Solar,4.8,2,1.914,OR,0
2013.0,Southeast,Solar,20.0,2,0.427,GA,0
2013.0,PJM,Other,50.0,2,2.875,OH,0
2013.0,PJM,Other,0.4,1,1.47,MD,0
2013.0,Southeast,Solar,100.0,2,6.324,GA,0
2013.0,Southeast,Solar,20.0,2,0.734,GA,0
2013.0,Southeast,Solar,20.0,2,0.46,GA,0
2013.0,Southeast,Solar,20.0,2,0.142,GA,0
2013.0,West,Solar,30.0,2,1.385,CO,0
2013.0,SPP,Solar,73.6,0,12.706,NE,0
2013.0,PJM,Other,0.1,2,0.016,OH,0
2013.0,PJM,Battery,8.0,1,0.433,OH,0
2013.0,ISO-NE,Wind,18.0,2,0.233,NH,0
2013.0,ERCOT,Gas,742.9,2,6.346,TX,0
2013.0,ISO-NE,Wind,250.0,2,6.048,ME,0
2013.0,PJM,Gas,20.0,1,4.074,IL,0
2013.0,PJM,Gas,20.0,1,4.074,IL,0
2013.0,PJM,Gas,20.0,1,4.074,IL,0
2013.0,PJM,Gas,20.0,1,4.074,IL,0
2013.0,PJM,Solar,3.8,1,1.719,NJ,0
2013.0,Southeast,Solar,10.0,2,0.378,GA,0
2013.0,PJM,Solar,2.0,2,0.068,MD,0
2013.0,PJM,Gas,735.0,2,0.411,PA,0
2013.0,PJM,Battery,2.0,1,1.73,OH,0
2013.0,PJM,Battery,2.0,1,2.508,OH,0
2013.0,PJM,Solar,5.7,2,0.422,NJ,0
2013.0,PJM,Battery,10.0,2,1.982,OH,0
2013.0,CAISO,Hybrid,40.0,0,12.671,CA,0
2013.0,PJM,Other,15.7,2,0.444,MD,0
2013.0,PJM,Battery,20.0,2,1.73,PA,0
2013.0,CAISO,Other,0.5,0,12.671,CA,0
2013.0,PJM,Other,19.0,2,1.536,VA,0
2013.0,PJM,Gas,19.9,2,4.739,PA,0
2013.0,PJM,Gas,110.0,2,0.559,NJ,0
2013.0,CAISO,Gas,108.3,2,6.921,CA,0
2013.0,PJM,Gas,45.0,1,2.497,NJ,0
2013.0,PJM,Gas,205.0,1,8.145,PA,0
2013.0,CAISO,Solar,20.0,2,0.83,CA,0
2013.0,PJM,Other,7.0,1,1.67,WV,0
2013.0,PJM,Other,45.0,2,0.411,MD,0
2013.0,PJM,Gas,166.0,1,4.241,MD,0
2013.0,CAISO,Other,300.0,2,0.983,CA,0
2013.0,CAISO,Solar,9.5,1,3.666,CA,0
2013.0,PJM,Battery,20.0,2,0.422,NJ,0
2013.0,CAISO,Hybrid,192.0,1,11.978,CA,0
2013.0,CAISO,Hybrid,267.0,1,10.418,CA,0
2013.0,CAISO,Gas,86.0,2,0.997,CA,0
2013.0,PJM,Gas,3.4,2,0.235,PA,0
2013.0,CAISO,Hybrid,288.0,1,8.304,CA,0
2013.0,CAISO,Hybrid,90.0,0,12.671,NV,0
2013.0,PJM,Wind,18.7,2,0.397,PA,0
2013.0,CAISO,Gas,910.0,2,3.094,CA,0
2013.0,CAISO,Solar,50.0,2,0.843,CA,0
2013.0,CAISO,Wind,150.0,2,0.824,CA,0
2013.0,CAISO,Solar,20.0,2,0.964,CA,0
2013.0,CAISO,Wind,60.0,2,0.824,CA,0
2013.0,CAISO,Gas,778.0,2,0.821,CA,0
2013.0,CAISO,Gas,99.0,2,0.17,CA,0
2013.0,CAISO,Gas,99.0,2,0.17,CA,0
2013.0,CAISO,Gas,200.0,2,0.17,CA,0
2013.0,CAISO,Gas,200.0,2,0.211,CA,0
2013.0,CAISO,Wind,250.0,2,0.381,CA,0
2013.0,CAISO,Solar,300.0,2,1.002,AZ,1
2013.0,CAISO,Solar,16.0,2,2.094,CA,0
2013.0,CAISO,Solar,150.0,2,0.172,NV,1
2013.0,CAISO,Gas,49.9,2,0.17,CA,0
2013.0,CAISO,Gas,344.0,2,0.208,CA,0
2013.0,CAISO,Solar,150.0,2,0.884,CA,0
2013.0,CAISO,Solar,245.0,2,0.964,CA,0
2013.0,CAISO,Solar,150.0,2,0.172,CA,0
2013.0,CAISO,Solar,20.0,2,0.843,CA,0
2013.0,CAISO,Solar,20.0,2,3.871,CA,0
2013.0,CAISO,Solar,20.0,2,1.941,CA,0
2013.0,CAISO,Gas,1047.0,2,0.994,CA,0
2013.0,CAISO,Solar,20.0,2,2.056,CA,0
2013.0,CAISO,Solar,50.0,1,6.634,NV,0
2013.0,CAISO,Solar,150.0,2,0.172,CA,0
2013.0,CAISO,Gas,200.0,2,0.211,CA,0
2013.0,CAISO,Solar,150.0,2,5.845,CA,0
2013.0,CAISO,Gas,110.0,2,1.024,CA,0
2013.0,CAISO,Solar,200.6,2,6.253,MX,0
2013.0,CAISO,Gas,24.0,1,3.984,CA,0
2013.0,CAISO,Solar,120.0,2,0.849,CA,0
2013.0,CAISO,Solar,20.0,2,0.851,CA,0
2013.0,CAISO,Solar,20.0,2,0.211,CA,0
2013.0,CAISO,Solar,200.0,2,0.849,CA,0
2013.0,CAISO,Solar,20.0,2,0.843,CA,1
2013.0,CAISO,Solar,100.8,1,4.452,AZ,1
2013.0,CAISO,Wind,65.0,2,0.824,CA,0
2013.0,CAISO,Gas,205.0,2,0.887,CA,0
2013.0,CAISO,Gas,49.9,2,0.17,CA,0
2013.0,CAISO,Solar,30.0,2,0.865,CA,0
2013.0,CAISO,Gas,59.3,2,2.344,CA,0
2013.0,CAISO,Gas,35.0,1,8.249,CA,0
2013.0,CAISO,Solar,20.0,2,1.826,CA,0
2013.0,CAISO,Gas,72.0,1,5.843,CA,0
2013.0,CAISO,Gas,47.8,2,0.961,CA,0
2013.0,CAISO,Solar,13.5,1,9.552,CA,0
2013.0,CAISO,Gas,47.8,2,0.843,CA,0
2013.0,CAISO,Solar,33.0,2,5.925,CA,0
2013.0,CAISO,Other,15.5,2,0.986,CA,0
2013.0,Southeast,Solar,19.0,2,0.704,GA,0
2013.0,ISO-NE,Other,37.0,2,0.791,VT,0
2013.0,ISO-NE,Wind,33.0,2,1.166,ME,0
2013.0,Southeast,Solar,20.0,2,0.397,GA,0
2013.0,MISO,Wind,50.0,2,2.01,MI,0
2013.0,MISO,Wind,50.0,2,2.01,MI,0
2013.0,MISO,Gas,316.0,2,1.637,MN,0
2013.0,MISO,Wind,250.0,1,4.616,IA,0
2013.0,MISO,Wind,198.9,2,1.637,IA,0
2013.0,MISO,Wind,20.0,2,1.572,MN,0
2013.0,West,Gas,42.3,0,12.613,NM,0
2013.0,Southeast,Solar,18.9,2,1.262,GA,0
2013.0,NYISO,Other,72.0,1,5.84,NY,0
2013.0,Southeast,Solar,20.0,2,0.449,GA,0
2013.0,PJM,Gas,591.0,2,0.841,OH,0
2013.0,Southeast,Solar,10.0,2,0.025,GA,0
2013.0,Southeast,Solar,20.0,2,0.137,GA,0
2013.0,Southeast,Solar,20.0,2,2.114,GA,0
2013.0,PJM,Other,5.0,2,0.824,OH,0
2013.0,PJM,Gas,36.0,2,0.882,OH,0
2013.0,PJM,Gas,15.0,2,0.882,OH,0
2013.0,Southeast,Solar,20.0,2,3.075,GA,0
2013.0,Southeast,Solar,20.0,2,0.334,GA,0
2013.0,Southeast,Solar,20.0,2,0.364,GA,0
2013.0,Southeast,Solar,20.0,2,0.307,GA,0
2013.0,West,Wind,19.9,0,12.569,CO,1
2013.0,ERCOT,Wind,201.0,0,12.553,TX,0
2013.0,West,Solar,2.0,2,3.562,OR,0
2013.0,West,Solar,300.0,2,1.492,CA,0
2013.0,MISO,Wind,56.7,2,0.392,MN,0
2013.0,PJM,Gas,464.0,2,0.769,OH,0
2013.0,Southeast,Solar,75.0,2,0.676,AL,0
2013.0,SPP,Wind,200.1,2,0.32,KS,0
2013.0,PJM,Gas,217.0,2,0.077,OH,0
2013.0,West,Other,345.0,0,12.49,WA,1
2013.0,PJM,Wind,18.0,2,8.594,OH,0
2013.0,MISO,Wind,40.0,2,2.549,MN,0
2013.0,SPP,Wind,229.5,2,1.098,NE,0
2013.0,Southeast,Solar,20.0,2,0.211,GA,0
2013.0,MISO,Wind,20.0,1,0.309,IA,0
2013.0,West,Wind,200.6,0,12.46,CO,1
2013.0,Southeast,Solar,80.0,2,3.507,GA,0
2013.0,PJM,Wind,189.0,1,11.392,NC,0
2013.0,Southeast,Solar,19.8,2,0.611,GA,0
2013.0,PJM,Gas,19.9,2,5.558,PA,0
2013.0,West,Other,300.0,0,12.413,ID,0
2013.0,MISO,Wind,150.0,1,0.988,ND,0
2013.0,Southeast,Solar,20.0,2,0.131,GA,0
2013.0,Southeast,Solar,19.4,2,0.476,GA,0
2013.0,MISO,Gas,45.0,1,3.055,IL,0
2013.0,MISO,Other,3576.0,1,3.135,MB,0
2013.0,West,Gas,336.0,2,3.685,OR,0
2013.0,PJM,Gas,2.0,1,1.785,MD,0
2013.0,Southeast,Solar,14.0,2,0.101,GA,0
2013.0,West,Other,3.0,2,1.84,OR,0
2013.0,PJM,Wind,46.0,2,1.216,PA,0
2013.0,Southeast,Other,691.0,0,12.356,KY,0
2013.0,PJM,Gas,464.0,2,0.652,WV,0
2013.0,PJM,Gas,464.0,2,0.652,PA,0
2013.0,PJM,Gas,464.0,2,0.665,WV,0
2013.0,PJM,Nuclear,102.0,1,3.379,MI,0
2013.0,PJM,Other,20.0,1,0.671,NJ,0
2013.0,PJM,Gas,64.5,1,4.898,MD,0
2013.0,Southeast,Solar,20.0,2,2.932,GA,0
2013.0,Southeast,Solar,20.0,2,0.548,GA,0
2013.0,West,Hybrid,450.0,0,12.323,UT,0
2013.0,SPP,Solar,25.0,1,3.255,NM,0
2013.0,PJM,Solar,0.3,2,0.055,MD,0
2013.0,ERCOT,Solar,202.6,1,8.099,TX,0
2013.0,MISO,Gas,588.0,2,1.04,WI,0
2013.0,ISO-NE,Wind,74.3,2,0.501,NH,0
2013.0,MISO,Gas,496.0,2,2.105,WI,0
2013.0,West,Wind,140.0,2,7.179,CO,0
2013.0,ISO-NE,Other,0.1,2,0.151,MA,0
2013.0,PJM,Gas,10.0,1,3.389,PA,0
2013.0,PJM,Gas,6.0,1,3.389,PA,0
2013.0,West,Wind,200.0,2,7.195,CO,0
2013.0,Southeast,Solar,14.0,2,0.46,GA,0
2013.0,MISO,Gas,15.0,1,1.829,LA,0
2013.0,MISO,Gas,50.0,2,1.632,MN,0
2013.0,ERCOT,Wind,237.6,1,5.424,TX,0
2013.0,Southeast,Solar,40.0,1,2.535,NC,0
2013.0,West,Solar,9.0,2,5.936,NM,0
2013.0,MISO,Wind,69.3,2,1.895,MI,0
2013.0,Southeast,Gas,940.0,1,5.101,FL,0
2013.0,Southeast,Gas,940.0,1,5.18,FL,0
2013.0,SPP,Wind,74.8,2,0.077,NE,0
2013.0,SPP,Wind,250.0,2,0.074,NE,0
2013.0,PJM,Gas,36.0,1,2.924,NJ,0
2013.0,PJM,Gas,23.0,1,2.924,NJ,0
2013.0,SPP,Wind,50.0,2,0.876,OK,0
2013.0,SPP,Wind,73.6,2,0.868,OK,0
2013.0,ERCOT,Wind,201.6,0,12.252,TX,0
2013.0,PJM,Battery,10.4,1,2.248,PA,0
2013.0,PJM,Battery,6.0,1,2.168,OH,0
2013.0,PJM,Battery,4.0,2,3.014,OH,1
2013.0,ERCOT,Wind,201.6,0,12.252,TX,0
2013.0,PJM,Battery,6.0,2,3.014,OH,1
2013.0,ERCOT,Wind,200.0,0,12.252,TX,0
2013.0,SPP,Wind,150.0,2,1.9,MO,0
2013.0,SPP,Wind,148.4,1,5.194,TX,0
2013.0,SPP,Wind,299.0,1,2.522,OK,0
2013.0,SPP,Gas,370.0,2,0.868,TX,0
2013.0,SPP,Wind,202.5,1,5.221,NE,0
2013.0,SPP,Gas,538.0,1,4.23,OK,0
2013.0,SPP,Gas,28.0,1,2.409,KS,0
2013.0,West,Wind,130.0,1,0.698,SD,0
2013.0,Southeast,Solar,150.0,2,1.322,AL,0
2013.0,West,Other,6.0,2,8.912,UT,1
2013.0,MISO,Wind,150.0,2,1.747,IA,0
2013.0,PJM,Wind,12.0,1,6.962,VA,0
2013.0,Southeast,Solar,19.2,2,0.433,GA,0
2013.0,Southeast,Other,48.0,2,0.036,AL,0
2013.0,PJM,Wind,70.0,1,6.073,PA,0
2013.0,PJM,Wind,20.0,2,0.485,MD,0
2013.0,Southeast,Solar,50.0,2,1.229,GA,0
2013.0,Southeast,Solar,50.0,2,0.526,GA,0
2013.0,PJM,Solar,10.0,2,3.734,MD,0
2013.0,PJM,Battery,6.0,1,2.831,OH,0
2013.0,PJM,Gas,1681.0,1,5.106,VA,0
2013.0,PJM,Solar,6.0,2,3.34,MD,0
2013.0,PJM,Gas,777.0,2,1.029,VA,0
2013.0,PJM,Gas,381.0,1,4.397,PA,0
2013.0,PJM,Gas,513.0,1,4.271,OH,0
2013.0,PJM,Other,17.0,1,3.474,PA,0
2013.0,PJM,Solar,14.0,2,3.734,MD,0
2013.0,PJM,Gas,19.9,2,5.123,PA,0
2013.0,PJM,Solar,10.0,2,0.548,MD,0
2013.0,PJM,Solar,10.0,2,0.548,MD,0
2013.0,PJM,Solar,10.0,2,0.548,MD,0
2013.0,PJM,Solar,10.0,2,0.548,MD,0
2013.0,PJM,Solar,10.0,2,0.548,MD,0
2013.0,PJM,Gas,675.0,2,9.919,NJ,0
2013.0,PJM,Gas,2.0,2,0.531,PA,0
2013.0,PJM,Gas,6.0,2,0.912,PA,0
2013.0,PJM,Gas,12.0,1,1.525,VA,0
2013.0,PJM,Gas,19.9,1,2.601,PA,0
2013.0,PJM,Gas,208.0,2,2.374,NJ,0
2013.0,PJM,Battery,20.0,1,2.127,IL,0
2013.0,PJM,Battery,20.0,1,1.818,IL,0
2013.0,Southeast,Solar,50.0,2,1.224,GA,0
2013.0,PJM,Battery,20.0,1,1.892,IL,1
2013.0,PJM,Gas,19.9,2,1.325,PA,0
2013.0,PJM,Battery,20.0,2,0.548,MD,0
2013.0,PJM,Gas,7.0,1,2.894,DE,0
2013.0,PJM,Battery,20.0,2,2.015,PA,0
2013.0,PJM,Solar,7.8,1,1.205,NJ,0
2013.0,PJM,Battery,6.0,2,1.569,OH,0
2013.0,PJM,Battery,6.0,2,2.93,OH,1
2013.0,PJM,Battery,6.0,2,0.999,OH,0
2013.0,PJM,Gas,19.9,1,3.307,PA,0
2013.0,PJM,Solar,10.0,2,0.548,MD,0
2013.0,PJM,Solar,10.0,2,0.419,MD,0
2013.0,PJM,Solar,10.0,2,0.419,MD,0
2013.0,PJM,Solar,10.0,2,0.419,MD,0
2013.0,PJM,Solar,10.0,2,0.419,MD,0
2013.0,PJM,Battery,1.0,1,1.202,NJ,0
2013.0,PJM,Gas,20.0,1,0.279,IL,0
2013.0,PJM,Gas,61.0,1,4.537,NJ,0
2013.0,PJM,Solar,7.1,2,4.405,NJ,0
2013.0,NYISO,Wind,78.4,1,7.83,NY,0
2013.0,NYISO,Wind,101.8,1,7.395,NY,0
2013.0,PJM,Other,10.0,2,0.876,NJ,0
2013.0,Southeast,Wind,88.4,2,0.517,AL,0
2013.0,Southeast,Solar,50.0,2,1.194,GA,0
2013.0,ERCOT,Solar,108.0,1,9.322,TX,0
2013.0,MISO,Wind,300.0,2,3.912,IA,0
2013.0,ERCOT,Solar,30.0,1,5.979,TX,0
2013.0,MISO,Wind,101.0,2,0.271,WI,0
2013.0,West,Solar,10.0,2,0.134,NM,0
2013.0,MISO,Wind,60.0,2,1.604,MI,0
2013.0,Southeast,Solar,80.0,2,4.893,GA,0
2013.0,MISO,Wind,101.0,2,0.271,WI,0
2013.0,West,Solar,10.0,2,9.41,NM,1
2013.0,MISO,Gas,73.0,1,4.893,MN,0
2013.0,MISO,Wind,201.0,2,3.671,IN,0
2013.0,MISO,Wind,201.0,2,3.671,IN,0
2013.0,MISO,Wind,101.0,1,3.617,MI,0
2013.0,MISO,Wind,101.2,1,5.99,ND,0
2013.0,MISO,Solar,20.0,2,2.073,MN,0
2013.0,MISO,Solar,20.0,2,3.671,MN,0
2013.0,MISO,Wind,150.0,1,2.869,ND,0
2013.0,MISO,Wind,101.0,2,3.671,MN,0
2013.0,MISO,Wind,201.0,2,1.593,MI,0
2013.0,MISO,Solar,50.0,2,1.172,MN,0
2013.0,MISO,Solar,20.0,2,1.996,MN,0
2013.0,MISO,Wind,201.0,2,0.011,MO,0
2013.0,MISO,Gas,112.0,2,1.591,MI,0
2013.0,MISO,Wind,301.0,2,6.004,MI,0
2013.0,PJM,Wind,212.5,2,0.857,PA,0
2013.0,ERCOT,Wind,322.0,2,5.153,TX,0
2013.0,ERCOT,Wind,162.1,0,12.093,TX,0
2013.0,ISO-NE,Wind,12.0,2,0.107,ME,0
2013.0,PJM,Wind,99.0,2,0.805,PA,0
2013.0,NYISO,Wind,100.3,2,1.467,NY,0
2013.0,Southeast,Solar,50.0,2,0.203,GA,0
2013.0,Southeast,Solar,50.0,2,0.203,GA,0
2013.0,ERCOT,Wind,307.5,2,5.848,TX,0
2013.0,MISO,Wind,30.0,2,0.405,IL,0
2013.0,West,Solar,20.0,2,0.246,NM,0
2013.0,MISO,Other,500.0,2,4.055,AR,0
2013.0,SPP,Wind,173.0,2,0.145,KS,0
2013.0,SPP,Wind,300.0,2,0.145,OK,0
2013.0,SPP,Wind,100.0,2,0.145,KS,0
2013.0,SPP,Wind,100.0,2,0.145,KS,0
2013.0,SPP,Wind,250.0,2,0.145,OK,0
2013.0,SPP,Wind,250.0,2,0.145,OK,0
2013.0,SPP,Wind,105.6,2,1.243,OK,0
2013.0,SPP,Wind,200.0,2,0.145,NE,0
2013.0,SPP,Wind,160.0,2,0.145,NE,0
2013.0,SPP,Wind,136.0,2,0.145,KS,0
2013.0,PJM,Wind,52.0,2,2.059,PA,0
2013.0,PJM,Gas,19.9,1,3.162,PA,0
2013.0,PJM,Solar,20.0,1,3.685,VA,0
2014.0,West,Wind,100.0,2,0.893,CO,0
2014.0,West,Wind,103.0,0,11.984,SD,0
2014.0,West,Solar,10.0,2,2.141,NM,0
2014.0,MISO,Solar,40.0,2,0.663,MN,0
2014.0,MISO,Gas,55.0,1,2.801,MN,0
2014.0,MISO,Wind,19.8,2,1.569,LA,0
2014.0,PJM,Solar,19.8,2,0.077,PA,0
2014.0,SPP,Wind,200.6,1,9.569,KS,0
2014.0,Southeast,Solar,100.0,2,0.364,GA,0
2014.0,Southeast,Solar,82.0,2,4.468,GA,0
2014.0,CAISO,Solar,5.0,2,0.512,CA,0
2014.0,NYISO,Gas,295.0,2,3.097,NY,0
2014.0,NYISO,Gas,262.0,2,3.097,NY,0
2014.0,Southeast,Solar,43.0,2,0.17,GA,0
2014.0,West,Other,44.0,2,3.179,CA,0
2014.0,Southeast,Wind,112.0,2,0.876,GA,0
2014.0,ISO-NE,Wind,103.5,2,3.967,ME,0
2014.0,ISO-NE,Other,335.0,2,0.753,CT,0
2014.0,PJM,Other,0.8,2,3.756,OH,0
2014.0,PJM,Other,0.8,2,1.41,OH,0
2014.0,ERCOT,Wind,165.0,0,11.89,TX,0
2014.0,ERCOT,Gas,742.9,0,11.888,TX,0
2014.0,West,Other,300.0,2,2.188,NM,0
2014.0,West,Gas,80.0,0,11.88,NM,0
2014.0,PJM,Gas,800.0,2,2.146,PA,0
2014.0,SPP,Wind,10.5,1,1.133,OK,0
2014.0,SPP,Wind,15.8,2,5.487,OK,0
2014.0,SPP,Wind,5.7,1,1.279,OK,0
2014.0,Southeast,Solar,80.0,2,0.783,GA,0
2014.0,Southeast,Solar,35.0,2,0.783,GA,0
2014.0,Southeast,Solar,18.5,2,0.101,GA,0
2014.0,Southeast,Solar,18.5,2,0.151,GA,0
2014.0,PJM,Solar,20.0,1,0.86,NC,0
2014.0,PJM,Gas,800.0,1,4.479,OH,0
2014.0,ERCOT,Wind,280.9,2,6.218,TX,0
2014.0,ISO-NE,Gas,478.0,2,0.966,MA,0
2014.0,PJM,Other,20.5,1,1.596,OH,0
2014.0,PJM,Solar,10.0,1,3.373,VA,0
2014.0,ISO-NE,Other,387.9,2,1.834,MA,0
2014.0,PJM,Solar,19.9,2,3.817,MD,0
2014.0,PJM,Other,5.2,2,0.586,OH,0
2014.0,PJM,Other,5.2,2,0.586,OH,0
2014.0,PJM,Other,4.0,2,0.586,OH,0
2014.0,PJM,Other,4.0,2,0.586,OH,0
2014.0,PJM,Other,4.0,2,0.586,OH,0
2014.0,PJM,Other,4.0,2,0.586,OH,0
2014.0,PJM,Gas,455.0,2,0.594,IL,0
2014.0,PJM,Wind,180.0,2,2.656,VA,0
2014.0,West,Other,15.0,2,5.864,CO,0
2014.0,ISO-NE,Other,103.5,2,0.994,MA,0
2014.0,ISO-NE,Wind,85.0,2,2.289,ME,0
2014.0,ISO-NE,Other,47.5,2,0.074,VT,0
2014.0,ISO-NE,Other,100.0,2,0.214,CT,0
2014.0,ISO-NE,Other,245.0,2,0.214,CT,0
2014.0,ISO-NE,Gas,5.6,2,0.271,CT,0
2014.0,PJM,Solar,20.0,1,1.823,NC,0
2014.0,PJM,Solar,12.0,1,1.823,NC,0
2014.0,Southeast,Solar,100.0,2,2.42,GA,0
2014.0,Southeast,Solar,79.9,2,0.468,GA,0
2014.0,MISO,Other,36.2,2,3.162,LA,0
2014.0,CAISO,Other,0.5,1,0.386,CA,0
2014.0,Southeast,Solar,9.8,2,0.14,GA,0
2014.0,MISO,Wind,4.0,1,1.979,MI,0
2014.0,Southeast,Solar,140.0,2,0.153,GA,0
2014.0,Southeast,Solar,70.0,2,0.153,GA,0
2014.0,Southeast,Solar,215.0,2,0.323,GA,0
2014.0,PJM,Gas,1050.0,1,3.94,PA,0
2014.0,ERCOT,Gas,484.0,0,11.795,TX,0
2014.0,MISO,Solar,100.0,2,0.597,MN,0
2014.0,MISO,Wind,150.0,1,4.791,MI,0
2014.0,West,Gas,21.0,2,9.314,UT,0
2014.0,ERCOT,Gas,484.0,2,5.443,TX,0
2014.0,MISO,Gas,160.0,1,2.45,AR,0
2014.0,Southeast,Solar,140.0,2,0.912,GA,0
2014.0,SPP,Wind,74.9,2,0.389,NE,0
2014.0,PJM,Gas,20.0,2,3.088,WV,0
2014.0,West,Other,29.0,0,11.767,NM,0
2014.0,Southeast,Solar,215.0,2,0.556,GA,0
2014.0,CAISO,Other,5.0,2,0.55,NV,0
2014.0,SPP,Wind,300.0,2,1.018,NM,0
2014.0,SPP,Wind,83.7,2,0.504,TX,0
2014.0,SPP,Wind,400.0,2,0.887,TX,0
2014.0,PJM,Solar,0.5,1,2.346,NJ,0
2014.0,ISO-NE,Wind,10.0,2,0.197,ME,0
2014.0,SPP,Wind,129.6,2,0.504,TX,0
2014.0,PJM,Gas,116.0,2,6.732,MD,0
2014.0,SPP,Gas,172.0,2,0.37,KS,0
2014.0,SPP,Gas,225.0,2,4.164,TX,0
2014.0,SPP,Wind,73.5,1,1.717,NE,0
2014.0,ISO-NE,Wind,0.8,2,2.196,ME,0
2014.0,Southeast,Solar,20.0,2,0.539,GA,0
2014.0,PJM,Gas,651.0,2,1.207,PA,0
2014.0,West,Gas,0.2,0,11.726,WA,0
2014.0,Southeast,Solar,19.8,2,0.353,GA,0
2014.0,West,Solar,50.0,1,2.308,AZ,1
2014.0,NYISO,Gas,106.3,1,3.885,NY,0
2014.0,Southeast,Solar,100.0,2,0.408,GA,0
2014.0,Southeast,Solar,20.0,2,0.057,GA,0
2014.0,West,Wind,60.0,0,11.71,CO,0
2014.0,MISO,Other,55.0,1,5.12,IA,0
2014.0,Southeast,Solar,70.0,2,0.991,GA,0
2014.0,Southeast,Solar,19.4,2,1.591,GA,0
2014.0,NYISO,Solar,20.0,2,0.11,NY,0
2014.0,NYISO,Solar,20.0,2,0.11,NY,0
2014.0,NYISO,Solar,20.0,2,0.11,NY,0
2014.0,NYISO,Solar,20.0,2,0.11,NY,0
2014.0,NYISO,Solar,20.0,2,0.11,NY,0
2014.0,NYISO,Solar,20.0,2,0.11,NY,0
2014.0,PJM,Solar,5.0,2,0.999,MD,0
2014.0,PJM,Solar,6.0,2,0.999,MD,0
2014.0,PJM,Solar,5.5,2,0.999,MD,0
2014.0,PJM,Solar,2.6,1,5.101,MD,0
2014.0,PJM,Solar,5.0,1,4.895,MD,0
2014.0,Southeast,Solar,20.0,2,0.312,GA,0
2014.0,Southeast,Solar,20.0,2,0.309,GA,0
2014.0,Southeast,Solar,20.0,2,0.364,GA,0
2014.0,Southeast,Solar,20.0,2,0.112,GA,0
2014.0,Southeast,Solar,35.6,2,0.315,GA,0
2014.0,Southeast,Solar,29.7,2,0.315,GA,0
2014.0,Southeast,Solar,78.0,2,0.372,GA,0
2014.0,Southeast,Solar,17.2,2,0.49,GA,0
2014.0,Southeast,Solar,20.0,2,0.307,GA,0
2014.0,ISO-NE,Wind,104.0,2,3.956,ME,0
2014.0,Southeast,Solar,18.5,2,0.307,GA,0
2014.0,PJM,Other,13.3,1,2.935,IL,0
2014.0,ISO-NE,Wind,104.0,2,3.953,ME,0
2014.0,PJM,Other,0.1,1,1.09,NJ,0
2014.0,PJM,Gas,9.0,1,4.674,NJ,0
2014.0,PJM,Gas,207.8,2,0.441,KY,0
2014.0,PJM,Other,1.5,1,0.449,PA,0
2014.0,PJM,Wind,200.0,2,0.06,IL,0
2014.0,PJM,Wind,200.0,1,5.632,IL,0
2014.0,ISO-NE,Wind,104.0,2,3.953,ME,0
2014.0,ISO-NE,Wind,104.0,2,3.951,ME,0
2014.0,ISO-NE,Wind,104.0,2,3.951,ME,0
2014.0,Southeast,Solar,20.0,2,4.134,GA,0
2014.0,Southeast,Solar,120.7,2,0.531,GA,0
2014.0,Southeast,Solar,151.3,2,0.531,GA,0
2014.0,Southeast,Solar,49.9,2,0.323,GA,0
2014.0,Southeast,Solar,19.6,2,0.531,GA,0
2014.0,Southeast,Solar,19.6,2,0.531,GA,0
2014.0,CAISO,Hybrid,910.0,2,0.214,CA,0
2014.0,Southeast,Solar,87.4,2,0.323,GA,0
2014.0,Southeast,Solar,100.0,2,0.326,GA,0
2014.0,Southeast,Solar,19.6,2,0.531,GA,0
2014.0,CAISO,Hybrid,910.0,2,0.742,CA,0
2014.0,CAISO,Battery,20.0,2,0.887,CA,1
2014.0,CAISO,Solar,20.0,2,0.745,CA,0
2014.0,CAISO,Solar,50.0,2,3.838,NV,0
2014.0,CAISO,Solar,100.0,2,0.802,NV,0
2014.0,CAISO,Solar,65.0,2,0.802,NV,0
2014.0,CAISO,Solar,250.0,2,2.667,NV,1
2014.0,CAISO,Solar,250.0,2,2.094,CA,0
2014.0,CAISO,Solar,150.0,2,4.813,CA,0
2014.0,CAISO,Solar,100.0,2,0.745,CA,0
2014.0,CAISO,Gas,305.0,2,0.898,CA,0
2014.0,CAISO,Hybrid,40.0,0,11.671,CA,0
2014.0,CAISO,Battery,50.0,2,0.92,CA,0
2014.0,CAISO,Hybrid,40.0,0,11.671,CA,0
2014.0,CAISO,Battery,50.0,0,11.671,CA,0
2014.0,CAISO,Battery,300.0,2,0.882,CA,0
2014.0,CAISO,Hybrid,20.0,2,6.075,CA,0
2014.0,CAISO,Battery,118.0,2,0.156,CA,0
2014.0,CAISO,Solar,50.0,2,2.094,NV,0
2014.0,CAISO,Other,44.0,0,11.671,NV,0
2014.0,CAISO,Solar,20.0,2,0.747,CA,0
2014.0,CAISO,Battery,20.0,1,4.156,CA,0
2014.0,CAISO,Solar,20.0,2,0.745,CA,0
2014.0,CAISO,Solar,20.0,2,0.769,CA,0
2014.0,PJM,Gas,1.0,1,1.747,PA,0
2014.0,CAISO,Battery,50.0,0,11.671,CA,0
2014.0,CAISO,Battery,10.0,2,0.799,CA,0
2014.0,CAISO,Battery,50.0,0,11.671,CA,0
2014.0,CAISO,Battery,33.0,0,11.671,CA,0
2014.0,CAISO,Hybrid,40.0,2,0.731,CA,0
2014.0,CAISO,Solar,20.0,2,0.745,CA,0
2014.0,CAISO,Solar,20.0,2,0.747,CA,0
2014.0,CAISO,Solar,152.0,1,5.465,AZ,1
2014.0,CAISO,Battery,150.0,2,0.186,CA,0
2014.0,CAISO,Gas,35.0,2,0.898,CA,0
2014.0,CAISO,Gas,10.0,1,2.626,CA,0
2014.0,CAISO,Battery,20.0,2,0.914,CA,0
2014.0,CAISO,Wind,160.0,2,0.92,CA,0
2014.0,CAISO,Solar,20.0,2,1.689,CA,0
2014.0,CAISO,Solar,60.0,2,2.094,CA,0
2014.0,CAISO,Gas,378.0,2,0.156,CA,0
2014.0,CAISO,Battery,118.0,2,0.156,CA,0
2014.0,CAISO,Hybrid,400.0,0,11.671,AZ,0
2014.0,PJM,Solar,2.6,1,2.303,IN,0
2014.0,PJM,Solar,2.5,1,1.687,IN,0
2014.0,PJM,Solar,13.0,1,3.203,NJ,0
2014.0,CAISO,Gas,700.0,2,0.783,CA,0
2014.0,PJM,Solar,5.0,1,2.324,IN,0
2014.0,PJM,Solar,4.6,1,2.527,MI,0
2014.0,PJM,Gas,97.0,1,1.125,OH,0
2014.0,PJM,Battery,20.0,2,4.89,NJ,0
2014.0,PJM,Battery,18.0,1,1.632,PA,0
2014.0,CAISO,Other,538.0,2,0.887,CA,0
2014.0,PJM,Battery,10.0,2,8.646,PA,0
2014.0,PJM,Gas,19.9,2,4.75,PA,0
2014.0,PJM,Gas,19.9,2,0.824,PA,0
2014.0,PJM,Gas,1.6,1,5.547,PA,0
2014.0,CAISO,Hybrid,186.6,0,11.671,CA,0
2014.0,CAISO,Solar,90.0,2,0.92,CA,0
2014.0,CAISO,Hybrid,625.4,2,0.764,CA,0
2014.0,PJM,Wind,67.5,2,1.04,PA,0
2014.0,PJM,Solar,80.0,1,1.643,NC,0
2014.0,CAISO,Hybrid,120.0,2,0.742,CA,0
2014.0,PJM,Gas,568.0,1,4.005,NJ,0
2014.0,PJM,Battery,4.0,2,2.122,IL,0
2014.0,PJM,Gas,36.0,2,0.052,OH,0
2014.0,PJM,Battery,2.0,2,0.422,NJ,0
2014.0,CAISO,Gas,378.0,2,0.156,CA,0
2014.0,CAISO,Hybrid,508.0,2,0.192,CA,0
2014.0,PJM,Battery,3.5,2,0.079,NJ,0
2014.0,PJM,Battery,10.0,2,0.422,NJ,0
2014.0,PJM,Solar,10.0,2,0.977,MD,0
2014.0,PJM,Solar,5.0,2,4.846,MD,0
2014.0,CAISO,Hybrid,444.0,2,0.742,CA,0
2014.0,PJM,Solar,8.5,2,3.74,VA,0
2014.0,CAISO,Hybrid,625.4,2,0.764,CA,0
2014.0,PJM,Solar,20.0,2,0.025,VA,0
2014.0,PJM,Battery,10.0,2,0.208,NJ,0
2014.0,CAISO,Gas,300.0,2,0.92,CA,0
2014.0,CAISO,Gas,220.0,2,0.805,CA,0
2014.0,CAISO,Solar,20.0,2,0.898,CA,0
2014.0,CAISO,Battery,20.0,2,0.753,CA,0
2014.0,CAISO,Gas,309.0,2,0.753,CA,0
2014.0,CAISO,Wind,46.1,1,7.932,CA,0
2014.0,CAISO,Battery,30.0,2,6.702,CA,1
2014.0,CAISO,Battery,20.0,2,0.745,CA,1
2014.0,CAISO,Other,15.5,2,0.783,CA,0
2014.0,CAISO,Battery,10.0,2,2.587,CA,0
2014.0,CAISO,Gas,0.0,1,4.947,CA,0
2014.0,CAISO,Battery,50.0,2,0.786,CA,1
2014.0,CAISO,Battery,50.0,2,1.029,CA,0
2014.0,CAISO,Battery,40.0,2,0.808,CA,0
2014.0,CAISO,Wind,50.0,2,0.769,CA,0
2014.0,CAISO,Battery,20.0,2,0.764,CA,0
2014.0,CAISO,Solar,153.4,1,6.554,CA,0
2014.0,CAISO,Battery,30.0,2,0.172,CA,1
2014.0,CAISO,Battery,20.0,2,0.92,CA,1
2014.0,CAISO,Battery,30.0,2,0.802,CA,0
2014.0,CAISO,Solar,20.0,2,0.745,CA,0
2014.0,CAISO,Solar,20.0,2,1.979,CA,0
2014.0,CAISO,Battery,15.0,2,0.745,CA,0
2014.0,CAISO,Battery,25.0,2,1.133,CA,0
2014.0,CAISO,Battery,20.0,1,9.377,CA,0
2014.0,CAISO,Solar,20.0,2,2.39,CA,0
2014.0,CAISO,Solar,206.2,1,3.964,CA,0
2014.0,CAISO,Other,5.0,2,4.487,CA,0
2014.0,West,Solar,5.0,2,6.218,UT,0
2014.0,West,Solar,5.0,2,6.218,UT,0
2014.0,Southeast,Solar,75.0,2,0.526,GA,0
2014.0,Southeast,Solar,50.0,2,0.32,GA,0
2014.0,Southeast,Solar,60.0,2,0.49,GA,0
2014.0,West,Solar,51.0,1,2.16,AZ,1
2014.0,CAISO,Solar,1.5,2,0.945,CA,0
2014.0,West,Wind,383.0,0,11.633,ND,0
2014.0,MISO,Solar,24.8,2,2.012,MN,0
2014.0,MISO,Gas,551.0,2,1.3,WI,0
2014.0,MISO,Gas,845.0,2,1.3,WI,0
2014.0,MISO,Gas,845.0,2,1.3,WI,0
2014.0,MISO,Gas,96.0,1,2.461,IL,0
2014.0,MISO,Wind,100.0,1,2.297,MI,0
2014.0,West,Solar,50.0,0,11.628,CO,1
2014.0,MISO,Gas,338.0,2,1.643,LA,0
2014.0,MISO,Gas,90.0,2,1.185,IN,0
2014.0,MISO,Gas,551.0,2,1.3,WI,0
2014.0,MISO,Gas,116.0,2,0.134,IA,1
2014.0,MISO,Solar,50.0,2,1.046,AR,0
2014.0,MISO,Solar,30.0,2,1.572,AR,0
2014.0,MISO,Gas,810.0,2,0.134,IA,0
2014.0,MISO,Gas,464.0,2,0.134,IA,0
2014.0,MISO,Wind,201.0,2,1.572,MO,0
2014.0,MISO,Solar,40.0,2,0.318,MN,0
2014.0,MISO,Gas,715.0,0,11.619,IN,0
2014.0,MISO,Gas,362.0,2,1.634,MI,0
2014.0,MISO,Wind,169.0,1,3.444,IA,0
2014.0,MISO,Gas,725.0,2,1.634,MI,0
2014.0,MISO,Wind,52.0,1,3.934,MI,0
2014.0,MISO,Gas,810.0,2,0.134,IA,0
2014.0,MISO,Gas,232.0,2,0.575,IA,1
2014.0,MISO,Other,135.0,2,0.134,IA,0
2014.0,MISO,Gas,464.0,2,0.134,IA,0
2014.0,MISO,Other,280.0,2,0.134,IA,0
2014.0,MISO,Gas,232.0,2,0.134,IA,0
2014.0,MISO,Gas,116.0,2,0.575,IA,0
2014.0,MISO,Wind,150.0,1,2.204,IA,0
2014.0,MISO,Wind,305.0,2,0.23,IA,0
2014.0,MISO,Solar,50.0,2,1.634,MN,0
2014.0,MISO,Gas,232.0,2,0.134,IA,0
2014.0,MISO,Solar,39.0,2,0.318,MN,0
2014.0,MISO,Solar,100.0,2,0.041,MN,0
2014.0,MISO,Hybrid,81.0,1,2.289,AR,0
2014.0,MISO,Gas,116.0,2,0.572,IA,0
2014.0,MISO,Solar,200.0,2,2.3,AR,0
2014.0,MISO,Gas,393.0,2,2.3,TX,0
2014.0,NYISO,Gas,88.0,2,3.743,NY,0
2014.0,PJM,Other,0.8,1,1.58,OH,0
2014.0,Southeast,Solar,20.0,2,0.23,GA,0
2014.0,Southeast,Solar,16.0,2,0.271,GA,0
2014.0,West,Solar,5.0,2,8.854,NM,0
2014.0,NYISO,Solar,60.0,2,0.646,NY,0
2014.0,NYISO,Solar,24.0,2,0.975,NY,0
2014.0,NYISO,Solar,16.0,2,0.89,NY,0
2014.0,CAISO,Solar,2.0,2,0.233,CA,0
2014.0,MISO,Solar,50.0,2,1.046,AR,0
2014.0,NYISO,Gas,1132.0,1,5.117,NY,0
2014.0,Southeast,Solar,29.3,2,0.131,GA,0
2014.0,ISO-NE,Wind,600.6,2,3.814,ME,0
2014.0,ISO-NE,Wind,600.6,2,3.814,ME,0
2014.0,ERCOT,Solar,203.0,0,11.535,TX,0
2014.0,PJM,Other,6.0,2,1.552,VA,0
2014.0,SPP,Wind,149.5,2,0.266,OK,0
2014.0,ISO-NE,Other,22.0,2,1.522,MA,0
2014.0,West,Solar,3.0,2,6.075,UT,0
2014.0,PJM,Gas,10.0,1,1.358,OH,0
2014.0,PJM,Gas,5.0,1,1.358,OH,0
2014.0,PJM,Gas,5.0,1,1.476,PA,0
2014.0,MISO,Nuclear,1373.0,2,2.667,IL,0
2014.0,PJM,Other,243.0,2,1.399,PA,0
2014.0,PJM,Wind,150.0,1,5.541,IL,0
2014.0,PJM,Other,158.0,2,1.399,PA,0
2014.0,ERCOT,Solar,50.0,1,4.482,TX,0
2014.0,SPP,Wind,300.1,2,0.326,CO,0
2014.0,SPP,Gas,477.0,2,0.249,TX,0
2014.0,SPP,Gas,756.8,2,0.778,TX,0
2014.0,SPP,Gas,227.0,2,0.249,TX,0
2014.0,Southeast,Gas,100.0,2,2.992,AL,0
2014.0,NYISO,Wind,201.3,2,6.667,NY,0
2014.0,MISO,Gas,71.5,1,1.752,LA,0
2014.0,MISO,Other,30.0,1,0.375,PA,0
2014.0,MISO,Gas,1270.0,1,2.442,AR,0
2014.0,MISO,Wind,124.0,2,2.303,IL,0
2014.0,SPP,Wind,15.0,2,0.649,TX,0
2014.0,Southeast,Solar,18.4,2,0.115,GA,0
2014.0,PJM,Solar,7.3,2,3.05,NJ,0
2014.0,PJM,Solar,1.5,2,0.107,MD,0
2014.0,PJM,Solar,1.5,2,0.378,MD,0
2014.0,PJM,Solar,1.5,2,0.107,MD,0
2014.0,PJM,Solar,1.5,2,0.107,MD,0
2014.0,Southeast,Solar,9.7,2,1.029,GA,0
2014.0,MISO,Solar,25.0,2,0.214,MS,1
2014.0,MISO,Solar,79.1,2,0.274,AR,0
2014.0,MISO,Solar,40.0,2,0.556,AR,0
2014.0,SPP,Wind,100.0,1,3.242,OK,0
2014.0,MISO,Solar,198.9,2,0.274,AR,0
2014.0,MISO,Gas,48.3,1,5.799,WI,0
2014.0,MISO,Solar,79.1,2,1.498,AR,0
2014.0,NYISO,Solar,2.0,2,0.194,NY,0
2014.0,PJM,Other,45.0,1,2.842,TN,0
2014.0,PJM,Gas,80.0,2,1.246,DE,0
2014.0,PJM,Gas,120.0,1,4.383,PA,0
2014.0,NYISO,Solar,20.0,2,0.52,NY,0
2014.0,West,Other,42.0,0,11.42,CO,0
2014.0,West,Solar,60.0,2,5.572,CO,0
2014.0,PJM,Gas,180.0,2,1.654,PA,0
2014.0,NYISO,Wind,72.6,2,6.546,NY,0
2014.0,PJM,Other,5.3,1,0.849,PA,0
2014.0,MISO,Gas,571.0,2,1.582,WI,0
2014.0,PJM,Wind,78.2,0,11.368,VA,0
2014.0,Southeast,Solar,30.0,2,0.301,GA,0
2014.0,NYISO,Solar,20.0,2,0.526,NY,0
2014.0,NYISO,Solar,20.0,2,0.197,NY,0
2014.0,NYISO,Solar,10.0,2,0.197,NY,0
2014.0,NYISO,Solar,20.0,2,0.197,NY,0
2014.0,NYISO,Solar,20.0,2,0.197,NY,0
2014.0,NYISO,Solar,19.9,2,0.523,NY,0
2014.0,Southeast,Solar,10.0,0,11.359,KY,0
2014.0,Southeast,Gas,1132.0,0,11.359,TN,1
2014.0,CAISO,Solar,49.0,2,2.782,CA,0
2014.0,MISO,Gas,21.0,0,11.351,WI,0
2014.0,West,Wind,25.0,1,1.303,MT,0
2014.0,PJM,Gas,20.0,1,1.421,IL,0
2014.0,PJM,Gas,19.9,2,0.597,PA,0
2014.0,PJM,Gas,34.1,1,3.094,PA,0
2014.0,PJM,Gas,1000.0,1,5.177,PA,0
2014.0,PJM,Gas,308.0,2,1.18,PA,0
2014.0,PJM,Gas,800.0,2,0.621,IL,0
2014.0,PJM,Wind,69.1,2,5.372,MD,0
2014.0,PJM,Wind,80.0,2,3.811,PA,0
2014.0,ISO-NE,Wind,52.8,2,1.802,ME,0
2014.0,PJM,Solar,20.0,2,2.765,NC,0
2014.0,MISO,Solar,100.0,1,2.081,MN,0
2014.0,SPP,Wind,300.0,1,3.181,MO,0
2014.0,SPP,Wind,15.0,2,0.474,OK,0
2014.0,SPP,Wind,79.9,2,0.98,NE,0
2014.0,NYISO,Solar,0.7,2,0.89,NY,0
2014.0,PJM,Gas,161.0,1,2.784,OH,0
2014.0,PJM,Other,16.0,2,5.054,PA,0
2014.0,MISO,Solar,103.0,2,0.764,AR,0
2014.0,MISO,Solar,103.0,2,2.861,AR,0
2014.0,ERCOT,Wind,184.0,1,4.709,TX,0
2014.0,MISO,Gas,204.0,2,0.26,MI,0
2014.0,MISO,Gas,153.0,2,2.847,MI,0
2014.0,MISO,Gas,1020.0,1,5.04,LA,0
2014.0,MISO,Wind,98.0,1,0.961,WI,0
2014.0,MISO,Gas,327.0,2,2.185,MI,0
2014.0,MISO,Solar,49.0,2,0.238,AR,0
2014.0,MISO,Gas,420.7,1,0.961,MI,0
2014.0,MISO,Gas,50.0,2,5.355,MN,0
2014.0,MISO,Gas,550.0,2,0.753,WI,0
2014.0,MISO,Gas,800.0,2,2.001,IL,0
2014.0,MISO,Gas,711.0,1,3.168,WI,0
2014.0,PJM,Solar,6.0,2,3.682,MD,0
2014.0,PJM,Battery,20.0,1,4.219,NJ,0
2014.0,NYISO,Wind,19.8,2,0.274,NY,0
2014.0,SPP,Solar,100.0,2,0.37,NM,0
2014.0,PJM,Solar,20.0,2,3.584,MD,0
2014.0,SPP,Gas,60.0,2,0.422,OK,0
2014.0,West,Hybrid,200.0,0,11.266,AZ,1
2014.0,SPP,Wind,2.4,1,1.183,KS,0
2014.0,SPP,Wind,150.0,2,1.396,OK,0
2014.0,SPP,Gas,50.0,1,1.517,KS,0
2014.0,SPP,Solar,108.8,2,0.019,TX,0
2014.0,SPP,Solar,150.0,2,0.364,NM,0
2014.0,SPP,Solar,30.0,2,1.008,NM,0
2014.0,PJM,Wind,150.0,2,5.999,WV,0
2014.0,PJM,Other,3.6,2,1.528,IN,0
2014.0,SPP,Wind,35.8,1,1.509,NE,0
2014.0,SPP,Wind,320.0,1,2.261,TX,0
2014.0,SPP,Solar,50.0,2,0.364,TX,0
2014.0,SPP,Wind,300.0,2,0.422,OK,0
2014.0,SPP,Solar,90.0,2,0.498,NM,0
2014.0,SPP,Solar,70.0,1,1.906,NM,0
2014.0,SPP,Solar,30.0,1,8.567,NM,0
2014.0,PJM,Solar,74.9,1,4.11,NC,0
2014.0,SPP,Solar,70.0,1,2.062,NM,0
2014.0,SPP,Wind,249.9,1,2.174,OK,0
2014.0,SPP,Solar,50.0,2,0.422,OK,0
2014.0,SPP,Wind,250.0,1,4.23,OK,0
2014.0,SPP,Solar,113.0,2,0.671,NM,0
2014.0,SPP,Wind,120.0,2,1.27,TX,0
2014.0,SPP,Wind,73.4,2,7.28,NE,0
2014.0,SPP,Wind,160.0,2,0.422,NE,0
2014.0,SPP,Wind,80.0,2,1.27,TX,0
2014.0,SPP,Solar,50.0,2,0.364,TX,0
2014.0,SPP,Wind,200.0,2,0.422,OK,0
2014.0,SPP,Wind,174.0,2,0.986,KS,0
2014.0,SPP,Solar,80.0,2,0.364,TX,0
2014.0,SPP,Solar,50.0,2,0.104,KS,0
2014.0,SPP,Wind,200.0,2,1.12,KS,0
2014.0,SPP,Wind,100.0,2,0.422,KS,0
2014.0,SPP,Wind,200.0,2,4.296,OK,0
2014.0,SPP,Solar,110.0,2,0.066,NM,0
2014.0,SPP,Solar,40.0,2,3.515,NM,0
2014.0,PJM,Solar,80.0,2,2.341,NC,0
2014.0,SPP,Solar,125.4,2,1.478,NM,0
2014.0,PJM,Solar,80.0,1,4.277,NC,0
2014.0,PJM,Solar,15.0,1,2.319,NC,0
2014.0,SPP,Wind,200.0,2,1.495,TX,0
2014.0,SPP,Wind,120.8,2,2.982,KS,0
2014.0,SPP,Wind,200.1,2,0.496,OK,0
2014.0,SPP,Wind,160.0,2,1.462,NE,0
2014.0,SPP,Wind,125.8,2,1.005,NE,0
2014.0,SPP,Wind,161.0,2,0.496,OK,0
2014.0,SPP,Wind,120.0,2,0.676,NM,0
2014.0,SPP,Wind,248.4,1,4.225,OK,0
2014.0,SPP,Solar,99.0,2,1.06,NM,0
2014.0,West,Solar,100.0,0,11.253,NV,1
2014.0,SPP,Solar,20.0,2,0.4,KS,0
2014.0,SPP,Gas,203.0,2,0.92,TX,0
2014.0,SPP,Gas,356.0,2,0.411,TX,0
2014.0,ISO-NE,Wind,9.6,2,1.878,ME,0
2014.0,PJM,Solar,3.5,2,0.709,MD,0
2014.0,PJM,Other,1710.0,2,2.133,PA,0
2014.0,Southeast,Solar,12.8,1,1.131,NC,0
2014.0,West,Solar,250.0,2,6.193,CO,0
2014.0,West,Solar,120.0,0,11.217,CO,0
2014.0,West,Gas,1100.0,0,11.217,OR,0
2014.0,PJM,Solar,3.1,1,1.216,NC,0
2014.0,PJM,Gas,5.6,2,2.535,NJ,0
2014.0,West,Other,15.0,2,2.428,UT,1
2014.0,MISO,Gas,232.0,1,3.299,MN,0
2014.0,ERCOT,Solar,100.0,2,4.422,TX,0
2014.0,ERCOT,Solar,222.0,1,6.987,TX,0
2014.0,ERCOT,Solar,100.0,2,4.422,TX,0
2014.0,ERCOT,Solar,28.0,1,6.987,TX,0
2014.0,ERCOT,Solar,250.0,2,5.843,TX,0
2014.0,West,Solar,20.0,2,5.514,OR,0
2014.0,ISO-NE,Gas,33.0,2,0.088,NH,0
2014.0,PJM,Gas,7.5,2,0.602,NJ,0
2014.0,PJM,Gas,1050.0,1,4.917,PA,0
2014.0,PJM,Gas,113.0,1,4.246,PA,0
2014.0,PJM,Gas,20.0,1,1.607,IL,0
2014.0,PJM,Gas,74.0,1,1.889,PA,0
2014.0,PJM,Gas,57.5,1,1.837,PA,0
2014.0,PJM,Solar,3.0,2,0.517,MD,0
2014.0,PJM,Solar,3.5,2,4.356,MD,0
2014.0,Southeast,Gas,104.0,1,2.675,NC,0
2014.0,PJM,Gas,20.0,1,0.843,VA,0
2014.0,PJM,Wind,82.0,2,4.118,PA,0
2014.0,PJM,Wind,200.0,2,1.32,IL,0
2014.0,PJM,Battery,2.0,2,0.35,DE,0
2014.0,PJM,Gas,158.0,2,4.274,NJ,0
2014.0,PJM,Solar,3.5,2,4.966,MD,0
2014.0,PJM,Solar,6.0,2,0.383,MD,0
2014.0,PJM,Solar,4.2,1,5.574,MD,0
2014.0,PJM,Gas,19.9,2,4.26,PA,0
2014.0,PJM,Gas,100.0,2,0.454,NJ,0
2014.0,PJM,Gas,560.0,2,2.01,NJ,0
2014.0,PJM,Battery,4.0,1,1.832,OH,0
2014.0,PJM,Battery,11.0,1,0.958,PA,0
2014.0,PJM,Battery,20.0,2,3.121,OH,0
2014.0,PJM,Solar,118.0,1,3.162,MD,0
2014.0,PJM,Wind,208.5,2,1.878,PA,0
2014.0,PJM,Battery,20.0,2,4.057,NJ,0
2014.0,PJM,Battery,2.0,2,0.383,NJ,0
2014.0,PJM,Other,19.9,2,0.416,MD,0
2014.0,PJM,Solar,3.5,2,4.35,MD,0
2014.0,PJM,Wind,60.0,2,1.889,PA,0
2014.0,PJM,Battery,20.0,2,3.945,IL,0
2014.0,PJM,Battery,18.4,2,3.945,IL,0
2014.0,PJM,Battery,20.0,2,2.048,PA,0
2014.0,PJM,Battery,20.0,2,0.537,OH,0
2014.0,PJM,Gas,340.0,1,3.578,VA,0
2014.0,PJM,Gas,163.0,2,6.949,PA,0
2014.0,PJM,Solar,20.0,2,0.994,MD,0
2014.0,PJM,Solar,20.0,2,0.994,MD,0
2014.0,PJM,Solar,15.0,2,2.99,MD,0
2014.0,PJM,Solar,20.0,2,2.99,MD,0
2014.0,PJM,Solar,120.0,1,3.346,NC,0
2014.0,PJM,Solar,80.0,2,2.601,NC,0
2014.0,PJM,Solar,80.0,2,0.085,NC,0
2014.0,PJM,Solar,80.0,2,0.085,NC,0
2014.0,PJM,Solar,80.0,2,2.527,NC,0
2014.0,PJM,Solar,80.0,2,2.294,NC,0
2014.0,PJM,Solar,80.0,2,2.256,NC,0
2014.0,PJM,Solar,60.0,2,2.595,NC,0
2014.0,PJM,Gas,8.0,2,1.09,PA,0
2014.0,PJM,Gas,5.0,2,1.415,OH,1
2014.0,PJM,Gas,27.0,2,1.667,IL,1
2014.0,PJM,Battery,10.0,2,0.728,VA,0
2014.0,PJM,Solar,6.0,2,0.479,MD,0
2014.0,PJM,Solar,20.0,2,0.594,OH,0
2014.0,PJM,Solar,20.0,2,0.682,OH,0
2014.0,PJM,Solar,1.5,2,0.95,NJ,0
2014.0,PJM,Gas,1152.0,1,6.62,OH,0
2014.0,PJM,Solar,10.0,2,1.008,MD,0
2014.0,PJM,Battery,2.0,2,2.464,OH,1
2014.0,PJM,Wind,68.0,2,0.433,PA,0
2014.0,PJM,Other,7.2,2,2.311,PA,0
2014.0,PJM,Solar,9.0,1,2.979,MD,0
2014.0,PJM,Solar,12.0,2,9.552,MD,0
2014.0,PJM,Solar,6.0,2,2.795,MD,0
2014.0,CAISO,Battery,5.0,2,0.162,CA,0
2014.0,PJM,Gas,463.0,2,8.468,PA,0
2014.0,PJM,Gas,190.0,1,8.548,IL,0
2014.0,PJM,Other,12.5,2,0.851,VA,0
2014.0,NYISO,Solar,2.0,2,0.153,NY,0
2014.0,PJM,Gas,57.0,1,1.821,PA,0
2014.0,West,Solar,100.0,2,3.907,CO,0
2014.0,NYISO,Solar,5.0,2,0.14,NY,0
2014.0,MISO,Battery,20.0,1,1.18,IN,0
2014.0,MISO,Gas,991.0,2,1.596,LA,0
2014.0,MISO,Solar,62.5,1,2.557,MN,0
2014.0,MISO,Gas,40.0,1,3.138,MT,0
2014.0,West,Solar,49.0,2,1.377,NM,0
2014.0,MISO,Gas,49.9,2,1.84,MN,0
2014.0,MISO,Gas,1078.0,2,1.347,LA,0
2014.0,West,Solar,49.0,2,3.943,NM,0
2014.0,West,Solar,53.0,2,5.287,CO,0
2014.0,West,Solar,53.0,0,11.132,CO,0
2014.0,MISO,Wind,300.0,1,0.011,IA,0
2014.0,MISO,Other,4.0,1,3.132,MI,0
2014.0,MISO,Wind,200.0,1,4.879,IA,0
2014.0,MISO,Gas,243.0,2,1.832,MI,0
2014.0,MISO,Wind,120.0,2,3.91,MN,0
2014.0,MISO,Wind,200.0,2,3.91,IA,0
2014.0,MISO,Wind,200.0,1,2.836,IA,0
2014.0,MISO,Wind,200.0,1,1.046,MN,0
2014.0,MISO,Wind,200.0,2,1.626,MI,0
2014.0,MISO,Wind,300.0,2,1.834,IA,0
2014.0,MISO,Wind,150.0,2,0.671,IA,0
2014.0,MISO,Other,43.0,2,0.988,LA,0
2014.0,MISO,Solar,100.0,2,8.422,MI,0
2014.0,MISO,Nuclear,32.0,2,1.092,MI,0
2014.0,MISO,Solar,50.0,2,1.785,TX,0
2014.0,MISO,Gas,999.0,2,0.849,LA,0
2014.0,MISO,Gas,110.0,2,0.183,MI,0
2014.0,MISO,Solar,75.0,2,1.766,MI,0
2014.0,MISO,Gas,30.0,2,1.092,MI,0
2014.0,West,Solar,10.0,2,1.284,NM,1
2014.0,MISO,Wind,100.0,1,3.828,MN,0
2014.0,MISO,Wind,100.0,2,2.308,TX,0
2014.0,MISO,Gas,120.0,2,0.605,MI,1
2014.0,MISO,Gas,125.0,2,0.605,MI,1
2014.0,ISO-NE,Other,1.3,2,0.14,VT,0
2014.0,Southeast,Solar,40.0,2,0.476,FL,0
2014.0,West,Solar,99.0,0,11.113,UT,0
2014.0,Southeast,Solar,100.0,2,0.2,GA,0
2014.0,PJM,Solar,4.0,2,0.791,NJ,0
2014.0,PJM,Wind,98.0,2,6.88,PA,0
2014.0,NYISO,Gas,2.0,1,5.081,NY,0
2014.0,NYISO,Gas,2.0,1,5.081,NY,0
2014.0,Southeast,Solar,80.0,2,2.418,AL,0
2014.0,West,Solar,99.0,0,11.077,UT,0
2014.0,NYISO,Other,19.9,2,0.156,NY,0
2014.0,NYISO,Other,19.9,2,0.156,NY,0
2014.0,PJM,Other,15.0,2,0.898,MD,0
2014.0,PJM,Solar,7.0,2,0.835,MD,0
2014.0,ERCOT,Wind,149.5,2,6.869,TX,0
2014.0,ISO-NE,Other,837.0,2,0.367,MA,0
2014.0,MISO,Other,26.0,2,1.374,MI,0
2014.0,SPP,Wind,200.0,2,0.32,KS,0
2014.0,West,Solar,50.1,0,11.053,CO,0
2014.0,West,Wind,150.0,2,1.021,WA,0
2014.0,NYISO,Wind,132.0,2,6.204,NY,0
2014.0,MISO,Wind,100.0,1,2.71,IN,0
2014.0,SPP,Wind,200.0,2,0.304,TX,0
2014.0,SPP,Wind,152.0,2,2.439,TX,0
2014.0,PJM,Solar,8.0,2,0.789,NC,0
2014.0,ISO-NE,Wind,250.0,2,3.469,ME,0
2014.0,ISO-NE,Wind,73.5,2,0.816,VT,0
2014.0,NYISO,Solar,25.0,1,4.605,NY,0
2014.0,PJM,Gas,190.0,1,8.402,IL,0
2014.0,ERCOT,Wind,201.6,0,11.003,TX,0
2014.0,MISO,Wind,98.0,1,4.671,SD,0
2014.0,PJM,Gas,1019.3,2,3.792,IL,0
2014.0,NYISO,Wind,110.4,2,6.166,NY,0
2015.0,MISO,Gas,1270.0,2,0.312,AR,0
2015.0,Southeast,Solar,19.7,2,0.268,GA,0
2015.0,ISO-NE,Gas,1030.0,2,4.882,RI,0
2015.0,PJM,Solar,14.0,2,0.739,MD,0
2015.0,PJM,Solar,5.0,2,0.739,MD,0
2015.0,ERCOT,Gas,96.0,1,5.514,TX,0
2015.0,Southeast,Solar,49.4,2,0.309,MS,0
2015.0,West,Other,20.0,0,10.968,OR,0
2015.0,West,Other,14.0,1,0.46,MT,0
2015.0,ERCOT,Wind,302.4,0,10.962,TX,0
2015.0,West,Solar,3.0,1,1.96,MT,0
2015.0,West,Solar,10.0,2,4.813,OR,0
2015.0,NYISO,Solar,10.0,2,4.104,NY,0
2015.0,PJM,Wind,150.0,2,5.229,IL,0
2015.0,West,Solar,3.0,1,0.419,MT,0
2015.0,Southeast,Solar,29.4,2,0.49,GA,0
2015.0,Southeast,Solar,49.4,2,0.268,MS,0
2015.0,NYISO,Wind,200.0,2,6.081,NY,0
2015.0,ERCOT,Wind,148.4,1,7.362,TX,0
2015.0,NYISO,Wind,20.0,2,0.49,NY,0
2015.0,PJM,Gas,99.0,2,0.392,PA,0
2015.0,Southeast,Solar,19.7,2,0.192,GA,0
2015.0,ISO-NE,Other,238.0,2,2.658,RI,0
2015.0,PJM,Other,13.5,2,2.563,NJ,0
2015.0,West,Hybrid,58.0,0,10.891,UT,0
2015.0,Southeast,Solar,100.0,2,4.137,GA,0
2015.0,ISO-NE,Gas,62.9,2,4.961,CT,0
2015.0,ERCOT,Gas,11.0,0,10.872,TX,0
2015.0,ISO-NE,Other,109.8,2,1.06,CT,0
2015.0,ISO-NE,Other,109.8,2,1.06,CT,0
2015.0,PJM,Gas,210.0,2,0.055,PA,0
2015.0,PJM,Battery,3.0,2,4.882,NJ,0
2015.0,NYISO,Solar,20.0,1,4.279,NY,0
2015.0,PJM,Gas,130.0,2,0.052,PA,0
2015.0,PJM,Battery,7.0,1,8.071,NJ,0
2015.0,West,Solar,3.0,1,1.103,MT,0
2015.0,CAISO,Other,35.0,2,2.762,CA,0
2015.0,ISO-NE,Other,226.5,2,0.548,RI,0
2015.0,ISO-NE,Other,233.5,2,0.099,RI,0
2015.0,PJM,Solar,74.9,1,4.375,NC,0
2015.0,West,Wind,200.0,0,10.85,SD,0
2015.0,ISO-NE,Gas,30.0,2,1.588,MA,0
2015.0,ISO-NE,Gas,18.0,2,2.549,CT,0
2015.0,PJM,Solar,20.0,2,0.183,NC,0
2015.0,PJM,Solar,66.0,1,4.747,NC,0
2015.0,PJM,Solar,20.0,2,0.183,NC,0
2015.0,ISO-NE,Gas,40.6,2,1.588,MA,0
2015.0,PJM,Battery,7.0,2,1.188,NJ,0
2015.0,PJM,Battery,8.0,2,1.188,NJ,0
2015.0,Southeast,Solar,74.5,1,5.092,,0
2015.0,PJM,Battery,17.0,2,2.097,NJ,0
2015.0,PJM,Gas,2.0,1,2.467,NJ,0
2015.0,PJM,Gas,10.0,2,1.755,IL,0
2015.0,PJM,Solar,20.0,2,3.097,NC,0
2015.0,ISO-NE,Wind,17.4,2,1.259,VT,0
2015.0,PJM,Gas,451.0,2,8.268,DE,0
2015.0,ISO-NE,Gas,30.0,2,3.102,ME,0
2015.0,PJM,Battery,8.0,2,1.514,NJ,0
2015.0,PJM,Battery,8.0,1,8.46,NJ,0
2015.0,PJM,Solar,10.0,2,3.102,NC,0
2015.0,West,Solar,25.0,1,1.676,NM,0
2015.0,PJM,Wind,64.6,2,0.074,PA,0
2015.0,ISO-NE,Wind,5.0,2,0.783,VT,0
2015.0,PJM,Battery,6.0,1,8.457,NJ,0
2015.0,PJM,Hybrid,1.0,1,0.835,NJ,0
2015.0,ISO-NE,Gas,12.0,2,0.225,MA,0
2015.0,PJM,Other,34.0,1,3.838,VA,0
2015.0,ISO-NE,Other,97.0,2,1.131,MA,0
2015.0,ISO-NE,Gas,119.4,2,1.155,RI,0
2015.0,ISO-NE,Other,431.0,2,0.961,MA,0
2015.0,ISO-NE,Other,1.4,0,10.828,MA,0
2015.0,SPP,Wind,200.0,1,1.791,OK,0
2015.0,NYISO,Battery,20.0,2,0.646,NY,0
2015.0,NYISO,Battery,20.0,2,7.647,NY,0
2015.0,NYISO,Battery,20.0,2,2.144,NY,0
2015.0,NYISO,Battery,20.0,2,0.646,NY,0
2015.0,ERCOT,Gas,12.0,1,7.6,TX,0
2015.0,PJM,Solar,1.1,1,1.268,MD,0
2015.0,MISO,Wind,150.0,1,5.32,SD,0
2015.0,MISO,Wind,150.0,1,5.32,SD,0
2015.0,MISO,Gas,1185.0,2,2.122,WI,0
2015.0,MISO,Gas,1185.0,2,2.242,IN,0
2015.0,MISO,Gas,52.0,1,0.821,MI,1
2015.0,MISO,Wind,500.0,2,3.576,IA,0
2015.0,MISO,Wind,170.0,1,3.751,IA,0
2015.0,PJM,Wind,250.0,2,1.87,OH,0
2015.0,SPP,Wind,52.9,2,5.424,OK,0
2015.0,SPP,Wind,200.0,2,0.37,OK,0
2015.0,SPP,Wind,200.1,2,2.992,OK,0
2015.0,SPP,Wind,200.0,1,4.479,KS,0
2015.0,NYISO,Other,19.6,2,1.525,NY,0
2015.0,ERCOT,Wind,209.4,1,7.365,TX,0
2015.0,West,Wind,250.7,0,10.776,ND,0
2015.0,West,Wind,181.7,0,10.776,ND,0
2015.0,NYISO,Battery,19.6,2,0.356,NY,0
2015.0,SPP,Wind,150.0,2,0.507,TX,0
2015.0,SPP,Solar,200.0,2,0.123,OK,0
2015.0,SPP,Wind,160.0,1,4.769,NE,0
2015.0,SPP,Wind,200.1,1,1.73,MO,0
2015.0,CAISO,Battery,25.0,2,1.112,CA,0
2015.0,ERCOT,Solar,33.0,0,10.768,TX,0
2015.0,SPP,Wind,300.1,2,0.509,CO,0
2015.0,SPP,Wind,220.0,1,1.708,KS,0
2015.0,SPP,Wind,220.0,1,1.736,KS,0
2015.0,SPP,Wind,154.6,1,2.702,OK,0
2015.0,PJM,Gas,130.0,2,0.63,PA,0
2015.0,PJM,Gas,220.0,2,3.179,PA,0
2015.0,NYISO,Other,19.6,2,0.841,NY,0
2015.0,SPP,Wind,150.4,2,0.507,NE,0
2015.0,ERCOT,Gas,1173.5,0,10.757,TX,0
2015.0,SPP,Solar,112.0,2,3.537,TX,0
2015.0,ERCOT,Solar,245.0,0,10.757,TX,0
2015.0,PJM,Gas,28.0,1,1.328,VA,1
2015.0,PJM,Solar,4.5,2,2.823,VA,0
2015.0,PJM,Solar,10.0,2,4.435,MD,0
2015.0,PJM,Solar,4.0,2,1.476,MD,0
2015.0,PJM,Gas,19.9,2,1.098,PA,0
2015.0,PJM,Battery,20.0,1,3.83,NJ,0
2015.0,PJM,Gas,19.9,2,2.957,PA,0
2015.0,PJM,Solar,100.0,1,2.71,VA,0
2015.0,PJM,Gas,19.9,2,0.674,PA,0
2015.0,SPP,Wind,300.0,2,0.479,NM,0
2015.0,SPP,Wind,250.7,2,0.561,NM,0
2015.0,SPP,Gas,172.0,2,0.4,KS,0
2015.0,SPP,Solar,120.0,1,9.147,OK,0
2015.0,SPP,Wind,150.0,1,3.71,TX,0
2015.0,SPP,Gas,60.0,2,0.361,AR,0
2015.0,NYISO,Wind,79.8,2,4.838,NY,0
2015.0,SPP,Solar,100.0,2,4.947,NM,0
2015.0,SPP,Wind,80.0,2,1.999,NM,0
2015.0,SPP,Gas,172.0,2,0.81,KS,0
2015.0,SPP,Wind,300.7,1,7.63,NE,0
2015.0,PJM,Solar,20.0,2,0.515,VA,0
2015.0,SPP,Wind,8.3,2,0.339,KS,0
2015.0,SPP,Wind,4.9,2,1.377,KS,0
2015.0,SPP,Wind,3.0,2,1.224,OK,0
2015.0,SPP,Solar,20.0,1,5.018,KS,0
2015.0,West,Solar,60.0,0,10.752,CO,0
2015.0,NYISO,Solar,90.5,0,10.749,NY,0
2015.0,ERCOT,Solar,74.0,0,10.738,TX,0
2015.0,ERCOT,Solar,57.0,0,10.738,TX,0
2015.0,CAISO,Solar,5.0,2,0.326,NV,0
2015.0,West,Wind,99.0,0,10.732,SD,0
2015.0,NYISO,Gas,504.0,2,5.881,PA,0
2015.0,CAISO,Wind,5.0,0,10.719,CA,1
2015.0,West,Other,11.5,2,2.188,UT,1
2015.0,MISO,Wind,170.0,2,4.318,MN,0
2015.0,MISO,Wind,200.0,1,4.463,SD,0
2015.0,CAISO,Hybrid,190.5,2,3.888,CA,0
2015.0,West,Wind,100.0,0,10.7,MT,0
2015.0,PJM,Gas,20.0,2,2.073,WV,0
2015.0,PJM,Other,4.8,1,2.051,OH,0
2015.0,ERCOT,Wind,242.6,0,10.694,TX,0
2015.0,West,Other,60.0,2,1.999,WA,0
2015.0,PJM,Battery,20.0,2,2.886,IN,0
2015.0,PJM,Battery,20.0,2,7.521,WV,0
2015.0,NYISO,Wind,303.6,2,7.773,NY,0
2015.0,West,Solar,2.0,1,0.939,MT,0
2015.0,PJM,Battery,20.0,2,3.496,IL,0
2015.0,PJM,Solar,20.0,2,1.432,NC,0
2015.0,PJM,Battery,20.0,2,1.259,PA,0
2015.0,PJM,Gas,19.9,2,2.552,PA,0
2015.0,PJM,Gas,550.0,2,0.775,PA,0
2015.0,ERCOT,Hybrid,144.0,1,6.294,TX,1
2015.0,PJM,Gas,1100.0,2,0.775,PA,0
2015.0,PJM,Gas,550.0,2,0.775,PA,0
2015.0,PJM,Battery,20.0,2,1.013,NJ,0
2015.0,PJM,Solar,16.0,2,1.421,NC,0
2015.0,PJM,Battery,16.0,2,1.098,NJ,0
2015.0,PJM,Gas,994.0,1,6.667,MI,0
2015.0,ISO-NE,Wind,2.9,2,3.091,ME,0
2015.0,PJM,Gas,450.0,1,3.781,PA,0
2015.0,PJM,Solar,35.2,2,0.019,NC,0
2015.0,PJM,Battery,20.0,1,3.559,IL,0
2015.0,ERCOT,Wind,300.0,2,3.89,TX,0
2015.0,Southeast,Solar,19.7,2,1.977,AL,0
2015.0,PJM,Gas,576.0,2,0.367,NJ,0
2015.0,PJM,Battery,20.0,2,1.07,NJ,0
2015.0,PJM,Gas,580.1,2,0.364,NJ,0
2015.0,NYISO,Gas,550.0,2,5.837,PA,0
2015.0,PJM,Gas,685.0,2,5.451,WV,0
2015.0,PJM,Gas,250.0,2,1.073,PA,0
2015.0,CAISO,Battery,42.0,2,0.857,CA,0
2015.0,CAISO,Wind,1.8,2,1.626,CA,0
2015.0,CAISO,Battery,103.0,2,0.841,CA,0
2015.0,CAISO,Battery,412.0,2,0.214,CA,0
2015.0,CAISO,Battery,20.0,2,0.961,CA,0
2015.0,CAISO,Battery,20.0,2,0.816,CA,0
2015.0,CAISO,Solar,40.0,1,5.821,CA,0
2015.0,CAISO,Other,0.1,2,0.769,CA,0
2015.0,CAISO,Battery,20.0,2,0.991,CA,0
2015.0,CAISO,Wind,206.0,0,10.672,CA,0
2015.0,CAISO,Battery,10.0,2,0.999,CA,0
2015.0,CAISO,Battery,64.0,2,2.086,CA,0
2015.0,CAISO,Battery,132.0,1,8.334,CA,0
2015.0,CAISO,Battery,156.0,2,0.172,CA,1
2015.0,CAISO,Solar,100.0,2,3.061,NV,1
2015.0,CAISO,Battery,200.0,1,6.88,CA,0
2015.0,CAISO,Battery,10.0,2,0.999,CA,0
2015.0,CAISO,Wind,52.5,2,1.008,CA,1
2015.0,CAISO,Battery,10.0,2,0.999,CA,0
2015.0,CAISO,Battery,13.2,1,9.235,CA,0
2015.0,CAISO,Battery,25.0,2,0.189,CA,0
2015.0,CAISO,Battery,100.0,2,0.183,CA,0
2015.0,CAISO,Gas,507.4,2,0.183,CA,0
2015.0,CAISO,Battery,140.0,2,0.862,CA,0
2015.0,CAISO,Solar,108.8,2,0.233,CA,0
2015.0,CAISO,Battery,400.0,2,2.667,CA,0
2015.0,CAISO,Gas,49.0,2,0.153,CA,0
2015.0,CAISO,Gas,600.0,2,2.352,CA,0
2015.0,CAISO,Other,1408.0,2,0.789,CA,0
2015.0,Southeast,Solar,80.0,2,2.012,AL,0
2015.0,CAISO,Battery,350.0,1,7.496,CA,0
2015.0,CAISO,Battery,119.0,1,6.631,CA,0
2015.0,CAISO,Gas,300.0,2,0.203,AZ,1
2015.0,CAISO,Solar,150.0,1,6.155,AZ,1
2015.0,CAISO,Battery,25.0,2,0.189,CA,0
2015.0,CAISO,Battery,20.0,2,2.905,CA,0
2015.0,CAISO,Gas,110.0,2,0.189,CA,0
2015.0,CAISO,Solar,200.0,2,0.846,AZ,0
2015.0,CAISO,Battery,5.0,2,0.164,CA,0
2015.0,CAISO,Battery,200.0,2,0.227,CA,0
2015.0,CAISO,Battery,50.0,2,0.843,CA,0
2015.0,CAISO,Battery,30.0,2,0.78,CA,0
2015.0,CAISO,Solar,250.0,1,6.609,CA,0
2015.0,CAISO,Solar,21.7,2,2.067,CA,0
2015.0,CAISO,Solar,300.0,2,1.008,CA,0
2015.0,CAISO,Solar,81.8,2,2.01,CA,0
2015.0,CAISO,Solar,200.0,2,0.192,CA,0
2015.0,CAISO,Solar,80.0,2,0.821,CA,0
2015.0,CAISO,Solar,21.7,2,0.827,CA,0
2015.0,CAISO,Solar,150.0,2,3.042,CA,0
2015.0,CAISO,Solar,20.0,2,0.172,CA,0
2015.0,CAISO,Solar,100.0,2,0.192,CA,0
2015.0,CAISO,Solar,20.0,2,0.988,CA,0
2015.0,CAISO,Battery,110.0,2,0.608,CA,0
2015.0,CAISO,Battery,250.0,1,9.979,CA,0
2015.0,CAISO,Battery,69.6,0,10.672,CA,0
2015.0,CAISO,Battery,40.0,2,0.819,CA,0
2015.0,CAISO,Battery,200.0,0,10.672,CA,0
2015.0,CAISO,Battery,20.0,2,1.684,CA,0
2015.0,CAISO,Battery,20.0,2,0.991,CA,0
2015.0,CAISO,Solar,100.0,2,3.044,CA,0
2015.0,CAISO,Battery,10.0,2,2.045,CA,0
2015.0,CAISO,Solar,20.0,2,0.827,CA,0
2015.0,CAISO,Other,650.0,2,0.802,CA,0
2015.0,CAISO,Solar,200.0,2,3.044,CA,0
2015.0,CAISO,Solar,120.0,2,0.827,CA,0
2015.0,CAISO,Solar,60.0,2,0.799,CA,0
2015.0,CAISO,Battery,10.0,0,10.672,CA,0
2015.0,CAISO,Battery,125.0,0,10.672,CA,0
2015.0,CAISO,Battery,50.0,2,0.857,CA,0
2015.0,CAISO,Solar,247.0,2,0.153,CA,0
2015.0,CAISO,Solar,50.0,2,0.172,CA,0
2015.0,CAISO,Battery,25.0,2,0.726,CA,0
2015.0,CAISO,Battery,19.9,2,3.047,CA,0
2015.0,CAISO,Other,20.0,2,2.103,CA,0
2015.0,CAISO,Battery,10.0,2,0.999,CA,0
2015.0,CAISO,Solar,50.0,2,0.95,CA,0
2015.0,CAISO,Solar,40.0,2,0.172,CA,0
2015.0,CAISO,Solar,19.9,1,8.408,CA,0
2015.0,CAISO,Solar,20.0,2,2.031,CA,0
2015.0,CAISO,Solar,50.0,2,2.031,CA,0
2015.0,CAISO,Solar,400.0,2,5.725,NV,1
2015.0,CAISO,Battery,75.0,0,10.672,CA,0
2015.0,CAISO,Gas,130.0,2,4.227,CA,0
2015.0,CAISO,Battery,6.0,2,3.882,CA,0
2015.0,CAISO,Solar,100.0,2,0.189,CA,0
2015.0,CAISO,Battery,420.0,2,0.865,CA,0
2015.0,CAISO,Battery,412.0,2,4.057,CA,0
2015.0,CAISO,Battery,206.0,2,0.841,CA,0
2015.0,CAISO,Solar,50.0,2,0.923,CA,0
2015.0,CAISO,Hybrid,360.3,2,0.214,CA,0
2015.0,CAISO,Hybrid,167.6,2,1.01,CA,0
2015.0,PJM,Solar,80.0,2,0.057,DE,0
2015.0,CAISO,Hybrid,205.5,2,0.728,CA,0
2015.0,CAISO,Hybrid,170.0,1,10.023,CA,0
2015.0,CAISO,Hybrid,192.0,1,10.286,CA,0
2015.0,CAISO,Hybrid,781.9,0,10.672,CA,0
2015.0,CAISO,Hybrid,400.0,0,10.672,CA,0
2015.0,CAISO,Hybrid,133.2,2,0.865,CA,0
2015.0,CAISO,Hybrid,400.0,0,10.672,CA,0
2015.0,PJM,Gas,19.9,1,3.814,PA,0
2015.0,CAISO,Hybrid,250.0,1,8.906,CA,0
2015.0,CAISO,Hybrid,225.0,1,9.634,CA,0
2015.0,CAISO,Hybrid,651.9,1,8.474,CA,0
2015.0,CAISO,Hybrid,523.0,2,0.808,CA,0
2015.0,CAISO,Hybrid,37.0,2,0.205,CA,0
2015.0,CAISO,Hybrid,60.2,2,4.296,CA,0
2015.0,CAISO,Hybrid,84.0,2,0.205,CA,0
2015.0,CAISO,Hybrid,935.0,1,9.944,AZ,0
2015.0,CAISO,Hybrid,84.0,2,0.205,CA,0
2015.0,CAISO,Hybrid,96.0,2,6.048,CA,0
2015.0,CAISO,Hybrid,154.8,2,0.214,CA,0
2015.0,CAISO,Hybrid,23.0,2,2.045,CA,0
2015.0,PJM,Solar,80.0,2,0.06,NC,0
2015.0,PJM,Solar,5.0,1,4.194,NC,0
2015.0,PJM,Gas,515.0,1,5.922,PA,0
2015.0,PJM,Gas,97.0,1,3.088,PA,0
2015.0,CAISO,Battery,100.0,0,10.672,CA,0
2015.0,PJM,Gas,19.9,2,5.607,PA,0
2015.0,PJM,Other,2.0,2,4.022,MD,0
2015.0,PJM,Solar,80.0,2,0.06,NC,0
2015.0,PJM,Battery,20.0,2,3.107,VA,0
2015.0,PJM,Gas,19.9,2,1.049,PA,0
2015.0,PJM,Solar,20.0,2,0.049,DE,0
2015.0,PJM,Solar,16.0,2,5.227,MD,0
2015.0,PJM,Solar,20.0,2,0.057,VA,0
2015.0,PJM,Solar,80.0,2,0.06,NC,0
2015.0,CAISO,Hybrid,153.6,2,6.048,CA,0
2015.0,PJM,Solar,80.0,2,0.06,NC,0
2015.0,PJM,Solar,20.0,2,0.424,VA,0
2015.0,PJM,Solar,4.0,2,1.314,MD,0
2015.0,PJM,Solar,4.0,2,0.326,MD,0
2015.0,PJM,Gas,19.9,2,1.191,PA,0
2015.0,PJM,Gas,19.9,2,1.191,PA,0
2015.0,PJM,Solar,80.0,2,0.055,MD,0
2015.0,PJM,Solar,80.0,2,0.049,OH,0
2015.0,PJM,Solar,10.0,2,0.999,MD,0
2015.0,PJM,Solar,20.0,2,2.927,NC,0
2015.0,PJM,Gas,111.1,2,5.651,MD,0
2015.0,PJM,Solar,4.0,2,1.391,MD,0
2015.0,CAISO,Hybrid,477.0,1,8.621,CA,0
2015.0,CAISO,Hybrid,617.2,1,6.875,CA,0
2015.0,CAISO,Hybrid,372.5,0,10.672,CA,0
2015.0,PJM,Solar,4.0,2,0.999,MD,0
2015.0,PJM,Solar,20.0,2,0.057,NC,0
2015.0,PJM,Solar,20.0,2,1.205,MD,0
2015.0,PJM,Solar,20.0,2,0.057,VA,0
2015.0,PJM,Gas,175.0,2,2.319,NJ,0
2015.0,CAISO,Hybrid,800.0,0,10.672,CA,0
2015.0,PJM,Gas,10.0,2,0.424,IL,0
2015.0,PJM,Gas,45.0,1,1.593,OH,0
2015.0,PJM,Gas,19.9,2,0.498,PA,0
2015.0,PJM,Gas,45.0,1,1.593,OH,0
2015.0,PJM,Solar,20.0,2,4.227,MD,0
2015.0,PJM,Solar,10.0,2,0.999,MD,0
2015.0,PJM,Solar,4.0,2,1.492,MD,0
2015.0,PJM,Gas,45.0,1,1.977,PA,0
2015.0,PJM,Gas,1377.0,2,0.761,NJ,0
2015.0,PJM,Gas,45.0,1,1.593,OH,0
2015.0,PJM,Gas,32.2,1,1.005,VA,0
2015.0,PJM,Solar,8.9,1,4.575,NC,0
2015.0,PJM,Other,1.6,2,0.378,VA,1
2015.0,CAISO,Hybrid,203.1,0,10.672,CA,0
2015.0,CAISO,Hybrid,40.4,0,10.672,CA,0
2015.0,CAISO,Hybrid,22.8,2,2.045,CA,0
2015.0,PJM,Gas,550.0,0,10.672,WV,0
2015.0,PJM,Battery,5.0,2,0.099,NJ,0
2015.0,CAISO,Hybrid,287.0,1,8.624,CA,0
2015.0,PJM,Solar,80.0,2,2.456,VA,0
2015.0,PJM,Solar,80.0,1,5.651,NC,0
2015.0,PJM,Solar,80.0,2,0.06,NC,0
2015.0,PJM,Battery,20.0,2,2.031,OH,0
2015.0,PJM,Solar,20.0,2,1.418,VA,0
2015.0,PJM,Solar,80.0,2,0.06,NC,0
2015.0,PJM,Solar,20.0,2,0.435,NC,0
2015.0,PJM,Gas,1030.0,2,5.013,PA,0
2015.0,PJM,Gas,234.0,2,0.786,NJ,0
2015.0,PJM,Wind,174.2,2,5.974,IN,0
2015.0,PJM,Solar,20.0,1,4.671,NJ,0
2015.0,PJM,Gas,35.0,1,2.168,PA,0
2015.0,PJM,Solar,2.3,1,5.418,NJ,0
2015.0,PJM,Gas,541.0,2,8.463,PA,0
2015.0,West,Solar,3.0,1,1.418,MT,0
2015.0,PJM,Gas,909.0,2,0.986,NJ,0
2015.0,PJM,Gas,1474.0,2,0.958,PA,0
2015.0,PJM,Solar,0.4,2,0.041,,0
2015.0,ERCOT,Solar,150.0,0,10.661,TX,0
2015.0,West,Wind,250.0,2,3.414,CO,0
2015.0,MISO,Wind,41.0,1,2.905,IA,0
2015.0,NYISO,Solar,19.6,2,0.485,NY,0
2015.0,MISO,Gas,235.0,2,2.932,MI,1
2015.0,West,Hybrid,480.0,0,10.642,UT,0
2015.0,ERCOT,Wind,265.4,0,10.642,TX,0
2015.0,ERCOT,Solar,100.0,2,3.707,TX,0
2015.0,NYISO,Solar,2.0,2,0.304,NY,0
2015.0,NYISO,Solar,2.0,2,0.304,NY,0
2015.0,MISO,Battery,2.0,2,1.725,MI,0
2015.0,MISO,Wind,202.0,2,2.185,IA,0
2015.0,MISO,Wind,202.0,1,3.42,IA,0
2015.0,MISO,Wind,150.0,2,0.402,MI,0
2015.0,MISO,Gas,500.0,2,1.774,MI,1
2015.0,MISO,Wind,200.0,2,2.185,MI,0
2015.0,ERCOT,Wind,201.6,1,6.557,TX,0
2015.0,MISO,Other,44.1,2,1.084,LA,0
2015.0,MISO,Wind,18.9,2,1.67,MN,0
2015.0,MISO,Solar,200.0,2,1.079,IL,0
2015.0,PJM,Gas,1.3,2,6.125,MD,0
2015.0,MISO,Wind,200.0,2,3.403,SD,0
2015.0,MISO,Wind,200.0,1,4.323,MN,0
2015.0,MISO,Solar,17.2,1,4.038,IN,0
2015.0,MISO,Wind,598.4,2,1.079,IA,0
2015.0,MISO,Wind,299.2,2,1.462,IA,0
2015.0,MISO,Solar,200.0,2,1.079,LA,0
2015.0,MISO,Wind,200.0,2,3.893,SD,0
2015.0,MISO,Wind,150.0,2,3.661,ND,0
2015.0,MISO,Wind,150.0,1,4.539,IL,0
2015.0,MISO,Wind,300.0,1,3.329,IA,0
2015.0,MISO,Battery,30.0,0,10.623,MI,0
2015.0,ERCOT,Wind,25.2,1,6.064,TX,0
2015.0,ERCOT,Wind,197.0,0,10.623,TX,0
2015.0,NYISO,Other,18.3,2,0.107,NY,0
2015.0,NYISO,Other,18.3,2,0.107,NY,0
2015.0,NYISO,Other,18.3,2,0.107,NY,0
2015.0,PJM,Wind,200.0,1,3.584,IN,0
2015.0,ERCOT,Solar,104.6,2,5.812,TX,0
2015.0,PJM,Battery,0.5,2,0.06,NJ,0
2015.0,PJM,Battery,0.5,2,0.06,MD,0
2015.0,PJM,Battery,0.5,2,0.06,NJ,0
2015.0,ISO-NE,Other,870.0,2,0.977,MA,0
2015.0,ISO-NE,Other,870.0,2,0.115,RI,0
2015.0,PJM,Wind,130.0,2,2.982,NC,0
2015.0,ERCOT,Solar,182.0,1,3.562,TX,0
2015.0,West,Solar,0.4,1,0.249,,0
2015.0,NYISO,Wind,103.0,1,8.413,NY,0
2015.0,Southeast,Solar,19.7,2,1.875,AL,0
2015.0,PJM,Solar,125.0,1,5.53,OH,0
2015.0,ISO-NE,Solar,19.9,2,0.211,ME,0
2015.0,ISO-NE,Solar,19.9,2,0.145,VT,0
2015.0,ISO-NE,Solar,19.9,2,0.145,VT,0
2015.0,PJM,Gas,16.5,1,1.32,OH,0
2015.0,West,Solar,30.0,1,1.248,CO,0
2015.0,PJM,Gas,140.0,1,3.149,OH,0
2015.0,ISO-NE,Other,1.6,2,2.048,MA,0
2015.0,ERCOT,Wind,200.0,2,5.454,TX,0
2015.0,ERCOT,Wind,200.0,2,5.454,TX,0
2015.0,Southeast,Solar,42.0,0,10.524,SC,0
2015.0,MISO,Wind,202.0,1,3.849,IL,0
2015.0,SPP,Wind,152.0,2,1.752,TX,0
2015.0,SPP,Wind,150.5,2,3.086,TX,0
2015.0,SPP,Wind,300.0,2,0.26,TX,0
2015.0,PJM,Battery,0.0,2,4.246,MD,0
2015.0,PJM,Hybrid,2.0,1,2.924,NJ,0
2015.0,MISO,Other,2.0,1,2.174,MI,0
2015.0,NYISO,Other,14.8,2,1.5,NY,0
2015.0,PJM,Battery,2.0,2,4.753,VA,0
2015.0,West,Wind,20.0,1,1.402,SD,0
2015.0,MISO,Wind,150.0,2,1.172,MI,0
2015.0,NYISO,Other,18.2,2,0.621,NY,0
2015.0,NYISO,Other,18.2,2,0.123,NY,0
2015.0,ERCOT,Solar,150.0,0,10.453,TX,0
2015.0,PJM,Solar,6.8,1,1.09,NJ,0
2015.0,PJM,Solar,20.0,2,1.843,VA,0
2015.0,PJM,Solar,20.0,1,5.175,VA,0
2015.0,West,Wind,20.0,1,1.361,SD,0
2015.0,PJM,Solar,20.0,2,0.049,VA,0
2015.0,West,Other,29.0,0,10.428,NM,0
2015.0,West,Other,415.8,0,10.428,OR,0
2015.0,PJM,Gas,7.5,2,0.92,NJ,0
2015.0,West,Hybrid,350.0,1,9.309,CA,0
2015.0,West,Hybrid,350.0,1,7.921,CA,0
2015.0,PJM,Solar,3.3,2,2.004,OH,0
2015.0,NYISO,Other,129.4,1,4.411,NJ,0
2015.0,ISO-NE,Wind,79.2,2,1.722,ME,0
2015.0,ISO-NE,Wind,39.6,2,3.45,ME,0
2015.0,Southeast,Solar,19.7,2,0.411,AL,0
2015.0,Southeast,Solar,19.7,2,1.692,AL,0
2015.0,MISO,Other,2000.0,2,3.335,IA,0
2015.0,Southeast,Solar,2.0,0,10.39,FL,0
2015.0,PJM,Gas,0.6,2,0.657,NJ,0
2015.0,ISO-NE,Solar,20.0,2,0.06,VT,0
2015.0,ISO-NE,Solar,20.0,2,0.06,VT,0
2015.0,PJM,Other,4.1,1,5.062,PA,0
2015.0,PJM,Battery,0.0,2,4.12,MD,0
2015.0,PJM,Battery,0.0,2,4.12,MD,0
2015.0,PJM,Battery,0.0,2,4.12,MD,0
2015.0,PJM,Battery,0.0,2,4.12,MD,0
2015.0,PJM,Battery,0.0,2,4.12,MD,0
2015.0,PJM,Battery,0.0,2,4.12,MD,0
2015.0,PJM,Battery,0.0,2,4.12,MD,0
2015.0,PJM,Battery,0.0,2,4.12,MD,0
2015.0,PJM,Battery,0.0,2,4.12,MD,0
2015.0,PJM,Battery,0.0,2,4.12,MD,0
2015.0,PJM,Battery,0.0,2,4.12,MD,0
2015.0,PJM,Battery,0.0,2,4.12,MD,0
2015.0,PJM,Battery,0.0,2,4.12,MD,0
2015.0,PJM,Battery,0.0,2,4.12,MD,0
2015.0,PJM,Battery,0.0,2,4.12,MD,0
2015.0,PJM,Battery,0.0,2,4.12,MD,0
2015.0,West,Solar,10.0,2,3.203,OR,0
2015.0,MISO,Solar,50.0,2,0.906,MI,1
2015.0,PJM,Battery,0.0,2,4.093,MD,0
2015.0,PJM,Battery,0.0,2,4.093,MD,0
2015.0,PJM,Solar,60.0,2,1.306,VA,0
2015.0,PJM,Solar,10.0,2,1.391,NC,0
2015.0,West,Hybrid,600.0,0,10.352,UT,0
2015.0,West,Solar,20.0,1,7.266,ID,0
2015.0,West,Solar,20.0,1,7.266,ID,0
2015.0,ISO-NE,Solar,20.0,2,0.172,VT,0
2015.0,ISO-NE,Solar,20.0,2,1.415,VT,0
2015.0,ISO-NE,Solar,20.0,2,1.741,VT,0
2015.0,SPP,Wind,200.0,1,5.287,OK,0
2015.0,PJM,Solar,10.0,2,0.594,VA,0
2015.0,PJM,Solar,19.8,2,0.504,MD,0
2015.0,PJM,Solar,10.9,2,5.224,MD,0
2015.0,PJM,Other,4.0,2,1.478,PA,0
2015.0,PJM,Solar,5.0,2,0.583,VA,0
2015.0,PJM,Other,11.0,1,2.335,OH,0
2015.0,PJM,Wind,251.8,2,2.96,DE,0
2015.0,PJM,Wind,247.8,0,10.335,DE,0
2015.0,PJM,Battery,2.0,1,1.5,WV,0
2015.0,ISO-NE,Solar,20.0,2,0.005,VT,0
2015.0,PJM,Hybrid,0.4,1,1.459,NJ,0
2015.0,NYISO,Gas,90.1,2,4.071,NY,0
2015.0,ISO-NE,Solar,19.9,2,0.474,VT,0
2015.0,PJM,Gas,20.0,2,2.067,PA,0
2015.0,PJM,Gas,1025.0,2,5.541,PA,0
2015.0,West,Solar,0.5,2,7.603,NM,0
2015.0,ISO-NE,Solar,19.9,2,0.6,VT,0
2015.0,SPP,Gas,22.0,2,0.402,OK,0
2015.0,SPP,Wind,303.6,1,5.259,OK,0
2015.0,PJM,Solar,80.0,2,0.049,VA,0
2015.0,MISO,Gas,1044.8,1,4.808,TX,0
2015.0,ISO-NE,Solar,196.0,2,0.027,VT,0
2015.0,NYISO,Other,2.5,2,3.8,NY,0
2015.0,PJM,Battery,0.0,2,4.044,MD,0
2015.0,MISO,Wind,200.0,1,2.795,IA,0
2015.0,MISO,Wind,246.0,0,10.297,MO,0
2015.0,MISO,Gas,36.4,1,3.132,MS,0
2015.0,MISO,Gas,462.0,2,1.728,TX,0
2015.0,MISO,Gas,1056.2,1,3.795,LA,0
2015.0,MISO,Gas,1240.0,2,0.142,TX,0
2015.0,MISO,Wind,144.0,2,5.829,IL,0
2015.0,MISO,Solar,100.0,0,10.297,TX,0
2015.0,MISO,Gas,26.2,1,2.628,LA,0
2015.0,PJM,Solar,2.5,2,0.83,MD,0
2015.0,MISO,Gas,134.8,1,3.86,LA,0
2015.0,PJM,Battery,20.0,2,1.246,PA,0
2015.0,West,Solar,0.4,2,7.581,NM,0
2015.0,PJM,Battery,20.0,2,1.147,MD,0
2015.0,PJM,Battery,20.0,2,1.246,PA,0
2015.0,West,Solar,3.0,1,0.871,MT,0
2015.0,PJM,Battery,20.0,2,1.248,MD,0
2015.0,West,Solar,20.0,0,10.286,OR,1
2015.0,NYISO,Battery,20.0,1,6.278,NY,0
2015.0,SPP,Wind,300.0,1,3.239,KS,0
2015.0,SPP,Wind,176.0,2,8.285,OK,0
2015.0,PJM,Wind,150.0,2,1.169,NC,0
2015.0,PJM,Battery,2.0,2,0.654,PA,0
2015.0,SPP,Solar,129.2,2,3.283,NM,0
2015.0,SPP,Solar,129.2,2,3.283,NM,0
2015.0,SPP,Solar,253.0,2,0.572,TX,0
2015.0,SPP,Wind,180.0,2,1.725,OK,0
2015.0,SPP,Wind,200.0,2,0.364,OK,0
2015.0,SPP,Solar,50.1,2,2.845,TX,0
2015.0,PJM,Other,6.5,2,0.862,IL,0
2015.0,ISO-NE,Solar,10.0,2,5.459,NH,0
2015.0,SPP,Solar,122.4,2,3.285,OK,0
2015.0,SPP,Wind,200.1,1,4.225,KS,0
2015.0,SPP,Wind,200.0,1,5.161,OK,0
2015.0,SPP,Wind,174.0,2,0.578,KS,0
2015.0,SPP,Wind,250.0,2,8.939,OK,0
2015.0,SPP,Solar,80.0,2,0.564,TX,0
2015.0,SPP,Wind,220.0,1,3.209,KS,0
2015.0,SPP,Solar,51.5,2,3.261,TX,0
2015.0,SPP,Solar,51.3,2,3.294,OK,0
2015.0,SPP,Wind,125.0,2,3.034,KS,0
2015.0,West,Solar,200.0,0,10.253,AZ,0
2015.0,West,Battery,50.0,0,10.253,AZ,1
2015.0,SPP,Wind,66.0,2,3.472,NE,0
2015.0,SPP,Wind,300.0,1,5.248,NE,0
2015.0,West,Wind,150.0,0,10.253,ND,0
2015.0,West,Wind,172.0,0,10.253,ND,0
2015.0,SPP,Wind,250.0,2,8.372,OK,0
2015.0,PJM,Gas,575.0,2,3.05,IL,0
2015.0,SPP,Wind,303.6,2,1.268,OK,0
2015.0,SPP,Solar,50.1,2,2.831,TX,0
2015.0,SPP,Solar,50.1,2,2.831,TX,0
2015.0,SPP,Gas,5.0,1,4.052,TX,0
2015.0,PJM,Gas,40.0,1,2.502,IN,0
2015.0,PJM,Solar,80.0,1,5.227,NC,0
2015.0,PJM,Gas,19.9,2,4.969,PA,0
2015.0,PJM,Gas,41.0,2,7.554,PA,0
2015.0,PJM,Gas,575.0,2,6.53,IL,0
2015.0,PJM,Gas,575.0,2,9.692,IL,0
2015.0,PJM,Gas,575.0,2,1.574,IL,0
2015.0,PJM,Gas,19.9,2,0.597,PA,0
2015.0,PJM,Gas,19.9,2,2.705,PA,0
2015.0,PJM,Battery,20.0,2,1.166,IL,1
2015.0,PJM,Gas,575.0,0,10.251,IN,0
2015.0,Southeast,Solar,46.0,2,0.099,AL,0
2015.0,NYISO,Wind,120.0,2,2.831,NY,0
2015.0,PJM,Gas,575.0,0,10.251,IN,0
2015.0,SPP,Wind,320.0,2,0.69,NE,0
2015.0,SPP,Wind,74.0,2,0.433,NE,0
2015.0,SPP,Battery,20.0,2,0.449,OK,0
2015.0,SPP,Wind,50.0,2,3.184,NE,0
2015.0,SPP,Battery,20.0,2,0.446,KS,0
2015.0,PJM,Gas,0.8,2,0.019,NJ,0
2015.0,SPP,Wind,300.0,1,9.344,KS,0
2015.0,SPP,Gas,916.0,2,0.318,KS,0
2015.0,PJM,Gas,0.8,2,0.019,NJ,0
2015.0,SPP,Wind,200.0,2,0.334,OK,0
2015.0,SPP,Wind,200.0,1,5.525,OK,0
2015.0,SPP,Wind,300.0,1,2.242,OK,0
2015.0,SPP,Wind,300.0,1,5.643,ND,0
2015.0,SPP,Gas,464.0,2,1.5,KS,0
2015.0,SPP,Battery,10.3,1,4.329,OK,0
2015.0,SPP,Wind,4.5,1,8.893,OK,0
2015.0,SPP,Wind,300.0,1,2.24,OK,0
2015.0,SPP,Other,101.2,2,3.551,NM,0
2015.0,SPP,Solar,40.0,2,7.469,OK,0
2015.0,SPP,Wind,200.0,2,1.651,KS,0
2015.0,SPP,Wind,250.5,2,1.689,OK,0
2015.0,SPP,Wind,6.3,2,0.898,OK,0
2015.0,SPP,Wind,100.0,1,3.211,OK,0
2015.0,PJM,Other,0.8,1,0.986,OH,0
2015.0,SPP,Solar,50.0,2,3.086,NM,0
2015.0,SPP,Wind,300.0,2,3.222,TX,0
2015.0,SPP,Solar,150.0,2,1.651,OK,0
2015.0,SPP,Wind,220.0,0,10.234,OK,0
2015.0,PJM,Solar,8.2,1,6.538,MD,0
2015.0,PJM,Solar,20.0,2,0.553,VA,0
2015.0,NYISO,Gas,1000.0,2,2.319,NY,0
2015.0,SPP,Wind,202.4,1,3.732,KS,0
2015.0,SPP,Wind,197.8,1,4.468,KS,0
2015.0,PJM,Solar,8.2,2,1.708,MD,0
2015.0,SPP,Wind,200.0,2,3.91,OK,0
2015.0,SPP,Solar,300.0,2,0.263,TX,0
2015.0,SPP,Solar,20.9,2,0.438,KS,0
2015.0,NYISO,Gas,234.4,2,4.383,NJ,0
2015.0,MISO,Gas,46.8,0,10.22,MN,0
2015.0,PJM,Battery,2.0,2,1.676,NJ,0
2015.0,SPP,Wind,200.0,1,4.526,SD,0
2015.0,SPP,Wind,101.2,2,1.651,ND,0
2015.0,SPP,Wind,150.0,1,1.196,ND,0
2015.0,West,Solar,20.0,0,10.198,OR,0
2015.0,PJM,Solar,9.9,2,0.339,NJ,0
2015.0,PJM,Gas,940.0,0,10.193,OH,0
2015.0,PJM,Gas,955.0,2,7.89,OH,0
2015.0,PJM,Gas,40.0,1,3.075,PA,0
2015.0,SPP,Wind,151.8,2,0.386,NE,0
2015.0,MISO,Gas,999.0,2,0.86,TX,0
2015.0,SPP,Wind,100.0,2,3.362,MT,0
2015.0,PJM,Gas,485.0,2,3.559,PA,0
2015.0,PJM,Other,36.0,0,10.182,WV,0
2015.0,PJM,Gas,70.0,2,0.274,PA,0
2015.0,PJM,Solar,10.0,2,0.408,MD,0
2015.0,ERCOT,Wind,206.6,1,4.03,TX,0
2015.0,PJM,Gas,20.0,1,5.429,PA,0
2015.0,PJM,Gas,135.0,2,0.274,PA,0
2015.0,PJM,Battery,12.5,2,1.344,PA,0
2015.0,PJM,Other,3.1,2,1.284,OH,0
2015.0,PJM,Battery,0.8,2,0.485,PA,0
2015.0,PJM,Gas,0.7,1,2.264,NJ,0
2015.0,PJM,Gas,0.7,2,0.014,NJ,0
2015.0,PJM,Gas,17.3,2,0.019,VA,0
2015.0,PJM,Gas,0.8,1,2.264,NJ,0
2015.0,PJM,Solar,20.0,2,0.704,PA,0
2015.0,PJM,Solar,20.0,1,4.813,PA,0
2015.0,PJM,Solar,20.0,1,4.862,PA,0
2015.0,PJM,Solar,15.0,2,0.704,PA,0
2015.0,PJM,Solar,10.0,2,0.052,MD,0
2015.0,ERCOT,Wind,272.6,1,7.704,TX,0
2015.0,West,Wind,120.0,0,10.174,WY,0
2015.0,SPP,Wind,100.0,2,1.207,SD,0
2015.0,PJM,Solar,18.4,2,5.514,MD,0
2015.0,PJM,Solar,20.0,1,10.007,MD,0
2015.0,PJM,Battery,1.0,2,0.43,NJ,0
2015.0,PJM,Solar,9.6,1,4.4,NJ,0
2015.0,PJM,Solar,1.3,2,0.392,MD,0
2015.0,PJM,Wind,20.0,1,4.057,PA,0
2015.0,PJM,Solar,10.0,2,0.509,VA,0
2015.0,PJM,Solar,10.0,2,0.036,OH,0
2015.0,PJM,Gas,10.0,2,1.544,WV,0
2015.0,PJM,Solar,20.0,2,0.438,NC,0
2015.0,PJM,Solar,10.0,2,0.047,VA,0
2015.0,PJM,Gas,1061.5,2,0.528,PA,0
2015.0,PJM,Solar,15.0,2,1.407,VA,0
2015.0,PJM,Gas,575.0,2,0.413,PA,0
2015.0,PJM,Wind,50.6,1,4.372,WV,0
2015.0,PJM,Wind,121.6,2,1.081,WV,0
2015.0,PJM,Gas,368.0,2,0.26,NJ,0
2015.0,PJM,Battery,20.0,2,0.402,PA,0
2015.0,PJM,Solar,16.7,2,3.669,MD,0
2015.0,PJM,Battery,2.0,2,1.314,IL,0
2015.0,PJM,Gas,590.0,1,0.986,PA,0
2015.0,PJM,Gas,10.0,2,1.544,WV,0
2015.0,PJM,Solar,19.8,1,6.968,MD,0
2015.0,PJM,Solar,19.8,1,6.968,MD,0
2015.0,PJM,Gas,10.0,2,1.544,WV,0
2015.0,PJM,Solar,6.6,1,1.572,NJ,0
2015.0,PJM,Solar,6.0,2,5.106,DE,0
2015.0,PJM,Solar,80.0,2,0.049,OH,1
2015.0,PJM,Solar,20.0,2,1.604,VA,0
2015.0,PJM,Solar,60.0,2,0.047,MD,0
2015.0,PJM,Solar,20.0,2,0.047,MD,0
2015.0,PJM,Battery,6.0,2,0.263,IL,0
2015.0,PJM,Solar,15.0,1,9.769,MD,0
2015.0,PJM,Gas,1160.0,1,7.628,IL,0
2015.0,PJM,Solar,3.0,2,2.116,NJ,0
2015.0,PJM,Solar,2.9,1,6.021,NJ,0
2015.0,PJM,Gas,1092.2,2,2.795,NJ,0
2015.0,PJM,Solar,3.0,2,2.116,NJ,0
2015.0,PJM,Solar,2.0,2,0.392,MD,0
2015.0,PJM,Battery,20.0,2,1.457,PA,0
2015.0,PJM,Gas,37.3,1,1.352,VA,0
2015.0,PJM,Other,3.2,1,1.352,WV,0
2015.0,PJM,Gas,19.9,2,1.029,PA,0
2015.0,PJM,Gas,19.9,2,1.029,OH,0
2015.0,PJM,Solar,4.0,0,10.171,MD,0
2015.0,PJM,Gas,989.0,2,0.055,PA,0
2015.0,PJM,Solar,10.0,2,2.275,OH,0
2015.0,PJM,Battery,20.0,2,8.736,PA,0
2015.0,PJM,Solar,4.5,2,2.116,NJ,0
2015.0,PJM,Battery,50.0,2,2.086,OH,0
2015.0,PJM,Other,6.2,2,2.664,IL,0
2015.0,PJM,Gas,20.0,2,2.979,PA,0
2015.0,PJM,Wind,250.0,2,0.764,IL,0
2015.0,PJM,Gas,1150.0,2,6.281,KY,0
2015.0,PJM,Gas,575.0,2,4.723,NJ,0
2015.0,PJM,Battery,20.0,2,3.578,PA,0
2015.0,PJM,Solar,19.8,1,6.913,VA,0
2015.0,PJM,Solar,19.8,1,6.913,VA,0
2015.0,ERCOT,Wind,179.9,1,5.533,TX,0
2015.0,PJM,Solar,120.0,1,8.805,NC,0
2015.0,NYISO,Wind,290.7,0,10.163,NY,0
2015.0,ISO-NE,Wind,216.4,2,3.762,ME,0
2015.0,ISO-NE,Wind,113.0,2,2.431,ME,0
2015.0,ISO-NE,Wind,245.4,2,3.762,ME,0
2015.0,Southeast,Solar,16.0,2,1.448,GA,0
2015.0,PJM,Solar,4.4,2,1.112,MD,0
2015.0,Southeast,Gas,575.0,0,10.141,FL,0
2015.0,MISO,Wind,60.0,2,1.807,SD,0
2015.0,MISO,Wind,151.8,2,2.371,SD,0
2015.0,MISO,Wind,151.8,1,4.594,SD,0
2015.0,West,Wind,280.0,0,10.138,WY,0
2015.0,MISO,Wind,200.0,1,3.877,IA,0
2015.0,ISO-NE,Hybrid,25.1,2,3.737,ME,0
2015.0,MISO,Gas,484.0,2,1.3,ND,0
2015.0,ISO-NE,Hybrid,52.3,2,3.737,ME,0
2015.0,MISO,Wind,150.0,1,4.465,MN,0
2015.0,MISO,Solar,20.0,2,1.602,IN,0
2015.0,MISO,Solar,20.0,2,1.602,IN,0
2015.0,MISO,Solar,99.0,1,5.21,WI,0
2015.0,MISO,Solar,50.0,0,10.133,IA,1
2015.0,MISO,Solar,16.7,2,1.591,AR,0
2015.0,West,Solar,76.0,0,10.133,OR,1
2015.0,MISO,Wind,170.0,2,1.013,IA,0
2015.0,MISO,Wind,151.8,2,1.681,MI,0
2015.0,PJM,Solar,5.4,2,1.944,MD,0
2015.0,MISO,Wind,340.0,1,0.298,IA,0
2015.0,MISO,Wind,500.0,1,1.881,IA,0
2015.0,MISO,Wind,500.0,2,1.802,IA,0
2015.0,MISO,Wind,98.8,1,4.005,ND,0
2015.0,MISO,Wind,200.0,1,3.841,IA,0
2015.0,MISO,Wind,340.0,1,1.218,IA,0
2015.0,West,Other,3.2,2,2.554,UT,1
2015.0,MISO,Wind,300.0,1,4.619,SD,0
2015.0,MISO,Wind,200.0,2,1.678,IA,0
2015.0,MISO,Wind,100.0,2,1.678,MN,0
2015.0,MISO,Wind,100.0,2,1.678,MI,0
2015.0,MISO,Battery,20.0,2,3.395,MN,0
2015.0,MISO,Solar,50.0,0,10.125,MN,0
2015.0,MISO,Solar,100.0,0,10.125,IA,0
2015.0,MISO,Wind,200.0,2,1.695,MI,0
2015.0,MISO,Solar,100.0,2,1.268,IA,0
2015.0,MISO,Solar,50.0,2,2.357,MN,0
2015.0,MISO,Wind,210.0,1,4.375,IA,0
2015.0,MISO,Wind,200.0,1,3.874,MI,0
2015.0,MISO,Solar,50.0,2,0.255,IA,0
2015.0,MISO,Solar,49.5,2,1.29,LA,0
2015.0,MISO,Wind,200.0,2,1.793,IA,0
2015.0,MISO,Wind,250.0,1,4.876,IA,0
2015.0,MISO,Wind,250.0,1,2.623,IA,0
2015.0,MISO,Wind,200.0,2,4.203,IA,0
2015.0,MISO,Wind,250.0,1,4.876,IA,0
2015.0,MISO,Wind,250.0,1,4.375,IA,0
2015.0,MISO,Solar,100.0,2,1.678,TX,0
2015.0,MISO,Gas,999.0,2,1.268,TX,0
2015.0,MISO,Wind,400.0,1,3.373,IN,0
2015.0,MISO,Gas,65.0,0,10.125,IA,0
2015.0,MISO,Wind,100.0,1,4.747,IN,0
2015.0,MISO,Wind,250.0,1,4.621,MN,0
2015.0,MISO,Wind,200.0,2,2.905,ND,0
2015.0,MISO,Gas,284.5,1,2.872,SD,0
2015.0,MISO,Gas,326.9,2,0.12,ND,0
2015.0,MISO,Gas,42.7,2,1.667,AR,0
2015.0,MISO,Wind,150.0,1,4.285,ND,0
2015.0,ERCOT,Solar,253.5,1,8.454,TX,0
2015.0,MISO,Solar,100.0,2,1.498,LA,0
2015.0,MISO,Wind,150.0,1,4.876,MI,0
2015.0,ISO-NE,Solar,152.0,2,3.715,ME,0
2015.0,ERCOT,Wind,151.2,1,4.528,TX,0
2015.0,SPP,Wind,103.2,1,4.835,SD,0
2015.0,SPP,Wind,383.0,2,2.702,ND,0
2015.0,ERCOT,Wind,200.5,0,10.103,TX,0
2015.0,SPP,Other,2.0,2,0.397,,0
2015.0,SPP,Other,8.0,2,0.397,,0
2015.0,ISO-NE,Other,570.1,2,0.405,NH,0
2015.0,ISO-NE,Other,1020.0,2,0.463,MA,0
2015.0,PJM,Gas,105.0,2,0.862,NJ,0
2015.0,PJM,Gas,116.0,2,0.862,NJ,0
2015.0,PJM,Solar,5.0,2,3.181,VA,0
2015.0,PJM,Solar,5.0,2,3.181,VA,0
2015.0,ISO-NE,Solar,3.1,2,2.179,MA,0
2015.0,ISO-NE,Solar,2.7,2,2.179,MA,0
2015.0,NYISO,Wind,72.6,2,7.162,NY,0
2015.0,PJM,Gas,19.9,2,2.65,PA,0
2015.0,SPP,Solar,73.3,2,4.624,NM,0
2015.0,Southeast,Solar,80.0,2,0.572,AL,0
2015.0,NYISO,Wind,449.0,0,10.045,NY,0
2015.0,Southeast,Gas,280.0,1,4.033,NC,0
2015.0,Southeast,Gas,280.0,1,4.033,NC,0
2015.0,NYISO,Battery,79.9,0,10.042,NY,0
2015.0,NYISO,Gas,370.0,2,4.537,NY,0
2015.0,Southeast,Solar,39.2,2,1.224,AL,0
2015.0,Southeast,Solar,39.3,2,0.52,AL,0
2015.0,Southeast,Solar,74.5,2,0.86,AL,0
2015.0,Southeast,Solar,117.6,2,0.52,AL,0
2015.0,Southeast,Solar,78.5,2,5.692,AL,0
2015.0,NYISO,Gas,75.0,2,4.537,NY,0
2015.0,PJM,Solar,91.0,2,6.037,VA,0
2015.0,NYISO,Wind,100.0,2,7.107,NY,0
2015.0,NYISO,Wind,250.0,2,1.604,NY,0
2015.0,SPP,Wind,120.0,2,0.32,NE,0
2015.0,PJM,Wind,100.0,2,2.196,OH,0
2015.0,SPP,Wind,240.0,2,0.298,TX,0
2015.0,West,Wind,750.0,1,6.675,MT,0
2016.0,ERCOT,Wind,400.0,2,3.206,TX,0
2016.0,PJM,Battery,1.0,2,0.063,NJ,0
2016.0,West,Hybrid,800.0,0,9.988,UT,0
2016.0,West,Hybrid,800.0,0,9.988,UT,0
2016.0,West,Solar,20.0,0,9.982,OR,0
2016.0,ISO-NE,Solar,98.0,2,0.726,NH,0
2016.0,West,Solar,13.0,0,9.982,OR,0
2016.0,MISO,Other,19.5,2,1.525,MI,0
2016.0,MISO,Gas,1235.0,2,1.525,IN,0
2016.0,NYISO,Wind,103.9,1,7.551,NY,0
2016.0,MISO,Wind,400.0,1,4.222,MO,0
2016.0,West,Hybrid,518.0,0,9.963,UT,0
2016.0,West,Wind,136.8,1,3.532,WA,0
2016.0,Southeast,Solar,80.0,2,5.563,AL,0
2016.0,PJM,Solar,3.0,2,0.055,NC,0
2016.0,Southeast,Nuclear,30.0,1,4.778,,1
2016.0,Southeast,Solar,94.0,2,5.325,AL,0
2016.0,ISO-NE,Other,66.0,0,9.944,MA,0
2016.0,West,Wind,100.0,2,0.249,WA,0
2016.0,ISO-NE,Wind,245.5,2,2.198,ME,0
2016.0,ISO-NE,Wind,216.4,2,2.198,ME,0
2016.0,West,Solar,150.0,1,5.925,AZ,1
2016.0,Southeast,Solar,78.5,2,0.742,AL,0
2016.0,NYISO,Wind,100.0,2,3.159,NY,0
2016.0,ERCOT,Solar,150.0,2,2.845,TX,0
2016.0,NYISO,Solar,20.0,2,3.488,NY,0
2016.0,PJM,Solar,15.0,2,0.151,VA,0
2016.0,West,Solar,105.0,0,9.906,OR,0
2016.0,PJM,Solar,20.0,1,5.703,NC,0
2016.0,PJM,Solar,20.0,1,1.81,VA,0
2016.0,PJM,Solar,20.0,1,1.802,VA,0
2016.0,PJM,Solar,20.0,1,1.81,VA,0
2016.0,ISO-NE,Other,1120.0,2,1.276,CT,0
2016.0,West,Solar,150.0,2,4.216,CO,0
2016.0,PJM,Wind,200.0,2,5.35,IN,0
2016.0,West,Solar,60.0,2,4.345,CO,0
2016.0,PJM,Solar,8.8,2,4.709,MD,0
2016.0,PJM,Solar,19.8,1,1.637,VA,1
2016.0,PJM,Solar,20.0,1,6.683,MD,0
2016.0,PJM,Battery,4.0,2,1.678,VA,0
2016.0,SPP,Wind,300.3,2,1.043,OK,0
2016.0,West,Wind,600.0,0,9.884,CO,0
2016.0,PJM,Solar,20.0,1,6.626,VA,0
2016.0,Southeast,Solar,78.6,2,1.213,AL,0
2016.0,Southeast,Solar,78.6,2,5.462,GA,0
2016.0,Southeast,Solar,80.0,2,1.796,AL,0
2016.0,West,Wind,80.0,1,2.867,MT,0
2016.0,Southeast,Solar,100.0,2,0.4,GA,0
2016.0,Southeast,Solar,9.0,2,0.474,GA,0
2016.0,Southeast,Solar,100.0,2,0.131,GA,0
2016.0,Southeast,Solar,100.0,2,0.742,GA,0
2016.0,Southeast,Solar,100.0,2,2.697,GA,0
2016.0,Southeast,Solar,100.0,2,0.534,GA,0
2016.0,PJM,Solar,10.0,2,2.073,VA,0
2016.0,NYISO,Solar,36.0,0,9.854,NY,0
2016.0,PJM,Solar,3.0,2,2.768,NC,0
2016.0,West,Wind,300.0,0,9.851,CO,0
2016.0,ISO-NE,Other,28.3,2,2.152,ME,0
2016.0,Southeast,Solar,188.9,0,9.848,GA,0
2016.0,Southeast,Solar,212.7,2,3.439,FL,0
2016.0,PJM,Solar,92.0,0,9.845,MD,0
2016.0,PJM,Solar,202.0,0,9.845,MD,0
2016.0,PJM,Solar,10.0,2,0.047,NJ,0
2016.0,PJM,Solar,49.9,1,5.092,VA,0
2016.0,PJM,Solar,19.8,1,1.752,VA,0
2016.0,PJM,Wind,19.4,2,4.657,PA,0
2016.0,PJM,Solar,85.0,2,1.352,VA,0
2016.0,PJM,Solar,160.0,2,0.616,VA,0
2016.0,PJM,Wind,250.0,1,4.668,IL,0
2016.0,PJM,Gas,0.5,2,0.326,PA,0
2016.0,PJM,Solar,80.0,1,8.821,VA,0
2016.0,Southeast,Solar,80.0,2,4.641,AL,0
2016.0,PJM,Battery,0.5,2,2.409,NJ,0
2016.0,SPP,Wind,74.0,2,0.991,TX,0
2016.0,West,Hybrid,55.0,0,9.826,OR,0
2016.0,PJM,Solar,3.0,1,6.111,NJ,0
2016.0,PJM,Gas,20.0,1,1.988,VA,0
2016.0,ISO-NE,Other,563.0,2,2.056,CT,0
2016.0,MISO,Wind,260.0,2,1.155,MI,0
2016.0,CAISO,Solar,20.0,0,9.815,AZ,1
2016.0,Southeast,Solar,295.0,2,0.348,FL,0
2016.0,Southeast,Gas,609.0,2,2.198,FL,0
2016.0,SPP,Wind,202.0,0,9.81,ND,0
2016.0,ERCOT,Wind,300.0,1,2.965,TX,0
2016.0,ERCOT,Wind,338.0,1,6.141,TX,0
2016.0,MISO,Solar,50.0,2,1.172,LA,0
2016.0,MISO,Wind,140.0,1,1.467,IA,0
2016.0,PJM,Gas,840.0,2,2.554,VA,0
2016.0,MISO,Solar,100.0,0,9.799,AR,0
2016.0,MISO,Solar,150.0,2,1.352,MN,0
2016.0,MISO,Solar,49.8,2,0.988,LA,0
2016.0,MISO,Solar,49.8,2,0.988,LA,0
2016.0,MISO,Solar,100.0,2,1.352,MN,0
2016.0,MISO,Solar,49.8,2,0.964,LA,0
2016.0,SPP,Wind,150.0,2,4.715,KS,0
2016.0,SPP,Wind,248.4,1,6.768,OK,0
2016.0,PJM,Solar,20.0,2,1.029,VA,0
2016.0,MISO,Other,4.6,0,9.791,MN,0
2016.0,PJM,Gas,1041.4,2,3.51,NJ,0
2016.0,PJM,Gas,614.0,2,1.142,KY,0
2016.0,PJM,Solar,5.0,2,1.027,VA,0
2016.0,West,Solar,20.0,1,6.705,ID,0
2016.0,West,Solar,100.0,0,9.788,OR,1
2016.0,West,Solar,102.3,0,9.788,OR,0
2016.0,West,Solar,20.0,1,6.705,ID,0
2016.0,Southeast,Solar,9.0,0,9.78,KY,0
2016.0,PJM,Solar,10.0,2,1.175,MD,0
2016.0,ERCOT,Wind,144.9,1,4.641,TX,0
2016.0,SPP,Wind,13.0,2,0.939,ND,0
2016.0,SPP,Wind,116.0,2,0.052,KS,0
2016.0,SPP,Solar,40.0,2,0.934,OK,0
2016.0,SPP,Gas,29.0,1,4.654,OK,0
2016.0,SPP,Wind,134.0,2,0.364,KS,0
2016.0,PJM,Solar,10.0,1,2.245,NJ,0
2016.0,SPP,Wind,6.8,2,0.939,ND,0
2016.0,Southeast,Solar,152.0,2,0.304,GA,0
2016.0,Southeast,Solar,152.0,2,5.355,GA,0
2016.0,PJM,Solar,80.0,1,4.323,VA,0
2016.0,Southeast,Hybrid,100.0,2,5.336,GA,0
2016.0,Southeast,Solar,56.0,2,0.646,GA,0
2016.0,SPP,Wind,1.5,1,0.731,OK,0
2016.0,SPP,Wind,18.4,2,1.112,MO,0
2016.0,PJM,Solar,100.0,1,4.55,NC,0
2016.0,Southeast,Solar,152.0,2,0.03,GA,0
2016.0,SPP,Wind,140.0,2,0.353,SD,0
2016.0,SPP,Wind,3.4,2,3.151,SD,0
2016.0,SPP,Wind,100.0,2,8.444,ND,0
2016.0,SPP,Gas,884.0,2,0.353,OK,0
2016.0,West,Solar,82.3,0,9.76,NV,1
2016.0,SPP,Wind,3.3,2,3.68,ND,0
2016.0,SPP,Wind,150.5,2,4.025,WY,0
2016.0,MISO,Solar,1.0,1,0.512,MN,0
2016.0,SPP,Wind,44.6,1,2.757,MN,0
2016.0,SPP,Gas,1219.0,2,0.353,OK,0
2016.0,SPP,Solar,100.0,2,0.882,OK,0
2016.0,SPP,Wind,3.3,2,3.68,ND,0
2016.0,PJM,Solar,2.5,2,1.12,NJ,0
2016.0,SPP,Wind,250.7,2,3.411,TX,0
2016.0,SPP,Solar,55.9,2,3.151,KS,0
2016.0,SPP,Wind,250.7,1,4.649,OK,0
2016.0,SPP,Gas,10.0,1,4.088,MO,0
2016.0,SPP,Wind,250.2,1,4.654,SD,0
2016.0,SPP,Solar,100.0,2,3.411,TX,0
2016.0,SPP,Gas,10.0,1,4.088,MO,0
2016.0,SPP,Wind,100.0,1,3.745,OK,0
2016.0,SPP,Wind,22.0,2,0.925,OK,0
2016.0,SPP,Wind,64.6,0,9.755,OK,0
2016.0,SPP,Wind,5.3,1,4.701,TX,0
2016.0,SPP,Solar,31.4,2,3.409,NM,0
2016.0,SPP,Wind,264.5,2,0.348,ND,0
2016.0,SPP,Wind,250.0,1,4.712,OK,0
2016.0,West,Hybrid,213.8,0,9.755,AZ,1
2016.0,SPP,Wind,250.7,1,5.695,NE,0
2016.0,PJM,Solar,20.0,2,3.253,MD,0
2016.0,PJM,Solar,40.0,2,0.482,OH,0
2016.0,SPP,Solar,100.0,0,9.755,OK,0
2016.0,SPP,Wind,9.8,1,4.72,OK,0
2016.0,SPP,Wind,126.5,2,1.473,NE,0
2016.0,SPP,Wind,200.0,2,3.409,TX,0
2016.0,SPP,Solar,212.0,2,1.049,TX,0
2016.0,SPP,Wind,116.0,2,1.473,NE,0
2016.0,PJM,Wind,124.2,2,1.914,IN,0
2016.0,PJM,Solar,20.0,2,2.401,VA,0
2016.0,SPP,Wind,200.0,1,8.033,OK,0
2016.0,SPP,Wind,298.5,1,5.938,NE,0
2016.0,SPP,Wind,151.8,1,4.695,OK,0
2016.0,SPP,Wind,200.0,2,0.917,KS,0
2016.0,Southeast,Solar,79.7,2,4.923,AL,0
2016.0,SPP,Wind,50.0,0,9.752,NE,0
2016.0,PJM,Solar,49.0,2,0.531,VA,0
2016.0,SPP,Wind,299.0,1,5.73,KS,0
2016.0,SPP,Wind,499.1,1,5.963,OK,0
2016.0,SPP,Wind,310.2,2,4.679,KS,0
2016.0,PJM,Solar,18.0,2,2.831,VA,0
2016.0,PJM,Solar,100.0,2,1.166,PA,0
2016.0,PJM,Wind,197.0,1,7.135,IL,0
2016.0,PJM,Gas,1060.0,2,4.783,VA,0
2016.0,SPP,Wind,400.0,2,1.142,ND,0
2016.0,SPP,Wind,230.0,1,4.241,NE,0
2016.0,SPP,Solar,112.0,2,5.185,TX,0
2016.0,SPP,Wind,300.0,2,0.914,OK,0
2016.0,SPP,Gas,24.0,1,1.979,OK,0
2016.0,SPP,Wind,300.0,1,6.971,OK,0
2016.0,PJM,Battery,0.1,2,0.635,NJ,0
2016.0,SPP,Wind,499.1,1,5.963,OK,0
2016.0,SPP,Wind,90.0,2,4.687,NE,0
2016.0,SPP,Wind,156.0,2,4.715,OK,0
2016.0,SPP,Solar,82.3,2,0.318,OK,0
2016.0,SPP,Wind,60.0,2,0.131,NE,0
2016.0,SPP,Wind,120.0,2,0.345,NE,0
2016.0,SPP,Wind,300.0,2,1.016,TX,0
2016.0,SPP,Wind,25.3,2,2.541,KS,0
2016.0,SPP,Wind,100.0,2,0.03,NE,0
2016.0,SPP,Wind,73.6,1,3.313,KS,0
2016.0,PJM,Gas,1100.0,1,7.017,OH,0
2016.0,SPP,Solar,82.3,2,3.146,OK,0
2016.0,SPP,Wind,148.4,1,4.715,OK,0
2016.0,PJM,Solar,5.0,2,0.153,NC,0
2016.0,ERCOT,Wind,400.0,0,9.749,TX,0
2016.0,PJM,Gas,113.0,2,4.09,PA,0
2016.0,Southeast,Solar,78.5,2,5.697,MS,0
2016.0,MISO,Wind,102.0,2,3.012,MN,0
2016.0,West,Solar,200.0,2,3.921,CO,0
2016.0,ISO-NE,Solar,65.0,2,1.802,NH,0
2016.0,ERCOT,Solar,180.0,2,3.934,TX,0
2016.0,MISO,Solar,0.9,1,0.389,MI,0
2016.0,PJM,Gas,1200.0,2,0.479,OH,0
2016.0,PJM,Solar,20.0,2,0.055,NC,0
2016.0,SPP,Wind,200.0,0,9.714,NE,0
2016.0,ISO-NE,Other,40.0,2,1.372,RI,0
2016.0,ISO-NE,Other,21.1,2,1.372,RI,0
2016.0,PJM,Gas,675.0,2,3.042,NJ,0
2016.0,PJM,Solar,20.0,1,8.178,VA,0
2016.0,PJM,Solar,20.0,1,8.178,VA,0
2016.0,PJM,Solar,40.0,2,4.887,OH,0
2016.0,PJM,Solar,20.0,1,8.178,VA,0
2016.0,PJM,Solar,10.0,2,2.798,MD,0
2016.0,PJM,Solar,49.9,2,8.936,OH,0
2016.0,PJM,Solar,20.0,2,0.047,VA,0
2016.0,MISO,Wind,9.2,1,1.372,MN,0
2016.0,Southeast,Solar,74.5,1,3.704,,0
2016.0,Southeast,Solar,74.5,1,3.704,,0
2016.0,Southeast,Solar,80.0,0,9.7,TN,0
2016.0,ERCOT,Gas,100.0,1,3.165,TX,0
2016.0,PJM,Solar,5.0,2,1.602,NC,0
2016.0,PJM,Solar,4.0,2,2.606,NC,0
2016.0,ISO-NE,Other,23.5,2,0.115,CT,0
2016.0,ISO-NE,Other,68.0,2,0.088,MA,0
2016.0,ISO-NE,Other,75.0,2,0.92,ME,0
2016.0,West,Wind,600.0,2,4.523,CO,0
2016.0,ISO-NE,Gas,102.0,2,1.695,CT,0
2016.0,PJM,Solar,36.0,2,2.349,VA,0
2016.0,PJM,Solar,20.0,2,3.244,VA,0
2016.0,Southeast,Solar,78.0,2,4.742,AL,0
2016.0,PJM,Gas,485.0,1,5.098,OH,0
2016.0,PJM,Solar,30.0,2,0.463,MD,0
2016.0,PJM,Battery,20.0,2,0.578,NJ,0
2016.0,PJM,Gas,105.0,2,0.986,NJ,0
2016.0,MISO,Solar,50.0,2,1.054,LA,0
2016.0,PJM,Gas,51.1,0,9.681,NJ,0
2016.0,PJM,Solar,5.0,2,3.392,NC,0
2016.0,PJM,Gas,350.0,2,6.021,IL,0
2016.0,PJM,Solar,100.0,1,4.739,VA,0
2016.0,PJM,Gas,31.0,2,1.051,WV,0
2016.0,PJM,Solar,10.0,1,4.468,MD,0
2016.0,PJM,Gas,230.0,2,7.995,NJ,0
2016.0,PJM,Solar,40.0,2,1.908,OH,0
2016.0,PJM,Solar,3.8,2,1.259,MD,0
2016.0,PJM,Battery,0.1,2,0.06,IL,1
2016.0,PJM,Solar,5.0,1,7.187,NC,0
2016.0,PJM,Battery,16.0,2,0.597,NJ,0
2016.0,PJM,Solar,5.0,2,1.259,MD,0
2016.0,PJM,Solar,5.0,2,1.259,MD,0
2016.0,PJM,Solar,1.9,2,4.019,NJ,0
2016.0,PJM,Solar,5.0,2,0.799,NJ,0
2016.0,PJM,Solar,100.0,2,4.824,MD,0
2016.0,PJM,Solar,1.5,2,1.07,NJ,0
2016.0,PJM,Solar,2.0,2,0.402,MD,0
2016.0,PJM,Solar,2.0,2,0.402,MD,0
2016.0,PJM,Solar,2.0,2,0.402,MD,0
2016.0,PJM,Solar,3.3,2,1.259,MD,0
2016.0,PJM,Solar,2.0,2,0.402,MD,0
2016.0,PJM,Solar,2.0,2,0.402,MD,0
2016.0,PJM,Gas,35.0,1,2.779,PA,0
2016.0,PJM,Solar,11.1,2,0.912,NJ,0
2016.0,PJM,Solar,11.1,2,0.912,NJ,0
2016.0,PJM,Other,12.5,1,1.588,VA,0
2016.0,PJM,Gas,0.2,2,0.167,NJ,0
2016.0,PJM,Gas,0.2,2,0.424,NJ,0
2016.0,PJM,Gas,65.0,2,4.452,WV,0
2016.0,PJM,Gas,0.2,2,0.457,NJ,0
2016.0,PJM,Solar,2.0,2,0.4,MD,0
2016.0,PJM,Gas,0.2,2,0.167,NJ,0
2016.0,PJM,Other,0.4,1,1.76,NJ,0
2016.0,PJM,Solar,20.0,2,0.46,MD,0
2016.0,PJM,Gas,394.0,2,2.831,WV,0
2016.0,PJM,Solar,13.4,2,1.068,MD,0
2016.0,PJM,Gas,4.0,2,0.422,OH,1
2016.0,PJM,Solar,13.8,2,0.531,MD,0
2016.0,PJM,Solar,3.0,2,1.243,MD,0
2016.0,PJM,Solar,142.4,1,3.524,VA,0
2016.0,PJM,Solar,80.0,2,5.251,MD,0
2016.0,PJM,Solar,150.0,2,4.334,OH,0
2016.0,PJM,Solar,20.0,2,0.411,VA,0
2016.0,PJM,Solar,85.0,2,4.81,DE,0
2016.0,PJM,Solar,80.0,2,1.216,NC,0
2016.0,West,Solar,480.0,2,3.688,CO,0
2016.0,West,Solar,30.0,2,4.077,CO,0
2016.0,PJM,Solar,80.0,1,4.591,VA,0
2016.0,West,Solar,240.0,2,3.688,CO,0
2016.0,PJM,Gas,572.0,2,1.821,VA,0
2016.0,PJM,Solar,55.8,0,9.673,MD,0
2016.0,PJM,Gas,382.0,2,0.43,VA,0
2016.0,PJM,Nuclear,44.0,0,9.673,PA,0
2016.0,PJM,Solar,19.9,2,0.052,NC,0
2016.0,PJM,Solar,5.5,2,2.7,MD,0
2016.0,PJM,Solar,20.0,2,2.812,NC,0
2016.0,PJM,Solar,14.0,2,1.284,MD,0
2016.0,PJM,Solar,10.0,2,3.86,MD,0
2016.0,PJM,Solar,5.0,2,0.055,MD,0
2016.0,PJM,Solar,74.0,1,3.559,NC,0
2016.0,PJM,Solar,40.0,2,1.199,VA,0
2016.0,PJM,Solar,20.0,2,0.057,MD,0
2016.0,PJM,Solar,130.0,1,4.457,OH,0
2016.0,PJM,Solar,20.0,2,0.411,VA,0
2016.0,PJM,Solar,75.0,2,1.218,VA,0
2016.0,PJM,Wind,20.0,1,2.787,IL,0
2016.0,PJM,Gas,28.0,2,3.652,IL,0
2016.0,PJM,Solar,150.0,1,5.725,VA,0
2016.0,PJM,Solar,20.0,2,6.437,MD,0
2016.0,PJM,Solar,50.0,1,6.669,DE,0
2016.0,PJM,Battery,19.8,2,3.614,OH,0
2016.0,PJM,Solar,6.6,2,1.112,MD,0
2016.0,PJM,Solar,14.0,2,2.231,VA,0
2016.0,PJM,Solar,120.0,2,0.057,NC,0
2016.0,PJM,Solar,20.0,2,0.093,MD,0
2016.0,PJM,Solar,20.0,2,0.411,VA,0
2016.0,PJM,Solar,20.0,2,0.057,MD,0
2016.0,PJM,Gas,0.2,2,0.422,NJ,0
2016.0,PJM,Other,50.0,2,0.411,OH,0
2016.0,PJM,Gas,25.0,2,0.517,OH,0
2016.0,PJM,Gas,65.0,2,0.413,IL,0
2016.0,PJM,Solar,88.2,1,5.169,VA,0
2016.0,PJM,Gas,0.2,2,0.164,NJ,0
2016.0,PJM,Solar,1.3,2,1.618,NJ,0
2016.0,PJM,Solar,5.0,2,2.749,NC,0
2016.0,PJM,Solar,2.5,1,3.65,MD,0
2016.0,PJM,Gas,54.0,2,0.761,VA,0
2016.0,Southeast,Solar,50.0,2,2.773,GA,0
2016.0,PJM,Solar,19.9,2,0.052,NC,0
2016.0,PJM,Solar,80.0,2,0.057,DE,0
2016.0,PJM,Solar,40.0,2,1.199,VA,0
2016.0,PJM,Solar,50.0,2,1.227,VA,0
2016.0,PJM,Solar,8.0,2,4.958,MD,0
2016.0,PJM,Solar,20.0,1,6.47,MD,0
2016.0,PJM,Solar,64.0,1,9.106,MD,0
2016.0,PJM,Solar,51.1,0,9.67,MD,0
2016.0,PJM,Solar,50.0,1,7.778,MD,0
2016.0,PJM,Solar,80.0,2,8.216,VA,0
2016.0,CAISO,Hybrid,521.9,0,9.665,CA,0
2016.0,CAISO,Hybrid,405.2,2,0.964,CA,0
2016.0,CAISO,Hybrid,326.1,2,0.999,CA,0
2016.0,CAISO,Hybrid,186.9,0,9.665,CA,0
2016.0,CAISO,Hybrid,276.8,2,0.958,NV,1
2016.0,CAISO,Solar,153.3,2,1.002,CA,0
2016.0,CAISO,Solar,102.0,2,0.882,CA,0
2016.0,CAISO,Solar,42.2,2,0.997,CA,0
2016.0,CAISO,Battery,52.2,2,0.83,CA,0
2016.0,CAISO,Hybrid,610.7,0,9.665,CA,0
2016.0,CAISO,Solar,61.6,2,0.862,CA,0
2016.0,CAISO,Solar,1044.8,2,0.862,CA,0
2016.0,CAISO,Battery,50.5,2,1.996,CA,0
2016.0,CAISO,Solar,50.0,2,0.882,CA,0
2016.0,CAISO,Solar,105.5,2,0.997,CA,0
2016.0,CAISO,Solar,61.0,2,0.884,CA,0
2016.0,CAISO,Solar,28.4,2,8.129,CA,0
2016.0,CAISO,Solar,20.5,2,1.005,CA,0
2016.0,CAISO,Solar,310.8,2,0.854,CA,0
2016.0,CAISO,Other,122.4,2,1.027,CA,0
2016.0,CAISO,Solar,1044.8,2,0.178,CA,0
2016.0,CAISO,Hybrid,63.6,2,5.971,CA,0
2016.0,CAISO,Hybrid,152.5,2,1.005,CA,0
2016.0,CAISO,Hybrid,185.6,2,4.701,CA,0
2016.0,CAISO,Hybrid,614.8,2,0.808,CA,0
2016.0,CAISO,Hybrid,300.0,1,7.556,CA,0
2016.0,CAISO,Hybrid,166.8,2,0.999,CA,0
2016.0,CAISO,Hybrid,338.0,1,9.016,CA,0
2016.0,CAISO,Hybrid,50.0,0,9.665,CA,0
2016.0,CAISO,Hybrid,123.6,2,4.764,CA,0
2016.0,CAISO,Hybrid,334.5,1,7.918,CA,0
2016.0,CAISO,Hybrid,62.5,1,7.734,AZ,1
2016.0,CAISO,Hybrid,47.6,2,3.589,CA,0
2016.0,CAISO,Hybrid,40.5,2,0.868,CA,1
2016.0,CAISO,Hybrid,206.2,2,3.496,CA,0
2016.0,CAISO,Hybrid,352.0,1,8.11,CA,0
2016.0,CAISO,Hybrid,50.0,0,9.665,CA,0
2016.0,CAISO,Hybrid,384.0,1,7.559,CA,0
2016.0,CAISO,Hybrid,65.0,1,9.248,CA,0
2016.0,CAISO,Hybrid,152.3,1,6.653,CA,0
2016.0,Southeast,Wind,238.0,0,9.665,MO,0
2016.0,CAISO,Hybrid,609.6,2,1.955,CA,0
2016.0,CAISO,Hybrid,479.0,0,9.665,CA,0
2016.0,CAISO,Hybrid,479.0,0,9.665,CA,0
2016.0,CAISO,Hybrid,103.1,2,1.005,CA,0
2016.0,CAISO,Solar,41.0,2,0.178,CA,0
2016.0,CAISO,Solar,105.5,2,0.997,CA,0
2016.0,CAISO,Battery,113.5,1,9.355,CA,0
2016.0,CAISO,Solar,102.8,2,0.854,CA,0
2016.0,CAISO,Solar,78.2,2,0.789,CA,0
2016.0,CAISO,Solar,206.7,2,0.789,CA,0
2016.0,CAISO,Solar,81.4,2,0.789,CA,0
2016.0,CAISO,Solar,211.0,2,2.875,CA,0
2016.0,CAISO,Solar,309.3,2,2.034,CA,0
2016.0,CAISO,Solar,205.4,2,0.851,CA,0
2016.0,CAISO,Solar,71.1,2,0.159,CA,0
2016.0,CAISO,Battery,406.0,2,0.98,CA,0
2016.0,CAISO,Solar,202.9,2,1.04,CA,0
2016.0,CAISO,Solar,60.8,2,0.997,CA,0
2016.0,CAISO,Wind,158.4,2,1.878,CA,0
2016.0,CAISO,Solar,519.4,2,0.214,AZ,1
2016.0,CAISO,Solar,153.4,2,0.851,CA,0
2016.0,CAISO,Solar,310.1,2,0.851,AZ,1
2016.0,CAISO,Battery,405.8,1,7.978,CA,0
2016.0,CAISO,Battery,20.0,1,2.149,CA,0
2016.0,CAISO,Solar,120.0,2,0.958,CA,0
2016.0,CAISO,Solar,259.8,2,0.999,CA,0
2016.0,CAISO,Solar,732.1,2,0.999,CA,0
2016.0,CAISO,Solar,415.0,2,1.695,CA,0
2016.0,PJM,Solar,50.0,1,7.866,VA,0
2016.0,Southeast,Solar,39.2,2,0.504,AL,0
2016.0,Southeast,Solar,78.5,2,5.621,MS,0
2016.0,CAISO,Battery,303.0,0,9.665,NV,1
2016.0,CAISO,Solar,209.0,2,0.23,NV,0
2016.0,CAISO,Solar,205.4,2,0.969,NV,0
2016.0,CAISO,Solar,722.4,2,0.969,NV,0
2016.0,CAISO,Solar,67.2,2,0.214,NV,1
2016.0,CAISO,Solar,87.4,2,0.214,NV,0
2016.0,CAISO,Solar,152.7,2,0.159,NV,1
2016.0,CAISO,Battery,300.0,0,9.665,NV,1
2016.0,CAISO,Solar,520.6,2,0.851,AZ,0
2016.0,CAISO,Solar,380.1,2,5.109,NV,1
2016.0,CAISO,Wind,280.5,2,0.827,CA,0
2016.0,CAISO,Battery,300.0,2,4.457,CA,0
2016.0,CAISO,Solar,265.1,2,0.854,CA,0
2016.0,CAISO,Battery,179.0,1,8.375,CA,0
2016.0,CAISO,Solar,400.0,2,4.183,AZ,0
2016.0,CAISO,Battery,20.0,2,0.734,CA,0
2016.0,CAISO,Battery,203.7,2,0.175,CA,0
2016.0,CAISO,Battery,100.0,2,0.203,CA,0
2016.0,CAISO,Battery,50.5,2,0.14,CA,0
2016.0,CAISO,Solar,20.0,2,1.038,CA,0
2016.0,CAISO,Solar,51.2,2,0.854,CA,0
2016.0,CAISO,Solar,101.3,2,0.851,CA,0
2016.0,CAISO,Solar,158.3,2,0.939,CA,0
2016.0,CAISO,Solar,206.3,2,0.178,CA,0
2016.0,CAISO,Battery,200.0,2,0.222,CA,0
2016.0,CAISO,Wind,158.4,2,0.997,CA,0
2016.0,CAISO,Solar,50.0,1,8.972,CA,0
2016.0,CAISO,Solar,22.4,2,0.178,CA,0
2016.0,CAISO,Solar,91.7,2,0.862,CA,0
2016.0,CAISO,Solar,40.0,2,0.868,CA,0
2016.0,CAISO,Solar,158.2,2,0.862,CA,0
2016.0,CAISO,Solar,20.5,2,1.005,CA,0
2016.0,CAISO,Solar,71.6,2,0.854,CA,0
2016.0,CAISO,Solar,42.2,2,1.005,CA,0
2016.0,CAISO,Solar,232.2,2,0.854,CA,0
2016.0,CAISO,Wind,135.3,2,3.91,CA,0
2016.0,CAISO,Solar,102.0,0,9.665,CA,0
2016.0,CAISO,Battery,418.0,2,1.04,CA,1
2016.0,CAISO,Solar,205.2,2,0.851,AZ,0
2016.0,CAISO,Wind,207.9,2,2.053,CA,0
2016.0,CAISO,Solar,729.6,2,0.851,CA,0
2016.0,CAISO,Solar,205.2,2,0.947,AZ,0
2016.0,CAISO,Wind,144.9,2,6.39,CA,0
2016.0,CAISO,Other,10.9,1,1.944,CA,0
2016.0,CAISO,Other,35.3,2,0.808,CA,0
2016.0,CAISO,Solar,102.7,2,0.854,CA,0
2016.0,CAISO,Battery,313.5,0,9.665,CA,0
2016.0,CAISO,Solar,83.3,2,1.878,CA,0
2016.0,CAISO,Battery,25.2,1,7.617,CA,0
2016.0,CAISO,Solar,252.9,2,0.999,CA,0
2016.0,CAISO,Solar,41.1,2,0.178,CA,0
2016.0,CAISO,Solar,20.9,2,0.235,CA,0
2016.0,CAISO,Battery,20.0,2,0.214,CA,0
2016.0,CAISO,Wind,114.0,0,9.665,CA,1
2016.0,CAISO,Battery,110.0,2,0.222,CA,0
2016.0,MISO,Gas,835.0,2,0.975,WI,0
2016.0,MISO,Gas,190.0,2,1.213,MI,0
2016.0,NYISO,Wind,100.5,2,1.325,NY,0
2016.0,MISO,Wind,119.6,2,0.723,IA,0
2016.0,West,Wind,402.0,0,9.656,NM,0
2016.0,Southeast,Solar,121.5,2,0.192,GA,0
2016.0,Southeast,Solar,164.5,2,0.192,GA,0
2016.0,West,Other,210.0,0,9.656,WA,0
2016.0,MISO,Wind,176.0,2,1.21,IN,0
2016.0,MISO,Wind,150.0,2,0.723,IA,0
2016.0,MISO,Wind,150.0,2,3.247,MO,0
2016.0,MISO,Wind,100.0,0,9.654,MN,0
2016.0,MISO,Solar,101.6,2,0.359,LA,0
2016.0,PJM,Solar,49.9,1,7.255,OH,0
2016.0,MISO,Solar,201.5,2,1.207,LA,0
2016.0,MISO,Solar,101.9,2,1.207,LA,0
2016.0,MISO,Solar,101.8,2,0.359,LA,0
2016.0,Southeast,Solar,50.0,2,0.17,MS,0
2016.0,Southeast,Solar,74.9,1,2.628,FL,0
2016.0,MISO,Gas,6.4,0,9.654,MI,0
2016.0,PJM,Gas,80.0,2,4.422,WV,0
2016.0,ERCOT,Wind,253.0,0,9.645,TX,0
2016.0,ERCOT,Wind,308.8,0,9.645,TX,0
2016.0,MISO,Solar,100.0,0,9.645,AR,0
2016.0,Southeast,Solar,74.5,0,9.645,FL,0
2016.0,MISO,Solar,100.0,1,3.611,AR,0
2016.0,MISO,Solar,50.0,2,2.694,LA,0
2016.0,MISO,Solar,58.7,2,0.983,LA,0
2016.0,MISO,Solar,100.0,2,0.635,AR,0
2016.0,MISO,Solar,50.0,2,1.199,LA,0
2016.0,MISO,Wind,70.0,2,2.426,IA,0
2016.0,MISO,Solar,100.0,2,1.199,AR,0
2016.0,MISO,Wind,66.0,1,2.606,IA,0
2016.0,MISO,Wind,150.0,2,1.081,MN,0
2016.0,MISO,Wind,110.0,1,4.397,MO,0
2016.0,MISO,Wind,300.0,2,1.081,IA,0
2016.0,MISO,Wind,136.0,2,1.276,MI,0
2016.0,MISO,Wind,100.0,2,1.689,MI,0
2016.0,MISO,Wind,150.0,2,2.426,ND,0
2016.0,MISO,Wind,100.0,2,2.426,ND,0
2016.0,MISO,Solar,110.0,0,9.645,IL,0
2016.0,MISO,Solar,100.0,2,1.018,AR,0
2016.0,MISO,Solar,80.0,2,1.199,MN,0
2016.0,MISO,Solar,175.0,0,9.645,IN,0
2016.0,MISO,Solar,175.0,2,1.139,IN,0
2016.0,MISO,Solar,140.0,0,9.645,IL,0
2016.0,MISO,Wind,204.0,2,2.426,SD,0
2016.0,MISO,Wind,98.0,2,2.683,SD,0
2016.0,MISO,Other,52.0,2,1.114,LA,0
2016.0,MISO,Solar,20.0,2,1.199,MN,0
2016.0,MISO,Solar,35.0,2,1.101,LA,0
2016.0,MISO,Solar,50.0,2,1.199,LA,0
2016.0,MISO,Wind,200.0,2,1.199,MI,0
2016.0,MISO,Wind,200.0,2,1.199,SD,0
2016.0,MISO,Wind,200.0,2,1.199,SD,0
2016.0,MISO,Wind,400.0,2,1.199,MN,0
2016.0,MISO,Wind,400.0,2,1.199,MN,0
2016.0,MISO,Solar,72.0,2,2.245,LA,0
2016.0,MISO,Solar,100.0,2,1.081,LA,0
2016.0,MISO,Wind,150.0,2,0.873,WI,0
2016.0,MISO,Gas,150.0,2,2.407,MI,0
2016.0,MISO,Wind,200.0,2,3.833,MI,0
2016.0,MISO,Wind,100.0,2,1.689,MI,0
2016.0,MISO,Wind,150.0,2,1.081,WI,0
2016.0,MISO,Wind,200.0,2,2.426,SD,0
2016.0,MISO,Wind,300.0,2,3.688,MO,0
2016.0,MISO,Wind,300.0,2,2.426,SD,0
2016.0,MISO,Wind,100.0,2,2.426,MN,0
2016.0,MISO,Wind,150.0,2,1.139,IN,0
2016.0,MISO,Wind,300.0,2,2.426,MN,0
2016.0,MISO,Wind,224.0,2,2.426,ND,0
2016.0,MISO,Wind,48.3,2,1.188,MI,0
2016.0,MISO,Solar,100.0,0,9.645,MS,0
2016.0,MISO,Wind,148.8,1,2.587,MI,0
2016.0,MISO,Solar,100.0,2,1.018,MS,0
2016.0,MISO,Wind,90.0,1,3.395,IA,0
2016.0,MISO,Solar,70.0,2,5.049,LA,0
2016.0,MISO,Solar,40.0,2,1.139,MO,0
2016.0,MISO,Wind,40.0,2,0.537,MN,0
2016.0,MISO,Wind,100.0,2,2.426,MN,0
2016.0,MISO,Wind,100.0,2,1.199,MI,0
2016.0,MISO,Wind,100.0,2,2.426,MN,0
2016.0,MISO,Wind,400.2,2,1.199,IA,0
2016.0,MISO,Solar,48.8,2,0.983,LA,0
2016.0,MISO,Solar,100.0,2,1.199,LA,0
2016.0,MISO,Wind,200.0,1,5.645,IA,0
2016.0,MISO,Wind,60.0,2,4.392,WI,0
2016.0,MISO,Solar,100.0,2,1.199,MS,0
2016.0,MISO,Solar,175.0,0,9.645,AR,0
2016.0,MISO,Wind,200.0,1,4.35,MN,0
2016.0,Southeast,Solar,52.8,2,0.214,FL,0
2016.0,West,Solar,20.0,0,9.637,OR,0
2016.0,NYISO,Solar,20.0,0,9.626,NY,0
2016.0,West,Solar,600.0,0,9.626,OR,0
2016.0,Southeast,Solar,100.0,2,5.457,GA,0
2016.0,NYISO,Wind,79.7,1,5.703,NY,0
2016.0,West,Gas,6.5,2,3.992,CO,0
2016.0,Southeast,Solar,80.0,2,4.638,AL,0
2016.0,ERCOT,Hybrid,175.6,0,9.604,TX,0
2016.0,West,Hybrid,80.0,0,9.602,UT,0
2016.0,ERCOT,Wind,182.4,0,9.599,TX,0
2016.0,Southeast,Solar,74.9,1,3.745,FL,0
2016.0,Southeast,Solar,78.5,2,0.78,MS,0
2016.0,Southeast,Solar,39.2,2,0.435,AL,0
2016.0,PJM,Solar,15.0,2,0.309,NC,0
2016.0,PJM,Solar,10.0,2,0.862,VA,0
2016.0,ERCOT,Wind,200.9,2,3.11,TX,0
2016.0,Southeast,Solar,45.0,1,3.458,FL,0
2016.0,West,Solar,100.0,2,3.751,CO,0
2016.0,PJM,Nuclear,19.2,1,6.664,MD,0
2016.0,West,Solar,80.0,2,3.573,CO,0
2016.0,West,Solar,20.0,2,5.032,OR,0
2016.0,West,Solar,9.0,2,2.053,OR,0
2016.0,West,Hybrid,182.5,1,7.294,AZ,1
2016.0,PJM,Solar,20.0,2,1.785,VA,0
2016.0,MISO,Other,1.6,0,9.541,MI,0
2016.0,West,Solar,200.0,2,4.507,CO,0
2016.0,MISO,Solar,147.4,2,2.212,MI,0
2016.0,PJM,Gas,18.0,2,0.83,PA,0
2016.0,PJM,Solar,6.0,0,9.525,NJ,0
2016.0,PJM,Solar,5.0,2,2.1,WV,0
2016.0,NYISO,Solar,20.0,2,0.186,NY,0
2016.0,MISO,Gas,296.0,2,2.579,IL,1
2016.0,NYISO,Solar,20.0,2,1.185,NY,0
2016.0,MISO,Nuclear,829.0,2,0.605,PA,0
2016.0,NYISO,Solar,20.0,2,1.185,NY,0
2016.0,MISO,Wind,151.8,2,0.578,SD,0
2016.0,MISO,Wind,151.8,2,0.578,SD,0
2016.0,ISO-NE,Solar,78.4,2,0.041,NH,0
2016.0,ISO-NE,Solar,63.0,2,0.041,CT,0
2016.0,ISO-NE,Solar,78.4,2,0.041,ME,0
2016.0,PJM,Battery,0.1,2,1.856,IL,1
2016.0,SPP,Solar,54.0,2,4.2,TX,0
2016.0,SPP,Solar,108.0,2,4.441,TX,0
2016.0,SPP,Wind,300.0,2,0.096,TX,0
2016.0,SPP,Wind,300.0,2,0.096,OK,0
2016.0,SPP,Wind,396.0,2,0.419,NM,0
2016.0,SPP,Wind,300.0,2,0.096,OK,0
2016.0,SPP,Wind,300.0,2,0.096,NM,0
2016.0,SPP,Solar,80.0,2,0.742,NM,0
2016.0,SPP,Solar,160.0,2,0.742,NE,0
2016.0,SPP,Solar,240.0,2,0.742,NM,0
2016.0,SPP,Solar,100.0,2,0.096,NM,0
2016.0,Southeast,Solar,60.0,2,2.442,GA,0
2016.0,Southeast,Solar,128.0,2,5.476,GA,0
2016.0,ISO-NE,Solar,19.9,2,0.033,VT,0
2016.0,MISO,Wind,98.0,1,1.196,WI,0
2016.0,West,Solar,150.0,0,9.487,OR,0
2016.0,MISO,Solar,101.5,2,1.04,AR,0
2016.0,MISO,Solar,101.5,2,1.04,AR,0
2016.0,MISO,Solar,50.0,2,0.934,AR,0
2016.0,Southeast,Solar,118.0,2,0.022,GA,0
2016.0,Southeast,Solar,78.9,2,0.939,AL,0
2016.0,MISO,Wind,100.0,2,0.956,MO,0
2016.0,MISO,Solar,101.5,2,0.474,AR,0
2016.0,Southeast,Solar,170.0,1,8.372,GA,0
2016.0,PJM,Solar,0.4,2,1.005,NJ,0
2016.0,MISO,Wind,100.8,2,1.755,WI,0
2016.0,PJM,Solar,4.0,2,1.005,NJ,0
2016.0,Southeast,Solar,79.7,2,5.651,AL,0
2016.0,MISO,Solar,90.0,2,1.027,AR,0
2016.0,MISO,Solar,50.0,2,1.027,LA,0
2016.0,West,Hybrid,315.0,0,9.473,MT,0
2016.0,MISO,Solar,16.5,2,0.137,LA,0
2016.0,MISO,Solar,14.7,2,0.137,LA,0
2016.0,MISO,Solar,99.0,2,0.482,AR,0
2016.0,MISO,Solar,150.0,2,1.027,AR,0
2016.0,MISO,Wind,48.3,2,0.923,LA,0
2016.0,West,Wind,500.0,0,9.473,CO,0
2016.0,ERCOT,Wind,300.0,1,5.276,TX,0
2016.0,MISO,Solar,5.5,2,0.137,LA,0
2016.0,MISO,Wind,100.0,2,2.48,AR,0
2016.0,MISO,Solar,47.5,2,1.027,LA,0
2016.0,MISO,Solar,100.0,2,1.027,AR,0
2016.0,MISO,Solar,80.0,2,1.027,IL,0
2016.0,MISO,Solar,100.0,2,1.027,WI,0
2016.0,MISO,Solar,100.0,2,1.027,WI,0
2016.0,MISO,Solar,200.0,2,0.945,MS,0
2016.0,MISO,Wind,400.0,2,0.945,MN,0
2016.0,MISO,Wind,150.0,2,0.312,LA,0
2016.0,MISO,Solar,50.0,2,1.027,LA,0
2016.0,MISO,Solar,47.5,2,1.027,LA,0
2016.0,MISO,Wind,160.0,2,0.865,IA,0
2016.0,MISO,Solar,100.0,2,1.027,AR,0
2016.0,MISO,Solar,100.0,2,1.027,AR,0
2016.0,MISO,Solar,100.0,2,0.312,LA,0
2016.0,MISO,Solar,100.0,0,9.473,AR,0
2016.0,MISO,Solar,50.0,2,0.296,LA,0
2016.0,MISO,Solar,42.0,2,1.027,AR,0
2016.0,MISO,Solar,50.0,2,1.027,AR,0
2016.0,MISO,Solar,92.0,2,1.027,AR,0
2016.0,MISO,Solar,20.0,2,0.605,LA,0
2016.0,MISO,Wind,250.0,2,0.945,MS,0
2016.0,MISO,Other,30.0,2,1.027,AR,0
2016.0,MISO,Solar,100.0,2,0.296,AR,0
2016.0,MISO,Solar,50.0,1,3.556,LA,0
2016.0,MISO,Wind,400.0,2,0.945,MO,0
2016.0,MISO,Solar,100.0,2,1.027,AR,0
2016.0,MISO,Solar,100.0,1,4.761,MS,0
2016.0,MISO,Solar,50.0,2,1.027,LA,0
2016.0,PJM,Solar,12.2,2,0.882,NJ,0
2016.0,PJM,Solar,0.9,2,1.528,NJ,0
2016.0,PJM,Solar,3.7,1,3.874,NJ,0
2016.0,PJM,Solar,8.8,2,3.964,NJ,0
2016.0,PJM,Solar,1.4,2,4.06,NJ,0
2016.0,Southeast,Solar,200.0,2,0.307,GA,0
2016.0,Southeast,Solar,52.0,2,0.342,GA,0
2016.0,PJM,Gas,110.0,1,2.346,PA,0
2016.0,PJM,Solar,60.0,2,0.055,OH,0
2016.0,PJM,Solar,120.0,2,0.052,OH,0
2016.0,PJM,Solar,150.0,2,0.769,OH,0
2016.0,ERCOT,Solar,60.7,2,4.342,TX,0
2016.0,NYISO,Gas,385.0,2,3.617,NY,0
2016.0,PJM,Battery,1.3,2,0.06,NJ,0
2016.0,PJM,Battery,1.5,1,2.576,PA,0
2016.0,ERCOT,Wind,250.7,2,3.225,TX,0
2016.0,West,Solar,20.0,1,6.363,ID,0
2016.0,NYISO,Solar,20.0,2,0.69,NY,0
2016.0,NYISO,Solar,20.0,2,3.014,NY,0
2016.0,Southeast,Solar,80.0,2,2.042,AL,0
2016.0,SPP,Wind,98.9,0,9.435,SD,0
2016.0,ERCOT,Solar,200.0,2,3.63,TX,0
2016.0,ERCOT,Solar,204.5,1,3.477,TX,0
2016.0,NYISO,Solar,20.0,0,9.435,NY,0
2016.0,PJM,Solar,17.6,1,1.35,VA,0
2016.0,Southeast,Solar,75.0,2,0.441,AL,0
2016.0,PJM,Other,3.8,2,0.69,MD,0
2016.0,Southeast,Solar,74.5,0,9.429,FL,0
2016.0,West,Wind,200.0,0,9.426,CO,0
2016.0,West,Hybrid,570.0,0,9.426,UT,0
2016.0,Southeast,Solar,74.9,1,4.537,FL,0
2016.0,Southeast,Solar,78.6,2,5.306,MS,0
2016.0,PJM,Gas,20.0,2,3.329,NJ,0
2016.0,ISO-NE,Wind,800.0,2,6.023,MA,0
2016.0,PJM,Solar,2.0,2,0.999,MD,0
2016.0,West,Solar,80.0,0,9.415,UT,0
2016.0,PJM,Solar,2.5,1,1.366,NJ,0
2016.0,Southeast,Solar,170.0,2,5.388,GA,0
2016.0,West,Hybrid,30.0,0,9.41,WY,0
2016.0,MISO,Solar,50.0,2,0.865,LA,0
2016.0,West,Hybrid,80.0,0,9.407,WY,0
2016.0,West,Wind,100.0,0,9.407,UT,0
2016.0,Southeast,Solar,20.0,2,1.284,GA,0
2016.0,Southeast,Solar,20.0,2,1.284,GA,0
2016.0,West,Hybrid,74.9,0,9.396,WY,0
2016.0,Southeast,Solar,79.2,2,1.114,AL,0
2016.0,West,Hybrid,400.0,0,9.396,UT,0
2016.0,PJM,Solar,2.0,2,1.057,IL,0
2016.0,NYISO,Solar,20.0,2,1.886,NY,0
2016.0,SPP,Wind,151.2,2,4.594,MO,0
2016.0,PJM,Solar,75.0,0,9.388,NC,0
2016.0,Southeast,Solar,74.5,1,3.469,,0
2016.0,Southeast,Solar,75.0,2,0.92,AL,0
2016.0,Southeast,Solar,98.1,2,6.267,GA,0
2016.0,Southeast,Solar,74.5,2,2.508,FL,0
2016.0,ERCOT,Gas,100.0,1,3.48,TX,0
2016.0,PJM,Wind,100.8,1,7.463,IL,0
2016.0,Southeast,Solar,74.5,1,3.54,,0
2016.0,NYISO,Solar,20.0,2,1.459,NY,0
2016.0,NYISO,Solar,50.0,2,0.12,NY,0
2016.0,PJM,Gas,30.0,1,1.613,PA,0
2016.0,Southeast,Solar,68.4,2,0.928,GA,0
2016.0,Southeast,Solar,50.0,2,1.728,AL,0
2016.0,Southeast,Solar,40.0,2,0.72,AL,0
2016.0,Southeast,Gas,655.0,2,1.123,FL,0
2016.0,PJM,Battery,0.5,2,1.021,NJ,0
2016.0,PJM,Solar,13.8,1,4.296,VA,0
2016.0,Southeast,Solar,75.0,2,0.594,MS,0
2016.0,Southeast,Solar,74.5,1,7.055,FL,0
2016.0,West,Solar,500.0,2,2.081,CA,0
2016.0,Southeast,Solar,98.0,2,0.523,AL,0
2016.0,West,Solar,200.0,2,2.081,CA,0
2016.0,PJM,Solar,9.0,2,1.55,VA,0
2016.0,PJM,Solar,65.0,1,5.084,NC,0
2016.0,PJM,Solar,20.0,2,4.487,MD,0
2016.0,PJM,Solar,150.0,2,2.185,IN,0
2016.0,West,Solar,120.0,2,3.348,CO,0
2016.0,PJM,Solar,5.0,2,1.76,MD,0
2016.0,PJM,Solar,5.0,2,1.988,MD,0
2016.0,West,Solar,50.0,2,4.301,CO,0
2016.0,PJM,Wind,60.0,2,4.367,OH,0
2016.0,PJM,Solar,15.0,2,1.136,VA,0
2016.0,PJM,Solar,4.0,2,2.264,MD,0
2016.0,PJM,Solar,35.0,2,7.277,PA,0
2016.0,PJM,Solar,20.0,2,1.136,VA,0
2016.0,West,Solar,100.0,2,3.493,CO,0
2016.0,PJM,Solar,100.0,0,9.333,VA,0
2016.0,PJM,Gas,550.0,1,6.267,OH,0
2016.0,PJM,Solar,15.0,2,1.807,VA,0
2016.0,Southeast,Solar,79.2,2,0.553,AL,0
2016.0,NYISO,Wind,126.0,0,9.331,NY,0
2016.0,West,Hybrid,80.0,0,9.331,UT,0
2016.0,PJM,Wind,200.0,1,9.183,IL,0
2016.0,PJM,Solar,42.0,1,6.453,VA,0
2016.0,Southeast,Solar,100.0,2,4.35,GA,0
2016.0,Southeast,Solar,200.0,2,0.567,GA,0
2016.0,NYISO,Solar,20.0,0,9.317,NY,0
2016.0,West,Wind,150.0,2,3.332,CO,0
2016.0,Southeast,Solar,50.5,2,0.657,GA,0
2016.0,West,Wind,300.0,2,3.745,CO,0
2016.0,West,Solar,199.9,2,3.332,CO,0
2016.0,NYISO,Solar,10.0,0,9.317,NY,0
2016.0,West,Solar,20.0,0,9.314,AZ,0
2016.0,Southeast,Solar,70.0,2,0.972,AL,0
2016.0,MISO,Gas,54.9,1,2.229,MI,0
2016.0,Southeast,Solar,20.0,2,2.639,AL,0
2016.0,MISO,Solar,100.0,2,0.865,MN,0
2016.0,MISO,Gas,128.1,1,2.229,MI,0
2016.0,Southeast,Solar,100.0,2,0.167,GA,0
2016.0,MISO,Wind,300.0,2,2.579,ND,0
2016.0,MISO,Gas,847.0,2,2.642,IN,0
2016.0,MISO,Wind,200.0,2,1.582,WI,0
2016.0,MISO,Solar,20.0,2,1.374,LA,0
2016.0,MISO,Wind,130.0,2,2.251,MI,0
2016.0,MISO,Solar,100.0,2,2.338,MS,0
2016.0,West,Solar,67.0,0,9.309,OR,0
2016.0,PJM,Gas,30.0,0,9.306,WV,0
2016.0,ERCOT,Gas,240.0,1,6.352,TX,0
2016.0,Southeast,Solar,80.0,2,2.108,AL,0
2016.0,MISO,Wind,200.1,1,3.797,MI,0
2016.0,Southeast,Solar,100.0,2,4.912,GA,0
2016.0,Southeast,Solar,80.0,2,1.227,AL,0
2016.0,Southeast,Solar,80.0,2,4.646,AL,0
2016.0,Southeast,Solar,200.0,2,4.912,GA,0
2016.0,MISO,Solar,60.0,2,0.854,LA,0
2016.0,MISO,Solar,50.0,0,9.298,MN,0
2016.0,PJM,Wind,300.0,2,1.725,IN,0
2016.0,West,Solar,100.0,2,3.611,CO,0
2016.0,Southeast,Solar,80.0,2,4.988,AL,0
2016.0,West,Other,12.0,1,1.213,MT,0
2016.0,NYISO,Solar,20.0,0,9.29,NY,0
2016.0,NYISO,Wind,450.0,2,6.374,NY,0
2016.0,NYISO,Gas,385.0,2,3.452,NY,0
2016.0,Southeast,Solar,74.5,1,3.532,,0
2016.0,Southeast,Solar,74.5,1,3.283,,0
2016.0,Southeast,Solar,68.5,2,4.446,GA,0
2016.0,PJM,Other,1.1,1,0.753,PA,0
2016.0,NYISO,Solar,20.0,2,0.775,NY,0
2016.0,West,Hybrid,67.0,0,9.279,UT,0
2016.0,PJM,Gas,5.0,2,1.221,NJ,0
2016.0,PJM,Gas,1254.0,2,2.511,IL,1
2016.0,NYISO,Wind,111.8,1,7.274,NY,0
2016.0,PJM,Solar,50.0,0,9.273,VA,0
2016.0,PJM,Solar,20.0,2,1.218,VA,0
2016.0,West,Solar,300.0,2,1.771,CA,0
2016.0,Southeast,Solar,74.9,1,4.444,FL,0
2016.0,Southeast,Solar,74.5,1,4.671,FL,0
2016.0,PJM,Solar,49.9,1,8.304,OH,0
2016.0,PJM,Wind,67.2,2,5.944,PA,0
2016.0,PJM,Solar,49.9,1,8.304,OH,0
2016.0,PJM,Gas,20.0,1,1.61,MI,0
2016.0,SPP,Solar,100.0,2,0.485,TX,0
2016.0,SPP,Solar,100.0,2,4.192,TX,0
2016.0,Southeast,Solar,74.5,1,5.342,FL,0
2016.0,West,Solar,70.0,0,9.257,NV,0
2016.0,West,Solar,450.0,2,1.744,NM,0
2016.0,Southeast,Solar,20.0,2,0.244,AL,0
2016.0,PJM,Solar,60.0,1,4.504,VA,0
2016.0,Southeast,Solar,20.0,2,0.244,AL,0
2016.0,Southeast,Solar,20.0,2,0.684,AL,0
2016.0,PJM,Solar,1.6,2,0.047,NJ,0
2016.0,PJM,Solar,100.0,1,5.922,VA,0
2016.0,PJM,Solar,80.0,2,0.057,KY,0
2016.0,PJM,Solar,20.0,1,4.501,VA,0
2016.0,PJM,Battery,0.4,2,0.074,NJ,0
2016.0,PJM,Gas,180.0,2,0.517,PA,0
2016.0,West,Solar,95.0,0,9.251,UT,0
2016.0,PJM,Solar,80.0,1,8.925,KY,0
2016.0,PJM,Solar,48.0,0,9.248,OH,0
2016.0,PJM,Solar,176.0,1,6.812,OH,0
2016.0,ERCOT,Wind,160.0,1,4.934,TX,0
2016.0,PJM,Solar,62.5,1,7.948,VA,0
2016.0,PJM,Solar,400.0,1,7.885,OH,0
2016.0,SPP,Wind,303.6,1,5.265,OK,0
2016.0,West,Solar,150.0,2,3.526,CO,0
2016.0,West,Solar,50.0,2,3.537,CO,0
2016.0,ERCOT,Wind,44.0,0,9.243,TX,0
2016.0,ERCOT,Wind,44.0,0,9.243,TX,0
2016.0,Southeast,Solar,120.0,2,4.339,GA,0
2016.0,Southeast,Solar,80.0,2,0.115,GA,0
2016.0,Southeast,Solar,68.5,2,4.619,GA,0
2016.0,SPP,Wind,175.0,2,4.433,SD,0
2016.0,Southeast,Solar,19.5,2,1.076,AL,0
2016.0,Southeast,Solar,90.0,2,0.079,AL,0
2016.0,ERCOT,Solar,202.6,2,3.869,TX,0
2016.0,ERCOT,Solar,152.5,1,3.893,TX,0
2016.0,West,Wind,500.2,2,3.25,CO,0
2016.0,NYISO,Solar,20.0,0,9.235,NY,0
2016.0,ISO-NE,Solar,75.0,2,3.847,ME,0
2016.0,ERCOT,Solar,177.8,0,9.227,TX,0
2016.0,Southeast,Solar,42.5,2,0.794,GA,0
2016.0,SPP,Solar,70.0,2,3.918,NE,0
2016.0,Southeast,Solar,40.0,2,0.26,GA,0
2016.0,PJM,Solar,10.0,1,3.266,PA,0
2016.0,ERCOT,Wind,101.5,2,4.674,TX,0
2016.0,PJM,Solar,180.0,0,9.221,NC,0
2016.0,West,Solar,50.0,2,3.37,CO,0
2016.0,PJM,Battery,20.0,2,1.569,IN,0
2016.0,MISO,Wind,100.0,2,0.611,SD,0
2016.0,Southeast,Solar,39.2,2,0.101,AL,0
2016.0,Southeast,Solar,95.0,2,0.895,GA,0
2016.0,Southeast,Solar,75.0,2,1.878,GA,0
2016.0,PJM,Solar,150.0,1,7.951,OH,0
2016.0,PJM,Solar,4.0,2,0.747,NJ,0
2016.0,ISO-NE,Wind,93.6,2,1.484,ME,0
2016.0,NYISO,Solar,20.0,2,2.615,NY,0
2016.0,ERCOT,Wind,350.0,1,3.129,TX,0
2016.0,ERCOT,Wind,100.0,2,2.209,TX,0
2016.0,ERCOT,Solar,240.8,1,5.169,TX,0
2016.0,PJM,Solar,19.8,0,9.199,DE,0
2016.0,PJM,Solar,9.9,2,3.387,DE,0
2016.0,SPP,Wind,100.0,1,7.201,OK,0
2016.0,PJM,Solar,18.8,0,9.196,DE,0
2016.0,PJM,Gas,1277.0,2,0.345,OH,0
2016.0,PJM,Solar,19.8,0,9.196,DE,0
2016.0,West,Wind,101.0,2,5.481,WY,0
2016.0,PJM,Solar,15.9,0,9.196,DE,0
2016.0,PJM,Gas,1140.0,2,3.055,PA,0
2016.0,PJM,Solar,60.0,1,9.095,NC,0
2016.0,PJM,Solar,20.0,1,9.095,NC,0
2016.0,MISO,Wind,100.0,2,0.739,SD,0
2016.0,PJM,Gas,98.0,1,1.046,OH,0
2016.0,Southeast,Solar,80.0,2,3.899,AL,0
2016.0,MISO,Wind,200.0,2,2.79,SD,0
2016.0,MISO,Wind,100.0,2,0.739,SD,0
2016.0,ERCOT,Solar,200.0,2,2.609,TX,0
2016.0,PJM,Solar,19.8,2,1.032,NJ,0
2016.0,Southeast,Solar,45.0,2,0.731,AL,0
2016.0,PJM,Solar,50.0,0,9.183,KY,0
2016.0,Southeast,Solar,76.0,2,0.753,GA,0
2016.0,ERCOT,Solar,200.0,2,3.376,TX,0
2016.0,ERCOT,Solar,180.0,2,3.376,TX,0
2016.0,ERCOT,Solar,180.0,2,2.278,TX,0
2016.0,PJM,Gas,1050.0,2,5.736,OH,0
2016.0,ERCOT,Hybrid,301.3,1,7.436,TX,0
2016.0,PJM,Solar,50.0,0,9.18,KY,0
2016.0,PJM,Gas,100.0,1,2.905,PA,0
2016.0,PJM,Gas,30.0,1,3.836,IL,1
2016.0,PJM,Gas,30.0,1,6.508,IL,1
2016.0,PJM,Gas,36.0,1,3.836,IL,1
2016.0,PJM,Solar,51.0,1,6.171,VA,0
2016.0,PJM,Gas,1600.0,2,5.3,VA,0
2016.0,PJM,Battery,1.0,2,0.728,OH,0
2016.0,PJM,Battery,1.0,2,0.728,OH,0
2016.0,PJM,Solar,20.0,1,3.984,VA,0
2016.0,PJM,Solar,60.0,1,3.984,VA,0
2016.0,PJM,Solar,20.0,0,9.177,VA,0
2016.0,PJM,Battery,1.5,2,0.055,NJ,0
2016.0,PJM,Solar,20.0,2,4.315,VA,0
2016.0,PJM,Solar,14.9,2,1.172,VA,0
2016.0,PJM,Gas,20.0,1,4.827,IL,0
2016.0,PJM,Gas,20.0,1,4.605,IL,0
2016.0,PJM,Solar,17.0,1,1.78,VA,0
2016.0,PJM,Solar,20.0,1,2.125,VA,0
2016.0,PJM,Solar,12.5,2,6.604,VA,0
2016.0,PJM,Solar,2.0,2,0.019,KY,0
2016.0,PJM,Solar,1.9,2,0.019,KY,0
2016.0,PJM,Solar,2.5,2,0.085,KY,0
2016.0,PJM,Solar,102.0,2,1.008,MD,0
2016.0,PJM,Other,10.0,1,1.541,WV,0
2016.0,PJM,Gas,91.0,1,5.164,MI,0
2016.0,PJM,Solar,100.0,2,0.621,VA,0
2016.0,PJM,Gas,64.0,1,4.112,IL,0
2016.0,PJM,Solar,60.0,0,9.172,VA,0
2016.0,PJM,Solar,18.0,2,2.924,PA,0
2016.0,PJM,Other,6.0,2,0.096,DE,0
2016.0,PJM,Other,6.0,2,0.096,DE,0
2016.0,PJM,Other,6.0,2,0.383,MD,0
2016.0,PJM,Gas,5.0,1,1.769,OH,0
2016.0,PJM,Other,20.0,1,2.201,OH,0
2016.0,PJM,Gas,12.0,2,0.537,PA,0
2016.0,PJM,Gas,35.0,2,0.731,PA,0
2016.0,PJM,Gas,48.0,1,2.119,IL,0
2016.0,PJM,Wind,138.0,2,1.692,PA,0
2016.0,PJM,Wind,117.0,2,1.634,PA,0
2016.0,PJM,Solar,80.0,0,9.166,NC,0
2016.0,PJM,Solar,50.0,0,9.166,MD,0
2016.0,PJM,Solar,80.0,0,9.166,VA,0
2016.0,PJM,Solar,55.0,2,0.712,VA,0
2016.0,PJM,Solar,125.0,0,9.166,OH,0
2016.0,PJM,Wind,75.0,2,0.578,OH,0
2016.0,PJM,Gas,0.2,2,0.06,NJ,0
2016.0,PJM,Gas,0.2,2,2.089,NJ,0
2016.0,PJM,Gas,0.2,2,2.089,NJ,0
2016.0,PJM,Gas,0.2,2,2.089,NJ,0
2016.0,PJM,Gas,0.2,2,2.089,NJ,0
2016.0,PJM,Solar,45.0,2,1.708,OH,0
2016.0,PJM,Battery,1.0,2,1.424,MD,0
2016.0,PJM,Gas,0.2,2,2.031,NJ,0
2016.0,NYISO,Other,1.3,1,1.413,NY,0
2016.0,PJM,Other,4.0,2,2.571,MD,0
2016.0,PJM,Wind,58.7,2,3.688,OH,0
2016.0,PJM,Solar,100.0,1,4.898,IN,0
2016.0,PJM,Solar,100.0,1,4.898,IN,0
2016.0,PJM,Solar,60.0,2,9.199,VA,0
2016.0,PJM,Solar,85.0,2,1.629,OH,0
2016.0,PJM,Solar,50.0,1,4.95,VA,0
2016.0,PJM,Solar,15.0,2,0.517,VA,0
2016.0,PJM,Solar,20.0,1,5.396,VA,0
2016.0,PJM,Solar,50.0,2,1.372,IN,0
2016.0,PJM,Solar,85.0,2,0.06,OH,0
2016.0,PJM,Solar,200.0,2,0.06,OH,0
2016.0,PJM,Solar,20.0,2,2.894,PA,0
2016.0,PJM,Gas,50.0,1,3.034,IN,0
2016.0,PJM,Gas,1300.0,2,1.774,IL,0
2016.0,PJM,Solar,3.2,2,1.73,MD,0
2016.0,PJM,Solar,50.0,2,0.06,VA,0
2016.0,PJM,Solar,60.0,2,0.06,VA,0
2016.0,PJM,Solar,100.0,2,0.049,OH,0
2016.0,PJM,Solar,485.0,1,3.838,VA,0
2016.0,PJM,Gas,369.1,2,1.922,VA,0
2016.0,PJM,Solar,100.0,2,0.049,OH,0
2016.0,PJM,Solar,240.0,2,2.322,VA,0
2016.0,PJM,Solar,16.9,2,1.582,NC,0
2016.0,PJM,Solar,320.0,0,9.166,VA,0
2016.0,PJM,Wind,78.6,0,9.166,IL,0
2016.0,PJM,Solar,5.0,2,1.506,IL,0
2016.0,PJM,Battery,1.0,2,0.49,NJ,0
2016.0,PJM,Wind,79.1,2,5.963,IL,0
2016.0,PJM,Gas,50.0,1,3.034,IN,0
2016.0,PJM,Wind,75.9,1,3.403,OH,0
2016.0,PJM,Gas,0.2,2,2.089,NJ,0
2016.0,ISO-NE,Solar,150.0,2,4.78,ME,0
2016.0,PJM,Gas,0.2,2,2.089,NJ,0
2016.0,PJM,Hybrid,85.0,2,1.216,VA,0
2016.0,PJM,Gas,1200.9,1,5.503,IL,0
2016.0,PJM,Solar,70.0,2,1.016,PA,0
2016.0,PJM,Battery,19.9,2,4.126,OH,0
2016.0,PJM,Solar,5.3,2,4.561,MD,0
2016.0,PJM,Wind,79.4,1,4.055,IL,0
2016.0,PJM,Solar,10.0,2,2.097,DE,0
2016.0,PJM,Solar,10.3,2,0.047,NJ,0
2016.0,PJM,Solar,3.0,2,1.314,MD,0
2016.0,PJM,Solar,100.0,2,0.638,VA,0
2016.0,PJM,Solar,97.9,1,3.918,VA,0
2016.0,PJM,Solar,55.0,2,1.079,PA,0
2016.0,PJM,Battery,0.2,2,0.019,NJ,0
2016.0,PJM,Battery,0.2,2,0.019,NJ,0
2016.0,PJM,Solar,26.5,2,1.517,MD,0
2016.0,PJM,Wind,300.2,2,1.706,OH,0
2016.0,PJM,Wind,96.6,2,1.697,VA,0
2016.0,PJM,Wind,200.1,2,0.422,VA,0
2016.0,SPP,Wind,200.0,1,7.231,SD,0
2016.0,PJM,Solar,13.1,1,3.65,NJ,0
2016.0,PJM,Wind,78.0,2,0.096,VA,0
2016.0,PJM,Solar,70.0,0,9.164,OH,0
2016.0,PJM,Wind,50.8,2,1.692,PA,0
2016.0,PJM,Wind,179.4,2,0.096,VA,0
2016.0,SPP,Wind,227.7,2,3.699,NE,0
2016.0,PJM,Solar,3.0,2,0.227,MD,0
2016.0,PJM,Solar,10.0,2,0.227,DE,0
2016.0,PJM,Solar,20.0,2,1.673,IL,0
2016.0,PJM,Solar,49.9,0,9.164,OH,0
2016.0,PJM,Solar,80.0,0,9.164,NC,0
2016.0,PJM,Wind,300.2,2,0.096,OH,0
2016.0,SPP,Wind,400.0,2,0.424,KS,0
2016.0,MISO,Wind,100.0,2,0.715,ND,0
2016.0,MISO,Wind,200.1,1,3.658,MI,0
2016.0,PJM,Solar,49.9,1,8.208,OH,0
2016.0,PJM,Solar,49.9,1,8.208,OH,0
2016.0,PJM,Solar,29.2,1,8.186,VA,0
2016.0,PJM,Solar,240.0,1,8.104,VA,0
2016.0,NYISO,Solar,20.0,0,9.161,NY,0
2016.0,PJM,Solar,44.7,1,7.283,VA,0
2016.0,PJM,Solar,10.0,2,0.586,OH,0
2016.0,West,Solar,80.0,1,5.155,MT,0
2016.0,MISO,Wind,100.0,2,0.709,SD,0
2016.0,MISO,Wind,100.0,2,0.709,SD,0
2016.0,ERCOT,Wind,141.5,0,9.155,TX,0
2016.0,ERCOT,Wind,199.5,0,9.155,TX,0
2016.0,NYISO,Solar,20.0,2,1.643,NY,0
2016.0,West,Wind,640.0,2,3.162,CO,0
2016.0,West,Solar,20.0,0,9.147,UT,0
2016.0,SPP,Wind,250.0,2,1.774,OK,0
2016.0,Southeast,Solar,8.0,2,0.632,AL,0
2016.0,ERCOT,Hybrid,201.5,0,9.147,TX,0
2016.0,Southeast,Solar,62.5,2,0.29,AL,0
2016.0,SPP,Wind,250.0,2,0.411,TX,0
2016.0,Southeast,Solar,80.0,2,4.205,AL,0
2016.0,SPP,Wind,147.5,0,9.147,OK,0
2016.0,ISO-NE,Wind,800.0,0,9.144,MA,0
2016.0,ERCOT,Solar,400.0,2,2.919,TX,0
2016.0,MISO,Wind,200.0,2,2.415,IA,0
2016.0,MISO,Wind,200.0,2,2.415,IA,0
2016.0,Southeast,Solar,80.0,2,3.951,AL,0
2016.0,NYISO,Solar,20.0,2,1.725,NY,0
2016.0,Southeast,Solar,80.0,2,1.3,AL,0
2016.0,NYISO,Solar,20.0,0,9.144,NY,0
2016.0,Southeast,Solar,80.0,2,3.951,AL,0
2016.0,SPP,Wind,195.0,2,4.329,OK,0
2016.0,SPP,Wind,100.0,2,4.329,OK,0
2016.0,MISO,Solar,100.0,2,0.693,MN,0
2016.0,MISO,Gas,57.1,1,0.808,IL,0
2016.0,MISO,Solar,100.0,2,0.69,ND,0
2016.0,MISO,Wind,200.0,2,3.745,IN,0
2016.0,MISO,Wind,200.0,2,2.741,MN,0
2016.0,MISO,Wind,150.0,2,0.69,WI,0
2016.0,MISO,Solar,100.0,2,0.69,ND,0
2016.0,Southeast,Solar,10.0,2,0.052,AL,0
2016.0,Southeast,Solar,10.0,2,0.052,AL,0
2016.0,Southeast,Solar,17.0,2,0.427,AL,0
2016.0,Southeast,Solar,10.0,2,0.052,AL,0
2016.0,Southeast,Solar,10.0,2,0.052,AL,0
2016.0,Southeast,Solar,12.0,2,0.427,AL,0
2016.0,SPP,Wind,240.0,2,4.496,SD,0
2016.0,MISO,Wind,150.0,2,0.559,IL,0
2016.0,MISO,Wind,211.0,2,0.682,MN,0
2016.0,MISO,Battery,20.0,2,1.459,MI,0
2016.0,MISO,Wind,3.8,2,2.398,ND,0
2016.0,MISO,Wind,12.0,2,2.732,IA,0
2016.0,MISO,Wind,12.0,2,2.732,IA,0
2016.0,MISO,Solar,33.0,2,2.398,MN,0
2016.0,MISO,Solar,90.0,2,2.398,MN,0
2016.0,MISO,Solar,50.0,2,2.398,MN,0
2016.0,MISO,Wind,7.4,2,0.682,IA,0
2016.0,MISO,Wind,400.0,2,0.682,SD,0
2016.0,MISO,Wind,200.0,2,0.682,SD,0
2016.0,MISO,Wind,200.0,2,0.682,SD,0
2016.0,MISO,Wind,99.0,2,2.398,IA,0
2016.0,MISO,Wind,99.0,2,2.732,IA,0
2016.0,MISO,Wind,12.0,2,0.682,IL,0
2016.0,MISO,Wind,51.0,2,2.732,ND,0
2016.0,MISO,Wind,200.0,2,2.398,ND,0
2016.0,MISO,Wind,170.0,2,0.586,MN,0
2016.0,MISO,Solar,100.0,2,1.541,MO,0
2016.0,MISO,Solar,70.0,0,9.128,IN,0
2016.0,MISO,Solar,40.0,2,0.583,MN,0
2016.0,MISO,Solar,100.0,2,8.961,KY,0
2016.0,MISO,Wind,12.0,2,0.682,IA,0
2016.0,MISO,Wind,4.3,2,0.682,WI,0
2016.0,MISO,Solar,200.0,0,9.128,KY,0
2016.0,MISO,Wind,200.0,1,4.879,IA,0
2016.0,MISO,Wind,200.0,2,2.398,SD,0
2016.0,MISO,Wind,200.0,2,2.732,ND,0
2016.0,MISO,Wind,100.0,2,2.398,MN,0
2016.0,MISO,Wind,400.0,2,0.408,SD,0
2016.0,MISO,Wind,303.6,2,3.877,IN,0
2016.0,MISO,Wind,5.3,2,0.682,IA,0
2016.0,MISO,Wind,200.1,2,0.597,ND,0
2016.0,MISO,Wind,202.4,1,3.439,IL,0
2016.0,MISO,Wind,51.0,2,2.732,ND,0
2016.0,MISO,Solar,200.0,1,5.396,MI,0
2016.0,MISO,Solar,70.0,1,3.63,IN,0
2016.0,MISO,Gas,30.0,1,2.415,WI,0
2016.0,MISO,Wind,200.0,2,2.398,MN,0
2016.0,MISO,Wind,303.6,1,4.961,IL,0
2016.0,MISO,Wind,100.0,1,2.886,MI,0
2016.0,West,Solar,48.0,2,5.796,UT,0
2016.0,West,Solar,87.0,2,6.322,UT,0
2016.0,ERCOT,Solar,150.5,1,6.897,TX,0
2016.0,Southeast,Solar,80.0,2,0.635,AL,0
2016.0,Southeast,Solar,80.0,2,0.635,AL,0
2016.0,West,Solar,178.0,0,9.125,UT,0
2016.0,Southeast,Solar,35.0,2,0.474,AL,0
2016.0,SPP,Wind,120.0,2,0.671,MT,0
2016.0,SPP,Wind,400.0,2,4.189,NE,0
2016.0,Southeast,Solar,215.0,2,1.593,GA,0
2016.0,Southeast,Solar,60.0,2,0.444,GA,0
2016.0,SPP,Wind,427.8,2,4.476,NE,0
2016.0,SPP,Wind,100.0,2,0.372,KS,0
2016.0,SPP,Battery,20.0,0,9.109,KS,0
2016.0,SPP,Wind,200.0,2,2.155,ND,0
2016.0,SPP,Wind,141.8,2,4.044,OK,0
2016.0,SPP,Wind,200.1,2,4.041,OK,0
2016.0,SPP,Solar,110.0,0,9.106,NM,0
2016.0,SPP,Wind,102.0,2,4.041,NE,0
2016.0,Southeast,Solar,147.0,0,9.106,TN,0
2016.0,Southeast,Solar,250.0,2,0.266,GA,0
2016.0,West,Solar,51.8,2,3.121,CO,0
2016.0,Southeast,Solar,180.0,2,0.268,GA,0
2016.0,Southeast,Solar,40.0,2,0.345,GA,0
2016.0,Southeast,Solar,200.0,2,0.441,GA,0
2016.0,SPP,Wind,231.0,2,4.471,TX,0
2016.0,Southeast,Solar,40.0,2,0.263,GA,0
2016.0,Southeast,Solar,240.0,2,1.585,GA,0
2016.0,Southeast,Solar,20.0,2,0.493,GA,0
2016.0,SPP,Wind,50.0,2,0.356,TX,0
2016.0,SPP,Solar,42.0,2,3.973,KS,0
2016.0,SPP,Solar,100.0,2,0.507,OK,0
2016.0,Southeast,Solar,80.0,2,0.479,AL,0
2016.0,SPP,Gas,540.0,2,0.249,OK,0
2016.0,SPP,Wind,187.5,0,9.087,OK,0
2016.0,SPP,Wind,187.5,0,9.087,OK,0
2016.0,SPP,Wind,350.0,0,9.087,OK,0
2016.0,SPP,Wind,100.0,2,3.88,OK,0
2016.0,SPP,Wind,75.0,2,3.88,OK,0
2016.0,SPP,Wind,187.5,0,9.087,OK,0
2016.0,SPP,Wind,100.0,0,9.087,OK,0
2016.0,SPP,Wind,75.0,2,3.88,OK,0
2016.0,SPP,Wind,175.0,2,3.88,OK,0
2016.0,SPP,Wind,175.0,2,3.88,OK,0
2016.0,SPP,Wind,350.0,0,9.087,OK,0
2016.0,SPP,Wind,187.5,0,9.087,OK,0
2016.0,SPP,Wind,175.0,0,9.087,OK,0
2016.0,SPP,Solar,73.5,0,9.087,LA,1
2016.0,SPP,Solar,35.0,2,3.228,AR,0
2016.0,West,Solar,30.0,2,3.578,CO,0
2016.0,SPP,Wind,175.0,0,9.087,OK,0
2016.0,West,Solar,150.0,2,3.619,CO,0
2016.0,SPP,Wind,134.0,1,8.512,KS,0
2016.0,SPP,Solar,260.0,2,1.7,NM,0
2016.0,SPP,Solar,20.0,2,1.651,MO,0
2016.0,SPP,Wind,202.0,2,2.762,NE,0
2016.0,SPP,Wind,7.9,2,3.261,SD,0
2016.0,SPP,Wind,252.0,2,5.673,KS,0
2016.0,SPP,Wind,252.0,2,5.673,KS,0
2016.0,SPP,Wind,3.0,2,4.372,TX,0
2016.0,SPP,Wind,252.0,2,6.823,KS,0
2016.0,SPP,Wind,150.0,2,1.577,OK,0
2016.0,SPP,Wind,302.0,1,7.017,KS,0
2016.0,SPP,Wind,252.0,2,6.823,KS,0
2016.0,SPP,Wind,302.0,1,7.017,KS,0
2016.0,SPP,Wind,202.0,1,4.06,ND,0
2016.0,SPP,Wind,102.0,2,2.13,ND,0
2016.0,SPP,Wind,1.3,2,3.258,ND,0
2016.0,SPP,Wind,150.0,2,3.376,TX,0
2016.0,SPP,Wind,6.1,1,3.513,OK,0
2016.0,SPP,Wind,302.0,1,3.967,KS,0
2016.0,Southeast,Solar,20.0,2,1.916,AL,0
2016.0,Southeast,Solar,16.5,2,0.597,AL,0
2016.0,Southeast,Solar,20.0,2,1.916,AL,0
2016.0,SPP,Wind,152.0,2,4.156,WY,0
2016.0,SPP,Wind,302.0,0,9.084,KS,0
2016.0,SPP,Wind,220.0,2,4.222,KS,0
2016.0,SPP,Wind,155.0,2,3.376,KS,0
2016.0,SPP,Wind,300.0,1,4.252,MO,0
2016.0,SPP,Wind,320.0,2,0.578,NE,0
2016.0,SPP,Solar,40.0,0,9.084,NE,0
2016.0,SPP,Wind,288.0,1,4.778,OK,0
2016.0,SPP,Wind,400.0,2,3.376,TX,0
2016.0,SPP,Wind,225.0,2,4.219,KS,0
2016.0,SPP,Wind,298.0,1,4.085,NM,0
2016.0,SPP,Wind,150.0,1,4.085,NM,0
2016.0,SPP,Wind,74.0,1,4.085,NM,0
2016.0,SPP,Wind,172.5,1,4.983,OK,0
2016.0,SPP,Wind,176.0,0,9.084,OK,0
2016.0,SPP,Wind,132.0,2,3.321,OK,0
2016.0,SPP,Wind,202.0,1,8.074,ND,0
2016.0,SPP,Solar,64.0,2,3.896,NM,0
2016.0,SPP,Wind,600.0,0,9.084,OK,0
2016.0,SPP,Wind,2.5,1,4.901,OK,0
2016.0,Southeast,Solar,143.0,2,5.5,GA,0
2016.0,PJM,Hybrid,0.6,1,0.882,NJ,0
2016.0,NYISO,Solar,15.0,2,5.325,NY,0
2016.0,NYISO,Solar,18.0,0,9.079,NY,0
2016.0,NYISO,Solar,20.0,0,9.079,NY,0
2016.0,Southeast,Solar,52.0,2,5.205,GA,0
2016.0,NYISO,Solar,20.0,0,9.079,NY,0
2016.0,PJM,Other,6.0,2,0.298,DE,0
2016.0,West,Other,450.0,0,9.07,MT,0
2016.0,PJM,Other,6.0,2,0.298,DE,0
2016.0,West,Wind,400.0,0,9.07,WY,0
2016.0,Southeast,Solar,100.0,2,1.525,GA,0
2016.0,Southeast,Solar,57.0,2,5.489,GA,0
2016.0,Southeast,Solar,60.0,2,0.616,AL,0
2016.0,West,Hybrid,525.0,0,9.062,UT,1
2016.0,Southeast,Solar,25.0,2,0.214,AL,0
2016.0,Southeast,Solar,74.9,2,0.594,FL,0
2016.0,Southeast,Solar,70.4,2,0.304,GA,0
2016.0,West,Hybrid,80.0,0,9.06,MT,0
2016.0,Southeast,Solar,125.0,2,0.504,GA,0
2016.0,Southeast,Solar,30.0,2,0.101,GA,0
2016.0,Southeast,Solar,74.9,2,1.925,GA,0
2016.0,Southeast,Solar,75.0,2,0.709,GA,0
2016.0,Southeast,Solar,74.9,1,2.998,FL,0
2016.0,ERCOT,Solar,43.0,2,6.845,TX,0
2016.0,ISO-NE,Wind,376.2,2,1.298,ME,0
2016.0,ERCOT,Solar,226.7,1,4.999,TX,0
2016.0,Southeast,Solar,9.5,0,9.043,NC,0
2016.0,SPP,Wind,302.0,1,4.975,KS,0
2016.0,ERCOT,Solar,143.6,1,6.798,TX,0
2016.0,ERCOT,Solar,98.0,1,6.798,TX,0
2016.0,West,Solar,51.8,2,3.047,CO,0
2016.0,West,Solar,51.8,2,3.044,CO,1
2016.0,MISO,Battery,10.0,2,0.583,MI,0
2016.0,PJM,Solar,118.0,1,6.998,VA,0
2016.0,Southeast,Solar,74.5,1,8.736,FL,0
2016.0,Southeast,Solar,74.5,0,9.027,FL,0
2016.0,ERCOT,Hybrid,100.7,0,9.027,TX,0
2016.0,Southeast,Solar,49.9,2,1.035,GA,0
2016.0,Southeast,Solar,40.1,2,0.441,GA,0
2016.0,Southeast,Solar,35.0,2,0.958,GA,0
2016.0,Southeast,Solar,80.0,2,0.479,FL,0
2016.0,West,Other,450.0,0,9.027,MT,0
2016.0,Southeast,Solar,74.5,1,7.28,FL,0
2016.0,Southeast,Solar,71.4,2,4.786,GA,0
2016.0,Southeast,Solar,80.0,2,4.605,AL,0
2016.0,Southeast,Solar,74.5,1,7.305,FL,0
2016.0,Southeast,Solar,23.0,2,0.225,AL,0
2016.0,Southeast,Solar,81.8,2,0.438,AL,0
2016.0,Southeast,Solar,59.5,2,0.438,AL,0
2016.0,ERCOT,Solar,152.3,2,7.165,TX,0
2016.0,Southeast,Solar,54.0,2,0.394,AL,0
2016.0,NYISO,Solar,20.0,2,0.337,NY,0
2016.0,PJM,Solar,27.5,2,0.074,MD,0
2016.0,PJM,Solar,32.5,2,0.074,MD,0
2016.0,PJM,Solar,117.0,0,9.005,OH,0
2016.0,NYISO,Battery,100.0,2,4.671,NY,0
2016.0,NYISO,Battery,60.0,2,6.089,NY,0
2016.0,SPP,Wind,250.0,2,3.937,NE,0
2017.0,PJM,Gas,20.0,1,3.113,OH,0
2017.0,PJM,Nuclear,11.1,1,6.092,MD,0
2017.0,NYISO,Wind,339.1,0,8.988,NY,0
2017.0,Southeast,Solar,80.0,2,1.467,GA,0
2017.0,Southeast,Solar,83.0,2,4.969,GA,0
2017.0,Southeast,Solar,80.0,2,0.72,MS,0
2017.0,West,Other,850.0,2,2.311,CA,0
2017.0,West,Solar,75.0,0,8.972,UT,0
2017.0,NYISO,Solar,20.0,2,0.298,NY,0
2017.0,NYISO,Solar,20.0,2,2.294,NY,0
2017.0,Southeast,Solar,30.0,2,0.591,GA,0
2017.0,Southeast,Solar,74.9,2,0.044,GA,0
2017.0,Southeast,Solar,46.0,2,2.303,GA,0
2017.0,Southeast,Solar,74.9,2,0.611,GA,0
2017.0,West,Wind,130.0,0,8.953,,0
2017.0,West,Solar,50.0,2,3.324,CO,0
2017.0,Southeast,Solar,74.9,2,5.654,GA,0
2017.0,West,Solar,150.0,2,2.965,CO,1
2017.0,PJM,Gas,60.0,1,0.698,MD,0
2017.0,West,Hybrid,300.0,0,8.947,CA,0
2017.0,PJM,Solar,10.0,2,0.479,OH,0
2017.0,PJM,Solar,20.0,2,1.536,OH,0
2017.0,NYISO,Gas,4.0,2,1.944,NY,0
2017.0,West,Solar,100.0,2,2.96,CO,0
2017.0,SPP,Gas,17.0,1,4.509,TX,0
2017.0,PJM,Other,15.0,2,3.622,MD,0
2017.0,PJM,Solar,100.0,2,0.767,VA,0
2017.0,PJM,Solar,45.8,0,8.931,MD,0
2017.0,PJM,Solar,1.2,2,1.01,NJ,0
2017.0,PJM,Gas,1140.0,2,0.17,PA,0
2017.0,ERCOT,Solar,100.0,0,8.931,TX,0
2017.0,ERCOT,Solar,250.0,1,2.834,TX,0
2017.0,West,Solar,50.0,2,3.203,CO,0
2017.0,West,Solar,54.3,0,8.928,CO,0
2017.0,ERCOT,Wind,201.6,1,4.372,TX,0
2017.0,Southeast,Solar,20.0,2,1.969,GA,0
2017.0,West,Solar,10.0,0,8.928,NM,0
2017.0,Southeast,Solar,160.0,2,5.752,GA,0
2017.0,Southeast,Solar,52.0,2,1.279,GA,0
2017.0,Southeast,Solar,176.0,2,0.569,GA,0
2017.0,Southeast,Solar,68.5,2,1.867,GA,0
2017.0,West,Solar,80.0,0,8.925,CO,0
2017.0,Southeast,Solar,100.0,2,2.144,GA,0
2017.0,Southeast,Solar,110.5,2,6.382,GA,0
2017.0,Southeast,Solar,130.5,2,0.222,GA,0
2017.0,Southeast,Solar,48.0,2,0.088,GA,0
2017.0,ERCOT,Solar,180.0,0,8.92,TX,0
2017.0,ERCOT,Solar,360.0,2,3.116,TX,0
2017.0,West,Wind,300.0,2,5.251,NM,0
2017.0,PJM,Solar,50.0,2,0.6,OH,0
2017.0,NYISO,Solar,50.0,2,0.331,NY,0
2017.0,PJM,Solar,10.0,2,0.465,OH,0
2017.0,West,Solar,50.0,0,8.914,NM,0
2017.0,SPP,Solar,21.6,2,0.786,AR,0
2017.0,West,Solar,50.0,0,8.914,NM,0
2017.0,PJM,Solar,10.0,2,0.194,OH,0
2017.0,West,Solar,140.0,0,8.914,NM,0
2017.0,West,Solar,50.0,0,8.914,NM,0
2017.0,SPP,Solar,21.6,2,0.786,AR,0
2017.0,Southeast,Solar,90.4,2,0.227,GA,0
2017.0,Southeast,Solar,38.0,2,0.071,GA,0
2017.0,PJM,Solar,70.0,0,8.909,OH,0
2017.0,Southeast,Solar,78.0,2,0.339,AL,0
2017.0,Southeast,Solar,78.0,2,0.339,AL,0
2017.0,PJM,Solar,200.0,2,0.704,OH,0
2017.0,PJM,Solar,49.0,2,2.059,OH,0
2017.0,PJM,Solar,20.0,2,2.1,OH,0
2017.0,PJM,Solar,20.0,2,0.249,OH,0
2017.0,PJM,Solar,20.0,2,2.645,OH,0
2017.0,PJM,Solar,43.0,2,0.249,OH,0
2017.0,PJM,Solar,49.0,2,0.704,OH,0
2017.0,NYISO,Solar,7.5,2,1.32,NY,0
2017.0,PJM,Solar,100.0,2,0.704,OH,0
2017.0,PJM,Solar,100.0,2,0.665,OH,0
2017.0,PJM,Solar,20.0,2,0.838,OH,0
2017.0,ERCOT,Solar,120.0,2,3.127,TX,0
2017.0,CAISO,Gas,18.0,1,0.693,CA,0
2017.0,PJM,Solar,50.0,2,1.602,OH,0
2017.0,PJM,Solar,20.0,0,8.895,OH,0
2017.0,NYISO,Solar,20.0,2,0.476,NY,0
2017.0,PJM,Solar,10.0,2,3.389,OH,0
2017.0,NYISO,Solar,10.0,2,0.476,NY,0
2017.0,NYISO,Solar,20.0,2,0.476,NY,0
2017.0,Southeast,Solar,60.0,2,5.719,GA,0
2017.0,PJM,Solar,63.0,2,0.63,OH,0
2017.0,PJM,Solar,18.3,2,0.704,OH,0
2017.0,NYISO,Solar,20.0,2,0.134,NY,0
2017.0,NYISO,Solar,20.0,2,2.382,NY,0
2017.0,PJM,Solar,10.0,2,5.374,NJ,0
2017.0,PJM,Solar,49.0,2,0.671,OH,0
2017.0,PJM,Solar,60.0,2,5.911,OH,0
2017.0,West,Solar,50.0,2,3.162,CO,0
2017.0,West,Solar,50.0,2,3.187,CO,0
2017.0,West,Solar,50.0,2,0.969,CO,0
2017.0,PJM,Solar,10.0,2,0.107,OH,0
2017.0,PJM,Solar,47.5,2,4.183,OH,0
2017.0,PJM,Solar,10.0,2,0.208,OH,0
2017.0,PJM,Solar,20.0,2,6.817,PA,0
2017.0,ERCOT,Wind,500.0,2,1.843,TX,0
2017.0,PJM,Solar,20.0,2,0.216,OH,0
2017.0,PJM,Solar,127.0,1,5.843,OH,0
2017.0,ERCOT,Solar,50.0,1,5.243,TX,0
2017.0,PJM,Solar,20.0,2,0.63,VA,0
2017.0,PJM,Solar,16.4,2,0.4,OH,0
2017.0,NYISO,Solar,20.0,2,2.363,NY,0
2017.0,PJM,Solar,117.0,1,8.329,OH,0
2017.0,West,Solar,80.0,2,2.883,CO,0
2017.0,PJM,Solar,100.0,1,8.003,OH,0
2017.0,ERCOT,Solar,255.0,1,3.967,TX,0
2017.0,Southeast,Solar,74.9,2,0.602,FL,0
2017.0,ERCOT,Solar,120.0,1,4.616,TX,0
2017.0,West,Wind,500.0,0,8.857,WA,0
2017.0,PJM,Solar,115.0,2,2.793,OH,0
2017.0,NYISO,Solar,20.0,2,0.35,NY,0
2017.0,PJM,Solar,100.0,2,0.063,NC,0
2017.0,PJM,Solar,55.0,2,0.613,OH,0
2017.0,Southeast,Solar,135.0,2,0.301,GA,0
2017.0,West,Wind,104.0,1,3.521,CO,0
2017.0,PJM,Solar,75.0,1,3.814,OH,0
2017.0,PJM,Solar,20.0,0,8.841,OH,0
2017.0,PJM,Solar,20.0,2,3.901,VA,1
2017.0,PJM,Solar,20.0,2,2.571,VA,0
2017.0,PJM,Solar,15.6,2,3.901,VA,0
2017.0,ERCOT,Solar,225.0,2,4.025,TX,0
2017.0,Southeast,Solar,250.0,2,0.925,GA,0
2017.0,PJM,Solar,20.0,2,3.901,VA,0
2017.0,PJM,Solar,13.0,2,3.901,VA,0
2017.0,Southeast,Solar,40.0,2,0.925,GA,0
2017.0,West,Hybrid,300.0,0,8.841,MT,0
2017.0,PJM,Solar,49.9,0,8.841,OH,0
2017.0,PJM,Solar,60.0,2,0.537,KY,0
2017.0,West,Solar,150.0,2,2.856,CO,1
2017.0,PJM,Gas,20.0,2,2.42,PA,0
2017.0,PJM,Gas,19.9,2,1.645,PA,0
2017.0,PJM,Solar,20.0,1,8.512,KY,0
2017.0,PJM,Solar,60.0,2,3.948,VA,0
2017.0,PJM,Wind,200.0,2,4.142,IN,0
2017.0,PJM,Solar,100.0,2,0.085,IN,0
2017.0,PJM,Solar,100.0,2,0.066,VA,0
2017.0,PJM,Solar,18.2,2,2.059,VA,0
2017.0,PJM,Solar,20.0,2,1.339,OH,0
2017.0,PJM,Solar,20.0,2,0.112,OH,0
2017.0,PJM,Solar,85.0,2,2.877,OH,0
2017.0,West,Solar,20.0,2,0.794,NM,0
2017.0,PJM,Solar,20.0,2,3.595,NC,0
2017.0,PJM,Solar,85.0,2,1.265,VA,1
2017.0,PJM,Gas,65.0,1,5.906,PA,0
2017.0,West,Wind,250.0,0,8.835,WA,0
2017.0,Southeast,Solar,86.0,0,8.835,KY,0
2017.0,PJM,Solar,70.0,1,6.823,OH,0
2017.0,PJM,Solar,675.0,2,1.344,NC,0
2017.0,Southeast,Solar,60.0,2,0.761,GA,0
2017.0,PJM,Solar,60.0,1,8.736,NC,0
2017.0,PJM,Solar,85.0,0,8.83,VA,0
2017.0,PJM,Solar,99.9,2,0.652,VA,0
2017.0,ERCOT,Solar,128.5,0,8.821,TX,0
2017.0,Southeast,Solar,20.0,2,0.868,GA,0
2017.0,PJM,Solar,100.0,1,7.784,IN,0
2017.0,ISO-NE,Solar,20.0,2,0.211,CT,0
2017.0,ISO-NE,Solar,30.0,2,0.424,NH,0
2017.0,West,Solar,500.0,2,2.834,CO,0
2017.0,PJM,Solar,10.0,2,0.093,OH,0
2017.0,West,Solar,77.0,2,1.339,CA,0
2017.0,Southeast,Solar,200.0,2,0.903,GA,0
2017.0,PJM,Solar,20.0,2,0.841,VA,0
2017.0,PJM,Solar,20.0,2,0.841,VA,0
2017.0,ERCOT,Wind,449.5,1,4.312,TX,0
2017.0,ERCOT,Wind,32.0,0,8.813,TX,0
2017.0,PJM,Other,3.0,2,0.501,OH,0
2017.0,Southeast,Solar,20.0,2,0.778,GA,0
2017.0,Southeast,Solar,80.0,2,5.177,GA,0
2017.0,PJM,Solar,100.0,2,0.476,VA,0
2017.0,PJM,Wind,500.2,2,2.661,OH,0
2017.0,PJM,Wind,297.7,0,8.81,OH,0
2017.0,PJM,Solar,80.0,2,3.099,VA,0
2017.0,PJM,Solar,32.5,2,3.734,MD,0
2017.0,Southeast,Solar,79.5,2,1.429,AL,0
2017.0,Southeast,Solar,79.5,2,1.429,AL,0
2017.0,PJM,Solar,50.0,1,6.448,VA,0
2017.0,PJM,Solar,100.0,2,0.753,OH,0
2017.0,PJM,Solar,100.0,2,2.037,VA,0
2017.0,PJM,Solar,100.0,2,0.049,NC,0
2017.0,PJM,Solar,100.0,2,0.044,VA,0
2017.0,PJM,Solar,20.0,0,8.799,VA,0
2017.0,Southeast,Solar,19.3,2,0.367,AL,0
2017.0,Southeast,Solar,19.3,2,0.367,AL,0
2017.0,ERCOT,Hybrid,120.7,0,8.797,TX,0
2017.0,ERCOT,Solar,321.2,0,8.797,TX,0
2017.0,West,Wind,1.5,1,0.753,MT,0
2017.0,Southeast,Solar,40.0,2,0.115,GA,0
2017.0,West,Solar,9.0,2,6.086,NM,0
2017.0,PJM,Solar,80.0,0,8.794,OH,0
2017.0,PJM,Solar,150.0,2,7.532,VA,0
2017.0,PJM,Solar,20.0,2,1.561,VA,0
2017.0,West,Solar,100.0,0,8.783,NV,0
2017.0,Southeast,Gas,1191.0,1,5.199,FL,1
2017.0,PJM,Solar,49.9,2,0.485,KY,0
2017.0,PJM,Gas,40.0,1,4.435,IL,0
2017.0,PJM,Gas,7.0,1,4.43,IL,0
2017.0,PJM,Gas,46.0,1,6.628,IL,0
2017.0,PJM,Gas,1200.0,2,0.422,PA,0
2017.0,Southeast,Solar,60.0,2,0.745,GA,0
2017.0,Southeast,Solar,40.0,2,0.079,GA,0
2017.0,PJM,Solar,25.0,2,0.46,WV,0
2017.0,PJM,Solar,150.0,2,0.613,VA,0
2017.0,NYISO,Solar,20.0,2,2.103,NY,0
2017.0,PJM,Solar,50.0,2,1.717,PA,0
2017.0,PJM,Solar,27.5,1,6.248,MD,0
2017.0,PJM,Gas,20.0,1,1.448,VA,0
2017.0,PJM,Gas,11.0,2,1.733,VA,0
2017.0,PJM,Other,14.0,1,1.771,VA,0
2017.0,PJM,Gas,19.0,2,2.051,VA,0
2017.0,PJM,Gas,14.3,2,1.733,VA,0
2017.0,PJM,Gas,19.0,2,2.051,VA,0
2017.0,PJM,Gas,19.0,1,2.146,VA,0
2017.0,PJM,Gas,19.0,1,2.146,VA,0
2017.0,PJM,Solar,50.0,2,1.656,OH,0
2017.0,PJM,Gas,19.0,2,2.051,VA,0
2017.0,PJM,Solar,75.0,1,8.025,VA,0
2017.0,ERCOT,Solar,147.6,1,4.534,TX,0
2017.0,NYISO,Solar,20.0,2,0.26,NY,0
2017.0,Southeast,Solar,117.5,0,8.764,GA,0
2017.0,NYISO,Solar,180.0,0,8.764,NY,0
2017.0,NYISO,Solar,50.0,0,8.764,NY,0
2017.0,ERCOT,Solar,137.4,1,5.58,TX,0
2017.0,NYISO,Solar,20.0,2,3.598,NY,0
2017.0,PJM,Solar,9.0,2,0.578,NJ,0
2017.0,PJM,Solar,20.0,2,0.233,VA,0
2017.0,PJM,Solar,18.8,1,3.737,VA,0
2017.0,PJM,Solar,10.8,1,3.737,VA,0
2017.0,PJM,Gas,0.2,2,1.629,NJ,0
2017.0,PJM,Battery,0.2,2,3.97,NJ,0
2017.0,PJM,Solar,3.0,2,0.63,NJ,0
2017.0,PJM,Solar,10.0,2,1.035,IL,0
2017.0,PJM,Solar,10.0,2,1.035,IL,0
2017.0,PJM,Solar,20.0,2,0.862,IL,0
2017.0,PJM,Gas,129.7,1,4.011,PA,0
2017.0,PJM,Battery,0.2,2,3.97,NJ,0
2017.0,PJM,Solar,50.0,2,0.008,IN,0
2017.0,PJM,Solar,20.0,2,1.172,IL,0
2017.0,PJM,Solar,20.0,2,0.862,IL,0
2017.0,PJM,Solar,20.0,2,2.894,IL,0
2017.0,PJM,Solar,20.0,2,1.27,IL,0
2017.0,PJM,Solar,65.0,2,0.597,NC,0
2017.0,PJM,Solar,80.0,2,0.597,NC,0
2017.0,PJM,Solar,1.9,2,0.446,MD,0
2017.0,West,Hybrid,250.0,0,8.758,AZ,0
2017.0,PJM,Solar,20.0,2,4.101,IL,0
2017.0,PJM,Solar,11.8,0,8.758,MD,0
2017.0,PJM,Solar,20.0,2,1.437,VA,0
2017.0,ERCOT,Wind,222.5,2,3.447,TX,0
2017.0,ERCOT,Wind,236.9,2,3.447,TX,0
2017.0,PJM,Wind,100.0,2,0.383,WV,0
2017.0,PJM,Solar,20.0,2,1.451,VA,0
2017.0,PJM,Solar,50.0,0,8.758,IL,0
2017.0,PJM,Solar,17.5,2,0.003,VA,0
2017.0,PJM,Solar,200.0,0,8.758,IN,0
2017.0,Southeast,Solar,80.0,2,5.344,GA,0
2017.0,PJM,Solar,50.0,2,0.225,VA,0
2017.0,PJM,Solar,40.0,2,1.489,IL,0
2017.0,PJM,Solar,240.0,0,8.756,VA,0
2017.0,PJM,Solar,90.0,2,0.539,IL,0
2017.0,PJM,Solar,29.0,2,0.4,OH,0
2017.0,PJM,Solar,4.1,2,0.088,NJ,0
2017.0,PJM,Solar,11.7,1,6.248,PA,0
2017.0,West,Solar,170.0,2,1.916,TX,0
2017.0,PJM,Solar,99.9,0,8.756,VA,0
2017.0,PJM,Wind,200.0,2,4.214,IN,0
2017.0,PJM,Gas,57.0,2,0.282,WV,0
2017.0,PJM,Solar,1.6,1,4.602,NJ,0
2017.0,PJM,Solar,16.7,2,3.86,VA,0
2017.0,PJM,Solar,16.2,2,0.608,NC,0
2017.0,PJM,Solar,56.0,2,0.413,OH,0
2017.0,PJM,Wind,130.0,1,3.433,IN,0
2017.0,PJM,Gas,12.0,2,2.639,VA,0
2017.0,PJM,Solar,20.0,0,8.753,DE,0
2017.0,PJM,Solar,20.0,2,0.085,DE,0
2017.0,West,Solar,100.0,0,8.753,AZ,1
2017.0,PJM,Other,9.6,2,0.46,DE,0
2017.0,PJM,Other,9.6,2,0.46,DE,0
2017.0,PJM,Other,11.6,2,1.046,MD,0
2017.0,PJM,Solar,20.0,0,8.753,DE,0
2017.0,PJM,Solar,20.0,0,8.75,DE,0
2017.0,PJM,Solar,20.0,0,8.75,DE,0
2017.0,PJM,Solar,10.0,0,8.75,DE,0
2017.0,PJM,Solar,10.0,2,6.91,VA,0
2017.0,PJM,Solar,100.0,0,8.75,OH,0
2017.0,ERCOT,Wind,208.8,1,4.145,TX,0
2017.0,PJM,Gas,0.2,2,1.175,NJ,0
2017.0,PJM,Gas,0.2,2,0.162,NJ,0
2017.0,PJM,Gas,0.2,2,1.175,NJ,0
2017.0,PJM,Gas,0.2,2,1.175,NJ,0
2017.0,PJM,Gas,0.2,2,1.175,NJ,0
2017.0,ERCOT,Wind,336.0,1,5.681,TX,0
2017.0,PJM,Gas,0.2,2,1.175,NJ,0
2017.0,PJM,Gas,0.2,2,1.175,NJ,0
2017.0,PJM,Gas,0.2,2,0.564,NJ,0
2017.0,PJM,Gas,0.2,2,1.175,NJ,0
2017.0,PJM,Gas,0.2,2,1.175,NJ,0
2017.0,PJM,Gas,0.2,2,1.175,NJ,0
2017.0,PJM,Gas,0.2,2,1.175,NJ,0
2017.0,Southeast,Wind,18.0,0,8.742,MO,0
2017.0,ERCOT,Wind,51.0,1,4.32,TX,0
2017.0,NYISO,Solar,20.0,2,0.235,NY,0
2017.0,ISO-NE,Gas,8.0,2,0.307,NH,0
2017.0,ISO-NE,Other,880.0,2,2.801,MA,0
2017.0,ISO-NE,Other,2.2,2,0.63,CT,0
2017.0,West,Hybrid,45.0,0,8.736,UT,0
2017.0,PJM,Solar,40.0,0,8.736,IL,0
2017.0,Southeast,Solar,167.0,2,1.029,GA,0
2017.0,Southeast,Solar,20.0,2,0.17,GA,0
2017.0,ERCOT,Wind,233.9,0,8.723,TX,0
2017.0,Southeast,Solar,106.7,2,0.602,GA,0
2017.0,NYISO,Solar,150.0,2,5.807,NY,0
2017.0,ERCOT,Wind,234.5,0,8.723,TX,0
2017.0,NYISO,Solar,20.0,2,1.465,NY,0
2017.0,NYISO,Other,20.0,2,0.211,NY,0
2017.0,Southeast,Solar,74.5,1,4.715,FL,0
2017.0,West,Wind,170.0,0,8.715,CO,0
2017.0,SPP,Wind,190.0,2,1.008,OK,0
2017.0,SPP,Wind,190.0,1,4.665,KS,0
2017.0,SPP,Wind,302.0,1,4.047,KS,0
2017.0,SPP,Wind,201.6,0,8.715,KS,0
2017.0,Southeast,Solar,74.5,2,2.045,FL,0
2017.0,SPP,Wind,73.6,2,3.559,NE,0
2017.0,SPP,Wind,297.5,2,4.148,NM,0
2017.0,SPP,Solar,305.0,2,4.148,NE,0
2017.0,SPP,Wind,200.1,1,8.679,ND,0
2017.0,Southeast,Solar,150.0,2,0.504,GA,0
2017.0,NYISO,Solar,20.0,2,0.372,NY,0
2017.0,NYISO,Solar,20.0,2,0.203,NY,0
2017.0,ERCOT,Gas,100.0,1,4.739,TX,0
2017.0,ERCOT,Solar,216.0,2,3.373,TX,0
2017.0,Southeast,Solar,120.2,2,1.377,GA,0
2017.0,Southeast,Solar,90.5,2,0.137,GA,0
2017.0,Southeast,Hybrid,200.0,0,8.701,GA,0
2017.0,Southeast,Solar,20.0,2,1.958,GA,0
2017.0,Southeast,Solar,20.0,2,1.958,GA,0
2017.0,Southeast,Solar,20.0,2,1.958,GA,0
2017.0,Southeast,Solar,15.0,2,1.758,GA,0
2017.0,Southeast,Solar,58.8,2,6.048,GA,0
2017.0,Southeast,Solar,20.0,2,1.958,GA,0
2017.0,Southeast,Solar,54.2,2,1.818,FL,0
2017.0,Southeast,Solar,69.9,2,0.871,GA,0
2017.0,Southeast,Solar,248.5,2,0.646,GA,0
2017.0,Southeast,Solar,80.0,2,0.287,GA,0
2017.0,PJM,Solar,150.0,2,4.819,OH,0
2017.0,ERCOT,Gas,100.0,1,5.158,TX,0
2017.0,ISO-NE,Wind,65.6,2,1.303,ME,0
2017.0,MISO,Solar,52.0,0,8.687,MS,0
2017.0,West,Solar,100.0,0,8.684,WA,1
2017.0,ISO-NE,Other,34.8,2,0.096,MA,0
2017.0,West,Solar,400.0,2,2.697,CO,1
2017.0,Southeast,Solar,19.8,2,0.189,,0
2017.0,NYISO,Solar,24.9,2,6.344,NY,0
2017.0,NYISO,Solar,20.0,2,0.764,NY,0
2017.0,Southeast,Solar,60.0,2,0.726,GA,0
2017.0,ISO-NE,Other,23.0,2,3.121,CT,0
2017.0,ISO-NE,Other,378.0,2,0.093,CT,0
2017.0,ISO-NE,Solar,20.1,2,0.238,VT,0
2017.0,ISO-NE,Solar,20.1,2,0.238,VT,0
2017.0,Southeast,Solar,60.0,2,0.268,GA,0
2017.0,ISO-NE,Solar,20.1,2,0.238,VT,0
2017.0,PJM,Solar,20.0,2,7.326,IL,0
2017.0,CAISO,Hybrid,384.0,0,8.668,CA,0
2017.0,CAISO,Wind,84.2,0,8.668,CA,1
2017.0,CAISO,Hybrid,200.3,2,2.634,CA,0
2017.0,CAISO,Wind,108.0,2,0.969,CA,0
2017.0,CAISO,Solar,102.2,2,3.039,CA,0
2017.0,CAISO,Battery,80.0,2,2.593,CA,0
2017.0,CAISO,Solar,100.0,2,0.986,CA,0
2017.0,CAISO,Hybrid,104.8,2,0.178,CA,0
2017.0,CAISO,Wind,155.2,2,2.5,CA,0
2017.0,CAISO,Hybrid,425.0,2,3.11,CA,0
2017.0,CAISO,Hybrid,500.0,0,8.668,AZ,0
2017.0,CAISO,Hybrid,37.4,0,8.668,CA,0
2017.0,CAISO,Battery,203.7,2,0.854,CA,0
2017.0,CAISO,Solar,154.6,2,0.203,CA,0
2017.0,CAISO,Battery,45.0,2,0.775,CA,0
2017.0,CAISO,Hybrid,185.0,2,2.883,AZ,1
2017.0,CAISO,Hybrid,326.1,2,0.862,CA,0
2017.0,CAISO,Battery,100.0,2,0.868,CA,0
2017.0,CAISO,Wind,153.0,2,4.052,CA,1
2017.0,CAISO,Gas,38.0,1,2.461,CA,0
2017.0,CAISO,Battery,30.0,1,4.164,CA,0
2017.0,CAISO,Solar,419.0,2,0.813,CA,0
2017.0,CAISO,Hybrid,200.0,2,0.868,CA,0
2017.0,CAISO,Hybrid,202.5,0,8.668,CA,0
2017.0,CAISO,Wind,37.4,2,2.185,CA,0
2017.0,Southeast,Solar,80.0,2,1.123,AL,0
2017.0,CAISO,Hybrid,189.5,0,8.668,CA,0
2017.0,CAISO,Solar,155.1,2,0.159,AZ,1
2017.0,CAISO,Battery,10.0,2,3.899,CA,0
2017.0,CAISO,Battery,40.0,2,0.835,CA,0
2017.0,CAISO,Wind,400.0,0,8.668,CA,0
2017.0,CAISO,Battery,10.0,2,3.899,CA,0
2017.0,CAISO,Wind,280.5,2,2.5,CA,0
2017.0,CAISO,Hybrid,202.7,0,8.668,CA,1
2017.0,CAISO,Solar,305.5,2,0.958,CA,0
2017.0,CAISO,Solar,380.0,2,0.832,CA,0
2017.0,CAISO,Hybrid,40.5,2,0.216,CA,1
2017.0,CAISO,Hybrid,44.8,2,0.832,CA,0
2017.0,CAISO,Hybrid,150.0,2,0.134,CA,0
2017.0,CAISO,Hybrid,410.2,2,0.969,CA,0
2017.0,CAISO,Hybrid,200.0,2,0.868,CA,0
2017.0,CAISO,Hybrid,228.3,0,8.668,CA,0
2017.0,CAISO,Hybrid,228.3,0,8.668,CA,0
2017.0,CAISO,Hybrid,100.0,2,0.964,CA,0
2017.0,CAISO,Solar,263.8,2,0.203,CA,0
2017.0,CAISO,Hybrid,35.0,1,7.138,CA,0
2017.0,CAISO,Hybrid,553.0,1,6.527,CA,0
2017.0,CAISO,Solar,71.5,2,1.008,NV,0
2017.0,CAISO,Solar,200.0,1,7.515,CA,0
2017.0,CAISO,Battery,313.5,2,0.969,CA,1
2017.0,CAISO,Battery,60.0,2,0.142,CA,0
2017.0,CAISO,Wind,152.2,2,0.862,CA,0
2017.0,CAISO,Wind,101.5,2,0.862,CA,0
2017.0,CAISO,Hybrid,400.0,2,0.958,CA,0
2017.0,CAISO,Hybrid,58.3,0,8.668,CA,0
2017.0,CAISO,Hybrid,200.0,2,0.958,CA,0
2017.0,CAISO,Hybrid,150.0,1,4.605,CA,0
2017.0,CAISO,Hybrid,225.0,0,8.668,CA,0
2017.0,CAISO,Battery,23.0,2,0.969,CA,0
2017.0,CAISO,Battery,101.6,2,0.145,CA,1
2017.0,CAISO,Solar,20.2,2,0.832,CA,0
2017.0,CAISO,Solar,103.0,2,0.203,CA,1
2017.0,CAISO,Battery,52.8,2,0.118,CA,0
2017.0,CAISO,Hybrid,706.2,2,3.028,CA,0
2017.0,CAISO,Hybrid,908.0,0,8.668,CA,0
2017.0,CAISO,Hybrid,312.5,2,0.958,AZ,1
2017.0,CAISO,Hybrid,900.0,2,3.091,AZ,1
2017.0,CAISO,Hybrid,4357.4,0,8.668,AZ,0
2017.0,CAISO,Hybrid,192.0,0,8.668,CA,0
2017.0,CAISO,Hybrid,400.0,0,8.668,CA,0
2017.0,CAISO,Solar,16.4,2,0.172,CA,0
2017.0,CAISO,Battery,26.2,1,7.233,CA,0
2017.0,CAISO,Hybrid,180.0,2,0.83,CA,0
2017.0,CAISO,Solar,155.7,2,0.203,CA,0
2017.0,CAISO,Solar,30.9,2,0.203,CA,0
2017.0,CAISO,Solar,102.4,2,0.791,CA,0
2017.0,CAISO,Solar,77.0,2,0.203,CA,0
2017.0,CAISO,Battery,94.5,2,2.899,CA,0
2017.0,CAISO,Solar,204.0,2,0.997,CA,0
2017.0,CAISO,Solar,209.0,2,0.203,CA,0
2017.0,CAISO,Other,112.0,2,0.057,CA,0
2017.0,CAISO,Solar,40.7,2,3.039,CA,0
2017.0,CAISO,Solar,156.0,2,0.096,CA,0
2017.0,CAISO,Solar,102.5,2,0.964,CA,0
2017.0,CAISO,Wind,80.0,0,8.668,CA,0
2017.0,CAISO,Solar,51.2,2,0.832,CA,0
2017.0,CAISO,Battery,189.0,1,4.934,CA,0
2017.0,CAISO,Solar,71.4,2,0.851,CA,0
2017.0,CAISO,Battery,90.0,2,0.14,CA,0
2017.0,CAISO,Solar,209.5,2,0.203,CA,0
2017.0,ERCOT,Solar,206.0,1,6.333,TX,0
2017.0,Southeast,Wind,230.0,0,8.663,MO,0
2017.0,Southeast,Solar,20.0,2,0.723,AL,0
2017.0,SPP,Solar,25.0,2,4.019,KS,0
2017.0,SPP,Solar,30.0,2,4.019,OK,0
2017.0,SPP,Solar,25.0,2,3.587,KS,0
2017.0,SPP,Solar,50.0,2,3.587,KS,0
2017.0,SPP,Solar,50.0,2,3.587,OK,0
2017.0,SPP,Solar,110.0,2,4.561,SD,0
2017.0,SPP,Wind,0.6,2,4.925,NE,0
2017.0,Southeast,Solar,155.0,2,4.334,GA,0
2017.0,West,Solar,20.0,1,5.561,ID,0
2017.0,PJM,Solar,20.0,1,5.311,VA,0
2017.0,West,Wind,201.0,2,2.656,CO,0
2017.0,ERCOT,Wind,101.0,1,2.486,TX,0
2017.0,PJM,Solar,20.0,2,5.402,MD,0
2017.0,SPP,Wind,201.6,2,3.573,TX,0
2017.0,NYISO,Solar,20.0,2,0.126,NY,0
2017.0,SPP,Solar,1.8,2,3.997,NM,0
2017.0,West,Hybrid,2000.0,0,8.627,AZ,0
2017.0,West,Gas,10.6,2,2.639,CO,0
2017.0,Southeast,Solar,110.5,2,6.081,GA,0
2017.0,Southeast,Solar,45.0,2,1.478,GA,0
2017.0,SPP,Solar,151.8,0,8.624,OK,0
2017.0,SPP,Wind,102.0,1,7.611,OK,0
2017.0,NYISO,Battery,20.0,2,0.706,NY,0
2017.0,SPP,Wind,100.0,2,3.546,KS,0
2017.0,SPP,Solar,8.0,2,0.723,MN,0
2017.0,Southeast,Nuclear,14.0,1,2.554,NC,1
2017.0,SPP,Wind,300.0,0,8.611,SD,0
2017.0,SPP,Wind,200.0,2,4.465,KS,0
2017.0,Southeast,Solar,60.0,0,8.608,MS,0
2017.0,Southeast,Solar,100.0,0,8.608,MS,0
2017.0,SPP,Wind,200.0,1,6.439,SD,0
2017.0,West,Hybrid,100.0,0,8.605,AZ,1
2017.0,SPP,Solar,99.0,2,1.092,NM,0
2017.0,PJM,Gas,7.6,2,4.789,NJ,0
2017.0,SPP,Wind,150.0,0,8.602,KS,0
2017.0,SPP,Solar,20.0,2,3.296,NE,0
2017.0,SPP,Gas,1550.0,2,1.043,OK,0
2017.0,West,Other,499.0,0,8.6,NV,1
2017.0,SPP,Wind,200.0,2,0.819,SD,0
2017.0,SPP,Solar,200.0,2,1.621,TX,0
2017.0,SPP,Gas,1100.0,2,0.676,OK,0
2017.0,SPP,Solar,101.5,0,8.594,OK,0
2017.0,SPP,Solar,52.2,0,8.594,OK,0
2017.0,SPP,Solar,72.5,0,8.594,OK,0
2017.0,SPP,Solar,72.5,0,8.594,OK,0
2017.0,SPP,Solar,200.0,0,8.594,OK,0
2017.0,SPP,Solar,124.7,0,8.594,OK,0
2017.0,SPP,Solar,228.2,2,4.047,NE,0
2017.0,SPP,Solar,124.7,0,8.594,OK,0
2017.0,SPP,Solar,52.2,2,1.643,LA,1
2017.0,ERCOT,Solar,187.2,1,4.567,TX,0
2017.0,SPP,Solar,49.9,2,3.499,TX,0
2017.0,SPP,Solar,525.0,2,3.953,TX,0
2017.0,SPP,Solar,135.0,2,3.901,TX,0
2017.0,SPP,Solar,300.0,2,3.526,TX,0
2017.0,SPP,Solar,26.3,2,3.499,TX,0
2017.0,ERCOT,Solar,180.0,1,3.121,TX,0
2017.0,Southeast,Solar,74.5,1,4.589,FL,0
2017.0,SPP,Solar,25.0,2,0.542,SD,0
2017.0,SPP,Solar,200.2,2,3.524,OK,0
2017.0,SPP,Solar,150.8,2,3.524,OK,0
2017.0,SPP,Solar,33.0,2,3.959,NM,0
2017.0,SPP,Solar,200.2,2,3.956,TX,0
2017.0,SPP,Solar,102.0,2,0.621,SD,0
2017.0,SPP,Wind,210.0,2,0.424,ND,0
2017.0,SPP,Wind,200.0,2,5.04,KS,0
2017.0,SPP,Wind,100.0,2,4.022,NE,0
2017.0,ERCOT,Solar,141.0,0,8.589,TX,0
2017.0,SPP,Wind,200.1,2,3.899,TX,0
2017.0,SPP,Wind,149.4,1,3.893,MO,0
2017.0,SPP,Wind,200.1,2,1.366,TX,0
2017.0,SPP,Wind,200.1,2,1.366,TX,0
2017.0,SPP,Wind,200.1,2,1.366,TX,0
2017.0,SPP,Solar,72.5,0,8.589,LA,1
2017.0,Southeast,Solar,74.5,2,1.919,FL,0
2017.0,SPP,Wind,200.0,2,2.88,KS,0
2017.0,SPP,Solar,189.0,0,8.589,KS,0
2017.0,SPP,Solar,103.5,0,8.589,KS,0
2017.0,SPP,Wind,220.0,2,3.956,NM,0
2017.0,SPP,Solar,200.0,0,8.589,OK,0
2017.0,SPP,Solar,102.0,2,0.46,OK,0
2017.0,SPP,Other,488.0,2,1.336,OK,0
2017.0,SPP,Wind,200.0,2,3.513,KS,0
2017.0,SPP,Wind,85.0,2,2.877,KS,0
2017.0,SPP,Wind,25.0,2,0.422,KS,0
2017.0,SPP,Wind,200.0,1,7.565,TX,0
2017.0,SPP,Wind,250.0,2,0.361,SD,0
2017.0,SPP,Wind,250.0,2,2.877,SD,0
2017.0,SPP,Wind,202.1,2,2.357,KS,0
2017.0,SPP,Solar,85.0,0,8.586,OK,0
2017.0,SPP,Solar,102.6,0,8.586,OK,0
2017.0,SPP,Solar,50.0,2,3.953,OK,0
2017.0,SPP,Wind,74.0,2,2.089,IA,0
2017.0,SPP,Wind,235.0,2,3.953,TX,0
2017.0,SPP,Wind,140.0,1,4.559,OK,0
2017.0,SPP,Solar,50.0,2,3.953,OK,0
2017.0,SPP,Wind,270.0,2,0.422,TX,0
2017.0,SPP,Wind,200.0,2,3.953,KS,0
2017.0,SPP,Solar,65.0,0,8.586,KS,0
2017.0,SPP,Wind,150.0,2,5.038,KS,0
2017.0,SPP,Solar,100.0,1,7.732,OK,0
2017.0,SPP,Solar,128.0,1,7.08,SD,0
2017.0,SPP,Wind,300.0,2,8.465,ND,0
2017.0,SPP,Solar,150.0,2,4.791,MO,0
2017.0,SPP,Solar,128.0,2,3.953,NM,0
2017.0,SPP,Wind,200.0,2,3.513,KS,0
2017.0,SPP,Solar,89.3,2,3.493,TX,0
2017.0,SPP,Wind,149.4,1,3.587,MO,0
2017.0,SPP,Solar,90.0,2,3.956,TX,0
2017.0,SPP,Wind,200.0,2,5.038,CO,0
2017.0,SPP,Solar,200.1,0,8.586,TX,0
2017.0,SPP,Wind,200.0,2,3.513,KS,0
2017.0,West,Hybrid,74.9,0,8.572,NM,0
2017.0,West,Other,646.0,0,8.572,MT,0
2017.0,West,Wind,80.0,1,2.48,MT,0
2017.0,PJM,Solar,80.0,1,6.782,PA,0
2017.0,West,Solar,10.0,2,5.854,NM,0
2017.0,NYISO,Solar,20.0,2,1.547,NY,0
2017.0,NYISO,Solar,25.0,2,1.629,NY,0
2017.0,MISO,Solar,200.0,2,1.561,TX,0
2017.0,MISO,Wind,200.0,0,8.542,MS,0
2017.0,MISO,Solar,100.0,0,8.542,LA,0
2017.0,MISO,Solar,100.0,0,8.542,MS,0
2017.0,MISO,Solar,150.0,2,1.561,MS,0
2017.0,MISO,Solar,40.0,2,3.622,MN,0
2017.0,MISO,Solar,200.0,1,4.958,AR,0
2017.0,MISO,Solar,80.0,2,1.566,MI,0
2017.0,MISO,Wind,100.0,2,2.645,MI,0
2017.0,MISO,Solar,150.0,2,1.561,TX,0
2017.0,MISO,Solar,100.0,0,8.542,IL,0
2017.0,MISO,Solar,199.0,0,8.542,IN,0
2017.0,MISO,Solar,119.0,2,0.832,IN,0
2017.0,MISO,Solar,32.5,2,5.856,MN,0
2017.0,MISO,Gas,1244.0,2,0.931,IN,0
2017.0,MISO,Solar,74.0,2,7.099,WI,0
2017.0,MISO,Solar,250.0,0,8.542,IL,0
2017.0,MISO,Solar,189.0,0,8.542,MI,0
2017.0,MISO,Solar,124.0,2,1.563,WI,0
2017.0,MISO,Solar,100.0,2,1.561,AR,0
2017.0,MISO,Solar,70.0,2,0.953,IL,0
2017.0,MISO,Solar,69.0,2,1.563,IL,0
2017.0,MISO,Wind,12.5,1,1.361,MI,0
2017.0,MISO,Gas,1175.0,1,3.91,MI,0
2017.0,MISO,Other,2.0,2,3.622,MN,0
2017.0,MISO,Solar,100.0,2,1.561,TX,0
2017.0,MISO,Wind,105.0,2,3.622,MN,0
2017.0,MISO,Gas,30.0,2,1.566,MI,0
2017.0,MISO,Solar,200.0,1,5.164,IN,0
2017.0,MISO,Solar,239.0,1,3.431,MI,0
2017.0,MISO,Other,37.2,0,8.542,LA,0
2017.0,MISO,Wind,100.0,0,8.542,WI,0
2017.0,MISO,Solar,200.0,1,3.127,WI,0
2017.0,MISO,Wind,300.0,2,2.1,MN,0
2017.0,MISO,Wind,100.0,2,1.566,MI,0
2017.0,MISO,Wind,150.0,2,2.355,ND,0
2017.0,MISO,Gas,25.0,1,2.097,MS,0
2017.0,MISO,Wind,75.0,2,1.563,IL,0
2017.0,MISO,Solar,150.0,1,3.127,WI,0
2017.0,MISO,Solar,75.0,2,0.736,WI,0
2017.0,MISO,Wind,64.0,2,3.622,IA,0
2017.0,MISO,Solar,250.0,0,8.542,IA,0
2017.0,MISO,Solar,200.0,0,8.542,WI,0
2017.0,MISO,Wind,70.0,2,0.901,MI,0
2017.0,MISO,Wind,150.0,2,2.355,ND,0
2017.0,MISO,Solar,45.0,2,0.085,IL,0
2017.0,MISO,Solar,15.0,2,0.145,IL,0
2017.0,MISO,Wind,200.0,2,2.1,MN,0
2017.0,MISO,Solar,50.0,2,2.355,MN,0
2017.0,MISO,Solar,100.0,1,4.126,AR,0
2017.0,MISO,Solar,33.0,2,1.561,AR,0
2017.0,MISO,Solar,100.0,0,8.542,WI,0
2017.0,MISO,Wind,200.0,2,1.563,IL,0
2017.0,MISO,Wind,200.0,2,3.622,IA,0
2017.0,MISO,Solar,150.0,0,8.542,MN,0
2017.0,MISO,Solar,100.0,0,8.542,IN,0
2017.0,MISO,Solar,100.0,2,1.561,AR,0
2017.0,MISO,Solar,45.0,2,1.561,AR,0
2017.0,MISO,Wind,200.0,2,3.943,MN,0
2017.0,MISO,Wind,180.0,2,1.771,AR,0
2017.0,MISO,Solar,149.0,1,3.959,MI,0
2017.0,MISO,Wind,100.0,0,8.542,IA,0
2017.0,MISO,Solar,150.0,0,8.542,MI,0
2017.0,MISO,Wind,190.0,2,6.084,ND,0
2017.0,MISO,Wind,150.0,2,1.005,IA,0
2017.0,MISO,Solar,200.0,2,1.561,LA,0
2017.0,MISO,Wind,41.4,2,2.943,WI,0
2017.0,MISO,Solar,139.0,1,4.37,MO,0
2017.0,MISO,Solar,99.0,2,1.566,MI,0
2017.0,MISO,Solar,107.0,2,1.771,AR,0
2017.0,MISO,Wind,200.0,2,1.377,SD,0
2017.0,MISO,Wind,100.0,2,1.643,ND,0
2017.0,MISO,Wind,38.0,2,1.322,IA,0
2017.0,MISO,Wind,50.0,2,0.315,IA,0
2017.0,MISO,Gas,535.0,2,3.348,MI,0
2017.0,MISO,Gas,535.0,2,1.566,MI,0
2017.0,MISO,Solar,200.0,2,1.637,MN,0
2017.0,MISO,Solar,200.0,0,8.542,AR,0
2017.0,MISO,Wind,200.0,2,3.622,SD,0
2017.0,MISO,Solar,100.0,2,1.561,TX,0
2017.0,MISO,Wind,150.0,2,1.851,MI,0
2017.0,MISO,Wind,38.0,2,0.419,IA,0
2017.0,MISO,Solar,50.0,1,5.21,WI,0
2017.0,MISO,Solar,25.0,2,2.355,ND,0
2017.0,MISO,Wind,80.0,1,2.292,MI,0
2017.0,MISO,Wind,100.0,2,3.622,MN,0
2017.0,MISO,Solar,101.3,0,8.542,WI,0
2017.0,MISO,Solar,50.0,2,0.854,MI,0
2017.0,MISO,Wind,200.0,2,1.736,MN,0
2017.0,MISO,Battery,50.0,2,1.563,AR,0
2017.0,MISO,Solar,200.0,1,5.292,MO,0
2017.0,MISO,Solar,200.0,2,1.561,MS,0
2017.0,MISO,Solar,80.0,2,5.722,IN,0
2017.0,MISO,Solar,125.0,0,8.542,MI,0
2017.0,MISO,Solar,140.0,2,0.211,AR,0
2017.0,MISO,Solar,149.9,0,8.542,IL,0
2017.0,MISO,Wind,200.0,2,1.561,LA,0
2017.0,MISO,Solar,100.0,2,0.931,MI,0
2017.0,MISO,Solar,100.0,2,2.505,IL,0
2017.0,MISO,Solar,149.0,1,3.948,IL,0
2017.0,MISO,Solar,100.0,2,1.561,LA,0
2017.0,MISO,Wind,50.0,2,1.563,IN,0
2017.0,MISO,Solar,250.0,1,5.273,WI,0
2017.0,MISO,Solar,20.0,2,1.771,LA,0
2017.0,MISO,Wind,130.0,2,2.355,MN,0
2017.0,MISO,Solar,125.0,2,4.841,MI,0
2017.0,MISO,Solar,200.0,1,3.376,IL,0
2017.0,MISO,Solar,100.0,2,1.561,AR,0
2017.0,MISO,Gas,220.0,2,1.506,MN,0
2017.0,MISO,Solar,200.0,1,6.04,WI,0
2017.0,MISO,Solar,200.0,2,3.943,ND,0
2017.0,MISO,Wind,200.0,2,1.566,MI,0
2017.0,MISO,Solar,99.0,1,3.042,IL,0
2017.0,MISO,Battery,50.0,2,1.563,TX,0
2017.0,MISO,Wind,146.7,2,1.851,MI,0
2017.0,MISO,Wind,151.8,2,0.646,IN,0
2017.0,MISO,Wind,300.0,2,1.563,IN,0
2017.0,MISO,Wind,100.0,1,3.948,IL,0
2017.0,MISO,Wind,99.9,2,1.563,WI,0
2017.0,MISO,Solar,245.0,2,1.834,IN,0
2017.0,MISO,Solar,50.0,2,1.643,MO,0
2017.0,MISO,Solar,100.0,2,1.563,AR,0
2017.0,MISO,Wind,99.9,2,2.943,WI,0
2017.0,MISO,Wind,100.0,2,0.131,MI,0
2017.0,MISO,Wind,99.9,2,2.943,WI,0
2017.0,MISO,Solar,149.0,0,8.542,WI,0
2017.0,MISO,Solar,30.0,2,0.145,IL,0
2017.0,MISO,Solar,60.0,2,3.622,ND,0
2017.0,MISO,Solar,250.0,0,8.542,IL,0
2017.0,MISO,Wind,99.9,2,1.637,WI,0
2017.0,MISO,Solar,275.0,0,8.542,IL,0
2017.0,MISO,Gas,1217.0,2,0.361,MI,0
2017.0,MISO,Solar,99.0,1,3.948,IL,0
2017.0,MISO,Gas,145.5,2,1.207,IA,0
2017.0,MISO,Solar,250.0,0,8.542,IN,0
2017.0,MISO,Solar,100.0,2,1.561,AR,0
2017.0,MISO,Solar,100.0,1,4.416,MS,0
2017.0,MISO,Solar,100.0,2,3.962,MI,0
2017.0,MISO,Solar,100.0,2,0.203,IL,0
2017.0,MISO,Solar,100.0,2,1.771,LA,0
2017.0,MISO,Solar,180.0,0,8.542,AR,0
2017.0,MISO,Solar,78.0,2,1.561,TX,0
2017.0,MISO,Solar,90.0,0,8.542,IN,0
2017.0,MISO,Solar,140.0,2,1.566,MI,0
2017.0,MISO,Wind,120.0,1,3.959,IL,0
2017.0,MISO,Wind,300.0,0,8.542,IL,0
2017.0,MISO,Wind,200.0,2,2.653,IN,0
2017.0,MISO,Wind,200.0,2,2.653,IN,0
2017.0,MISO,Gas,725.0,2,2.606,MI,0
2017.0,MISO,Wind,150.0,2,3.622,IA,0
2017.0,MISO,Solar,100.0,2,2.946,MI,0
2017.0,MISO,Wind,200.1,1,4.164,IN,0
2017.0,MISO,Wind,200.1,1,4.164,IN,0
2017.0,MISO,Wind,200.0,1,5.29,IA,0
2017.0,MISO,Wind,200.0,2,1.834,IL,0
2017.0,MISO,Solar,100.0,1,4.416,AR,0
2017.0,MISO,Solar,100.0,2,4.35,MI,0
2017.0,MISO,Gas,48.0,1,2.366,WI,0
2017.0,MISO,Wind,80.0,2,3.469,IN,0
2017.0,MISO,Wind,250.0,0,8.542,IL,0
2017.0,MISO,Wind,200.0,2,2.355,ND,0
2017.0,MISO,Solar,100.0,1,4.873,AR,0
2017.0,MISO,Wind,200.0,2,1.834,IN,0
2017.0,MISO,Solar,50.0,2,1.561,LA,0
2017.0,MISO,Solar,50.0,2,1.561,LA,0
2017.0,MISO,Solar,50.0,2,5.374,LA,0
2017.0,MISO,Wind,200.0,2,1.566,MI,0
2017.0,Southeast,Solar,80.0,0,8.542,NC,0
2017.0,MISO,Solar,100.0,2,1.561,TX,0
2017.0,MISO,Wind,400.0,2,1.637,MN,0
2017.0,MISO,Wind,298.0,2,3.622,ND,0
2017.0,MISO,Wind,200.0,2,1.566,MI,0
2017.0,MISO,Wind,150.0,2,2.355,IA,0
2017.0,MISO,Wind,110.0,1,5.498,MN,0
2017.0,MISO,Wind,102.0,2,1.563,IL,0
2017.0,MISO,Wind,400.0,2,4.4,ND,0
2017.0,MISO,Wind,150.0,0,8.542,IL,0
2017.0,MISO,Solar,100.0,2,1.561,TX,0
2017.0,MISO,Wind,200.0,0,8.542,SD,0
2017.0,MISO,Wind,100.0,1,3.874,IL,0
2017.0,MISO,Wind,200.0,2,1.667,MN,0
2017.0,MISO,Wind,200.0,2,1.426,MN,0
2017.0,MISO,Wind,200.0,2,1.834,IN,0
2017.0,MISO,Wind,200.0,2,3.622,MN,0
2017.0,MISO,Gas,561.5,0,8.542,WI,0
2017.0,MISO,Solar,150.0,1,5.331,LA,0
2017.0,MISO,Wind,300.0,2,3.622,ND,0
2017.0,MISO,Wind,100.0,2,3.622,ND,0
2017.0,MISO,Wind,100.0,2,3.622,ND,0
2017.0,MISO,Wind,49.0,1,1.292,MI,0
2017.0,MISO,Solar,150.0,2,1.561,AR,0
2017.0,MISO,Wind,200.0,2,1.656,MN,0
2017.0,ERCOT,Wind,600.0,0,8.537,TX,0
2017.0,PJM,Solar,50.0,2,0.698,IL,0
2017.0,PJM,Solar,40.0,2,4.838,NC,0
2017.0,PJM,Solar,80.0,0,8.534,NC,0
2017.0,ERCOT,Wind,297.2,0,8.534,TX,0
2017.0,SPP,Solar,240.0,2,3.967,NM,0
2017.0,West,Solar,150.0,2,2.543,CO,0
2017.0,ERCOT,Wind,250.1,0,8.528,TX,0
2017.0,ERCOT,Wind,250.1,0,8.528,TX,0
2017.0,ERCOT,Solar,200.0,2,3.236,TX,0
2017.0,ERCOT,Solar,81.4,2,4.542,TX,0
2017.0,ERCOT,Solar,300.0,1,3.023,TX,0
2017.0,ERCOT,Wind,300.0,1,2.105,TX,0
2017.0,ERCOT,Solar,201.5,1,4.58,TX,0
2017.0,ERCOT,Solar,82.3,1,4.194,TX,0
2017.0,ERCOT,Wind,418.9,0,8.523,TX,0
2017.0,ERCOT,Solar,200.0,0,8.523,TX,0
2017.0,ERCOT,Solar,301.1,0,8.523,TX,0
2017.0,West,Solar,8.2,0,8.523,NM,0
2017.0,West,Solar,11.0,0,8.523,NM,0
2017.0,ERCOT,Hybrid,200.9,0,8.523,TX,0
2017.0,West,Wind,300.0,2,2.53,CO,0
2017.0,Southeast,Solar,74.5,0,8.512,FL,1
2017.0,Southeast,Solar,74.5,1,3.756,FL,0
2017.0,Southeast,Solar,74.5,1,3.674,FL,0
2017.0,Southeast,Solar,74.5,1,7.598,FL,0
2017.0,Southeast,Solar,74.5,1,3.477,FL,0
2017.0,Southeast,Solar,74.5,1,6.595,FL,0
2017.0,Southeast,Solar,74.5,1,3.483,FL,0
2017.0,West,Battery,65.0,2,4.219,CA,0
2017.0,Southeast,Solar,74.5,0,8.512,FL,0
2017.0,Southeast,Solar,74.5,1,7.598,FL,0
2017.0,Southeast,Solar,74.5,1,3.754,FL,0
2017.0,Southeast,Solar,74.5,1,3.759,FL,0
2017.0,Southeast,Solar,74.5,1,6.595,FL,0
2017.0,Southeast,Solar,74.5,1,3.923,FL,0
2017.0,Southeast,Solar,74.5,1,5.596,FL,0
2017.0,Southeast,Solar,74.5,1,5.596,FL,0
2017.0,Southeast,Solar,74.5,1,2.513,,0
2017.0,Southeast,Solar,74.5,1,2.762,,0
2017.0,Southeast,Solar,74.5,1,2.513,,0
2017.0,Southeast,Solar,74.5,1,2.762,,0
2017.0,Southeast,Solar,74.5,1,2.513,,0
2017.0,Southeast,Solar,74.9,1,5.774,FL,0
2017.0,West,Solar,120.0,2,2.527,CO,0
2017.0,West,Solar,250.0,2,2.527,CO,1
2017.0,West,Wind,600.0,2,3.159,CO,0
2017.0,Southeast,Solar,74.5,1,4.597,FL,0
2017.0,Southeast,Solar,74.5,1,3.493,FL,0
2017.0,Southeast,Solar,74.5,1,3.674,FL,0
2017.0,Southeast,Solar,74.5,1,4.597,FL,0
2017.0,Southeast,Solar,74.5,1,5.596,FL,1
2017.0,Southeast,Solar,74.5,1,7.598,FL,0
2017.0,Southeast,Solar,74.5,1,4.008,FL,0
2017.0,Southeast,Solar,74.5,0,8.512,FL,0
2017.0,Southeast,Solar,74.5,1,6.595,FL,0
2017.0,Southeast,Solar,74.5,1,6.76,FL,0
2017.0,Southeast,Solar,74.5,0,8.512,FL,0
2017.0,Southeast,Solar,74.5,1,4.597,FL,0
2017.0,Southeast,Solar,74.5,1,6.595,FL,0
2017.0,Southeast,Solar,74.5,1,3.841,FL,0
2017.0,Southeast,Solar,74.5,1,6.595,FL,0
2017.0,Southeast,Solar,74.5,1,3.485,FL,0
2017.0,Southeast,Solar,74.5,1,7.387,FL,0
2017.0,Southeast,Solar,50.0,1,7.598,FL,1
2017.0,PJM,Solar,150.0,0,8.509,VA,0
2017.0,NYISO,Solar,100.0,0,8.507,NY,0
2017.0,ERCOT,Solar,200.0,0,8.507,TX,0
2017.0,PJM,Solar,10.0,2,0.101,NJ,0
2017.0,West,Wind,300.0,0,8.49,NE,0
2017.0,West,Wind,247.0,0,8.476,NM,0
2017.0,ERCOT,Solar,45.0,2,5.999,TX,0
2017.0,ERCOT,Wind,301.4,2,2.648,TX,0
2017.0,ERCOT,Wind,158.0,1,1.886,TX,0
2017.0,ERCOT,Solar,60.0,2,6.248,TX,0
2017.0,ERCOT,Solar,20.0,0,8.476,TX,0
2017.0,ERCOT,Solar,200.0,1,2.423,TX,0
2017.0,ERCOT,Solar,45.0,2,6.248,TX,0
2017.0,SPP,Solar,67.5,2,4.676,TX,0
2017.0,PJM,Solar,0.2,2,1.437,NJ,0
2017.0,West,Solar,40.0,2,2.489,CO,0
2017.0,ERCOT,Solar,40.0,0,8.474,TX,0
2017.0,SPP,Wind,75.0,0,8.471,NE,0
2017.0,West,Hybrid,80.0,0,8.471,OR,0
2017.0,West,Hybrid,50.0,0,8.471,OR,0
2017.0,West,Hybrid,80.0,0,8.471,OR,0
2017.0,West,Gas,6.4,2,3.127,CO,0
2017.0,West,Hybrid,250.0,2,0.501,NV,1
2017.0,NYISO,Solar,20.0,2,0.367,NY,0
2017.0,NYISO,Solar,20.0,2,0.367,NY,0
2017.0,ISO-NE,Solar,20.0,2,3.143,VT,0
2017.0,ISO-NE,Wind,150.0,2,0.728,ME,0
2017.0,West,Wind,201.0,2,2.464,CO,0
2017.0,PJM,Hybrid,110.0,2,0.627,NC,0
2017.0,PJM,Solar,7.0,2,0.055,NJ,0
2017.0,ISO-NE,Wind,214.3,2,0.726,ME,0
2017.0,ISO-NE,Hybrid,265.6,2,0.726,ME,0
2017.0,SPP,Wind,10.0,2,1.476,NE,0
2017.0,ISO-NE,Hybrid,238.6,2,0.726,ME,0
2017.0,ISO-NE,Solar,150.0,2,0.726,ME,0
2017.0,ISO-NE,Wind,241.2,2,0.726,ME,0
2017.0,Southeast,Solar,78.6,2,3.765,AL,0
2017.0,PJM,Solar,70.0,2,7.86,IL,0
2017.0,West,Wind,630.0,2,2.45,CO,0
2017.0,ISO-NE,Wind,288.0,2,1.558,MA,0
2017.0,ERCOT,Solar,150.0,2,3.37,TX,0
2017.0,NYISO,Solar,60.0,0,8.433,NY,0
2017.0,PJM,Solar,70.0,1,4.329,VA,0
2017.0,ERCOT,Solar,181.0,0,8.433,TX,0
2017.0,ISO-NE,Wind,630.0,2,2.24,ME,0
2017.0,ISO-NE,Solar,26.0,2,0.249,CT,0
2017.0,PJM,Solar,74.9,2,0.638,VA,0
2017.0,ISO-NE,Wind,20.0,2,0.339,VT,0
2017.0,ERCOT,Wind,201.6,2,2.601,TX,0
2017.0,ERCOT,Solar,151.9,2,3.296,TX,0
2017.0,PJM,Solar,50.0,2,0.569,OH,0
2017.0,PJM,Solar,35.0,2,0.137,OH,0
2017.0,ERCOT,Wind,201.6,2,2.601,TX,0
2017.0,PJM,Solar,0.3,2,0.077,NJ,0
2017.0,ISO-NE,Solar,22.0,2,0.167,CT,0
2017.0,PJM,Gas,86.6,1,1.949,PA,0
2017.0,ISO-NE,Solar,20.0,0,8.427,VT,0
2017.0,PJM,Gas,102.7,0,8.424,IL,0
2017.0,PJM,Solar,80.0,2,2.5,VA,0
2017.0,PJM,Solar,11.2,2,3.039,VA,0
2017.0,PJM,Solar,11.0,2,0.027,VA,0
2017.0,PJM,Solar,20.0,2,3.039,VA,0
2017.0,PJM,Solar,20.0,2,3.039,VA,0
2017.0,West,Solar,20.0,0,8.419,OR,0
2017.0,West,Solar,20.0,0,8.419,OR,0
2017.0,West,Solar,20.0,0,8.419,OR,0
2017.0,NYISO,Solar,20.0,2,0.663,NY,0
2017.0,PJM,Solar,120.0,2,7.885,IN,0
2017.0,NYISO,Solar,20.0,2,0.416,NY,0
2017.0,NYISO,Solar,20.0,2,0.663,NY,0
2017.0,NYISO,Solar,20.0,2,0.416,NY,0
2017.0,West,Solar,150.0,2,1.552,CO,0
2017.0,ISO-NE,Solar,20.0,2,0.225,NH,0
2017.0,ISO-NE,Solar,20.0,2,0.225,NH,0
2017.0,ISO-NE,Solar,20.0,2,3.483,NH,0
2017.0,ISO-NE,Solar,20.0,0,8.411,VT,0
2017.0,ISO-NE,Solar,20.0,2,3.483,NH,0
2017.0,Southeast,Solar,2.0,1,6.335,SC,0
2017.0,PJM,Solar,50.0,1,7.053,VA,0
2017.0,ISO-NE,Solar,20.0,2,4.172,NH,0
2017.0,PJM,Solar,20.0,2,2.089,VA,0
2017.0,PJM,Solar,20.0,2,1.106,VA,0
2017.0,NYISO,Other,18.5,2,4.411,NY,0
2017.0,NYISO,Other,13.9,2,4.411,NY,0
2017.0,NYISO,Solar,19.9,2,0.496,NY,0
2017.0,NYISO,Other,7.4,2,1.24,NY,0
2017.0,West,Wind,500.0,2,3.151,CO,0
2017.0,SPP,Solar,40.0,2,4.6,TX,0
2017.0,NYISO,Solar,20.0,2,1.147,NY,0
2017.0,SPP,Solar,40.0,2,4.6,TX,0
2017.0,PJM,Hybrid,45.0,2,2.188,VA,0
2017.0,PJM,Solar,30.0,2,0.824,WV,0
2017.0,West,Solar,200.0,2,2.415,CO,0
2017.0,Southeast,Solar,150.0,2,2.193,GA,0
2017.0,ERCOT,Solar,200.0,1,3.149,TX,0
2017.0,Southeast,Solar,100.0,2,5.175,GA,0
2017.0,ERCOT,Solar,30.0,0,8.394,TX,0
2017.0,ERCOT,Solar,25.0,0,8.394,TX,0
2017.0,Southeast,Solar,74.5,1,5.478,FL,0
2017.0,ERCOT,Solar,60.0,0,8.394,TX,0
2017.0,ERCOT,Solar,30.0,2,3.581,TX,0
2017.0,ERCOT,Solar,20.0,2,4.027,TX,1
2017.0,Southeast,Solar,74.5,1,6.478,FL,0
2017.0,PJM,Gas,38.0,1,3.543,OH,0
2017.0,NYISO,Wind,20.0,2,0.474,NY,0
2017.0,PJM,Solar,3.0,2,1.566,NJ,0
2017.0,PJM,Solar,1.5,1,2.387,NJ,0
2017.0,Southeast,Solar,70.0,0,8.389,FL,0
2017.0,NYISO,Wind,20.0,2,1.303,NY,0
2017.0,NYISO,Wind,20.0,2,2.136,NY,0
2017.0,ERCOT,Wind,100.0,2,5.906,TX,0
2017.0,PJM,Solar,60.0,0,8.381,NC,0
2017.0,ERCOT,Solar,250.0,2,3.461,TX,0
2017.0,PJM,Solar,33.0,0,8.381,NC,0
2017.0,West,Hybrid,250.0,0,8.381,NV,1
2017.0,West,Other,45.0,0,8.378,NV,1
2017.0,ERCOT,Solar,78.2,1,6.672,TX,0
2017.0,ERCOT,Other,35.0,2,1.977,TX,0
2017.0,PJM,Solar,45.9,1,7.4,VA,0
2017.0,PJM,Solar,20.0,1,6.5,VA,0
2017.0,Southeast,Solar,80.0,2,3.721,AL,0
2017.0,PJM,Battery,1.0,2,5.377,IL,1
2017.0,PJM,Solar,20.0,1,4.715,PA,0
2017.0,PJM,Solar,15.0,1,3.332,PA,0
2017.0,PJM,Solar,15.0,1,1.128,VA,0
2017.0,ERCOT,Wind,9.0,1,8.285,TX,0
2017.0,Southeast,Solar,74.5,1,4.175,FL,0
2017.0,Southeast,Solar,113.0,2,6.078,GA,0
2017.0,ERCOT,Solar,250.0,1,4.175,TX,0
2017.0,PJM,Wind,150.0,2,2.067,IL,0
2017.0,SPP,Solar,400.0,0,8.348,MO,0
2017.0,West,Hybrid,100.0,2,3.294,CO,0
2017.0,NYISO,Solar,19.8,2,0.424,NY,0
2017.0,West,Wind,350.0,2,2.352,CO,0
2017.0,West,Solar,300.0,2,2.352,CO,0
2017.0,SPP,Wind,320.9,2,4.537,MT,0
2017.0,PJM,Solar,20.0,1,5.306,OH,0
2017.0,PJM,Solar,109.0,0,8.334,NC,0
2017.0,PJM,Solar,2.6,2,1.188,NJ,0
2017.0,PJM,Wind,80.0,2,2.62,PA,0
2017.0,PJM,Wind,80.0,2,3.882,WV,0
2017.0,PJM,Wind,5.7,1,3.135,IL,0
2017.0,PJM,Wind,175.8,2,1.123,PA,0
2017.0,West,Solar,300.0,2,2.349,CO,0
2017.0,PJM,Solar,75.0,0,8.334,NC,0
2017.0,PJM,Solar,205.0,0,8.334,OH,0
2017.0,PJM,Solar,20.0,2,1.782,VA,0
2017.0,West,Hybrid,120.0,0,8.331,WA,1
2017.0,PJM,Solar,300.0,0,8.331,NC,0
2017.0,PJM,Solar,20.0,2,0.643,VA,0
2017.0,PJM,Solar,17.0,2,0.646,VA,0
2017.0,West,Battery,200.0,0,8.331,OR,0
2017.0,PJM,Solar,20.0,1,7.466,OH,0
2017.0,West,Solar,100.0,2,2.335,CO,0
2017.0,ERCOT,Wind,336.0,2,4.567,TX,0
2017.0,West,Solar,45.0,2,4.564,UT,0
2017.0,PJM,Solar,20.0,1,5.881,OH,0
2017.0,ERCOT,Wind,240.0,0,8.318,TX,0
2017.0,West,Hybrid,150.0,0,8.318,NM,0
2017.0,ERCOT,Wind,152.3,1,4.983,TX,0
2017.0,West,Solar,300.0,2,2.33,CO,0
2017.0,NYISO,Solar,7.4,2,0.561,NY,0
2017.0,NYISO,Solar,80.0,2,1.643,NY,0
2017.0,NYISO,Solar,18.0,2,0.561,NY,0
2017.0,ERCOT,Hybrid,128.0,1,6.612,TX,0
2017.0,West,Solar,400.0,2,2.327,CO,0
2017.0,PJM,Solar,68.0,1,6.513,VA,0
2017.0,West,Solar,150.0,2,3.064,CO,0
2017.0,West,Solar,200.0,2,2.327,CO,0
2017.0,NYISO,Solar,10.8,2,0.559,NY,0
2017.0,PJM,Solar,100.0,2,5.856,VA,0
2017.0,ERCOT,Solar,129.3,2,3.151,TX,0
2017.0,ERCOT,Wind,220.0,1,4.378,TX,0
2017.0,ERCOT,Wind,241.5,0,8.301,TX,0
2017.0,PJM,Other,5.5,1,1.166,VA,0
2017.0,West,Solar,79.2,0,8.298,WA,1
2017.0,Southeast,Solar,615.0,0,8.298,GA,0
2017.0,NYISO,Solar,20.0,2,0.709,NY,0
2017.0,NYISO,Solar,20.0,2,0.542,NY,0
2017.0,PJM,Wind,4.0,2,0.129,VA,0
2017.0,PJM,Solar,80.0,0,8.293,VA,0
2017.0,NYISO,Gas,1172.0,2,5.706,NY,0
2017.0,PJM,Solar,20.0,2,6.888,VA,0
2017.0,PJM,Solar,64.2,1,6.604,VA,0
2017.0,PJM,Gas,630.0,2,0.137,OH,0
2017.0,PJM,Gas,1260.0,2,1.947,OH,0
2017.0,ISO-NE,Hybrid,20.0,2,0.846,MA,0
2017.0,NYISO,Solar,11.3,2,0.528,NY,0
2017.0,PJM,Other,2.0,2,0.383,MD,0
2017.0,PJM,Solar,20.0,2,2.839,IL,0
2017.0,West,Hybrid,80.0,2,5.615,WY,0
2017.0,ERCOT,Solar,101.8,1,5.802,TX,0
2017.0,PJM,Gas,67.0,1,2.719,PA,0
2017.0,PJM,Solar,49.9,1,6.168,OH,0
2017.0,PJM,Wind,180.0,2,5.651,VA,0
2017.0,ERCOT,Solar,80.0,2,5.517,TX,0
2017.0,ERCOT,Solar,50.0,2,1.689,TX,0
2017.0,ERCOT,Wind,236.9,2,3.491,TX,0
2017.0,PJM,Solar,100.0,2,5.492,IL,0
2017.0,ERCOT,Wind,236.9,2,3.491,TX,0
2017.0,NYISO,Solar,20.0,2,3.691,NY,0
2017.0,NYISO,Solar,20.0,0,8.277,NY,0
2017.0,PJM,Wind,850.0,0,8.274,IL,0
2017.0,PJM,Wind,500.4,2,4.805,OH,0
2017.0,PJM,Wind,403.2,2,2.511,OH,0
2017.0,PJM,Battery,1.2,2,0.027,NJ,0
2017.0,Southeast,Solar,74.9,1,6.762,FL,0
2017.0,ERCOT,Solar,351.4,0,8.274,TX,0
2017.0,PJM,Solar,74.0,0,8.271,VA,0
2017.0,PJM,Solar,60.0,0,8.271,OH,0
2017.0,PJM,Gas,1.5,1,0.805,PA,0
2017.0,PJM,Gas,1.1,1,0.621,PA,0
2017.0,PJM,Gas,1.5,1,0.739,PA,0
2017.0,West,Hybrid,80.0,0,8.266,MT,0
2017.0,PJM,Wind,200.0,2,0.019,IL,0
2017.0,NYISO,Gas,32.0,2,3.181,NJ,0
2017.0,PJM,Gas,75.0,2,4.394,NJ,0
2017.0,PJM,Other,4.1,2,0.274,PA,0
2017.0,PJM,Gas,75.0,1,1.5,MD,0
2017.0,PJM,Solar,20.0,2,4.986,IL,0
2017.0,PJM,Solar,78.0,2,1.207,IL,0
2017.0,Southeast,Solar,74.9,1,4.972,FL,0
2017.0,Southeast,Solar,83.9,2,0.211,GA,0
2017.0,West,Solar,80.0,0,8.26,WA,0
2017.0,West,Solar,70.0,2,1.221,NM,0
2017.0,West,Hybrid,70.0,2,2.45,NM,0
2017.0,West,Solar,79.0,0,8.26,NV,0
2017.0,West,Hybrid,240.0,0,8.26,NV,0
2017.0,West,Hybrid,120.0,0,8.26,NM,0
2017.0,PJM,Gas,60.0,1,4.887,OH,0
2017.0,PJM,Solar,50.0,0,8.26,VA,0
2017.0,PJM,Wind,80.0,0,8.257,WV,0
2017.0,PJM,Solar,12.5,2,6.91,IL,0
2017.0,PJM,Solar,15.0,2,1.949,VA,0
2017.0,PJM,Solar,10.0,2,0.687,VA,0
2017.0,PJM,Solar,49.9,1,6.957,OH,0
2017.0,West,Battery,50.0,0,8.257,NV,1
2017.0,West,Other,38.5,0,8.257,NV,0
2017.0,West,Battery,100.0,0,8.257,NV,1
2017.0,PJM,Solar,80.0,2,0.767,IL,0
2017.0,PJM,Gas,235.0,2,0.608,PA,0
2017.0,PJM,Hybrid,90.0,2,5.5,PA,0
2017.0,PJM,Gas,1.1,1,0.567,PA,0
2017.0,PJM,Solar,50.0,2,2.491,OH,0
2017.0,PJM,Solar,8.3,1,5.747,PA,0
2017.0,PJM,Solar,100.0,2,0.008,IN,0
2017.0,PJM,Solar,100.0,2,0.008,MI,0
2017.0,PJM,Wind,500.0,2,2.297,IN,0
2017.0,PJM,Gas,73.0,2,1.561,KY,0
2017.0,West,Hybrid,130.0,0,8.255,AZ,1
2017.0,PJM,Solar,150.0,2,0.008,NC,0
2017.0,West,Solar,575.0,2,3.066,CO,0
2017.0,PJM,Solar,150.0,0,8.255,IN,0
2017.0,West,Solar,575.0,2,3.209,CO,1
2017.0,PJM,Solar,175.0,0,8.255,OH,0
2017.0,PJM,Solar,55.0,2,5.665,VA,0
2017.0,PJM,Solar,15.7,2,2.289,VA,0
2017.0,PJM,Solar,12.0,2,0.016,VA,0
2017.0,PJM,Solar,20.0,2,0.016,VA,0
2017.0,PJM,Hybrid,19.9,2,0.715,WV,0
2017.0,PJM,Solar,19.7,2,2.289,VA,0
2017.0,PJM,Solar,20.0,1,5.895,VA,0
2017.0,PJM,Solar,300.0,2,5.665,IL,0
2017.0,PJM,Solar,15.0,2,3.324,VA,0
2017.0,PJM,Solar,15.0,1,2.746,VA,0
2017.0,PJM,Other,9.6,2,1.123,DE,0
2017.0,PJM,Solar,10.0,2,1.043,DE,0
2017.0,PJM,Solar,50.0,2,0.008,OH,0
2017.0,PJM,Solar,10.0,1,6.24,OH,0
2017.0,PJM,Gas,20.0,2,3.348,PA,0
2017.0,PJM,Solar,2.8,2,1.232,MD,0
2017.0,PJM,Battery,19.9,2,0.014,IL,0
2017.0,ERCOT,Solar,59.8,1,3.247,TX,0
2017.0,PJM,Solar,80.0,1,5.87,VA,0
2017.0,PJM,Solar,150.0,0,8.249,VA,0
2017.0,PJM,Gas,18.0,1,3.001,WV,0
2017.0,PJM,Solar,75.0,1,7.047,VA,0
2017.0,PJM,Solar,150.0,1,7.17,OH,0
2017.0,West,Battery,75.0,0,8.244,CA,0
2017.0,ERCOT,Wind,175.0,2,2.437,TX,0
2017.0,ERCOT,Wind,7.3,0,8.238,TX,0
2017.0,NYISO,Gas,30.2,2,0.983,NY,0
2017.0,NYISO,Gas,72.4,2,0.983,NY,0
2017.0,ERCOT,Solar,100.0,2,1.205,TX,1
2017.0,Southeast,Solar,74.5,0,8.227,FL,0
2017.0,ERCOT,Solar,180.0,2,4.953,TX,0
2017.0,ERCOT,Solar,270.0,1,4.115,TX,0
2017.0,West,Solar,65.0,0,8.219,OR,0
2017.0,West,Solar,150.0,2,3.069,CO,0
2017.0,West,Solar,0.1,1,0.049,SD,0
2017.0,Southeast,Solar,74.9,0,8.208,FL,0
2017.0,PJM,Gas,20.0,2,3.203,PA,0
2017.0,Southeast,Hybrid,74.0,0,8.203,TN,1
2017.0,ERCOT,Wind,180.1,0,8.203,TX,0
2017.0,ERCOT,Wind,300.0,2,1.613,TX,0
2017.0,ERCOT,Solar,182.2,2,3.543,TX,0
2017.0,ISO-NE,Solar,20.0,2,2.1,NH,0
2017.0,ISO-NE,Solar,20.0,2,1.582,NH,0
2017.0,ISO-NE,Solar,20.0,2,1.552,NH,0
2017.0,SPP,Wind,450.0,2,4.912,SD,0
2017.0,SPP,Wind,119.0,2,4.912,SD,0
2017.0,ISO-NE,Solar,20.0,2,2.382,MA,0
2017.0,PJM,Gas,35.0,2,4.739,OH,0
2017.0,NYISO,Battery,10.0,2,0.851,NY,0
2017.0,NYISO,Battery,10.0,2,0.851,NY,0
2017.0,NYISO,Solar,20.0,2,0.43,NY,0
2017.0,NYISO,Solar,20.0,2,0.268,NY,0
2017.0,NYISO,Solar,22.9,1,4.928,NY,0
2017.0,PJM,Gas,600.0,2,0.898,MD,0
2017.0,West,Hybrid,500.0,0,8.181,NM,0
2017.0,Southeast,Battery,11.0,1,5.344,NC,0
2017.0,West,Gas,236.3,0,8.178,NM,0
2017.0,West,Solar,95.6,0,8.178,NM,0
2017.0,Southeast,Solar,74.9,1,6.251,FL,0
2017.0,Southeast,Solar,74.9,2,1.29,FL,0
2017.0,ERCOT,Hybrid,99.4,1,2.428,TX,0
2017.0,PJM,Solar,7.5,2,0.074,NJ,0
2017.0,PJM,Solar,74.9,2,0.074,NC,0
2017.0,PJM,Solar,52.1,2,5.473,VA,0
2017.0,PJM,Solar,7.6,2,5.473,VA,0
2017.0,SPP,Wind,115.0,0,8.151,NE,0
2017.0,PJM,Solar,70.0,1,6.439,PA,0
2017.0,Southeast,Solar,74.5,2,5.719,FL,0
2017.0,PJM,Solar,100.0,2,1.005,OH,0
2017.0,West,Solar,2.7,2,4.293,OR,0
2017.0,PJM,Solar,200.0,2,1.005,OH,0
2017.0,PJM,Solar,49.0,2,1.005,OH,0
2017.0,Southeast,Solar,74.5,2,5.719,FL,0
2017.0,ERCOT,Wind,6.4,0,8.145,TX,0
2017.0,ERCOT,Wind,7.2,0,8.145,TX,0
2017.0,SPP,Wind,244.0,2,8.008,MO,0
2017.0,PJM,Solar,49.5,0,8.14,OH,0
2017.0,ERCOT,Other,38.0,2,3.797,TX,0
2017.0,ERCOT,Solar,75.0,2,3.797,TX,0
2017.0,ERCOT,Solar,200.0,2,2.308,TX,0
2017.0,ERCOT,Other,72.0,2,1.613,TX,0
2017.0,ERCOT,Solar,113.0,0,8.134,TX,0
2017.0,ERCOT,Solar,144.0,2,1.613,TX,0
2017.0,ERCOT,Battery,63.0,0,8.134,TX,0
2017.0,West,Wind,302.4,2,2.146,CO,0
2017.0,West,Wind,302.4,2,2.146,CO,0
2017.0,PJM,Wind,500.0,2,0.175,IN,0
2017.0,West,Other,0.4,0,8.129,ID,0
2017.0,West,Solar,80.0,0,8.126,WY,0
2017.0,PJM,Solar,100.0,2,0.175,OH,0
2017.0,SPP,Solar,100.0,2,1.971,KS,0
2017.0,West,Wind,200.0,2,2.141,CO,0
2017.0,PJM,Solar,127.0,1,5.095,OH,0
2017.0,West,Wind,1000.0,2,2.136,CO,0
2017.0,SPP,Wind,200.0,0,8.12,KS,0
2017.0,West,Wind,400.0,2,2.136,CO,0
2017.0,West,Wind,400.0,2,2.136,CO,0
2017.0,SPP,Wind,260.0,0,8.12,KS,0
2017.0,West,Wind,200.0,2,2.136,CO,0
2017.0,SPP,Wind,130.0,2,4.386,KS,0
2017.0,SPP,Battery,19.8,0,8.12,OK,0
2017.0,SPP,Solar,192.5,2,4.903,NM,0
2017.0,West,Solar,500.0,2,2.136,CO,0
2017.0,SPP,Wind,180.0,0,8.12,KS,0
2017.0,SPP,Wind,250.0,2,0.241,SD,0
2017.0,SPP,Wind,180.0,2,4.835,KS,0
2017.0,SPP,Wind,234.0,2,1.101,OK,0
2017.0,SPP,Wind,252.0,2,1.101,KS,0
2017.0,SPP,Wind,202.0,2,5.684,KS,0
2017.0,SPP,Wind,252.0,2,1.101,KS,0
2017.0,SPP,Wind,252.0,2,1.101,KS,0
2017.0,ISO-NE,Solar,7.0,2,2.732,RI,0
2017.0,ISO-NE,Solar,6.1,2,2.732,RI,0
2017.0,SPP,Wind,252.0,2,6.563,KS,0
2017.0,SPP,Wind,222.0,2,1.098,OK,0
2017.0,ISO-NE,Battery,100.0,2,2.231,MA,0
2017.0,ISO-NE,Battery,100.0,2,0.219,MA,0
2017.0,Southeast,Solar,69.8,0,8.11,SC,0
2017.0,ISO-NE,Battery,50.0,2,0.219,MA,0
2017.0,ISO-NE,Battery,150.0,2,1.21,MA,0
2017.0,SPP,Wind,295.0,0,8.107,OK,1
2017.0,SPP,Wind,227.0,2,1.095,OK,0
2017.0,SPP,Wind,170.0,2,4.83,KS,0
2017.0,SPP,Wind,215.0,2,1.095,KS,0
2017.0,SPP,Solar,241.7,0,8.107,OK,0
2017.0,SPP,Solar,160.0,0,8.107,OK,0
2017.0,SPP,Wind,252.0,2,1.175,NE,0
2017.0,SPP,Wind,252.0,2,1.175,NE,0
2017.0,SPP,Battery,29.6,2,7.546,KS,0
2017.0,SPP,Wind,385.0,2,1.098,OK,1
2017.0,SPP,Wind,470.0,2,1.098,OK,1
2017.0,SPP,Wind,250.0,0,8.107,OK,1
2017.0,SPP,Wind,200.0,0,8.107,OK,1
2017.0,SPP,Wind,400.0,2,6.281,OK,1
2017.0,West,Solar,75.0,2,2.108,CO,0
2017.0,SPP,Wind,151.8,0,8.093,TX,0
2017.0,SPP,Wind,252.0,2,4.816,KS,1
2017.0,SPP,Wind,202.0,2,5.875,MO,0
2017.0,West,Solar,500.0,2,2.108,CO,0
2017.0,SPP,Solar,110.3,2,4.296,NM,0
2017.0,SPP,Wind,258.0,0,8.093,OK,0
2017.0,SPP,Solar,152.0,2,5.739,MO,0
2017.0,SPP,Wind,200.0,2,4.873,MO,0
2017.0,ERCOT,Solar,125.7,1,3.699,TX,0
2017.0,SPP,Wind,200.0,0,8.093,NE,0
2017.0,SPP,Solar,250.0,0,8.09,OK,0
2017.0,SPP,Wind,300.0,0,8.09,TX,0
2017.0,SPP,Wind,252.0,2,6.168,OK,0
2017.0,SPP,Wind,253.0,2,4.813,OK,0
2017.0,SPP,Solar,72.5,0,8.09,OK,0
2017.0,SPP,Wind,202.0,2,4.813,OK,0
2017.0,ERCOT,Wind,201.0,2,5.331,TX,0
2017.0,ERCOT,Wind,102.0,2,1.098,TX,0
2017.0,SPP,Wind,215.0,0,8.09,OK,0
2017.0,SPP,Solar,52.2,0,8.09,OK,0
2017.0,SPP,Solar,72.5,0,8.09,AR,0
2017.0,SPP,Wind,300.0,2,5.815,OK,0
2017.0,SPP,Wind,255.0,2,6.773,OK,0
2017.0,SPP,Wind,234.0,2,4.813,OK,0
2017.0,SPP,Wind,50.0,2,4.29,OK,0
2017.0,SPP,Wind,222.0,2,5.687,KS,0
2017.0,SPP,Battery,52.0,0,8.088,OK,0
2017.0,SPP,Solar,40.0,2,2.716,MO,0
2017.0,SPP,Other,300.0,2,5.114,TX,0
2017.0,SPP,Wind,270.0,0,8.088,SD,0
2017.0,SPP,Solar,200.0,2,0.192,OK,0
2017.0,SPP,Solar,50.0,0,8.088,OK,0
2017.0,SPP,Solar,50.0,0,8.088,OK,0
2017.0,SPP,Solar,150.0,0,8.088,OK,0
2017.0,SPP,Solar,250.0,2,1.076,OK,0
2017.0,SPP,Battery,52.0,2,1.076,OK,0
2017.0,SPP,Solar,250.0,2,6.166,OK,0
2017.0,SPP,Battery,52.0,2,6.771,OK,0
2017.0,SPP,Solar,250.0,2,5.936,OK,0
2017.0,SPP,Wind,288.0,2,1.309,NE,0
2017.0,SPP,Wind,265.0,0,8.088,TX,0
2017.0,SPP,Solar,250.0,0,8.088,OK,0
2017.0,SPP,Wind,350.0,2,2.379,OK,0
2017.0,SPP,Wind,25.0,2,1.049,KS,0
2017.0,SPP,Wind,50.0,2,4.29,OK,0
2017.0,SPP,Battery,52.0,2,6.166,OK,0
2017.0,SPP,Wind,300.0,0,8.088,NE,0
2017.0,SPP,Wind,350.0,2,2.379,OK,0
2017.0,SPP,Solar,400.0,0,8.088,KS,0
2017.0,PJM,Solar,1.3,1,3.061,VA,0
2017.0,SPP,Wind,400.0,0,8.088,KS,0
2017.0,SPP,Wind,128.0,0,8.088,NE,0
2017.0,SPP,Wind,200.0,2,4.871,KS,0
2017.0,SPP,Battery,76.0,2,5.684,KS,1
2017.0,SPP,Wind,250.0,0,8.085,NE,0
2017.0,SPP,Solar,200.0,2,6.954,MO,0
2017.0,SPP,Wind,50.0,2,5.437,ND,0
2017.0,SPP,Wind,50.0,2,5.437,ND,0
2017.0,SPP,Solar,600.0,2,4.274,TX,0
2017.0,SPP,Solar,40.0,2,2.697,OK,0
2017.0,SPP,Solar,300.0,0,8.085,TX,0
2017.0,SPP,Solar,202.0,2,5.421,OK,0
2017.0,SPP,Solar,310.0,2,0.183,NE,0
2017.0,West,Solar,250.0,2,0.931,CO,0
2017.0,SPP,Wind,150.0,2,4.808,MT,0
2017.0,SPP,Solar,302.4,2,4.808,KS,1
2017.0,SPP,Solar,201.6,0,8.085,KS,0
2017.0,SPP,Battery,76.0,2,5.437,KS,1
2017.0,SPP,Solar,302.4,2,4.808,KS,1
2017.0,SPP,Battery,11.6,0,8.085,NE,1
2017.0,SPP,Wind,180.0,0,8.085,IA,0
2017.0,SPP,Battery,152.0,0,8.085,KS,0
2017.0,SPP,Solar,201.6,0,8.085,KS,0
2017.0,SPP,Solar,300.0,2,5.366,OK,0
2017.0,SPP,Wind,100.0,0,8.085,ND,0
2017.0,SPP,Solar,300.0,2,0.183,KS,0
2017.0,SPP,Wind,100.0,2,5.864,ND,0
2017.0,SPP,Solar,300.0,2,4.868,TX,0
2017.0,SPP,Solar,600.0,2,4.868,TX,0
2017.0,SPP,Battery,201.6,0,8.085,KS,0
2017.0,SPP,Wind,100.0,0,8.085,ND,0
2017.0,SPP,Battery,80.0,2,4.23,OK,0
2017.0,SPP,Solar,210.0,2,4.285,KS,0
2017.0,SPP,Battery,52.0,2,5.684,KS,0
2017.0,SPP,Solar,500.4,0,8.085,KS,1
2017.0,SPP,Wind,302.0,2,5.437,SD,0
2017.0,SPP,Solar,201.6,2,5.684,KS,0
2017.0,SPP,Solar,300.3,2,4.287,TX,0
2017.0,West,Hybrid,300.0,0,8.085,UT,1
2017.0,SPP,Solar,201.6,2,4.287,MO,0
2017.0,SPP,Battery,202.0,2,5.437,SD,0
2017.0,SPP,Solar,201.6,2,4.808,KS,0
2017.0,SPP,Solar,150.0,0,8.085,TX,0
2017.0,SPP,Solar,100.0,2,4.808,MO,0
2017.0,SPP,Solar,130.0,0,8.085,MO,0
2017.0,SPP,Solar,300.0,2,0.183,OK,0
2017.0,SPP,Solar,310.0,0,8.085,NE,0
2017.0,SPP,Battery,128.0,0,8.085,KS,1
2017.0,SPP,Solar,150.0,2,4.285,KS,0
2017.0,SPP,Solar,310.0,2,4.285,KS,0
2017.0,SPP,Solar,300.0,2,2.793,KS,0
2017.0,SPP,Battery,52.0,2,5.437,KS,0
2017.0,PJM,Solar,100.0,0,8.082,MI,0
2017.0,PJM,Solar,20.0,2,0.794,IL,0
2017.0,PJM,Solar,96.0,0,8.079,VA,0
2017.0,PJM,Solar,95.0,0,8.079,VA,0
2017.0,ERCOT,Gas,462.2,2,2.338,TX,0
2017.0,ERCOT,Hybrid,201.1,1,8.074,TX,0
2017.0,PJM,Battery,2.0,2,6.037,NJ,0
2017.0,Southeast,Solar,74.5,1,2.568,FL,0
2017.0,ERCOT,Wind,525.0,1,3.546,TX,0
2017.0,Southeast,Solar,74.5,1,2.568,FL,0
2017.0,PJM,Solar,10.0,1,1.287,NJ,0
2017.0,Southeast,Solar,50.0,2,1.322,FL,0
2017.0,PJM,Hybrid,150.0,2,0.687,PA,0
2017.0,Southeast,Solar,50.0,1,5.38,FL,0
2017.0,ISO-NE,Other,75.0,2,1.172,MA,0
2017.0,PJM,Solar,19.5,2,0.769,MD,0
2017.0,PJM,Solar,19.8,1,1.27,VA,0
2017.0,Southeast,Solar,24.0,2,0.728,GA,0
2017.0,West,Solar,120.0,0,8.047,NV,1
2017.0,West,Solar,75.0,2,2.062,CO,1
2017.0,Southeast,Solar,74.9,2,1.051,FL,0
2017.0,ISO-NE,Wind,791.0,0,8.044,MA,0
2017.0,CAISO,Gas,432.0,2,0.323,CA,0
2017.0,ISO-NE,Wind,400.0,2,1.166,MA,0
2017.0,West,Solar,36.0,0,8.044,CO,0
2017.0,PJM,Solar,150.0,2,0.057,VA,0
2017.0,PJM,Solar,49.9,1,7.529,OH,0
2017.0,ERCOT,Solar,198.6,1,3.674,TX,0
2017.0,ERCOT,Wind,200.2,1,6.99,TX,0
2017.0,ERCOT,Wind,174.0,1,3.469,TX,0
2017.0,Southeast,Solar,50.0,0,8.027,FL,0
2017.0,Southeast,Solar,50.0,0,8.027,FL,0
2017.0,Southeast,Solar,50.0,0,8.027,FL,0
2017.0,Southeast,Solar,50.0,0,8.027,FL,0
2017.0,Southeast,Solar,50.0,0,8.027,FL,0
2017.0,West,Gas,198.8,0,8.027,WA,0
2017.0,Southeast,Solar,74.9,1,5.279,FL,0
2017.0,PJM,Solar,130.0,0,8.022,VA,0
2017.0,Southeast,Solar,155.0,2,0.156,GA,0
2018.0,ERCOT,Wind,300.0,0,7.995,TX,0
2018.0,ERCOT,Wind,302.5,2,1.224,TX,0
2018.0,NYISO,Solar,20.0,2,0.156,NY,0
2018.0,ERCOT,Solar,144.0,2,3.663,TX,0
2018.0,ERCOT,Wind,9.9,0,7.992,TX,0
2018.0,ERCOT,Wind,226.5,0,7.992,TX,0
2018.0,Southeast,Solar,40.0,2,0.608,FL,0
2018.0,ERCOT,Wind,118.8,1,4.23,TX,0
2018.0,West,Solar,100.6,0,7.989,WA,1
2018.0,West,Solar,100.6,0,7.989,WA,1
2018.0,ERCOT,Wind,373.2,1,4.23,TX,0
2018.0,West,Other,2.7,1,0.977,MT,0
2018.0,PJM,Gas,38.9,1,1.884,PA,0
2018.0,West,Hybrid,150.0,2,1.955,CO,0
2018.0,PJM,Solar,60.0,2,1.588,KY,0
2018.0,NYISO,Solar,20.0,1,4.868,NY,0
2018.0,PJM,Solar,7.5,2,0.016,NJ,0
2018.0,NYISO,Battery,200.0,0,7.951,NY,0
2018.0,NYISO,Solar,20.0,2,0.277,NY,0
2018.0,West,Hybrid,30.0,2,2.01,CA,0
2018.0,PJM,Solar,20.0,0,7.945,VA,0
2018.0,PJM,Wind,150.0,0,7.94,IL,0
2018.0,Southeast,Solar,75.0,2,0.561,FL,0
2018.0,Southeast,Solar,74.9,2,0.657,FL,0
2018.0,PJM,Solar,17.0,2,0.074,IL,0
2018.0,ISO-NE,Solar,6.8,0,7.934,MA,0
2018.0,ERCOT,Solar,120.0,2,5.164,TX,0
2018.0,ERCOT,Wind,126.0,2,4.375,TX,0
2018.0,PJM,Solar,65.5,2,1.889,VA,0
2018.0,PJM,Solar,13.2,1,1.678,NJ,0
2018.0,PJM,Solar,20.0,2,1.161,MD,0
2018.0,NYISO,Solar,150.0,2,0.416,NY,0
2018.0,PJM,Solar,3.2,1,2.894,VA,0
2018.0,Southeast,Solar,80.0,2,3.496,AL,0
2018.0,Southeast,Solar,80.0,2,4.531,GA,0
2018.0,PJM,Solar,10.0,2,1.246,NJ,0
2018.0,PJM,Solar,74.9,2,4.578,NC,0
2018.0,PJM,Battery,200.0,2,0.082,PA,0
2018.0,PJM,Battery,10.0,2,1.719,VA,0
2018.0,PJM,Wind,200.0,0,7.915,IL,0
2018.0,PJM,Solar,80.0,2,5.117,VA,0
2018.0,PJM,Solar,70.0,0,7.912,KY,0
2018.0,Southeast,Solar,74.5,0,7.912,FL,0
2018.0,NYISO,Solar,20.0,2,0.156,NY,0
2018.0,NYISO,Solar,20.0,2,0.156,NY,0
2018.0,MISO,Wind,80.0,2,2.141,MN,0
2018.0,NYISO,Solar,20.0,2,0.156,NY,0
2018.0,NYISO,Solar,20.0,2,0.156,NY,0
2018.0,SPP,Wind,270.0,2,2.825,TX,0
2018.0,MISO,Wind,54.0,2,3.088,SD,0
2018.0,NYISO,Battery,15.0,2,0.142,NY,0
2018.0,SPP,Wind,200.0,2,0.14,KS,0
2018.0,ERCOT,Solar,224.7,0,7.893,TX,0
2018.0,ERCOT,Wind,3.0,0,7.89,TX,0
2018.0,PJM,Gas,44.0,2,5.191,PA,0
2018.0,West,Solar,10.0,2,3.474,UT,0
2018.0,MISO,Solar,80.0,2,2.379,MI,1
2018.0,Southeast,Solar,79.7,2,4.657,MS,0
2018.0,PJM,Solar,20.0,2,0.06,VA,0
2018.0,Southeast,Solar,79.7,2,3.647,AL,0
2018.0,Southeast,Solar,74.5,0,7.88,FL,0
2018.0,Southeast,Solar,74.5,1,4.964,FL,0
2018.0,NYISO,Gas,548.0,2,4.964,PA,0
2018.0,Southeast,Solar,74.9,0,7.86,FL,0
2018.0,PJM,Gas,940.0,2,0.597,OH,0
2018.0,ISO-NE,Solar,20.0,2,4.983,CT,0
2018.0,ISO-NE,Other,14.8,2,2.609,CT,0
2018.0,ERCOT,Solar,200.0,2,5.58,TX,0
2018.0,PJM,Battery,0.8,2,5.582,DE,0
2018.0,ISO-NE,Solar,20.0,2,6.215,CT,0
2018.0,PJM,Solar,20.0,0,7.858,IL,0
2018.0,ISO-NE,Solar,7.5,2,1.112,CT,0
2018.0,PJM,Solar,5.6,1,5.862,MD,0
2018.0,ISO-NE,Solar,20.0,2,5.043,CT,0
2018.0,ISO-NE,Solar,6.0,2,0.025,CT,0
2018.0,ERCOT,Solar,50.0,2,0.898,TX,0
2018.0,ISO-NE,Solar,19.9,2,0.172,CT,0
2018.0,ISO-NE,Solar,26.4,2,0.172,CT,0
2018.0,ISO-NE,Solar,24.6,2,0.172,CT,0
2018.0,ISO-NE,Battery,20.0,2,4.257,CT,0
2018.0,Southeast,Gas,645.0,0,7.855,FL,0
2018.0,West,Solar,80.0,2,0.079,CO,0
2018.0,West,Solar,220.0,2,0.079,CO,0
2018.0,PJM,Solar,7.4,2,0.167,PA,0
2018.0,PJM,Solar,80.3,0,7.849,PA,0
2018.0,ERCOT,Solar,255.1,1,3.299,TX,0
2018.0,PJM,Solar,149.5,2,5.238,VA,0
2018.0,ERCOT,Wind,201.6,2,2.53,TX,0
2018.0,PJM,Solar,2.6,1,5.068,NJ,0
2018.0,PJM,Solar,1.3,2,2.3,NJ,0
2018.0,PJM,Solar,50.0,2,1.328,NC,0
2018.0,PJM,Solar,3.0,2,1.309,NJ,0
2018.0,ERCOT,Solar,252.0,1,6.136,TX,0
2018.0,ERCOT,Solar,150.0,2,2.004,TX,0
2018.0,ISO-NE,Battery,142.8,2,1.07,MA,0
2018.0,Southeast,Solar,75.0,2,0.266,GA,0
2018.0,PJM,Solar,116.0,0,7.836,IL,0
2018.0,PJM,Solar,150.0,0,7.833,OH,1
2018.0,West,Wind,700.0,2,1.848,CO,0
2018.0,West,Wind,700.0,2,1.848,CO,0
2018.0,ERCOT,Wind,225.6,1,3.652,TX,0
2018.0,ERCOT,Solar,120.0,2,5.489,TX,1
2018.0,ERCOT,Wind,352.8,2,1.021,TX,0
2018.0,West,Hybrid,20.0,0,7.825,MT,0
2018.0,ISO-NE,Other,672.0,2,5.347,CT,0
2018.0,MISO,Solar,1.4,0,7.817,IA,0
2018.0,Southeast,Solar,150.0,2,0.999,GA,0
2018.0,MISO,Gas,1165.0,0,7.817,IL,0
2018.0,MISO,Other,2.0,0,7.817,IA,0
2018.0,Southeast,Solar,80.0,2,1.61,AL,0
2018.0,West,Hybrid,94.0,0,7.817,WA,0
2018.0,MISO,Solar,200.0,0,7.814,MO,0
2018.0,MISO,Solar,200.0,2,5.418,WI,0
2018.0,NYISO,Battery,129.0,2,4.898,NY,0
2018.0,NYISO,Battery,129.0,2,4.898,NY,0
2018.0,NYISO,Gas,243.8,2,4.898,NY,0
2018.0,MISO,Wind,800.0,2,1.027,MO,0
2018.0,MISO,Solar,150.0,0,7.806,AR,0
2018.0,MISO,Solar,80.0,2,2.303,MI,0
2018.0,MISO,Solar,165.0,0,7.806,IA,0
2018.0,MISO,Wind,165.0,0,7.806,IA,0
2018.0,MISO,Wind,145.0,2,1.426,IA,0
2018.0,MISO,Wind,300.0,2,2.037,MO,0
2018.0,MISO,Solar,65.0,2,3.403,MI,0
2018.0,MISO,Solar,300.0,2,2.037,MN,0
2018.0,MISO,Solar,250.0,1,6.68,MO,0
2018.0,MISO,Wind,200.0,1,4.638,IA,0
2018.0,MISO,Solar,50.0,0,7.806,MI,0
2018.0,MISO,Solar,1.4,1,1.593,MI,0
2018.0,MISO,Solar,50.0,0,7.806,LA,0
2018.0,MISO,Wind,200.0,2,1.117,MO,0
2018.0,MISO,Solar,100.0,2,1.462,TX,0
2018.0,MISO,Wind,151.8,2,2.992,ND,0
2018.0,MISO,Solar,75.0,0,7.806,IL,0
2018.0,MISO,Solar,100.0,0,7.806,WI,0
2018.0,MISO,Solar,50.0,0,7.806,SD,0
2018.0,MISO,Solar,150.0,2,1.462,AR,0
2018.0,MISO,Solar,75.0,0,7.806,WI,0
2018.0,MISO,Wind,300.0,2,2.037,MN,0
2018.0,MISO,Solar,100.0,2,1.462,MS,0
2018.0,MISO,Battery,20.0,2,2.303,MI,0
2018.0,MISO,Solar,70.0,0,7.806,LA,0
2018.0,MISO,Solar,100.0,2,1.462,TX,0
2018.0,MISO,Solar,300.0,0,7.806,MO,0
2018.0,MISO,Solar,200.0,2,2.037,ND,0
2018.0,MISO,Solar,100.2,2,0.89,WI,0
2018.0,MISO,Solar,80.0,2,1.462,TX,0
2018.0,MISO,Solar,120.0,2,1.462,MS,0
2018.0,MISO,Solar,80.0,0,7.806,MN,0
2018.0,MISO,Solar,150.0,2,1.462,LA,0
2018.0,MISO,Solar,50.0,2,1.462,LA,0
2018.0,MISO,Solar,50.0,2,0.843,AR,0
2018.0,MISO,Solar,80.0,2,1.462,TX,0
2018.0,MISO,Solar,100.2,2,1.823,MO,0
2018.0,MISO,Wind,150.0,2,3.379,ND,0
2018.0,MISO,Solar,200.0,2,2.037,MN,0
2018.0,MISO,Wind,250.0,2,1.018,IL,0
2018.0,MISO,Solar,100.0,2,3.269,MN,0
2018.0,MISO,Solar,150.0,2,2.995,IL,0
2018.0,MISO,Solar,150.0,2,2.995,IN,0
2018.0,MISO,Solar,85.0,2,1.465,MS,0
2018.0,MISO,Wind,200.0,2,2.037,IA,0
2018.0,MISO,Wind,200.0,0,7.806,IL,0
2018.0,MISO,Wind,100.0,2,0.561,IN,0
2018.0,MISO,Solar,80.0,2,1.216,MI,0
2018.0,MISO,Wind,150.0,2,0.561,IL,0
2018.0,MISO,Gas,600.0,2,1.246,MI,0
2018.0,MISO,Wind,145.0,2,1.448,TX,0
2018.0,MISO,Solar,200.0,2,2.188,WI,0
2018.0,MISO,Wind,200.0,2,2.992,IA,0
2018.0,MISO,Wind,150.0,2,1.81,MO,0
2018.0,MISO,Wind,207.0,2,2.037,ND,0
2018.0,MISO,Solar,100.0,2,0.233,MS,0
2018.0,MISO,Wind,70.0,2,0.739,MI,0
2018.0,MISO,Solar,150.0,0,7.806,IL,0
2018.0,MISO,Solar,80.0,2,2.992,MN,0
2018.0,MISO,Gas,17.0,2,0.49,MI,0
2018.0,MISO,Solar,20.0,1,2.305,LA,0
2018.0,MISO,Solar,49.9,2,1.621,WI,0
2018.0,MISO,Wind,1.1,2,0.641,MI,0
2018.0,MISO,Solar,135.0,0,7.806,AR,0
2018.0,MISO,Solar,100.0,0,7.806,MN,0
2018.0,MISO,Solar,100.0,2,2.037,MN,0
2018.0,MISO,Solar,96.0,0,7.806,MS,0
2018.0,MISO,Solar,250.0,0,7.806,MO,0
2018.0,MISO,Other,10.0,1,2.582,AR,0
2018.0,MISO,Solar,100.0,2,1.87,AR,0
2018.0,MISO,Solar,100.0,2,1.462,AR,0
2018.0,MISO,Solar,150.0,2,2.037,MN,0
2018.0,MISO,Solar,200.0,0,7.806,MO,0
2018.0,MISO,Wind,414.0,2,2.992,MN,0
2018.0,MISO,Solar,140.0,2,1.465,AR,0
2018.0,MISO,Solar,150.0,1,4.222,WI,0
2018.0,MISO,Solar,50.0,0,7.806,IA,0
2018.0,MISO,Solar,100.0,2,0.233,AR,0
2018.0,MISO,Solar,100.0,2,0.556,LA,0
2018.0,MISO,Solar,50.0,0,7.806,IA,0
2018.0,MISO,Solar,100.0,0,7.806,IA,0
2018.0,MISO,Solar,200.0,2,4.353,IN,0
2018.0,MISO,Gas,252.0,2,1.465,LA,0
2018.0,MISO,Wind,30.0,2,0.413,IN,0
2018.0,MISO,Wind,250.0,2,2.037,MN,0
2018.0,MISO,Solar,50.0,1,4.222,WI,0
2018.0,MISO,Gas,54.0,2,1.823,IN,0
2018.0,MISO,Solar,50.0,2,0.6,MI,0
2018.0,MISO,Battery,100.0,2,1.618,WI,0
2018.0,MISO,Solar,100.0,2,0.641,MI,0
2018.0,MISO,Wind,200.0,1,5.106,IN,0
2018.0,MISO,Wind,100.0,2,2.037,MN,0
2018.0,MISO,Solar,200.0,2,2.992,MN,0
2018.0,MISO,Wind,150.0,2,2.992,IA,0
2018.0,MISO,Wind,400.0,2,1.024,MI,0
2018.0,MISO,Solar,150.0,2,1.465,LA,0
2018.0,MISO,Solar,100.0,0,7.806,MS,1
2018.0,MISO,Wind,250.0,2,7.288,IL,0
2018.0,MISO,Other,9.0,0,7.806,IA,0
2018.0,MISO,Solar,150.0,2,2.992,MN,0
2018.0,MISO,Wind,150.0,2,0.69,MN,0
2018.0,MISO,Wind,400.0,2,2.037,MO,0
2018.0,MISO,Solar,65.0,2,1.621,WI,0
2018.0,MISO,Gas,1110.0,2,1.465,MS,0
2018.0,MISO,Wind,150.0,0,7.806,MN,0
2018.0,MISO,Solar,70.0,2,1.465,MS,0
2018.0,MISO,Battery,5.0,0,7.806,IN,0
2018.0,MISO,Wind,225.0,1,4.304,IA,0
2018.0,MISO,Battery,20.0,2,7.693,WI,0
2018.0,MISO,Wind,200.0,2,1.695,MI,0
2018.0,MISO,Wind,144.0,1,2.595,IL,0
2018.0,MISO,Battery,30.0,2,2.037,MN,0
2018.0,MISO,Solar,300.0,2,2.188,WI,0
2018.0,MISO,Solar,100.0,2,1.04,MI,0
2018.0,MISO,Solar,50.0,1,5.04,WI,0
2018.0,MISO,Solar,40.0,2,2.992,MN,0
2018.0,MISO,Solar,99.0,1,4.876,WI,0
2018.0,MISO,Solar,50.0,1,5.235,WI,0
2018.0,MISO,Wind,800.0,2,0.641,MI,0
2018.0,MISO,Solar,200.0,2,2.303,MI,0
2018.0,MISO,Solar,100.0,2,2.037,SD,0
2018.0,MISO,Solar,200.0,0,7.806,AR,0
2018.0,MISO,Solar,50.0,2,2.037,MN,0
2018.0,MISO,Solar,400.0,2,2.188,WI,0
2018.0,MISO,Solar,125.0,2,2.037,MN,0
2018.0,MISO,Solar,400.0,2,2.188,WI,0
2018.0,MISO,Solar,300.0,0,7.806,IN,0
2018.0,MISO,Solar,500.0,0,7.806,AR,0
2018.0,MISO,Solar,200.0,2,7.77,IL,0
2018.0,MISO,Solar,200.0,0,7.806,IN,0
2018.0,MISO,Solar,200.0,0,7.806,IN,0
2018.0,MISO,Solar,70.0,0,7.806,IL,0
2018.0,MISO,Solar,100.0,2,1.821,IL,0
2018.0,MISO,Solar,80.0,0,7.806,MI,0
2018.0,MISO,Solar,200.0,2,2.037,ND,0
2018.0,MISO,Solar,50.0,2,2.037,IA,1
2018.0,MISO,Solar,100.0,2,2.037,IA,1
2018.0,MISO,Wind,44.0,2,0.181,IL,0
2018.0,MISO,Wind,200.0,2,1.695,MI,0
2018.0,MISO,Wind,200.0,2,1.695,MI,0
2018.0,MISO,Solar,195.0,0,7.806,IN,0
2018.0,MISO,Solar,200.0,0,7.806,MI,0
2018.0,MISO,Solar,300.0,2,2.037,MN,0
2018.0,MISO,Solar,300.0,2,1.823,MO,0
2018.0,MISO,Solar,400.0,2,2.188,WI,0
2018.0,MISO,Solar,100.0,2,1.043,IL,0
2018.0,MISO,Solar,80.0,2,1.725,MI,0
2018.0,MISO,Solar,225.0,0,7.806,MO,0
2018.0,MISO,Solar,75.0,2,0.594,IL,0
2018.0,MISO,Solar,130.0,2,0.931,MN,0
2018.0,MISO,Battery,15.0,2,1.426,MN,0
2018.0,MISO,Solar,32.5,2,2.037,MN,0
2018.0,MISO,Battery,50.0,2,2.995,MO,0
2018.0,MISO,Wind,250.0,0,7.806,ND,0
2018.0,MISO,Battery,20.0,2,2.037,MN,0
2018.0,MISO,Wind,374.4,2,4.914,MI,0
2018.0,MISO,Solar,200.0,2,1.618,WI,0
2018.0,MISO,Battery,20.0,0,7.806,MN,0
2018.0,MISO,Battery,50.0,2,1.695,MI,0
2018.0,MISO,Solar,200.0,2,1.618,WI,0
2018.0,MISO,Wind,250.0,2,1.043,MI,0
2018.0,MISO,Solar,250.0,2,1.465,MS,0
2018.0,MISO,Battery,50.0,2,2.995,MO,0
2018.0,MISO,Battery,50.0,2,2.037,MN,0
2018.0,MISO,Wind,150.0,2,1.823,IN,0
2018.0,MISO,Solar,150.0,1,4.868,TX,0
2018.0,MISO,Solar,80.0,2,1.725,MI,0
2018.0,MISO,Solar,80.0,2,1.04,MI,0
2018.0,MISO,Solar,50.0,2,1.821,IN,0
2018.0,MISO,Wind,125.0,2,0.561,IN,0
2018.0,MISO,Wind,150.0,2,0.561,IN,0
2018.0,MISO,Wind,150.0,2,0.561,MO,0
2018.0,MISO,Solar,250.0,2,1.87,MS,0
2018.0,MISO,Solar,240.0,0,7.806,IN,0
2018.0,MISO,Wind,200.0,2,1.81,IL,0
2018.0,MISO,Solar,82.0,2,1.465,AR,0
2018.0,MISO,Wind,200.0,2,2.992,MO,0
2018.0,MISO,Wind,300.0,0,7.806,MO,0
2018.0,MISO,Wind,400.0,0,7.806,MO,0
2018.0,MISO,Solar,150.0,0,7.806,IN,0
2018.0,MISO,Solar,150.0,0,7.806,IN,0
2018.0,MISO,Solar,200.0,2,1.002,LA,0
2018.0,MISO,Wind,150.0,1,4.208,IL,0
2018.0,MISO,Wind,200.0,2,1.695,MI,0
2018.0,MISO,Solar,100.0,2,7.608,MO,0
2018.0,MISO,Solar,150.0,2,0.931,IA,0
2018.0,MISO,Solar,170.0,2,2.902,MI,0
2018.0,PJM,Solar,7.5,1,1.52,NJ,0
2018.0,MISO,Wind,200.0,0,7.806,IN,0
2018.0,MISO,Solar,90.0,2,2.902,MI,0
2018.0,MISO,Solar,150.0,2,1.465,AR,0
2018.0,MISO,Solar,100.0,0,7.806,WI,0
2018.0,MISO,Solar,100.0,2,7.608,MO,0
2018.0,MISO,Solar,200.0,2,1.465,AR,0
2018.0,MISO,Solar,150.0,0,7.806,IL,0
2018.0,MISO,Solar,300.0,2,1.465,MS,1
2018.0,MISO,Solar,150.0,0,7.806,IL,0
2018.0,MISO,Solar,150.0,2,2.902,MI,0
2018.0,MISO,Solar,500.0,2,1.465,AR,0
2018.0,MISO,Battery,50.0,2,2.188,WI,0
2018.0,MISO,Solar,149.8,0,7.806,WI,0
2018.0,MISO,Solar,120.0,2,1.821,MO,0
2018.0,MISO,Wind,200.0,0,7.806,MI,0
2018.0,MISO,Wind,100.0,2,0.641,IL,0
2018.0,MISO,Wind,300.0,0,7.806,IA,0
2018.0,MISO,Wind,200.0,2,2.992,IA,0
2018.0,MISO,Wind,200.0,2,1.821,IL,0
2018.0,MISO,Wind,200.0,2,3.603,IL,0
2018.0,MISO,Wind,100.0,2,1.695,MI,0
2018.0,MISO,Solar,200.0,2,1.465,TX,0
2018.0,MISO,Solar,40.0,2,2.992,MN,0
2018.0,MISO,Solar,200.0,0,7.806,MO,0
2018.0,MISO,Solar,200.0,2,1.465,LA,0
2018.0,MISO,Wind,300.0,2,2.188,WI,0
2018.0,MISO,Solar,120.0,2,2.037,MN,0
2018.0,MISO,Wind,400.0,2,1.043,MO,0
2018.0,MISO,Wind,300.0,2,1.043,MN,0
2018.0,MISO,Wind,99.0,2,1.027,IL,0
2018.0,MISO,Solar,200.0,2,1.465,LA,0
2018.0,MISO,Solar,300.0,2,1.465,AR,0
2018.0,MISO,Wind,250.0,2,0.641,MI,0
2018.0,MISO,Solar,200.0,0,7.806,LA,0
2018.0,MISO,Wind,350.0,2,0.641,MI,0
2018.0,MISO,Solar,200.0,2,5.626,IN,0
2018.0,MISO,Solar,300.0,2,1.465,LA,0
2018.0,MISO,Solar,150.0,0,7.806,MN,0
2018.0,MISO,Solar,100.0,0,7.806,MI,0
2018.0,MISO,Solar,100.0,2,1.465,MS,0
2018.0,MISO,Solar,200.0,2,1.465,MS,0
2018.0,MISO,Solar,70.0,2,1.725,MI,0
2018.0,MISO,Solar,150.0,0,7.806,IA,0
2018.0,Southeast,Solar,80.0,2,0.846,AL,0
2018.0,ERCOT,Wind,201.6,2,1.958,TX,0
2018.0,PJM,Solar,19.9,1,3.472,VA,0
2018.0,PJM,Solar,95.0,2,6.683,KY,0
2018.0,PJM,Solar,86.0,0,7.797,VA,0
2018.0,PJM,Solar,49.0,0,7.797,MD,0
2018.0,PJM,Other,40.0,2,2.587,OH,0
2018.0,NYISO,Wind,800.0,2,2.212,NY,0
2018.0,PJM,Gas,285.0,2,5.213,MI,0
2018.0,NYISO,Battery,20.0,1,1.796,NY,0
2018.0,NYISO,Wind,800.0,2,2.212,NY,0
2018.0,PJM,Solar,100.0,0,7.797,IN,0
2018.0,West,Solar,150.0,2,1.81,CO,0
2018.0,PJM,Battery,150.0,0,7.795,PA,0
2018.0,West,Solar,31.5,2,3.535,UT,0
2018.0,West,Wind,313.0,0,7.786,WA,0
2018.0,West,Solar,80.0,0,7.786,NV,0
2018.0,West,Solar,150.0,0,7.786,NV,0
2018.0,West,Solar,350.0,0,7.786,NV,0
2018.0,Southeast,Solar,74.9,1,6.034,FL,0
2018.0,PJM,Solar,20.0,1,2.992,IN,0
2018.0,West,Hybrid,400.0,2,4.736,UT,0
2018.0,Southeast,Solar,74.9,2,1.257,FL,0
2018.0,PJM,Battery,20.0,2,0.036,MD,0
2018.0,PJM,Wind,200.0,2,1.722,OH,0
2018.0,PJM,Solar,30.0,2,1.884,DE,0
2018.0,PJM,Solar,75.0,2,1.722,NC,0
2018.0,PJM,Solar,70.0,2,1.864,VA,0
2018.0,Southeast,Solar,120.0,2,0.945,MS,0
2018.0,NYISO,Solar,100.0,0,7.784,NY,0
2018.0,Southeast,Solar,200.0,2,0.621,MS,0
2018.0,PJM,Battery,50.0,0,7.784,OH,0
2018.0,PJM,Solar,15.0,2,1.043,VA,0
2018.0,PJM,Solar,20.0,2,0.485,VA,0
2018.0,PJM,Battery,20.0,2,0.036,NC,0
2018.0,Southeast,Solar,100.0,2,0.304,MS,0
2018.0,Southeast,Solar,74.5,1,6.697,FL,0
2018.0,Southeast,Solar,74.5,1,5.864,FL,0
2018.0,NYISO,Other,1.2,1,1.194,NY,0
2018.0,Southeast,Solar,74.5,0,7.781,FL,0
2018.0,PJM,Solar,51.0,0,7.781,VA,0
2018.0,PJM,Gas,66.0,1,1.53,VA,0
2018.0,PJM,Battery,50.0,0,7.781,OH,0
2018.0,PJM,Solar,240.0,0,7.781,OH,0
2018.0,PJM,Solar,230.0,1,6.924,OH,0
2018.0,PJM,Solar,120.0,2,1.243,PA,0
2018.0,PJM,Solar,80.0,2,1.859,KY,0
2018.0,PJM,Solar,55.0,2,2.07,KY,0
2018.0,PJM,Gas,12.0,2,1.306,PA,0
2018.0,PJM,Gas,12.0,1,2.483,PA,0
2018.0,PJM,Gas,8.0,2,0.016,PA,0
2018.0,PJM,Gas,50.4,1,5.667,PA,0
2018.0,PJM,Gas,68.1,1,4.099,PA,0
2018.0,PJM,Solar,20.0,2,0.068,NC,0
2018.0,PJM,Solar,94.0,2,0.068,NC,0
2018.0,PJM,Solar,75.0,2,0.474,PA,0
2018.0,PJM,Solar,5.0,2,0.016,DE,0
2018.0,PJM,Gas,410.0,2,3.581,PA,0
2018.0,PJM,Solar,15.0,2,1.128,PA,0
2018.0,PJM,Gas,144.6,2,3.6,MD,0
2018.0,PJM,Other,14.0,2,3.6,MD,0
2018.0,PJM,Solar,100.0,2,1.859,KY,0
2018.0,PJM,Wind,200.0,2,1.109,IL,0
2018.0,PJM,Solar,120.0,2,7.603,OH,0
2018.0,PJM,Solar,200.0,2,5.038,IL,0
2018.0,PJM,Battery,20.0,2,0.03,PA,0
2018.0,PJM,Wind,150.0,2,1.265,IL,0
2018.0,PJM,Solar,100.0,2,1.506,OH,0
2018.0,PJM,Solar,100.0,2,0.022,OH,0
2018.0,PJM,Wind,150.0,2,0.452,IN,0
2018.0,PJM,Wind,150.0,2,0.794,IN,0
2018.0,PJM,Battery,9.0,2,0.03,PA,0
2018.0,PJM,Solar,1.6,0,7.775,NJ,0
2018.0,PJM,Wind,360.0,2,4.668,OH,0
2018.0,PJM,Wind,150.0,2,1.265,IL,0
2018.0,PJM,Solar,200.0,2,0.022,IL,0
2018.0,PJM,Wind,150.0,2,1.265,IL,0
2018.0,PJM,Wind,150.0,2,1.265,IL,0
2018.0,PJM,Wind,300.0,2,1.265,IL,0
2018.0,PJM,Battery,20.0,2,0.03,PA,0
2018.0,PJM,Battery,90.0,2,0.011,WV,0
2018.0,PJM,Wind,150.0,2,0.794,IN,0
2018.0,PJM,Battery,15.0,2,0.011,PA,0
2018.0,PJM,Wind,150.0,2,1.265,IL,0
2018.0,PJM,Wind,200.0,2,3.077,IN,0
2018.0,PJM,Wind,150.0,2,1.265,IL,0
2018.0,PJM,Solar,100.0,2,0.027,OH,0
2018.0,PJM,Wind,150.0,2,0.036,PA,0
2018.0,PJM,Wind,150.0,2,1.24,IL,0
2018.0,PJM,Wind,150.0,2,1.235,IL,0
2018.0,PJM,Wind,150.0,2,1.235,IL,0
2018.0,PJM,Wind,200.0,2,0.802,IN,0
2018.0,PJM,Solar,100.0,2,4.55,WV,0
2018.0,PJM,Solar,210.0,0,7.775,IL,0
2018.0,PJM,Solar,100.0,2,1.342,OH,0
2018.0,PJM,Solar,50.0,0,7.773,IL,0
2018.0,PJM,Solar,20.0,1,5.689,PA,0
2018.0,PJM,Solar,20.0,1,5.938,PA,0
2018.0,PJM,Solar,77.5,2,6.565,WV,0
2018.0,PJM,Wind,105.9,0,7.77,IL,0
2018.0,PJM,Wind,85.4,1,5.478,PA,0
2018.0,PJM,Gas,26.7,2,2.264,VA,0
2018.0,West,Wind,400.7,2,1.782,NE,0
2018.0,West,Wind,199.1,2,1.782,NE,0
2018.0,West,Wind,400.7,2,1.782,NE,0
2018.0,PJM,Battery,10.0,2,0.005,PA,0
2018.0,West,Wind,400.7,2,1.782,NE,0
2018.0,West,Wind,400.7,2,1.782,NE,0
2018.0,PJM,Wind,187.5,2,3.94,IL,0
2018.0,Southeast,Solar,50.0,2,0.392,FL,0
2018.0,Southeast,Solar,50.0,2,0.392,FL,0
2018.0,PJM,Solar,50.0,1,5.276,NC,0
2018.0,West,Wind,199.1,2,1.782,NE,0
2018.0,PJM,Hybrid,105.0,2,1.878,NJ,0
2018.0,West,Wind,350.3,2,1.78,NE,0
2018.0,West,Wind,1000.0,2,1.78,NE,0
2018.0,West,Wind,501.5,2,1.78,NE,0
2018.0,West,Wind,501.5,2,1.78,NE,0
2018.0,West,Wind,350.3,2,1.78,NE,0
2018.0,West,Wind,299.9,2,1.78,NE,0
2018.0,PJM,Gas,89.8,1,4.088,PA,0
2018.0,PJM,Solar,180.0,1,5.826,OH,0
2018.0,PJM,Solar,110.0,2,5.235,OH,0
2018.0,PJM,Solar,205.0,2,1.703,IL,0
2018.0,PJM,Solar,100.0,2,1.248,IL,0
2018.0,PJM,Solar,52.5,2,0.827,MD,0
2018.0,PJM,Solar,75.0,2,0.014,VA,0
2018.0,PJM,Gas,700.0,2,2.664,NJ,0
2018.0,PJM,Solar,100.0,2,1.837,VA,0
2018.0,PJM,Hybrid,150.0,2,0.016,IL,0
2018.0,Southeast,Solar,50.0,2,0.923,MS,0
2018.0,Southeast,Solar,120.0,2,4.605,MS,0
2018.0,Southeast,Solar,100.0,2,0.282,MS,0
2018.0,PJM,Solar,120.0,2,5.021,VA,0
2018.0,Southeast,Solar,125.0,2,4.605,MS,0
2018.0,PJM,Solar,100.0,0,7.759,VA,0
2018.0,PJM,Solar,125.0,2,0.022,IL,0
2018.0,West,Solar,230.0,2,1.7,CO,0
2018.0,PJM,Hybrid,80.0,2,0.014,NC,0
2018.0,Southeast,Solar,74.5,2,0.011,FL,0
2018.0,PJM,Solar,50.0,1,5.673,IL,0
2018.0,West,Hybrid,200.0,0,7.759,NV,1
2018.0,PJM,Solar,20.0,2,0.022,VA,0
2018.0,PJM,Wind,110.0,1,3.576,WV,0
2018.0,West,Hybrid,200.0,0,7.759,AZ,0
2018.0,PJM,Solar,12.0,2,0.022,VA,0
2018.0,West,Battery,75.0,0,7.759,AZ,0
2018.0,PJM,Hybrid,80.0,2,0.014,NC,0
2018.0,West,Wind,250.0,2,0.616,NM,0
2018.0,PJM,Solar,150.0,2,0.014,NC,0
2018.0,West,Battery,450.0,0,7.759,AZ,1
2018.0,PJM,Gas,481.5,2,0.022,WV,0
2018.0,West,Battery,75.0,0,7.759,AZ,1
2018.0,PJM,Hybrid,80.0,2,0.014,NC,0
2018.0,PJM,Battery,8.8,2,0.014,PA,0
2018.0,West,Battery,100.0,0,7.756,NV,1
2018.0,PJM,Battery,20.0,2,0.003,NJ,0
2018.0,PJM,Solar,68.0,2,0.011,VA,0
2018.0,PJM,Solar,15.0,2,2.795,VA,0
2018.0,PJM,Solar,250.0,2,0.014,VA,0
2018.0,West,Wind,477.0,0,7.756,AZ,0
2018.0,PJM,Battery,2.0,2,0.528,NJ,0
2018.0,PJM,Battery,2.0,2,5.591,NJ,0
2018.0,PJM,Solar,68.0,2,5.09,IL,0
2018.0,PJM,Wind,160.0,2,0.03,MD,0
2018.0,PJM,Solar,5.0,2,0.008,NJ,0
2018.0,PJM,Solar,100.0,2,0.016,VA,0
2018.0,PJM,Solar,14.0,2,0.548,VA,0
2018.0,PJM,Gas,225.0,1,4.914,OH,0
2018.0,PJM,Solar,200.0,2,0.019,VA,1
2018.0,PJM,Wind,170.0,2,2.179,OH,0
2018.0,PJM,Solar,208.5,2,0.019,VA,0
2018.0,PJM,Solar,80.0,2,0.49,NC,0
2018.0,PJM,Wind,150.0,2,0.016,PA,0
2018.0,West,Hybrid,1000.0,0,7.756,AZ,0
2018.0,PJM,Solar,500.0,2,0.027,VA,0
2018.0,PJM,Gas,135.0,2,0.019,IL,0
2018.0,PJM,Solar,3.0,2,6.078,MD,0
2018.0,PJM,Solar,62.0,2,0.019,VA,0
2018.0,West,Solar,1000.0,0,7.756,AZ,0
2018.0,PJM,Solar,100.0,2,0.014,VA,0
2018.0,PJM,Solar,72.3,2,0.019,VA,0
2018.0,PJM,Solar,50.0,2,0.816,VA,0
2018.0,PJM,Gas,120.0,0,7.754,IL,0
2018.0,PJM,Solar,18.8,1,6.067,VA,0
2018.0,PJM,Gas,45.0,0,7.754,WV,0
2018.0,ERCOT,Solar,514.0,2,1.103,TX,0
2018.0,ERCOT,Wind,240.5,1,5.112,TX,0
2018.0,PJM,Battery,20.0,1,5.875,NJ,0
2018.0,PJM,Nuclear,28.1,1,4.851,MD,0
2018.0,PJM,Battery,59.0,2,2.478,WV,0
2018.0,PJM,Battery,100.0,2,1.317,IN,0
2018.0,West,Solar,60.0,1,1.741,,0
2018.0,West,Solar,100.0,0,7.737,WA,0
2018.0,PJM,Solar,20.0,0,7.734,VA,0
2018.0,NYISO,Solar,160.0,2,0.307,NY,0
2018.0,ISO-NE,Solar,49.5,2,6.762,NH,0
2018.0,ERCOT,Solar,49.6,1,5.563,TX,0
2018.0,ERCOT,Wind,129.2,2,2.141,TX,0
2018.0,ERCOT,Wind,129.2,2,3.398,TX,0
2018.0,ERCOT,Solar,300.0,2,0.745,TX,0
2018.0,ERCOT,Solar,200.0,2,5.136,TX,0
2018.0,ERCOT,Wind,175.0,2,1.922,TX,0
2018.0,Southeast,Solar,130.0,2,0.69,GA,0
2018.0,ERCOT,Wind,125.0,2,3.22,TX,0
2018.0,ISO-NE,Wind,600.6,2,0.824,ME,0
2018.0,ISO-NE,Wind,103.5,2,2.639,ME,0
2018.0,ISO-NE,Wind,600.6,2,0.824,ME,0
2018.0,ISO-NE,Wind,103.5,2,2.639,ME,0
2018.0,ISO-NE,Wind,89.7,2,0.764,ME,0
2018.0,ISO-NE,Wind,150.0,2,0.824,ME,0
2018.0,ISO-NE,Wind,241.2,2,1.374,ME,0
2018.0,ISO-NE,Wind,214.3,2,1.374,ME,0
2018.0,ISO-NE,Hybrid,24.4,2,1.374,ME,0
2018.0,ISO-NE,Hybrid,24.3,2,1.374,ME,0
2018.0,ISO-NE,Solar,150.0,2,1.374,ME,0
2018.0,ISO-NE,Solar,20.0,2,1.317,VT,0
2018.0,ISO-NE,Solar,20.0,2,2.335,VT,0
2018.0,ISO-NE,Wind,103.5,2,2.639,ME,0
2018.0,ERCOT,Solar,602.8,0,7.721,TX,0
2018.0,ISO-NE,Wind,103.5,2,2.639,ME,0
2018.0,ISO-NE,Wind,103.5,2,2.639,ME,0
2018.0,PJM,Battery,4.0,1,0.802,VA,0
2018.0,CAISO,Hybrid,82.0,2,5.339,CA,0
2018.0,CAISO,Hybrid,1800.0,2,0.983,CA,0
2018.0,CAISO,Hybrid,225.0,1,6.672,CA,0
2018.0,CAISO,Hybrid,312.0,2,0.903,CA,0
2018.0,CAISO,Hybrid,767.0,0,7.71,AZ,0
2018.0,CAISO,Hybrid,1023.5,2,0.893,AZ,1
2018.0,CAISO,Hybrid,180.0,0,7.71,CA,0
2018.0,CAISO,Hybrid,740.0,0,7.71,NV,1
2018.0,CAISO,Hybrid,1000.0,0,7.71,CA,0
2018.0,CAISO,Hybrid,125.0,0,7.71,CA,0
2018.0,CAISO,Hybrid,500.0,0,7.71,AZ,1
2018.0,CAISO,Hybrid,706.5,0,7.71,CA,0
2018.0,CAISO,Hybrid,540.0,1,7.584,CA,0
2018.0,CAISO,Hybrid,233.6,2,0.903,CA,0
2018.0,CAISO,Hybrid,120.0,2,0.865,CA,0
2018.0,CAISO,Hybrid,75.4,2,1.038,CA,0
2018.0,CAISO,Hybrid,254.5,2,0.901,CA,0
2018.0,CAISO,Hybrid,1200.0,2,2.078,NV,1
2018.0,CAISO,Solar,110.0,2,0.89,CA,0
2018.0,CAISO,Wind,199.0,2,0.29,CA,0
2018.0,CAISO,Other,1407.0,2,0.893,CA,0
2018.0,CAISO,Battery,200.0,2,0.977,CA,0
2018.0,CAISO,Solar,223.6,2,1.038,CA,0
2018.0,CAISO,Battery,100.0,2,0.865,CA,0
2018.0,CAISO,Solar,110.0,2,0.89,CA,0
2018.0,CAISO,Battery,500.0,2,1.005,CA,0
2018.0,CAISO,Battery,58.8,0,7.71,CA,0
2018.0,CAISO,Battery,124.3,0,7.71,CA,1
2018.0,CAISO,Battery,150.0,0,7.71,CA,0
2018.0,CAISO,Battery,200.0,2,0.868,CA,0
2018.0,CAISO,Battery,50.7,2,0.835,CA,0
2018.0,CAISO,Solar,103.3,2,0.854,CA,0
2018.0,CAISO,Battery,151.2,2,1.016,CA,0
2018.0,CAISO,Battery,32.4,2,0.901,CA,0
2018.0,CAISO,Battery,40.0,2,0.865,CA,0
2018.0,CAISO,Solar,220.0,2,1.035,CA,0
2018.0,CAISO,Solar,220.0,2,1.038,CA,0
2018.0,CAISO,Battery,75.0,0,7.71,CA,1
2018.0,CAISO,Battery,3.0,0,7.71,CA,1
2018.0,CAISO,Solar,79.0,2,7.187,CA,0
2018.0,CAISO,Battery,350.0,1,7.209,CA,0
2018.0,CAISO,Other,500.0,2,0.901,CA,0
2018.0,CAISO,Wind,76.0,2,0.854,CA,0
2018.0,CAISO,Hybrid,60.0,0,7.71,CA,0
2018.0,CAISO,Hybrid,1023.5,2,0.893,CA,0
2018.0,CAISO,Hybrid,163.5,0,7.71,CA,0
2018.0,CAISO,Hybrid,202.5,0,7.71,CA,0
2018.0,CAISO,Hybrid,2073.6,2,0.37,CA,0
2018.0,CAISO,Hybrid,307.5,2,1.057,CA,0
2018.0,CAISO,Hybrid,205.2,2,0.753,CA,0
2018.0,CAISO,Hybrid,206.1,2,0.89,CA,0
2018.0,CAISO,Hybrid,204.0,2,0.89,CA,0
2018.0,CAISO,Battery,65.0,2,0.893,CA,1
2018.0,CAISO,Hybrid,1036.8,2,0.805,CA,0
2018.0,CAISO,Hybrid,270.0,2,0.887,CA,0
2018.0,CAISO,Hybrid,404.0,2,0.887,CA,0
2018.0,CAISO,Hybrid,99.3,0,7.71,CA,0
2018.0,CAISO,Hybrid,91.8,0,7.71,CA,0
2018.0,CAISO,Hybrid,1023.5,0,7.71,CA,0
2018.0,CAISO,Hybrid,141.2,0,7.71,CA,0
2018.0,CAISO,Hybrid,153.4,2,0.887,CA,0
2018.0,CAISO,Hybrid,102.4,2,1.038,CA,0
2018.0,CAISO,Hybrid,256.0,2,0.887,CA,0
2018.0,CAISO,Hybrid,72.0,2,0.901,CA,0
2018.0,CAISO,Wind,62.5,0,7.71,CA,1
2018.0,CAISO,Battery,101.4,2,1.024,CA,0
2018.0,CAISO,Battery,100.0,2,0.871,CA,0
2018.0,CAISO,Solar,153.5,2,0.862,CA,1
2018.0,CAISO,Wind,92.4,0,7.71,CA,0
2018.0,CAISO,Battery,41.8,2,0.893,CA,1
2018.0,CAISO,Battery,114.4,0,7.71,CA,1
2018.0,CAISO,Battery,74.4,2,1.016,CA,0
2018.0,CAISO,Battery,50.0,2,0.862,CA,0
2018.0,CAISO,Battery,41.8,2,0.893,CA,1
2018.0,CAISO,Battery,106.2,1,6.809,CA,0
2018.0,Southeast,Solar,78.2,2,0.096,AL,0
2018.0,CAISO,Wind,576.0,2,0.977,CA,0
2018.0,CAISO,Battery,300.0,2,0.862,CA,1
2018.0,CAISO,Battery,20.0,2,4.378,CA,0
2018.0,CAISO,Solar,40.8,2,0.906,CA,0
2018.0,CAISO,Battery,150.0,2,2.982,CA,0
2018.0,CAISO,Wind,161.9,2,7.359,CA,0
2018.0,CAISO,Battery,45.8,2,1.038,CA,0
2018.0,CAISO,Battery,309.3,2,0.893,CA,0
2018.0,CAISO,Battery,50.7,2,1.038,CA,0
2018.0,CAISO,Wind,2005.8,2,1.016,CA,0
2018.0,CAISO,Battery,510.0,2,0.893,CA,0
2018.0,CAISO,Battery,309.3,0,7.71,CA,0
2018.0,CAISO,Battery,510.0,2,0.893,CA,0
2018.0,CAISO,Wind,61.3,2,0.983,CA,0
2018.0,CAISO,Solar,102.7,2,0.906,CA,0
2018.0,CAISO,Battery,100.0,2,0.884,CA,0
2018.0,CAISO,Battery,204.1,2,0.893,CA,0
2018.0,CAISO,Gas,427.0,1,6.387,CA,0
2018.0,CAISO,Wind,3.7,1,2.951,CA,0
2018.0,CAISO,Wind,5.0,1,2.951,CA,0
2018.0,CAISO,Battery,500.0,1,3.277,CA,0
2018.0,ISO-NE,Battery,102.8,2,1.065,MA,0
2018.0,PJM,Battery,20.0,2,0.134,NC,0
2018.0,ISO-NE,Solar,20.0,2,1.295,VT,0
2018.0,ERCOT,Gas,44.0,1,4.339,TX,0
2018.0,PJM,Solar,20.0,2,3.316,OH,0
2018.0,PJM,Solar,20.0,2,1.273,OH,0
2018.0,ERCOT,Gas,45.0,1,4.186,TX,0
2018.0,PJM,Solar,20.0,2,5.634,PA,0
2018.0,ISO-NE,Solar,30.0,2,3.518,NH,0
2018.0,SPP,Solar,150.0,0,7.685,TX,0
2018.0,SPP,Solar,500.0,2,2.007,OK,0
2018.0,ERCOT,Wind,289.0,0,7.685,TX,0
2018.0,ERCOT,Solar,136.8,1,4.679,TX,0
2018.0,ERCOT,Solar,129.2,1,4.679,TX,0
2018.0,SPP,Solar,100.0,2,0.424,MO,0
2018.0,PJM,Solar,20.0,2,0.876,VA,0
2018.0,NYISO,Wind,100.8,0,7.685,NY,0
2018.0,SPP,Solar,75.0,0,7.682,NM,0
2018.0,ISO-NE,Solar,20.0,2,2.297,ME,0
2018.0,ISO-NE,Solar,20.0,2,2.297,ME,0
2018.0,ISO-NE,Other,73.2,0,7.682,RI,0
2018.0,SPP,Solar,150.0,2,4.942,SD,0
2018.0,SPP,Wind,252.0,2,5.711,ND,0
2018.0,ISO-NE,Battery,150.0,2,1.914,MA,0
2018.0,ISO-NE,Solar,22.5,2,0.057,VT,0
2018.0,ISO-NE,Solar,15.0,2,4.131,VT,0
2018.0,SPP,Wind,150.0,0,7.68,KS,0
2018.0,SPP,Wind,100.8,2,3.904,NE,0
2018.0,SPP,Battery,74.1,0,7.68,OK,0
2018.0,SPP,Wind,74.1,2,5.777,NE,0
2018.0,SPP,Wind,74.1,0,7.68,KS,0
2018.0,SPP,Wind,74.1,2,4.999,MO,0
2018.0,SPP,Solar,252.0,0,7.68,TX,0
2018.0,SPP,Wind,302.4,2,3.904,NE,0
2018.0,PJM,Battery,33.0,2,0.871,VA,0
2018.0,SPP,Solar,126.0,2,3.524,AR,0
2018.0,SPP,Battery,74.1,2,7.559,ND,0
2018.0,West,Hybrid,200.0,0,7.666,NV,1
2018.0,PJM,Solar,1.4,2,4.528,MD,0
2018.0,PJM,Solar,0.5,2,0.397,MD,0
2018.0,PJM,Solar,1.5,2,0.397,MD,0
2018.0,ERCOT,Solar,140.0,2,2.357,TX,0
2018.0,West,Solar,3.0,1,5.536,OR,0
2018.0,PJM,Solar,1.1,2,1.621,MD,0
2018.0,PJM,Solar,0.9,2,5.985,MD,0
2018.0,Southeast,Solar,250.0,0,7.663,GA,0
2018.0,Southeast,Solar,250.0,0,7.663,GA,0
2018.0,NYISO,Battery,10.0,2,0.575,NY,0
2018.0,MISO,Solar,170.0,0,7.661,ND,0
2018.0,MISO,Solar,130.0,0,7.661,ND,0
2018.0,NYISO,Solar,1.0,2,0.156,NY,0
2018.0,ERCOT,Wind,340.0,0,7.661,TX,0
2018.0,Southeast,Solar,74.5,0,7.661,FL,0
2018.0,West,Solar,80.0,2,1.676,CO,0
2018.0,West,Solar,220.0,2,1.676,CO,0
2018.0,ERCOT,Solar,300.0,0,7.65,TX,0
2018.0,SPP,Solar,57.0,2,0.074,MO,0
2018.0,ERCOT,Wind,163.2,1,5.832,TX,0
2018.0,ERCOT,Other,50.0,1,4.397,TX,0
2018.0,ERCOT,Solar,201.0,2,3.89,TX,0
2018.0,ISO-NE,Solar,10.0,2,2.716,RI,0
2018.0,ERCOT,Hybrid,100.0,0,7.647,TX,0
2018.0,ERCOT,Solar,201.0,2,3.89,TX,0
2018.0,Southeast,Solar,280.0,2,0.077,GA,0
2018.0,Southeast,Solar,280.0,2,4.745,GA,0
2018.0,Southeast,Solar,75.0,2,0.077,GA,0
2018.0,Southeast,Solar,75.0,2,0.594,GA,0
2018.0,Southeast,Solar,199.9,2,0.507,GA,0
2018.0,ERCOT,Wind,239.8,1,3.455,TX,0
2018.0,ERCOT,Other,101.7,1,3.387,TX,1
2018.0,ERCOT,Wind,12.0,1,1.927,TX,0
2018.0,PJM,Solar,5.0,2,1.774,VA,0
2018.0,SPP,Wind,200.0,2,3.756,SD,0
2018.0,ERCOT,Solar,60.0,2,5.002,TX,0
2018.0,PJM,Solar,20.0,2,2.171,VA,0
2018.0,ERCOT,Hybrid,166.4,0,7.63,TX,0
2018.0,PJM,Solar,70.0,2,0.463,NC,0
2018.0,Southeast,Solar,150.0,2,0.085,GA,0
2018.0,Southeast,Solar,200.0,2,0.813,GA,0
2018.0,Southeast,Solar,200.0,2,4.58,GA,0
2018.0,ERCOT,Hybrid,502.0,1,6.133,TX,0
2018.0,SPP,Solar,100.0,2,1.09,TX,0
2018.0,ERCOT,Gas,117.0,2,2.366,TX,0
2018.0,SPP,Solar,100.0,2,1.473,NM,0
2018.0,CAISO,Solar,17.9,2,2.338,CA,0
2018.0,ERCOT,Wind,9.3,0,7.611,TX,0
2018.0,Southeast,Solar,160.0,2,0.055,MS,0
2018.0,ISO-NE,Solar,5.2,2,7.061,RI,0
2018.0,PJM,Wind,816.0,0,7.608,NJ,0
2018.0,Southeast,Solar,74.5,0,7.608,FL,0
2018.0,ERCOT,Solar,163.0,1,5.927,TX,0
2018.0,West,Hybrid,60.0,0,7.608,WA,0
2018.0,ERCOT,Other,40.4,1,5.927,TX,0
2018.0,PJM,Other,11.0,1,3.072,OH,0
2018.0,SPP,Solar,74.1,2,7.474,OK,0
2018.0,West,Wind,276.0,2,1.618,CO,0
2018.0,PJM,Solar,200.0,2,0.074,VA,1
2018.0,PJM,Hybrid,150.0,2,0.085,IL,0
2018.0,PJM,Hybrid,80.0,2,2.36,NC,0
2018.0,PJM,Hybrid,80.0,2,2.36,NC,0
2018.0,PJM,Hybrid,80.0,2,2.36,NC,0
2018.0,SPP,Solar,300.0,2,5.799,MO,0
2018.0,West,Solar,381.0,0,7.603,WA,0
2018.0,SPP,Battery,100.0,0,7.595,OK,0
2018.0,SPP,Solar,102.6,2,5.815,NE,0
2018.0,SPP,Solar,75.6,2,5.714,KS,1
2018.0,SPP,Wind,50.0,2,4.893,MO,0
2018.0,SPP,Wind,50.0,0,7.592,NE,0
2018.0,SPP,Solar,252.0,2,4.912,KS,0
2018.0,SPP,Solar,252.0,2,4.912,KS,0
2018.0,SPP,Solar,203.4,0,7.592,KS,0
2018.0,SPP,Gas,40.0,2,1.533,OK,0
2018.0,SPP,Solar,120.0,2,5.344,KS,0
2018.0,SPP,Wind,100.0,2,4.893,MO,0
2018.0,SPP,Solar,203.4,2,4.235,MO,0
2018.0,SPP,Battery,100.0,0,7.592,NE,1
2018.0,SPP,Battery,200.0,2,4.235,NE,0
2018.0,SPP,Battery,200.0,0,7.592,NE,0
2018.0,PJM,Solar,20.0,2,1.629,VA,0
2018.0,SPP,Battery,200.0,2,5.558,CO,0
2018.0,SPP,Battery,100.0,0,7.592,OK,1
2018.0,SPP,Solar,72.0,2,5.769,ND,0
2018.0,SPP,Battery,200.0,0,7.592,OK,1
2018.0,SPP,Battery,100.0,0,7.592,OK,0
2018.0,SPP,Battery,200.0,0,7.592,NE,0
2018.0,NYISO,Solar,180.0,0,7.592,NY,0
2018.0,Southeast,Solar,74.5,2,0.441,FL,0
2018.0,Southeast,Solar,115.0,2,0.851,GA,0
2018.0,SPP,Solar,252.0,0,7.592,OK,0
2018.0,PJM,Solar,12.0,2,1.629,VA,0
2018.0,SPP,Battery,100.0,0,7.592,OK,1
2018.0,SPP,Wind,100.0,2,4.2,MO,0
2018.0,SPP,Battery,50.0,0,7.592,MO,0
2018.0,SPP,Solar,500.0,0,7.592,NE,0
2018.0,SPP,Battery,70.0,0,7.592,NM,0
2018.0,SPP,Solar,120.0,0,7.592,KS,0
2018.0,SPP,Solar,200.0,0,7.592,LA,1
2018.0,SPP,Wind,400.0,2,4.2,MO,0
2018.0,SPP,Solar,300.0,0,7.592,OK,0
2018.0,SPP,Wind,300.0,2,1.884,KS,0
2018.0,SPP,Battery,35.0,2,4.893,OK,0
2018.0,SPP,Wind,400.0,2,4.2,NE,0
2018.0,SPP,Wind,300.0,2,4.2,NE,0
2018.0,SPP,Solar,550.0,2,4.2,NE,0
2018.0,SPP,Solar,500.0,2,4.893,NE,0
2018.0,PJM,Battery,8.8,2,1.054,PA,0
2018.0,NYISO,Solar,19.9,2,0.419,NY,0
2018.0,NYISO,Solar,19.9,2,0.501,NY,0
2018.0,Southeast,Solar,65.0,2,0.397,FL,0
2018.0,NYISO,Solar,20.0,2,1.164,NY,0
2018.0,NYISO,Solar,20.0,2,2.998,NY,0
2018.0,NYISO,Solar,20.0,2,1.999,NY,0
2018.0,NYISO,Solar,93.5,0,7.576,NY,0
2018.0,West,Hybrid,150.0,0,7.576,WA,0
2018.0,PJM,Solar,100.0,2,0.068,OH,0
2018.0,PJM,Solar,100.0,2,0.068,OH,0
2018.0,Southeast,Solar,80.0,2,1.517,AL,0
2018.0,ERCOT,Solar,200.0,0,7.573,TX,0
2018.0,ERCOT,Hybrid,200.2,1,1.443,TX,0
2018.0,ERCOT,Solar,203.2,1,4.621,TX,0
2018.0,ERCOT,Solar,126.6,2,2.313,TX,0
2018.0,ERCOT,Solar,203.4,1,4.405,TX,0
2018.0,ERCOT,Other,58.0,2,1.634,TX,0
2018.0,West,Hybrid,160.0,1,2.489,MT,0
2018.0,Southeast,Solar,350.0,1,4.652,FL,0
2018.0,NYISO,Solar,20.0,2,2.73,NY,0
2018.0,ERCOT,Gas,14.0,0,7.567,TX,0
2018.0,NYISO,Solar,40.0,2,4.652,NY,0
2018.0,NYISO,Solar,280.0,0,7.567,NY,0
2018.0,NYISO,Solar,79.8,0,7.567,NY,0
2018.0,NYISO,Solar,50.0,2,4.652,NY,0
2018.0,Southeast,Solar,350.0,2,1.418,FL,0
2018.0,PJM,Wind,1104.0,2,0.865,NJ,0
2018.0,Southeast,Solar,52.0,2,0.449,GA,0
2018.0,NYISO,Solar,19.9,2,0.893,NY,0
2018.0,West,Wind,123.2,2,4.252,WA,0
2018.0,NYISO,Solar,24.9,2,0.479,NY,0
2018.0,PJM,Solar,19.9,1,1.714,NC,0
2018.0,NYISO,Solar,24.9,2,0.312,NY,0
2018.0,West,Other,26.0,0,7.565,ID,0
2018.0,West,Wind,11.3,1,0.482,MT,0
2018.0,NYISO,Solar,25.0,2,0.479,NY,0
2018.0,Southeast,Solar,55.0,2,0.767,FL,0
2018.0,NYISO,Solar,19.9,2,0.471,NY,0
2018.0,NYISO,Solar,20.0,2,0.556,NY,0
2018.0,NYISO,Solar,20.0,1,4.471,NY,0
2018.0,NYISO,Solar,20.0,2,0.222,NY,0
2018.0,NYISO,Solar,20.0,2,0.137,NY,0
2018.0,NYISO,Solar,24.9,2,0.304,NY,0
2018.0,Southeast,Solar,74.5,2,1.123,FL,0
2018.0,Southeast,Solar,74.5,1,4.717,FL,0
2018.0,NYISO,Solar,20.0,1,3.556,NY,0
2018.0,NYISO,Solar,20.0,0,7.554,NY,0
2018.0,NYISO,Solar,20.0,1,5.467,NY,0
2018.0,NYISO,Solar,20.0,2,0.468,NY,0
2018.0,NYISO,Wind,816.0,0,7.554,NY,0
2018.0,NYISO,Wind,816.0,2,4.638,NY,0
2018.0,NYISO,Wind,19.9,2,1.133,NY,0
2018.0,Southeast,Solar,80.0,2,0.635,AL,0
2018.0,ISO-NE,Wind,7.5,2,0.189,MA,0
2018.0,ISO-NE,Solar,20.0,2,0.972,ME,0
2018.0,ERCOT,Hybrid,144.6,0,7.548,TX,0
2018.0,ERCOT,Wind,301.5,0,7.535,TX,0
2018.0,Southeast,Solar,80.0,2,0.493,AL,0
2018.0,ISO-NE,Solar,10.0,2,0.101,NH,0
2018.0,PJM,Solar,20.0,2,1.273,DE,0
2018.0,PJM,Other,0.8,1,1.276,MI,0
2018.0,West,Battery,250.0,0,7.526,AZ,1
2018.0,PJM,Hybrid,1.1,1,1.514,NJ,0
2018.0,PJM,Solar,48.0,1,6.522,OH,0
2018.0,Southeast,Solar,74.5,2,0.361,FL,0
2018.0,Southeast,Solar,74.5,1,5.008,FL,0
2018.0,Southeast,Solar,74.5,1,6.428,FL,0
2018.0,Southeast,Solar,74.5,1,3.598,FL,0
2018.0,ERCOT,Other,126.6,2,2.179,TX,0
2018.0,ERCOT,Other,83.0,2,0.517,TX,0
2018.0,ERCOT,Wind,350.0,1,5.799,TX,0
2018.0,ERCOT,Wind,350.0,2,1.268,TX,0
2018.0,Southeast,Solar,120.0,2,2.448,GA,0
2018.0,ERCOT,Solar,253.3,2,2.179,TX,0
2018.0,ERCOT,Solar,80.0,2,0.884,TX,0
2018.0,ERCOT,Wind,350.0,2,1.391,TX,0
2018.0,ERCOT,Solar,165.0,2,0.517,TX,0
2018.0,NYISO,Battery,10.0,2,1.829,NY,0
2018.0,ERCOT,Gas,200.0,2,3.63,TX,0
2018.0,ERCOT,Solar,215.2,0,7.496,TX,0
2018.0,Southeast,Solar,40.0,2,0.101,GA,0
2018.0,PJM,Solar,1.0,2,0.06,NJ,0
2018.0,NYISO,Battery,1.5,2,3.576,NY,0
2018.0,Southeast,Solar,2.0,0,7.488,SC,0
2018.0,PJM,Solar,200.0,2,6.511,VA,1
2018.0,Southeast,Solar,64.0,0,7.488,SC,0
2018.0,Southeast,Solar,80.0,2,0.047,AL,0
2018.0,West,Hybrid,140.0,0,7.48,MT,0
2018.0,West,Wind,3.0,1,0.449,MT,0
2018.0,ERCOT,Solar,413.6,0,7.477,TX,0
2018.0,West,Wind,3.0,1,0.449,MT,0
2018.0,West,Wind,3.0,1,0.449,MT,0
2018.0,West,Other,71.0,0,7.477,WA,0
2018.0,ERCOT,Hybrid,50.0,0,7.474,TX,0
2018.0,PJM,Solar,3.0,2,1.194,NJ,0
2018.0,ERCOT,Hybrid,260.0,0,7.474,TX,0
2018.0,PJM,Solar,300.0,2,0.255,VA,0
2018.0,PJM,Solar,3.0,2,0.646,NJ,0
2018.0,Southeast,Solar,55.0,2,0.586,MS,0
2018.0,NYISO,Solar,20.0,2,1.292,NY,0
2018.0,Southeast,Solar,74.5,0,7.458,FL,0
2018.0,ERCOT,Solar,200.0,2,1.665,TX,0
2018.0,ERCOT,Gas,200.0,2,3.581,TX,0
2018.0,ERCOT,Gas,150.0,2,1.906,TX,0
2018.0,PJM,Battery,1.0,2,0.063,MD,0
2018.0,Southeast,Solar,74.5,1,6.366,FL,0
2018.0,Southeast,Solar,74.5,0,7.458,FL,0
2018.0,ERCOT,Solar,16.2,1,2.609,TX,0
2018.0,ERCOT,Wind,202.0,1,4.542,TX,0
2018.0,ERCOT,Other,100.0,2,1.665,TX,0
2018.0,ERCOT,Solar,148.7,2,2.932,TX,0
2018.0,NYISO,Battery,20.0,0,7.455,NY,0
2018.0,PJM,Other,18.0,1,6.836,OH,0
2018.0,PJM,Other,134.0,2,0.057,NJ,0
2018.0,PJM,Solar,60.0,2,7.19,VA,0
2018.0,ERCOT,Gas,150.0,2,3.543,TX,0
2018.0,ERCOT,Solar,100.0,1,1.916,TX,0
2018.0,PJM,Battery,19.8,1,4.893,NJ,0
2018.0,ERCOT,Wind,268.2,0,7.433,TX,0
2018.0,PJM,Other,500.0,2,5.216,PA,0
2018.0,ISO-NE,Battery,19.0,2,0.09,ME,0
2018.0,PJM,Solar,5.0,2,0.285,VA,0
2018.0,West,Hybrid,150.0,0,7.431,NM,0
2018.0,PJM,Other,200.0,2,5.613,PA,0
2018.0,West,Solar,100.0,0,7.431,NM,0
2018.0,Southeast,Solar,85.0,2,4.474,GA,0
2018.0,Southeast,Solar,74.5,1,5.506,FL,0
2018.0,West,Solar,72.0,2,1.437,CO,0
2018.0,Southeast,Solar,74.5,1,6.508,FL,0
2018.0,PJM,Solar,3.0,2,0.657,NJ,0
2018.0,Southeast,Solar,74.5,0,7.422,FL,0
2018.0,PJM,Battery,20.0,2,3.644,NJ,0
2018.0,NYISO,Battery,150.0,2,4.835,NY,0
2018.0,PJM,Battery,5.5,2,4.745,NJ,0
2018.0,Southeast,Solar,74.5,0,7.422,FL,0
2018.0,NYISO,Solar,100.0,2,0.255,NY,0
2018.0,West,Hybrid,112.0,0,7.42,WA,0
2018.0,PJM,Solar,100.1,1,6.582,PA,0
2018.0,PJM,Wind,800.1,2,0.594,VA,0
2018.0,PJM,Solar,150.0,0,7.42,NC,0
2018.0,PJM,Wind,800.1,2,0.594,VA,0
2018.0,PJM,Solar,102.1,2,5.7,VA,0
2018.0,PJM,Solar,75.0,2,0.616,VA,0
2018.0,PJM,Solar,500.0,2,5.106,VA,0
2018.0,PJM,Solar,400.0,2,5.106,VA,0
2018.0,PJM,Wind,800.1,2,0.594,VA,0
2018.0,PJM,Gas,135.0,2,6.48,IL,0
2018.0,PJM,Solar,20.0,0,7.417,VA,0
2018.0,ERCOT,Gas,18.6,2,2.412,TX,0
2018.0,West,Hybrid,223.0,0,7.417,WA,0
2018.0,PJM,Solar,18.0,1,6.5,VA,0
2018.0,PJM,Solar,20.0,2,0.093,IL,0
2018.0,Southeast,Solar,80.0,2,0.479,AL,0
2018.0,West,Solar,100.0,1,5.812,CO,0
2018.0,NYISO,Solar,20.0,1,4.394,NY,0
2018.0,NYISO,Battery,20.0,2,0.553,NY,0
2018.0,PJM,Hybrid,19.9,0,7.389,PA,0
2018.0,ISO-NE,Solar,8.0,2,6.834,RI,0
2018.0,ERCOT,Wind,366.6,1,3.455,TX,0
2018.0,ERCOT,Solar,166.1,1,2.784,TX,0
2018.0,ERCOT,Other,495.0,2,0.824,TX,0
2018.0,NYISO,Battery,24.0,2,3.047,NY,0
2018.0,NYISO,Battery,50.0,2,0.794,NY,0
2018.0,NYISO,Solar,100.0,2,0.211,NY,0
2018.0,NYISO,Solar,90.0,2,0.211,NY,0
2018.0,West,Battery,200.0,0,7.379,WA,0
2018.0,ERCOT,Wind,200.0,2,0.471,TX,0
2018.0,West,Solar,200.0,2,1.793,CO,0
2018.0,West,Wind,200.0,2,0.033,CO,0
2018.0,West,Hybrid,250.0,0,7.376,CO,0
2018.0,ERCOT,Other,41.0,2,0.471,TX,0
2018.0,ERCOT,Wind,300.0,2,0.578,TX,0
2018.0,ERCOT,Wind,200.0,2,0.471,TX,0
2018.0,West,Wind,300.0,2,0.419,CO,0
2018.0,West,Battery,25.0,1,2.787,AZ,1
2018.0,ISO-NE,Solar,20.0,2,2.004,ME,0
2018.0,ERCOT,Wind,200.0,2,1.123,TX,0
2018.0,ERCOT,Wind,1000.0,2,0.46,TX,1
2018.0,NYISO,Wind,800.0,2,2.031,NY,0
2018.0,NYISO,Wind,800.0,2,1.947,NY,0
2018.0,Southeast,Solar,240.0,2,4.315,GA,0
2018.0,Southeast,Solar,215.0,2,0.219,GA,0
2018.0,Southeast,Solar,124.0,2,0.789,GA,0
2018.0,ERCOT,Wind,241.2,0,7.362,TX,0
2018.0,PJM,Gas,80.0,2,2.595,PA,0
2018.0,Southeast,Solar,85.0,2,0.46,GA,0
2018.0,Southeast,Solar,150.0,1,6.251,GA,0
2018.0,West,Hybrid,110.0,2,1.361,CO,0
2018.0,West,Solar,74.9,2,1.374,CO,0
2018.0,NYISO,Solar,20.0,2,2.439,NY,0
2018.0,West,Solar,80.0,0,7.346,WA,0
2018.0,West,Wind,145.0,1,3.825,CO,0
2018.0,West,Hybrid,80.0,0,7.346,WA,0
2018.0,ERCOT,Wind,8.0,2,0.901,TX,0
2018.0,PJM,Solar,1.2,1,2.081,NJ,0
2018.0,PJM,Solar,1.2,2,0.044,MD,0
2018.0,West,Other,1007.0,2,1.358,CO,0
2018.0,PJM,Solar,5.0,2,0.808,NJ,0
2018.0,ERCOT,Solar,200.0,2,4.756,TX,0
2018.0,ERCOT,Solar,200.0,2,4.756,TX,0
2018.0,ERCOT,Solar,148.7,1,5.002,TX,0
2018.0,NYISO,Solar,20.0,2,0.339,NY,0
2018.0,ISO-NE,Solar,30.0,2,1.133,RI,0
2018.0,ISO-NE,Solar,10.0,2,0.134,RI,0
2018.0,PJM,Solar,83.0,2,5.864,VA,0
2018.0,Southeast,Gas,136.0,0,7.337,FL,0
2018.0,Southeast,Solar,50.0,2,1.068,AL,0
2018.0,PJM,Solar,75.0,2,4.003,VA,0
2018.0,West,Battery,2.5,0,7.335,WA,0
2018.0,PJM,Wind,5.0,1,1.536,WV,0
2018.0,PJM,Battery,20.0,2,5.656,MD,0
2018.0,PJM,Battery,20.0,2,1.629,NC,0
2018.0,PJM,Hybrid,100.0,2,2.642,VA,0
2018.0,PJM,Solar,310.0,2,1.415,IN,0
2018.0,PJM,Solar,150.0,0,7.335,VA,0
2018.0,PJM,Solar,110.0,0,7.335,OH,0
2018.0,Southeast,Solar,200.0,1,6.223,GA,0
2018.0,PJM,Solar,15.7,2,4.512,VA,0
2018.0,PJM,Battery,42.0,0,7.335,OH,0
2018.0,PJM,Solar,206.6,0,7.335,OH,0
2018.0,PJM,Solar,15.7,2,4.512,VA,0
2018.0,PJM,Solar,40.0,0,7.332,VA,0
2018.0,PJM,Solar,20.0,1,6.475,OH,0
2018.0,PJM,Solar,26.0,0,7.332,OH,0
2018.0,PJM,Solar,150.0,1,5.76,PA,0
2018.0,PJM,Solar,66.0,1,5.47,VA,0
2018.0,Southeast,Solar,100.0,1,5.177,AL,0
2018.0,NYISO,Battery,20.0,1,3.403,NY,0
2018.0,PJM,Wind,432.0,0,7.318,NJ,0
2018.0,PJM,Gas,1270.0,0,7.318,WV,0
2018.0,Southeast,Solar,100.0,2,0.775,GA,0
2018.0,West,Battery,100.0,2,1.331,CO,0
2018.0,West,Battery,100.0,2,1.331,CO,0
2018.0,PJM,Solar,79.6,0,7.316,PA,0
2018.0,PJM,Solar,90.0,0,7.307,WV,0
2018.0,PJM,Solar,53.1,2,4.567,DE,0
2018.0,West,Hybrid,360.0,0,7.307,,0
2018.0,ERCOT,Gas,58.0,0,7.305,TX,0
2018.0,PJM,Solar,99.6,0,7.305,WV,0
2018.0,ISO-NE,Other,7.8,2,6.754,MA,0
2018.0,ERCOT,Gas,21.0,0,7.305,TX,0
2018.0,ERCOT,Solar,25.0,2,1.177,TX,0
2018.0,PJM,Solar,83.0,2,2.902,VA,0
2018.0,PJM,Solar,85.0,2,0.479,VA,0
2018.0,ERCOT,Battery,30.2,0,7.302,TX,0
2018.0,ERCOT,Solar,181.4,2,6.166,TX,0
2018.0,West,Hybrid,400.0,0,7.302,AZ,1
2018.0,ERCOT,Solar,40.0,0,7.302,TX,0
2018.0,Southeast,Solar,5.0,2,0.589,GA,0
2018.0,ERCOT,Solar,203.8,0,7.299,TX,0
2018.0,ISO-NE,Wind,352.0,2,1.038,RI,0
2018.0,PJM,Wind,150.0,0,7.299,IL,0
2018.0,ISO-NE,Wind,704.0,0,7.299,RI,0
2018.0,PJM,Solar,149.5,0,7.299,VA,0
2018.0,PJM,Wind,300.0,0,7.296,IL,0
2018.0,PJM,Wind,152.0,2,1.821,DE,0
2018.0,PJM,Wind,152.0,2,3.833,DE,0
2018.0,PJM,Battery,20.0,2,3.622,NJ,0
2018.0,PJM,Hybrid,120.0,2,0.531,KY,0
2018.0,PJM,Solar,20.0,1,5.859,WV,0
2018.0,West,Hybrid,300.0,0,7.288,NV,1
2018.0,NYISO,Battery,75.0,2,1.536,NY,0
2018.0,Southeast,Hybrid,50.0,2,1.254,FL,0
2018.0,PJM,Gas,550.0,2,3.11,OH,0
2018.0,West,Solar,5.0,2,3.765,WA,0
2018.0,West,Solar,3.0,2,3.765,WA,0
2018.0,NYISO,Other,100.0,2,0.12,NY,0
2018.0,PJM,Solar,149.3,0,7.285,NJ,0
2018.0,PJM,Wind,140.3,0,7.285,OH,0
2018.0,PJM,Solar,150.0,2,4.983,IL,0
2018.0,ERCOT,Solar,200.0,0,7.285,TX,0
2018.0,PJM,Gas,529.5,2,2.308,VA,0
2018.0,PJM,Gas,529.5,2,0.83,VA,0
2018.0,Southeast,Gas,14.5,2,0.194,GA,0
2018.0,PJM,Solar,20.0,2,2.612,VA,0
2018.0,PJM,Solar,18.9,2,0.474,VA,0
2018.0,PJM,Solar,19.8,2,0.033,NJ,0
2018.0,PJM,Solar,50.0,2,1.079,PA,0
2018.0,PJM,Hybrid,120.0,2,4.389,PA,0
2018.0,West,Hybrid,200.0,0,7.28,NV,1
2018.0,PJM,Solar,85.0,2,3.428,PA,0
2018.0,PJM,Solar,65.0,2,2.724,PA,0
2018.0,PJM,Gas,18.0,1,5.12,PA,0
2018.0,PJM,Hybrid,205.0,2,1.383,KY,0
2018.0,PJM,Solar,85.0,2,6.327,KY,0
2018.0,PJM,Gas,9.0,2,1.038,MD,0
2018.0,PJM,Solar,100.0,2,0.728,VA,0
2018.0,PJM,Solar,150.0,0,7.269,IL,0
2018.0,PJM,Solar,20.0,2,0.537,PA,0
2018.0,PJM,Solar,40.0,2,0.405,VA,0
2018.0,PJM,Solar,120.0,0,7.269,VA,0
2018.0,PJM,Other,21.5,2,0.06,VA,0
2018.0,PJM,Solar,100.0,2,0.016,PA,0
2018.0,PJM,Solar,20.0,1,4.851,VA,0
2018.0,PJM,Solar,100.0,2,0.471,VA,0
2018.0,PJM,Solar,17.0,2,4.778,VA,0
2018.0,PJM,Battery,50.0,2,4.868,NJ,0
2018.0,PJM,Solar,120.0,2,1.238,VA,0
2018.0,PJM,Wind,350.0,0,7.269,IL,0
2018.0,PJM,Solar,100.0,0,7.269,VA,0
2018.0,PJM,Hybrid,20.0,2,3.57,VA,0
2018.0,PJM,Solar,22.0,2,3.513,PA,0
2018.0,PJM,Solar,20.0,2,3.463,PA,0
2018.0,PJM,Solar,300.0,2,0.46,NC,0
2018.0,PJM,Solar,120.0,2,4.841,VA,0
2018.0,PJM,Solar,20.0,1,2.464,NJ,0
2018.0,PJM,Hybrid,55.0,2,0.019,PA,0
2018.0,PJM,Solar,22.0,2,0.597,PA,0
2018.0,PJM,Solar,65.0,2,3.51,PA,0
2018.0,PJM,Solar,90.0,2,7.11,VA,0
2018.0,PJM,Gas,24.4,1,4.63,IL,0
2018.0,PJM,Solar,100.0,2,0.025,IN,0
2018.0,PJM,Solar,53.3,2,0.501,PA,0
2018.0,PJM,Hybrid,200.0,2,0.482,VA,0
2018.0,PJM,Solar,8.8,1,6.825,NJ,0
2018.0,PJM,Hybrid,70.0,2,1.292,VA,0
2018.0,PJM,Solar,96.0,0,7.266,KY,0
2018.0,PJM,Solar,120.0,0,7.266,OH,0
2018.0,PJM,Solar,149.0,0,7.266,VA,0
2018.0,NYISO,Battery,10.0,2,1.35,NY,0
2018.0,PJM,Solar,19.0,2,0.016,VA,0
2018.0,PJM,Solar,20.0,2,5.52,PA,0
2018.0,PJM,Other,2.4,1,1.659,VA,0
2018.0,PJM,Solar,19.9,1,3.622,VA,0
2018.0,PJM,Solar,10.0,2,1.886,PA,0
2018.0,PJM,Battery,5.0,2,1.725,VA,0
2018.0,PJM,Solar,800.0,0,7.266,VA,0
2018.0,PJM,Solar,280.0,2,0.016,IN,0
2018.0,PJM,Solar,150.0,0,7.266,MI,0
2018.0,PJM,Solar,85.0,2,1.328,PA,0
2018.0,PJM,Wind,255.0,0,7.266,IL,0
2018.0,PJM,Solar,45.0,2,4.101,PA,0
2018.0,PJM,Solar,20.0,2,0.865,VA,0
2018.0,PJM,Solar,11.1,2,1.574,VA,0
2018.0,PJM,Solar,59.7,2,6.464,NJ,0
2018.0,PJM,Gas,19.0,1,2.664,VA,0
2018.0,PJM,Solar,150.0,2,1.287,VA,0
2018.0,PJM,Wind,500.0,2,4.947,IL,0
2018.0,PJM,Wind,500.0,2,4.947,IL,0
2018.0,ERCOT,Solar,313.2,2,1.109,TX,0
2018.0,ERCOT,Hybrid,327.4,1,4.635,TX,0
2018.0,PJM,Solar,20.0,2,0.493,PA,0
2018.0,PJM,Solar,20.0,2,5.038,PA,0
2018.0,PJM,Solar,20.0,0,7.264,PA,0
2018.0,ERCOT,Solar,313.2,2,2.527,TX,0
2018.0,PJM,Wind,500.0,2,4.947,IL,0
2018.0,PJM,Solar,245.0,2,0.014,IN,0
2018.0,West,Hybrid,150.0,0,7.264,NV,1
2018.0,PJM,Hybrid,357.0,2,3.967,IL,0
2018.0,West,Hybrid,125.0,0,7.264,NV,0
2018.0,PJM,Solar,127.0,1,6.229,VA,0
2018.0,ISO-NE,Solar,19.9,2,6.171,NH,0
2018.0,ISO-NE,Solar,19.9,2,6.171,ME,0
2018.0,ISO-NE,Solar,19.9,2,6.171,CT,0
2018.0,PJM,Gas,1170.0,2,0.014,OH,0
2018.0,PJM,Solar,285.0,2,4.961,VA,0
2018.0,PJM,Solar,200.0,0,7.264,IL,0
2018.0,PJM,Battery,4.4,2,1.144,IL,0
2018.0,PJM,Battery,4.0,2,1.01,NJ,0
2018.0,PJM,Battery,19.8,2,1.106,PA,0
2018.0,PJM,Solar,20.0,2,0.882,IL,0
2018.0,PJM,Solar,235.0,2,0.014,IN,0
2018.0,PJM,Solar,20.0,2,0.882,IL,0
2018.0,PJM,Wind,500.0,2,0.014,IN,0
2018.0,ERCOT,Solar,120.0,2,3.811,TX,0
2018.0,West,Solar,250.0,0,7.264,NV,1
2018.0,PJM,Solar,70.0,2,2.01,VA,0
2018.0,PJM,Solar,20.0,2,1.166,PA,0
2018.0,ERCOT,Hybrid,321.7,0,7.261,TX,0
2018.0,PJM,Wind,100.0,0,7.261,IN,0
2018.0,PJM,Solar,130.0,0,7.261,IN,0
2018.0,PJM,Hybrid,800.0,2,0.014,IN,0
2018.0,PJM,Hybrid,500.0,2,0.011,IN,0
2018.0,PJM,Hybrid,500.0,2,0.014,IN,0
2018.0,PJM,Solar,200.0,2,1.342,IN,0
2018.0,PJM,Solar,4.4,2,1.889,NJ,0
2018.0,PJM,Solar,160.0,0,7.261,IN,0
2018.0,ERCOT,Hybrid,50.0,0,7.261,TX,0
2018.0,ERCOT,Hybrid,150.0,0,7.261,TX,0
2018.0,West,Hybrid,400.0,0,7.261,NV,1
2018.0,West,Other,300.0,0,7.261,AZ,0
2018.0,PJM,Wind,302.4,2,0.011,IN,0
2018.0,West,Battery,300.0,0,7.261,AZ,1
2018.0,PJM,Wind,100.0,0,7.261,IN,0
2018.0,West,Hybrid,200.0,0,7.258,AZ,1
2018.0,West,Battery,125.0,0,7.258,NV,1
2018.0,NYISO,Wind,440.0,2,2.092,NY,0
2018.0,PJM,Solar,20.0,1,7.184,VA,0
2018.0,PJM,Solar,80.0,1,7.184,VA,0
2018.0,NYISO,Wind,880.0,2,2.259,NY,0
2018.0,NYISO,Wind,880.0,0,7.258,NY,0
2018.0,NYISO,Wind,1200.0,2,2.924,NY,0
2018.0,PJM,Battery,19.8,2,1.224,NJ,0
2018.0,PJM,Solar,150.0,2,0.019,IL,0
2018.0,PJM,Solar,250.0,2,0.008,IL,0
2018.0,PJM,Solar,49.7,2,6.568,NJ,0
2018.0,PJM,Solar,38.2,2,0.496,PA,0
2018.0,PJM,Wind,816.0,2,4.914,NJ,0
2018.0,West,Hybrid,500.0,0,7.258,NV,0
2018.0,PJM,Solar,180.0,2,0.008,VA,0
2018.0,PJM,Solar,290.0,2,0.008,NC,0
2018.0,PJM,Solar,120.0,2,0.008,VA,0
2018.0,PJM,Solar,2.0,2,6.587,NJ,0
2018.0,PJM,Gas,2562.7,2,0.857,IL,0
2018.0,PJM,Solar,1.9,2,0.679,NJ,0
2018.0,PJM,Solar,20.0,1,5.572,PA,0
2018.0,West,Solar,240.0,2,1.273,CO,0
2018.0,PJM,Wind,97.5,2,0.266,IL,0
2018.0,PJM,Solar,49.5,0,7.258,OH,0
2018.0,ISO-NE,Gas,6.3,2,6.708,RI,0
2018.0,ISO-NE,Solar,19.9,2,3.948,CT,0
2018.0,PJM,Hybrid,20.0,2,2.927,VA,0
2018.0,PJM,Hybrid,20.0,2,2.932,MD,0
2018.0,PJM,Solar,140.0,2,0.871,IL,0
2018.0,PJM,Battery,20.0,0,7.255,NJ,0
2018.0,West,Battery,200.0,0,7.255,AZ,1
2018.0,PJM,Solar,19.8,2,6.798,PA,0
2018.0,PJM,Solar,19.8,2,6.735,PA,0
2018.0,PJM,Hybrid,19.9,0,7.255,PA,0
2018.0,West,Battery,50.0,0,7.255,AZ,1
2018.0,PJM,Solar,20.0,1,5.867,PA,0
2018.0,NYISO,Solar,20.0,1,4.164,NY,0
2018.0,PJM,Solar,0.5,2,4.11,MD,0
2018.0,PJM,Solar,20.0,0,7.247,PA,0
2018.0,PJM,Solar,3.0,2,0.925,MD,0
2018.0,PJM,Solar,3.6,2,0.925,MD,0
2018.0,ERCOT,Solar,301.5,0,7.242,TX,0
2018.0,PJM,Solar,60.0,2,0.151,VA,0
2018.0,West,Solar,1.0,0,7.242,WA,0
2018.0,Southeast,Hybrid,150.0,2,4.427,GA,0
2018.0,NYISO,Battery,20.0,1,4.986,NY,0
2018.0,West,Solar,5.0,0,7.239,WA,0
2018.0,PJM,Solar,20.0,0,7.239,VA,0
2018.0,West,Wind,750.0,0,7.228,MT,0
2018.0,ERCOT,Solar,514.0,1,6.784,TX,0
2018.0,ERCOT,Wind,300.0,2,2.439,TX,0
2018.0,West,Wind,750.0,0,7.228,MT,0
2018.0,NYISO,Wind,20.0,2,1.309,NY,0
2018.0,ERCOT,Solar,244.9,0,7.225,TX,0
2018.0,PJM,Gas,967.6,2,2.171,VA,0
2018.0,ISO-NE,Solar,15.0,2,0.342,NH,0
2018.0,West,Hybrid,80.0,0,7.222,MT,0
2018.0,West,Solar,100.0,2,4.381,WA,0
2018.0,Southeast,Solar,74.9,1,4.537,FL,0
2018.0,West,Solar,100.0,0,7.22,WA,0
2018.0,PJM,Battery,80.0,2,1.292,IN,0
2018.0,Southeast,Solar,75.0,2,4.263,GA,0
2018.0,NYISO,Solar,20.0,2,0.211,NY,0
2018.0,NYISO,Solar,20.0,2,0.539,NY,0
2018.0,Southeast,Solar,74.5,2,1.262,FL,0
2018.0,Southeast,Solar,74.5,2,0.619,FL,0
2018.0,Southeast,Solar,74.5,2,0.233,FL,0
2018.0,Southeast,Solar,74.5,2,1.421,FL,0
2018.0,West,Solar,170.0,0,7.206,WA,1
2018.0,Southeast,Hybrid,80.0,2,4.871,AL,0
2018.0,NYISO,Solar,119.0,0,7.203,NY,0
2018.0,ISO-NE,Wind,805.0,2,1.377,CT,0
2018.0,ISO-NE,Wind,805.0,2,3.236,CT,0
2018.0,Southeast,Solar,80.0,1,6.081,GA,0
2018.0,Southeast,Solar,40.0,1,5.437,GA,0
2018.0,ERCOT,Solar,115.0,1,2.516,TX,0
2018.0,ERCOT,Gas,306.0,1,2.437,TX,0
2018.0,NYISO,Solar,20.0,1,3.94,NY,0
2018.0,SPP,Solar,57.0,2,6.305,MO,0
2018.0,Southeast,Solar,74.5,2,0.424,FL,0
2018.0,Southeast,Solar,74.5,1,4.274,FL,0
2018.0,ERCOT,Wind,492.8,0,7.19,TX,0
2018.0,Southeast,Solar,74.5,2,0.827,FL,0
2018.0,SPP,Wind,19.8,2,6.519,NE,0
2018.0,SPP,Solar,400.0,2,0.476,NE,0
2018.0,SPP,Solar,250.0,2,4.928,TX,0
2018.0,SPP,Solar,80.0,0,7.187,AR,0
2018.0,SPP,Wind,255.0,0,7.184,ND,0
2018.0,SPP,Battery,151.0,0,7.184,OK,0
2018.0,SPP,Gas,230.0,2,0.471,NM,0
2018.0,ISO-NE,Solar,50.0,2,0.112,CT,0
2018.0,SPP,Wind,302.4,2,6.513,NE,0
2018.0,Southeast,Solar,80.0,2,0.854,AL,0
2018.0,Southeast,Solar,153.0,2,0.353,GA,0
2018.0,Southeast,Solar,80.0,2,0.854,AL,0
2018.0,ISO-NE,Solar,40.0,2,6.631,RI,0
2018.0,ISO-NE,Solar,10.0,2,6.631,RI,0
2018.0,ISO-NE,Solar,56.5,2,3.439,RI,0
2018.0,SPP,Battery,151.0,0,7.181,OK,0
2018.0,Southeast,Solar,80.0,2,0.72,AL,0
2018.0,SPP,Wind,125.0,0,7.181,MT,0
2018.0,West,Hybrid,225.0,0,7.179,AZ,0
2018.0,West,Hybrid,225.0,0,7.179,AZ,0
2018.0,SPP,Solar,200.0,2,0.101,OK,0
2018.0,SPP,Wind,18.3,2,4.912,SD,0
2018.0,PJM,Gas,29.0,1,1.785,PA,0
2018.0,West,Hybrid,400.0,2,0.115,NV,1
2018.0,SPP,Wind,72.0,0,7.168,IA,0
2018.0,NYISO,Solar,135.0,0,7.165,NY,0
2018.0,SPP,Solar,165.0,0,7.162,LA,1
2018.0,ERCOT,Solar,279.0,1,3.871,TX,1
2018.0,Southeast,Solar,80.0,2,4.468,AL,0
2018.0,ISO-NE,Solar,8.1,2,6.604,MA,0
2018.0,ERCOT,Solar,45.7,1,4.219,TX,0
2018.0,ERCOT,Solar,280.0,2,1.596,TX,0
2018.0,ERCOT,Solar,400.0,2,2.415,TX,0
2018.0,ERCOT,Solar,102.5,2,0.999,TX,0
2018.0,ERCOT,Solar,51.8,1,6.732,TX,0
2018.0,West,Wind,252.0,0,7.149,,0
2018.0,PJM,Solar,3.1,2,0.761,NJ,0
2018.0,ERCOT,Hybrid,136.7,0,7.149,TX,0
2018.0,West,Wind,252.0,0,7.149,,0
2018.0,West,Solar,150.0,0,7.149,CO,0
2018.0,NYISO,Gas,588.0,2,4.23,NY,0
2018.0,Southeast,Solar,170.0,2,0.758,GA,0
2018.0,ISO-NE,Solar,15.0,2,0.731,ME,0
2018.0,NYISO,Solar,20.0,2,4.808,NY,0
2018.0,PJM,Gas,570.0,2,0.383,NJ,0
2018.0,PJM,Gas,1170.0,2,0.789,OH,0
2018.0,Southeast,Solar,80.0,2,0.764,AL,0
2018.0,Southeast,Gas,550.0,2,0.312,MS,0
2018.0,Southeast,Solar,74.9,1,3.546,FL,0
2018.0,Southeast,Solar,74.9,1,3.452,FL,0
2018.0,ISO-NE,Solar,10.0,2,2.3,NH,0
2018.0,SPP,Solar,150.0,2,0.857,TX,0
2018.0,SPP,Solar,175.0,2,4.86,TX,0
2018.0,SPP,Wind,215.0,0,7.118,OK,0
2018.0,SPP,Solar,148.0,0,7.118,OK,0
2018.0,SPP,Solar,200.0,2,1.41,OK,0
2018.0,SPP,Wind,240.0,2,3.529,NM,0
2018.0,SPP,Solar,80.0,2,3.455,MO,0
2018.0,SPP,Wind,400.0,2,1.615,NE,0
2018.0,SPP,Wind,231.0,0,7.116,NE,0
2018.0,ERCOT,Solar,195.4,1,5.347,TX,0
2018.0,ERCOT,Other,116.9,2,4.879,TX,0
2018.0,SPP,Wind,200.2,2,4.071,SD,0
2018.0,ERCOT,Solar,253.1,1,5.451,TX,0
2018.0,SPP,Wind,200.2,0,7.116,KS,0
2018.0,SPP,Solar,150.0,2,4.583,OK,0
2018.0,ERCOT,Solar,250.0,0,7.113,TX,0
2018.0,ERCOT,Solar,300.0,0,7.113,TX,0
2018.0,ERCOT,Solar,250.9,0,7.113,TX,0
2018.0,ERCOT,Solar,317.6,0,7.113,TX,0
2018.0,SPP,Solar,150.0,2,6.215,KS,0
2018.0,SPP,Battery,100.0,2,3.45,MO,0
2018.0,SPP,Solar,201.6,0,7.11,NE,0
2018.0,SPP,Battery,50.0,2,3.45,LA,1
2018.0,SPP,Wind,200.0,2,4.027,KS,0
2018.0,SPP,Solar,305.0,2,3.395,NM,0
2018.0,SPP,Battery,95.0,0,7.11,KS,0
2018.0,SPP,Battery,50.0,2,3.45,OK,0
2018.0,SPP,Battery,74.0,2,3.45,TX,0
2018.0,SPP,Battery,50.0,2,4.027,TX,0
2018.0,SPP,Battery,75.0,2,4.851,TX,0
2018.0,SPP,Solar,130.0,2,6.116,TX,0
2018.0,SPP,Wind,196.0,0,7.11,TX,0
2018.0,SPP,Battery,125.0,2,4.851,NE,0
2018.0,SPP,Battery,250.0,2,4.027,TX,0
2018.0,SPP,Solar,200.0,2,1.402,MO,0
2018.0,SPP,Solar,221.4,0,7.11,NE,0
2018.0,SPP,Solar,200.0,2,1.402,MO,0
2018.0,SPP,Battery,40.0,2,3.45,KS,0
2018.0,SPP,Solar,200.0,2,1.342,OK,0
2018.0,SPP,Solar,250.0,2,3.433,KS,1
2018.0,SPP,Solar,175.0,2,4.027,MO,0
2018.0,SPP,Solar,200.0,2,3.45,MO,0
2018.0,SPP,Wind,300.0,0,7.11,TX,0
2018.0,SPP,Battery,40.0,2,3.45,OK,0
2018.0,SPP,Solar,100.0,2,4.851,TX,0
2018.0,SPP,Solar,205.0,2,3.45,MO,0
2018.0,SPP,Solar,400.0,2,4.851,TX,0
2018.0,SPP,Hybrid,250.0,0,7.11,OK,0
2018.0,SPP,Solar,200.0,2,3.45,MO,0
2018.0,SPP,Wind,500.0,2,1.61,NE,0
2018.0,SPP,Solar,200.0,2,4.851,TX,0
2018.0,SPP,Wind,200.0,2,4.12,KS,0
2018.0,SPP,Wind,200.0,2,4.027,TX,0
2018.0,SPP,Battery,50.0,2,4.851,MO,0
2018.0,SPP,Wind,122.0,2,3.452,NE,0
2018.0,SPP,Battery,75.0,2,4.851,TX,0
2018.0,SPP,Solar,185.0,2,4.851,TX,0
2018.0,SPP,Solar,200.0,2,3.45,MO,0
2018.0,SPP,Solar,200.0,2,1.402,MO,0
2018.0,SPP,Battery,100.0,2,3.45,MO,0
2018.0,SPP,Battery,60.0,2,4.851,KS,0
2018.0,PJM,Solar,5.0,2,0.717,NJ,0
2018.0,PJM,Solar,3.5,2,0.465,NJ,0
2018.0,SPP,Battery,100.0,0,7.097,OK,0
2018.0,SPP,Wind,25.0,0,7.094,KS,0
2018.0,West,Solar,200.0,2,3.759,WA,0
2018.0,PJM,Solar,20.0,2,2.297,MD,0
2018.0,ERCOT,Solar,250.0,1,2.82,TX,0
2018.0,ERCOT,Solar,254.0,0,7.086,TX,0
2018.0,West,Hybrid,350.0,0,7.086,NV,1
2018.0,ISO-NE,Solar,14.0,2,0.211,NH,0
2018.0,ISO-NE,Solar,19.8,2,0.205,ME,0
2018.0,Southeast,Gas,741.0,2,0.172,FL,0
2018.0,Southeast,Solar,74.5,1,3.159,FL,0
2018.0,ISO-NE,Other,2.1,2,0.671,CT,0
2018.0,NYISO,Battery,20.0,2,1.405,NY,0
2018.0,Southeast,Solar,74.5,1,5.322,FL,0
2018.0,ERCOT,Wind,165.4,0,7.072,TX,0
2018.0,ERCOT,Gas,150.0,2,1.336,TX,0
2018.0,ERCOT,Gas,153.0,1,3.406,TX,0
2018.0,ERCOT,Solar,426.7,1,2.804,TX,0
2018.0,ERCOT,Other,40.3,1,2.606,TX,0
2018.0,ERCOT,Solar,50.0,2,0.591,TX,0
2018.0,ERCOT,Solar,256.2,0,7.072,TX,0
2018.0,ERCOT,Solar,200.0,2,3.907,TX,0
2018.0,Southeast,Solar,74.5,1,5.317,FL,0
2018.0,Southeast,Solar,74.5,1,2.475,FL,0
2018.0,Southeast,Solar,80.0,2,0.682,AL,0
2018.0,Southeast,Solar,40.0,2,0.107,GA,0
2018.0,ERCOT,Solar,152.5,2,0.422,TX,0
2018.0,Southeast,Solar,80.0,1,5.238,GA,0
2018.0,ISO-NE,Solar,50.0,2,2.661,ME,0
2018.0,ERCOT,Hybrid,254.9,0,7.069,TX,0
2018.0,Southeast,Solar,40.0,0,7.069,GA,0
2018.0,CAISO,Other,3.4,2,0.263,CA,0
2018.0,Southeast,Solar,38.0,0,7.069,GA,0
2018.0,NYISO,Hybrid,270.0,0,7.066,NY,0
2018.0,West,Battery,1200.0,0,7.066,WA,0
2018.0,ERCOT,Solar,200.0,2,0.507,TX,0
2018.0,ISO-NE,Solar,5.0,2,0.153,CT,0
2018.0,ISO-NE,Solar,11.0,2,6.508,RI,0
2018.0,Southeast,Solar,120.0,2,0.928,GA,0
2018.0,Southeast,Solar,120.0,2,0.402,GA,0
2018.0,ERCOT,Solar,200.0,2,5.911,TX,0
2018.0,ERCOT,Solar,200.0,2,5.911,TX,0
2018.0,PJM,Solar,3.5,2,0.679,NJ,0
2018.0,ERCOT,Solar,90.0,0,7.055,TX,0
2018.0,West,Solar,150.0,0,7.053,,0
2018.0,ISO-NE,Wind,827.0,0,7.053,MA,0
2018.0,ERCOT,Solar,152.1,2,2.371,TX,0
2018.0,Southeast,Solar,107.1,2,0.726,GA,0
2018.0,PJM,Battery,120.0,0,7.053,VA,1
2018.0,ISO-NE,Solar,50.0,0,7.05,VT,0
2018.0,Southeast,Solar,150.0,2,6.078,AL,0
2018.0,PJM,Wind,882.0,2,4.715,NJ,0
2018.0,PJM,Wind,445.2,2,4.745,NJ,0
2018.0,PJM,Wind,445.2,2,1.336,NJ,0
2018.0,ISO-NE,Solar,6.0,2,6.497,MA,0
2018.0,ISO-NE,Solar,9.0,2,0.249,MA,0
2018.0,ISO-NE,Solar,12.4,2,6.497,MA,0
2018.0,ISO-NE,Solar,2.5,2,2.85,MA,0
2018.0,ISO-NE,Solar,18.1,2,6.497,MA,0
2018.0,ISO-NE,Solar,13.4,2,6.497,MA,0
2018.0,ISO-NE,Solar,13.7,2,6.497,MA,0
2018.0,ISO-NE,Solar,3.9,2,6.497,MA,0
2018.0,ISO-NE,Solar,8.0,2,6.497,MA,0
2018.0,ISO-NE,Solar,12.4,2,6.497,MA,0
2018.0,ISO-NE,Solar,13.3,2,6.497,MA,0
2018.0,PJM,Wind,604.8,2,6.215,NJ,0
2018.0,PJM,Wind,300.0,2,6.215,NJ,0
2018.0,PJM,Wind,604.8,2,6.212,NJ,0
2018.0,ERCOT,Solar,203.8,1,4.583,TX,0
2018.0,ERCOT,Gas,150.0,2,0.559,TX,0
2018.0,Southeast,Solar,120.2,0,7.039,GA,0
2018.0,West,Hybrid,19.0,0,7.039,WA,0
2018.0,ERCOT,Solar,161.5,1,5.599,TX,0
2018.0,ERCOT,Gas,484.0,2,0.422,TX,0
2018.0,West,Solar,94.0,0,7.036,WA,0
2018.0,West,Solar,94.0,2,4.197,WA,0
2018.0,ISO-NE,Wind,860.0,2,3.428,MA,0
2018.0,ERCOT,Other,101.5,1,4.241,TX,0
2018.0,PJM,Solar,44.8,2,0.652,VA,0
2018.0,ISO-NE,Wind,400.0,2,3.428,MA,0
2018.0,PJM,Solar,120.0,0,7.031,VA,0
2018.0,NYISO,Battery,150.0,0,7.031,NY,0
2018.0,NYISO,Battery,187.0,2,3.031,NY,0
2018.0,West,Battery,400.0,0,7.028,OR,0
2018.0,ISO-NE,Battery,200.0,2,2.234,CT,0
2018.0,Southeast,Solar,60.0,0,7.028,GA,0
2018.0,Southeast,Solar,240.0,2,0.485,GA,0
2018.0,PJM,Solar,0.8,2,4.452,NJ,0
2018.0,West,Hybrid,248.0,2,0.797,CA,0
2018.0,ERCOT,Wind,148.4,0,7.009,TX,0
2018.0,PJM,Solar,50.0,0,7.006,VA,0
2018.0,PJM,Solar,18.0,2,4.181,MD,0
2019.0,ERCOT,Other,80.0,2,0.849,TX,0
2019.0,ERCOT,Solar,303.9,2,5.426,TX,0
2019.0,ERCOT,Solar,233.5,0,6.992,TX,0
2019.0,ISO-NE,Battery,150.0,2,0.668,MA,0
2019.0,ERCOT,Gas,363.0,2,0.156,TX,0
2019.0,PJM,Solar,290.0,2,3.373,VA,0
2019.0,PJM,Solar,149.0,0,6.979,VA,0
2019.0,ISO-NE,Solar,100.0,0,6.976,ME,0
2019.0,ERCOT,Wind,282.0,0,6.971,TX,0
2019.0,ERCOT,Gas,484.0,2,0.219,TX,0
2019.0,West,Hybrid,250.0,1,4.46,AZ,1
2019.0,NYISO,Wind,880.0,2,2.459,NY,0
2019.0,ERCOT,Battery,50.1,0,6.962,TX,0
2019.0,NYISO,Gas,88.9,2,3.628,NY,0
2019.0,ERCOT,Battery,50.6,0,6.96,TX,0
2019.0,ERCOT,Battery,51.6,0,6.96,TX,0
2019.0,ERCOT,Wind,180.0,0,6.96,TX,0
2019.0,PJM,Solar,60.0,0,6.957,NC,0
2019.0,PJM,Solar,50.0,1,4.871,IL,0
2019.0,ERCOT,Wind,175.0,1,5.136,TX,0
2019.0,ERCOT,Hybrid,201.0,0,6.954,TX,0
2019.0,PJM,Hybrid,19.9,2,0.567,PA,0
2019.0,Southeast,Solar,80.0,2,1.358,GA,0
2019.0,Southeast,Gas,50.0,0,6.951,OK,0
2019.0,Southeast,Gas,52.0,0,6.951,OK,0
2019.0,PJM,Solar,71.5,2,1.235,NC,0
2019.0,ERCOT,Hybrid,218.8,0,6.943,TX,0
2019.0,ISO-NE,Solar,5.0,2,6.39,MA,0
2019.0,MISO,Solar,200.0,0,6.94,IA,0
2019.0,PJM,Solar,44.0,2,0.079,NJ,0
2019.0,PJM,Solar,4.0,2,0.186,NJ,0
2019.0,PJM,Battery,15.7,0,6.938,VA,0
2019.0,PJM,Battery,40.0,0,6.935,VA,0
2019.0,PJM,Solar,35.0,2,1.183,NJ,0
2019.0,PJM,Solar,65.0,1,6.563,PA,0
2019.0,ERCOT,Solar,151.2,0,6.932,TX,0
2019.0,ERCOT,Solar,209.2,0,6.932,TX,0
2019.0,ERCOT,Other,45.0,1,0.375,TX,0
2019.0,ERCOT,Solar,152.0,2,1.363,TX,0
2019.0,ERCOT,Solar,150.8,2,5.862,TX,0
2019.0,PJM,Solar,200.0,0,6.921,IN,0
2019.0,PJM,Solar,40.0,2,5.232,NC,0
2019.0,ERCOT,Solar,150.0,2,5.862,TX,0
2019.0,ERCOT,Other,50.0,0,6.919,TX,0
2019.0,ERCOT,Other,50.0,0,6.919,TX,1
2019.0,ERCOT,Other,50.0,0,6.919,TX,0
2019.0,PJM,Solar,7.0,2,2.448,NJ,0
2019.0,PJM,Solar,50.0,0,6.916,VA,0
2019.0,PJM,Solar,220.0,0,6.916,OH,0
2019.0,PJM,Solar,115.0,2,1.018,IL,0
2019.0,PJM,Solar,150.0,2,1.018,IL,0
2019.0,PJM,Battery,20.0,2,5.331,VA,0
2019.0,PJM,Solar,20.0,2,5.572,PA,0
2019.0,ERCOT,Gas,510.0,1,2.702,TX,0
2019.0,PJM,Solar,3.2,2,3.518,NJ,0
2019.0,PJM,Solar,1.0,2,2.108,NJ,0
2019.0,ISO-NE,Solar,6.2,2,6.366,RI,0
2019.0,PJM,Solar,3.0,2,3.518,NJ,0
2019.0,PJM,Solar,20.0,2,0.589,PA,0
2019.0,PJM,Battery,20.0,2,5.394,VA,0
2019.0,PJM,Solar,150.0,0,6.913,VA,0
2019.0,PJM,Hybrid,50.0,2,5.717,PA,0
2019.0,PJM,Solar,20.0,1,5.993,PA,0
2019.0,PJM,Solar,20.0,2,6.752,PA,0
2019.0,MISO,Solar,64.0,2,6.018,MO,0
2019.0,ERCOT,Solar,55.0,2,0.695,TX,0
2019.0,ERCOT,Gas,363.0,2,0.621,TX,0
2019.0,ERCOT,Wind,196.0,1,4.698,TX,0
2019.0,ERCOT,Solar,52.8,0,6.902,TX,0
2019.0,PJM,Battery,1.0,2,0.939,IL,0
2019.0,PJM,Battery,1.0,1,2.171,IL,0
2019.0,PJM,Solar,4.5,2,0.268,NJ,0
2019.0,PJM,Solar,1.8,1,1.618,NJ,0
2019.0,NYISO,Battery,75.0,2,0.479,NY,0
2019.0,ERCOT,Solar,100.0,2,1.136,TX,0
2019.0,Southeast,Gas,661.0,2,0.389,AL,0
2019.0,NYISO,Battery,40.0,2,0.479,NY,0
2019.0,NYISO,Battery,50.0,2,0.479,NY,0
2019.0,PJM,Solar,20.0,1,4.843,PA,0
2019.0,PJM,Solar,20.0,1,5.533,PA,0
2019.0,PJM,Solar,2.0,1,4.841,NJ,0
2019.0,PJM,Solar,5.0,2,0.156,NJ,0
2019.0,PJM,Gas,20.0,2,0.559,PA,0
2019.0,Southeast,Solar,74.0,0,6.883,SC,0
2019.0,PJM,Solar,5.0,2,0.211,NJ,0
2019.0,PJM,Solar,4.0,2,0.498,MD,0
2019.0,ERCOT,Solar,172.8,2,2.897,TX,0
2019.0,Southeast,Gas,209.0,1,3.296,FL,1
2019.0,ERCOT,Hybrid,206.1,1,4.712,TX,0
2019.0,West,Wind,200.0,0,6.877,MT,0
2019.0,Southeast,Solar,260.0,0,6.875,GA,0
2019.0,PJM,Solar,50.0,2,5.629,OH,1
2019.0,PJM,Solar,150.0,1,6.204,OH,0
2019.0,Southeast,Solar,280.0,2,0.548,GA,0
2019.0,PJM,Solar,4.4,2,0.192,NJ,0
2019.0,PJM,Solar,35.0,1,5.298,KY,0
2019.0,PJM,Solar,2.0,2,0.137,NJ,0
2019.0,Southeast,Solar,125.0,2,0.271,GA,0
2019.0,Southeast,Solar,70.0,2,1.596,GA,0
2019.0,Southeast,Solar,50.0,2,0.09,GA,0
2019.0,Southeast,Solar,150.0,2,0.619,GA,0
2019.0,West,Wind,600.0,0,6.861,MT,0
2019.0,PJM,Solar,35.0,0,6.861,PA,0
2019.0,NYISO,Hybrid,240.0,0,6.861,NY,0
2019.0,PJM,Solar,20.0,2,3.288,VA,0
2019.0,Southeast,Solar,74.5,1,4.019,FL,0
2019.0,Southeast,Solar,74.5,1,5.944,FL,0
2019.0,West,Wind,600.0,0,6.858,MT,0
2019.0,West,Solar,450.0,2,0.873,CO,0
2019.0,NYISO,Wind,147.0,0,6.858,NY,0
2019.0,MISO,Wind,250.0,0,6.858,ND,0
2019.0,PJM,Solar,20.0,2,1.183,VA,0
2019.0,PJM,Solar,20.0,2,3.165,VA,0
2019.0,PJM,Solar,70.0,2,0.531,IL,0
2019.0,West,Hybrid,1200.0,0,6.858,OR,0
2019.0,West,Other,0.8,1,4.679,ID,0
2019.0,PJM,Hybrid,5.0,2,0.474,NJ,0
2019.0,PJM,Solar,4.0,2,0.11,NJ,0
2019.0,PJM,Hybrid,4.5,2,0.496,NJ,0
2019.0,PJM,Solar,1.6,2,0.03,NJ,0
2019.0,PJM,Hybrid,2.5,2,0.496,NJ,0
2019.0,PJM,Solar,155.0,0,6.856,IN,0
2019.0,PJM,Solar,577.0,1,5.692,OH,0
2019.0,West,Solar,350.0,2,0.871,CO,0
2019.0,PJM,Solar,144.0,2,1.645,IN,0
2019.0,ISO-NE,Solar,9.8,2,6.297,RI,0
2019.0,PJM,Solar,138.0,0,6.845,VA,0
2019.0,PJM,Solar,44.0,2,6.327,MD,0
2019.0,PJM,Hybrid,300.0,0,6.845,VA,0
2019.0,ERCOT,Solar,515.7,0,6.845,TX,0
2019.0,ERCOT,Solar,250.0,2,0.183,TX,0
2019.0,ERCOT,Gas,19.0,1,0.728,TX,0
2019.0,PJM,Solar,20.0,2,0.118,PA,0
2019.0,PJM,Wind,800.1,2,5.32,VA,0
2019.0,PJM,Wind,800.1,2,6.108,VA,0
2019.0,PJM,Solar,20.0,2,0.797,PA,0
2019.0,PJM,Solar,20.0,0,6.839,PA,0
2019.0,PJM,Solar,20.0,0,6.839,PA,0
2019.0,ERCOT,Hybrid,301.6,0,6.839,TX,0
2019.0,PJM,Solar,20.0,2,0.761,PA,0
2019.0,PJM,Hybrid,800.0,2,5.311,IN,0
2019.0,PJM,Solar,20.0,2,0.118,PA,0
2019.0,PJM,Wind,800.1,2,5.32,VA,0
2019.0,PJM,Solar,2.3,2,0.457,NJ,0
2019.0,PJM,Solar,17.0,0,6.839,MD,0
2019.0,PJM,Solar,3.5,2,0.52,NJ,0
2019.0,PJM,Solar,4.0,2,0.476,NJ,0
2019.0,PJM,Hybrid,4.9,2,0.479,NJ,0
2019.0,PJM,Solar,1.9,2,0.093,NJ,0
2019.0,PJM,Hybrid,5.0,2,0.096,NJ,0
2019.0,PJM,Solar,2.8,2,0.515,NJ,0
2019.0,PJM,Solar,2.0,2,0.457,NJ,0
2019.0,PJM,Solar,90.0,2,5.311,IL,0
2019.0,PJM,Solar,20.0,2,1.109,VA,0
2019.0,PJM,Solar,7.0,2,1.109,VA,0
2019.0,PJM,Hybrid,2.1,2,0.096,NJ,0
2019.0,PJM,Hybrid,2.8,2,0.096,NJ,0
2019.0,PJM,Solar,3.0,2,0.23,NJ,0
2019.0,PJM,Solar,17.1,1,4.723,PA,0
2019.0,PJM,Solar,17.1,1,4.682,PA,0
2019.0,PJM,Solar,20.0,0,6.836,PA,0
2019.0,PJM,Solar,20.0,2,3.885,PA,0
2019.0,PJM,Solar,120.0,0,6.836,PA,0
2019.0,PJM,Solar,10.6,2,5.394,PA,0
2019.0,PJM,Solar,20.0,1,4.06,PA,0
2019.0,PJM,Solar,20.0,1,3.912,PA,0
2019.0,PJM,Solar,20.0,2,4.268,PA,0
2019.0,PJM,Solar,49.0,0,6.834,VA,0
2019.0,PJM,Solar,13.8,1,5.76,PA,0
2019.0,PJM,Solar,20.0,0,6.831,PA,0
2019.0,ERCOT,Solar,330.1,2,2.204,TX,0
2019.0,ERCOT,Solar,203.5,1,5.005,TX,0
2019.0,PJM,Solar,150.0,0,6.828,IL,0
2019.0,PJM,Other,500.0,2,0.085,PA,0
2019.0,West,Hybrid,500.0,0,6.825,NV,1
2019.0,NYISO,Battery,125.0,2,1.07,NY,0
2019.0,ERCOT,Battery,50.0,0,6.823,TX,0
2019.0,PJM,Solar,114.0,0,6.823,OH,0
2019.0,PJM,Solar,20.0,1,5.175,PA,0
2019.0,ISO-NE,Solar,12.0,2,0.115,VT,0
2019.0,PJM,Gas,87.0,2,4.613,PA,0
2019.0,West,Hybrid,100.0,1,5.232,ID,0
2019.0,PJM,Solar,260.0,2,5.878,KY,0
2019.0,West,Battery,50.0,2,0.832,CO,0
2019.0,West,Battery,75.0,2,0.832,CO,0
2019.0,PJM,Solar,100.5,0,6.815,PA,0
2019.0,ERCOT,Solar,151.6,2,1.481,TX,0
2019.0,NYISO,Battery,100.0,2,4.556,NY,0
2019.0,PJM,Solar,183.0,2,0.485,PA,0
2019.0,PJM,Hybrid,2.5,2,0.063,NJ,0
2019.0,PJM,Hybrid,4.0,2,0.427,NJ,0
2019.0,PJM,Hybrid,3.9,2,0.427,NJ,0
2019.0,PJM,Solar,3.0,2,0.485,NJ,0
2019.0,PJM,Solar,4.0,2,0.49,NJ,0
2019.0,PJM,Solar,201.1,0,6.809,VA,0
2019.0,PJM,Solar,44.0,2,0.485,PA,0
2019.0,ERCOT,Wind,47.9,2,0.676,TX,0
2019.0,PJM,Solar,70.0,0,6.804,PA,0
2019.0,ISO-NE,Battery,250.0,0,6.804,MA,0
2019.0,PJM,Solar,150.0,2,5.864,NC,0
2019.0,PJM,Solar,10.0,2,1.823,NC,0
2019.0,Southeast,Solar,80.0,2,0.088,AL,0
2019.0,PJM,Solar,116.5,0,6.801,PA,0
2019.0,PJM,Solar,101.6,2,6.366,PA,0
2019.0,Southeast,Hybrid,80.0,2,3.54,AL,0
2019.0,Southeast,Solar,80.0,2,0.088,AL,0
2019.0,PJM,Hybrid,400.0,2,3.923,OH,0
2019.0,PJM,Wind,250.0,2,4.293,IN,0
2019.0,Southeast,Hybrid,80.0,2,3.54,AL,0
2019.0,PJM,Wind,200.0,2,4.498,IL,0
2019.0,PJM,Solar,100.0,2,0.986,VA,0
2019.0,PJM,Solar,4.0,2,0.049,NJ,0
2019.0,PJM,Gas,1335.0,2,0.479,WV,0
2019.0,PJM,Hybrid,3.8,2,0.142,NJ,0
2019.0,PJM,Battery,50.0,2,0.879,IN,0
2019.0,PJM,Solar,1.4,2,0.416,NJ,0
2019.0,PJM,Solar,5.0,1,1.528,VA,0
2019.0,PJM,Battery,100.0,0,6.798,VA,0
2019.0,PJM,Battery,30.0,2,2.026,IN,0
2019.0,PJM,Solar,1.0,2,0.416,NJ,0
2019.0,PJM,Gas,665.0,2,0.479,WV,0
2019.0,West,Wind,600.0,0,6.798,MT,0
2019.0,Southeast,Solar,80.0,2,0.402,AL,0
2019.0,PJM,Solar,2.6,2,0.416,NJ,0
2019.0,PJM,Other,48.0,2,0.687,WV,0
2019.0,PJM,Other,51.0,0,6.798,WV,0
2019.0,PJM,Solar,90.0,0,6.795,VA,0
2019.0,PJM,Solar,33.0,0,6.795,IN,0
2019.0,PJM,Battery,40.0,0,6.795,IN,0
2019.0,Southeast,Solar,101.0,2,0.526,KY,0
2019.0,Southeast,Solar,200.0,2,0.181,KY,0
2019.0,PJM,Solar,49.0,1,6.787,OH,0
2019.0,PJM,Solar,145.0,0,6.79,OH,0
2019.0,PJM,Battery,50.0,2,6.631,IL,0
2019.0,PJM,Solar,165.0,2,0.057,PA,0
2019.0,PJM,Solar,120.0,2,3.031,PA,0
2019.0,PJM,Solar,19.7,2,5.662,OH,0
2019.0,PJM,Solar,52.0,2,2.957,PA,0
2019.0,ERCOT,Solar,59.8,1,1.771,TX,0
2019.0,PJM,Solar,17.0,2,5.27,VA,0
2019.0,PJM,Gas,75.0,1,4.452,VA,0
2019.0,PJM,Gas,15.0,1,1.402,VA,0
2019.0,ISO-NE,Solar,20.0,2,0.643,CT,0
2019.0,PJM,Solar,62.0,2,0.057,PA,0
2019.0,PJM,Solar,78.0,2,0.038,OH,0
2019.0,PJM,Solar,60.0,0,6.79,VA,0
2019.0,PJM,Solar,60.0,2,0.115,VA,1
2019.0,PJM,Solar,60.0,2,6.631,VA,0
2019.0,PJM,Solar,42.0,2,0.402,PA,0
2019.0,PJM,Solar,70.0,2,6.001,VA,1
2019.0,PJM,Solar,79.0,2,0.463,OH,0
2019.0,PJM,Solar,65.0,2,2.867,PA,0
2019.0,PJM,Battery,40.0,2,1.027,VA,0
2019.0,PJM,Solar,4.4,2,0.033,NJ,0
2019.0,PJM,Solar,78.0,2,1.035,NJ,0
2019.0,PJM,Solar,3.9,2,0.033,NJ,0
2019.0,PJM,Solar,125.0,1,6.401,OH,0
2019.0,PJM,Solar,19.3,2,6.264,OH,0
2019.0,PJM,Solar,80.0,0,6.787,PA,0
2019.0,PJM,Solar,5.0,2,0.036,NJ,0
2019.0,PJM,Solar,2.0,2,0.036,NJ,0
2019.0,PJM,Solar,2.8,2,0.036,NJ,0
2019.0,PJM,Solar,5.0,2,0.036,NJ,0
2019.0,PJM,Solar,94.6,2,1.024,VA,0
2019.0,ISO-NE,Battery,150.0,2,0.966,MA,0
2019.0,ISO-NE,Wind,40.0,2,3.395,MA,0
2019.0,PJM,Solar,5.0,2,0.033,NJ,0
2019.0,PJM,Wind,198.0,2,3.907,OH,0
2019.0,PJM,Solar,20.0,0,6.784,VA,0
2019.0,PJM,Hybrid,3.1,2,0.402,NJ,0
2019.0,PJM,Solar,56.0,2,1.032,MD,0
2019.0,PJM,Solar,99.0,1,5.884,OH,0
2019.0,PJM,Battery,18.0,2,0.422,NC,0
2019.0,PJM,Solar,55.0,0,6.784,PA,0
2019.0,PJM,Battery,25.0,2,1.021,KY,0
2019.0,PJM,Solar,90.0,2,5.845,KY,0
2019.0,PJM,Battery,55.0,0,6.782,OH,0
2019.0,ISO-NE,Solar,2.0,2,0.914,MA,0
2019.0,ISO-NE,Solar,11.0,2,6.231,MA,0
2019.0,ISO-NE,Solar,5.0,2,6.231,MA,0
2019.0,ISO-NE,Solar,24.0,2,0.914,MA,0
2019.0,ISO-NE,Solar,4.9,2,6.231,MA,0
2019.0,ISO-NE,Solar,2.0,2,0.914,MA,0
2019.0,ISO-NE,Solar,13.2,2,6.231,MA,0
2019.0,ISO-NE,Solar,17.0,2,6.231,MA,0
2019.0,PJM,Solar,8.0,2,0.493,DE,0
2019.0,ISO-NE,Solar,14.4,2,6.231,MA,0
2019.0,ISO-NE,Solar,9.0,2,6.231,MA,0
2019.0,PJM,Solar,300.0,0,6.782,OH,0
2019.0,PJM,Solar,125.0,0,6.782,IN,0
2019.0,ISO-NE,Solar,24.7,2,6.231,MA,0
2019.0,ISO-NE,Solar,20.0,2,6.231,MA,0
2019.0,PJM,Solar,100.0,0,6.782,IN,0
2019.0,PJM,Solar,178.0,2,6.204,OH,0
2019.0,PJM,Solar,180.0,0,6.782,OH,0
2019.0,PJM,Solar,60.0,2,1.018,PA,0
2019.0,ISO-NE,Solar,20.4,2,2.585,MA,0
2019.0,PJM,Solar,44.0,2,6.018,VA,0
2019.0,Southeast,Solar,100.0,2,1.106,KY,0
2019.0,NYISO,Solar,140.0,0,6.779,NY,0
2019.0,NYISO,Battery,20.0,0,6.779,NY,0
2019.0,PJM,Solar,15.0,2,2.089,VA,0
2019.0,PJM,Solar,49.9,0,6.779,OH,0
2019.0,PJM,Battery,160.0,0,6.779,PA,0
2019.0,PJM,Solar,20.0,2,5.306,VA,0
2019.0,PJM,Wind,400.0,2,1.013,NJ,0
2019.0,West,Hybrid,100.0,0,6.779,NV,1
2019.0,PJM,Solar,152.5,1,3.71,IN,0
2019.0,PJM,Solar,94.0,2,0.531,VA,0
2019.0,Southeast,Solar,100.0,2,1.068,KY,0
2019.0,PJM,Solar,60.0,2,0.394,KY,0
2019.0,West,Solar,20.0,2,0.151,NM,0
2019.0,West,Hybrid,300.0,0,6.779,OR,0
2019.0,PJM,Wind,16.5,2,0.46,PA,0
2019.0,PJM,Wind,300.0,2,3.636,NJ,0
2019.0,PJM,Wind,150.0,0,6.779,IL,0
2019.0,PJM,Wind,16.5,2,0.46,PA,0
2019.0,PJM,Solar,20.0,2,2.089,VA,0
2019.0,PJM,Solar,99.0,0,6.779,WV,0
2019.0,PJM,Solar,20.0,2,5.306,VA,0
2019.0,PJM,Solar,85.0,2,0.509,PA,0
2019.0,PJM,Solar,35.0,0,6.779,IN,0
2019.0,Southeast,Solar,100.0,2,0.854,KY,0
2019.0,Southeast,Solar,100.0,2,0.153,KY,0
2019.0,Southeast,Solar,100.0,2,0.153,KY,0
2019.0,Southeast,Solar,100.0,2,0.126,KY,0
2019.0,Southeast,Solar,100.0,2,0.126,KY,0
2019.0,Southeast,Solar,100.0,2,0.238,KY,0
2019.0,Southeast,Solar,100.0,2,0.126,KY,0
2019.0,PJM,Battery,107.0,2,3.348,NJ,0
2019.0,PJM,Solar,55.0,0,6.779,IN,0
2019.0,Southeast,Solar,100.0,2,0.238,KY,0
2019.0,Southeast,Solar,100.0,2,2.371,KY,0
2019.0,Southeast,Solar,85.0,2,2.166,KY,0
2019.0,PJM,Solar,20.0,0,6.776,PA,0
2019.0,PJM,Solar,200.0,0,6.776,OH,1
2019.0,PJM,Solar,100.0,1,4.684,PA,0
2019.0,PJM,Solar,70.0,1,5.763,VA,0
2019.0,ERCOT,Wind,50.6,1,2.272,TX,0
2019.0,ERCOT,Solar,102.0,0,6.773,TX,0
2019.0,ERCOT,Solar,100.0,2,2.475,TX,0
2019.0,ERCOT,Solar,223.2,0,6.771,TX,0
2019.0,ERCOT,Solar,151.6,2,2.031,TX,0
2019.0,PJM,Solar,20.0,0,6.771,VA,0
2019.0,ERCOT,Solar,132.4,1,2.979,TX,0
2019.0,ERCOT,Solar,123.0,2,1.251,TX,0
2019.0,PJM,Solar,16.0,0,6.771,PA,0
2019.0,West,Hybrid,130.0,0,6.771,NM,0
2019.0,PJM,Solar,16.6,2,5.246,PA,0
2019.0,West,Battery,50.0,0,6.771,NV,0
2019.0,PJM,Solar,50.0,1,4.279,NC,0
2019.0,MISO,Solar,35.0,2,3.587,MI,0
2019.0,Southeast,Hybrid,80.0,2,4.561,AL,0
2019.0,PJM,Solar,82.5,2,5.829,VA,0
2019.0,PJM,Wind,1200.0,2,4.465,NJ,0
2019.0,ERCOT,Solar,351.3,0,6.768,TX,0
2019.0,ERCOT,Solar,195.0,0,6.768,TX,0
2019.0,PJM,Wind,100.0,0,6.768,IL,0
2019.0,PJM,Solar,50.0,1,3.592,KY,0
2019.0,PJM,Solar,20.0,2,0.999,PA,0
2019.0,West,Hybrid,2400.0,0,6.768,CA,0
2019.0,ISO-NE,Solar,6.2,2,6.218,RI,0
2019.0,PJM,Solar,150.7,2,2.823,OH,0
2019.0,ISO-NE,Solar,6.2,2,6.218,RI,0
2019.0,ERCOT,Other,17.6,2,2.708,TX,0
2019.0,West,Wind,300.2,0,6.765,MT,0
2019.0,Southeast,Solar,80.0,2,0.197,KY,0
2019.0,West,Hybrid,100.0,0,6.765,NM,0
2019.0,West,Wind,300.2,0,6.765,MT,0
2019.0,West,Hybrid,250.0,0,6.765,AZ,1
2019.0,PJM,Wind,120.0,2,3.348,DE,0
2019.0,ISO-NE,Battery,100.0,2,0.808,NH,0
2019.0,ERCOT,Solar,100.2,0,6.762,TX,0
2019.0,PJM,Solar,80.0,2,4.192,PA,0
2019.0,PJM,Solar,15.0,2,0.46,VA,0
2019.0,PJM,Solar,0.8,1,0.474,NJ,0
2019.0,PJM,Battery,50.0,0,6.762,IN,0
2019.0,PJM,Solar,90.0,2,5.823,KY,0
2019.0,PJM,Hybrid,198.9,2,0.011,MI,0
2019.0,PJM,Hybrid,150.0,2,0.011,MI,0
2019.0,PJM,Solar,299.0,0,6.762,IL,0
2019.0,ERCOT,Solar,115.0,2,0.345,TX,0
2019.0,PJM,Hybrid,200.0,2,4.46,VA,0
2019.0,PJM,Solar,100.0,0,6.762,VA,0
2019.0,PJM,Solar,70.0,2,6.261,PA,0
2019.0,West,Wind,300.2,0,6.762,MT,0
2019.0,NYISO,Solar,20.0,0,6.762,NY,0
2019.0,ERCOT,Solar,335.4,0,6.762,TX,0
2019.0,PJM,Solar,38.2,2,3.006,PA,0
2019.0,PJM,Solar,22.0,2,0.375,PA,0
2019.0,PJM,Hybrid,150.0,2,5.243,VA,0
2019.0,PJM,Solar,130.0,2,0.4,VA,0
2019.0,PJM,Solar,49.0,0,6.76,OH,0
2019.0,PJM,Solar,53.0,0,6.76,VA,0
2019.0,Southeast,Solar,75.0,2,1.224,KY,0
2019.0,Southeast,Solar,150.0,2,2.1,KY,0
2019.0,Southeast,Solar,200.0,2,0.698,KY,0
2019.0,PJM,Battery,75.0,2,0.841,MI,0
2019.0,PJM,Gas,206.0,2,1.027,PA,0
2019.0,PJM,Solar,12.0,1,4.271,NC,0
2019.0,PJM,Wind,50.0,0,6.76,IL,0
2019.0,PJM,Solar,126.6,2,4.964,VA,0
2019.0,PJM,Solar,19.5,2,0.342,MD,0
2019.0,PJM,Wind,80.0,0,6.76,MD,0
2019.0,PJM,Gas,104.0,2,0.394,OH,0
2019.0,PJM,Solar,102.0,0,6.76,VA,0
2019.0,West,Battery,90.1,0,6.76,AZ,0
2019.0,West,Battery,150.0,0,6.76,AZ,1
2019.0,PJM,Solar,83.6,0,6.76,PA,0
2019.0,PJM,Gas,23.5,1,3.058,OH,0
2019.0,PJM,Solar,72.0,2,0.717,NJ,0
2019.0,PJM,Solar,314.0,2,5.821,VA,0
2019.0,PJM,Gas,7.0,2,0.016,IL,1
2019.0,PJM,Solar,400.0,2,0.225,VA,0
2019.0,PJM,Hybrid,85.0,2,0.862,IL,0
2019.0,PJM,Solar,100.0,0,6.76,OH,0
2019.0,PJM,Solar,100.0,0,6.76,KY,0
2019.0,PJM,Solar,78.4,0,6.76,PA,0
2019.0,PJM,Solar,78.0,0,6.76,OH,0
2019.0,PJM,Solar,5.0,2,1.58,NC,0
2019.0,PJM,Solar,49.9,2,4.512,OH,0
2019.0,PJM,Battery,5.5,2,0.994,MD,0
2019.0,PJM,Wind,174.8,2,3.274,PA,0
2019.0,PJM,Battery,20.0,2,0.016,PA,0
2019.0,PJM,Solar,20.0,2,0.016,PA,0
2019.0,PJM,Solar,127.0,2,5.24,VA,0
2019.0,PJM,Hybrid,225.0,2,0.862,IL,0
2019.0,PJM,Battery,200.0,2,0.008,OH,1
2019.0,West,Wind,100.0,2,0.446,NM,0
2019.0,PJM,Battery,208.8,2,0.082,IL,0
2019.0,PJM,Solar,80.0,2,1.024,NJ,0
2019.0,PJM,Battery,208.8,2,0.082,OH,0
2019.0,PJM,Solar,100.0,2,0.485,VA,0
2019.0,PJM,Solar,50.0,0,6.757,PA,0
2019.0,PJM,Battery,52.2,2,0.936,OH,0
2019.0,PJM,Battery,52.2,0,6.757,VA,0
2019.0,PJM,Battery,52.2,2,6.798,MI,0
2019.0,PJM,Battery,20.3,2,3.236,OH,0
2019.0,PJM,Solar,100.0,0,6.757,IN,0
2019.0,PJM,Solar,60.0,0,6.757,OH,0
2019.0,PJM,Solar,49.9,2,4.939,OH,0
2019.0,PJM,Solar,30.0,0,6.757,OH,0
2019.0,PJM,Solar,90.0,0,6.757,PA,0
2019.0,PJM,Solar,100.0,2,6.598,IL,0
2019.0,ERCOT,Solar,152.3,2,4.799,TX,0
2019.0,PJM,Solar,50.0,2,4.862,OH,0
2019.0,PJM,Solar,67.0,1,4.799,OH,0
2019.0,PJM,Solar,100.0,0,6.754,OH,0
2019.0,PJM,Battery,208.8,2,0.079,IN,0
2019.0,PJM,Solar,60.0,2,1.002,NJ,0
2019.0,PJM,Solar,4.6,2,0.435,MD,0
2019.0,PJM,Solar,2.4,2,0.435,MD,0
2019.0,PJM,Battery,81.2,2,0.06,KY,0
2019.0,PJM,Battery,139.2,2,0.079,OH,0
2019.0,PJM,Battery,208.8,2,0.079,IL,0
2019.0,PJM,Solar,150.0,0,6.754,IL,0
2019.0,PJM,Solar,40.0,0,6.754,OH,0
2019.0,PJM,Solar,100.0,2,4.862,OH,0
2019.0,PJM,Solar,40.0,0,6.754,KY,0
2019.0,ISO-NE,Battery,180.0,2,0.857,RI,0
2019.0,PJM,Solar,20.0,0,6.752,MD,0
2019.0,PJM,Wind,7.3,0,6.752,DE,0
2019.0,PJM,Solar,19.8,1,4.986,MD,0
2019.0,PJM,Solar,100.0,0,6.752,MD,0
2019.0,PJM,Solar,44.0,2,5.963,NJ,0
2019.0,PJM,Solar,13.8,2,5.35,MD,0
2019.0,NYISO,Battery,240.0,2,2.053,NY,0
2019.0,NYISO,Battery,107.0,2,2.053,NY,0
2019.0,PJM,Hybrid,17.9,0,6.752,PA,0
2019.0,PJM,Solar,16.8,2,1.522,MD,0
2019.0,PJM,Solar,5.0,2,0.925,PA,0
2019.0,PJM,Solar,20.0,0,6.749,MD,0
2019.0,PJM,Solar,175.0,2,4.531,IL,0
2019.0,PJM,Battery,30.0,2,1.495,IL,0
2019.0,PJM,Solar,30.0,2,0.936,IL,0
2019.0,PJM,Battery,25.0,2,1.52,IL,0
2019.0,PJM,Solar,20.0,2,0.093,NJ,0
2019.0,PJM,Solar,20.0,1,5.829,PA,0
2019.0,PJM,Battery,25.0,2,0.936,IL,0
2019.0,Southeast,Solar,173.0,0,6.749,KY,0
2019.0,ERCOT,Wind,322.0,2,1.013,TX,0
2019.0,NYISO,Wind,300.0,2,1.908,NY,0
2019.0,NYISO,Wind,300.0,2,1.908,NY,0
2019.0,PJM,Solar,20.0,0,6.746,VA,0
2019.0,PJM,Solar,20.0,2,0.884,VA,0
2019.0,PJM,Solar,15.0,2,6.229,MD,0
2019.0,PJM,Battery,40.0,0,6.746,VA,0
2019.0,NYISO,Wind,200.0,2,1.993,NY,0
2019.0,NYISO,Solar,500.0,0,6.746,NY,0
2019.0,West,Hybrid,40.0,1,4.162,ID,0
2019.0,PJM,Solar,19.9,0,6.743,VA,0
2019.0,CAISO,Battery,40.5,2,0.898,CA,0
2019.0,NYISO,Battery,49.8,0,6.741,NY,0
2019.0,CAISO,Other,5.5,2,0.95,CA,0
2019.0,PJM,Battery,20.0,1,5.708,NJ,0
2019.0,ERCOT,Other,50.6,1,3.54,TX,0
2019.0,West,Other,10.0,2,4.643,OR,0
2019.0,West,Hybrid,240.0,0,6.732,ID,0
2019.0,ERCOT,Battery,50.0,0,6.732,TX,0
2019.0,ISO-NE,Solar,15.0,2,5.525,NH,0
2019.0,West,Wind,500.0,0,6.727,OR,0
2019.0,ISO-NE,Battery,170.0,0,6.724,MA,0
2019.0,West,Gas,27.0,0,6.724,OR,0
2019.0,ISO-NE,Battery,246.0,2,2.694,MA,0
2019.0,CAISO,Hybrid,641.0,0,6.721,NV,1
2019.0,NYISO,Battery,20.0,2,0.216,NY,0
2019.0,CAISO,Hybrid,1036.8,2,0.947,CA,0
2019.0,CAISO,Hybrid,308.4,2,0.279,CA,0
2019.0,CAISO,Hybrid,2158.8,0,6.713,CA,0
2019.0,CAISO,Hybrid,800.0,0,6.713,CA,0
2019.0,CAISO,Hybrid,375.0,2,0.249,CA,0
2019.0,CAISO,Hybrid,403.4,2,0.271,CA,0
2019.0,CAISO,Hybrid,616.5,2,2.056,CA,0
2019.0,CAISO,Hybrid,1242.9,2,0.235,CA,0
2019.0,CAISO,Hybrid,230.0,2,1.04,CA,0
2019.0,CAISO,Hybrid,2300.0,0,6.713,CA,0
2019.0,CAISO,Hybrid,1000.0,0,6.713,CA,0
2019.0,CAISO,Hybrid,813.1,2,0.912,CA,0
2019.0,CAISO,Battery,250.0,0,6.713,CA,0
2019.0,CAISO,Battery,100.4,2,0.865,CA,1
2019.0,CAISO,Hybrid,450.0,2,0.249,CA,0
2019.0,CAISO,Battery,99.0,0,6.713,CA,0
2019.0,CAISO,Battery,650.0,2,1.04,CA,0
2019.0,CAISO,Hybrid,308.4,2,0.871,CA,0
2019.0,CAISO,Battery,101.2,2,0.871,CA,1
2019.0,CAISO,Battery,354.9,0,6.713,CA,1
2019.0,CAISO,Hybrid,400.0,2,0.893,CA,0
2019.0,CAISO,Hybrid,153.6,2,0.906,CA,0
2019.0,CAISO,Battery,99.0,2,0.986,CA,1
2019.0,CAISO,Battery,30.6,2,0.835,CA,0
2019.0,CAISO,Battery,200.0,2,0.986,CA,1
2019.0,CAISO,Battery,200.0,0,6.713,CA,1
2019.0,CAISO,Battery,100.4,2,0.225,CA,1
2019.0,CAISO,Other,643.1,2,0.26,CA,0
2019.0,CAISO,Hybrid,1028.7,2,0.999,CA,0
2019.0,CAISO,Battery,26.6,2,6.037,CA,0
2019.0,CAISO,Hybrid,800.0,0,6.713,CA,0
2019.0,NYISO,Battery,20.0,2,0.208,NY,0
2019.0,NYISO,Battery,20.0,2,0.208,NY,0
2019.0,NYISO,Battery,20.0,2,0.208,NY,0
2019.0,NYISO,Battery,20.0,2,0.208,NY,0
2019.0,NYISO,Battery,116.7,2,1.043,NY,0
2019.0,NYISO,Battery,76.9,2,1.043,NY,0
2019.0,CAISO,Hybrid,718.5,2,0.988,CA,0
2019.0,CAISO,Hybrid,105.5,2,1.038,CA,0
2019.0,CAISO,Hybrid,225.0,2,0.887,CA,0
2019.0,CAISO,Hybrid,450.0,2,0.249,CA,0
2019.0,CAISO,Hybrid,718.5,2,0.235,CA,0
2019.0,CAISO,Hybrid,203.4,2,0.873,CA,0
2019.0,CAISO,Hybrid,1887.4,2,0.824,CA,0
2019.0,CAISO,Hybrid,305.5,2,0.225,CA,0
2019.0,CAISO,Hybrid,1036.8,0,6.713,CA,0
2019.0,ISO-NE,Solar,19.8,2,0.044,NH,0
2019.0,CAISO,Solar,24.5,0,6.713,CA,0
2019.0,CAISO,Hybrid,410.8,2,0.997,CA,0
2019.0,CAISO,Hybrid,150.0,0,6.713,CA,0
2019.0,CAISO,Hybrid,631.8,2,0.887,CA,0
2019.0,CAISO,Hybrid,720.0,0,6.713,CA,0
2019.0,CAISO,Hybrid,909.5,0,6.713,AZ,0
2019.0,CAISO,Hybrid,516.9,0,6.713,NV,1
2019.0,CAISO,Hybrid,578.1,2,0.909,NV,1
2019.0,CAISO,Hybrid,153.4,2,0.274,NV,1
2019.0,CAISO,Hybrid,153.4,2,0.274,NV,1
2019.0,CAISO,Hybrid,404.0,0,6.713,NV,0
2019.0,CAISO,Hybrid,600.0,0,6.713,NV,1
2019.0,CAISO,Hybrid,600.0,2,0.887,NV,1
2019.0,CAISO,Hybrid,1400.0,0,6.713,NV,1
2019.0,ISO-NE,Other,378.0,2,0.118,CT,0
2019.0,CAISO,Solar,65.8,2,0.235,CA,0
2019.0,CAISO,Battery,30.5,2,1.845,CA,1
2019.0,CAISO,Battery,462.0,2,0.827,CA,0
2019.0,CAISO,Hybrid,1000.0,2,0.912,CA,0
2019.0,CAISO,Hybrid,1000.0,0,6.713,CA,0
2019.0,CAISO,Hybrid,504.0,2,3.143,CA,0
2019.0,CAISO,Hybrid,1636.0,0,6.713,CA,0
2019.0,CAISO,Hybrid,1887.4,2,0.824,CA,0
2019.0,CAISO,Hybrid,405.0,2,0.912,CA,0
2019.0,CAISO,Other,472.0,2,0.26,CA,0
2019.0,CAISO,Solar,184.5,2,1.021,CA,0
2019.0,CAISO,Hybrid,400.0,0,6.713,CA,0
2019.0,CAISO,Other,144.9,2,0.871,CA,0
2019.0,CAISO,Battery,20.0,1,2.672,CA,0
2019.0,CAISO,Hybrid,164.7,0,6.713,CA,0
2019.0,CAISO,Other,500.0,2,1.027,CA,0
2019.0,CAISO,Battery,300.0,0,6.713,CA,0
2019.0,CAISO,Battery,200.0,1,5.985,CA,0
2019.0,CAISO,Battery,100.0,1,6.45,CA,0
2019.0,CAISO,Battery,51.0,2,1.038,CA,0
2019.0,CAISO,Hybrid,406.0,2,0.887,CA,0
2019.0,CAISO,Battery,500.0,2,6.396,MX,0
2019.0,CAISO,Battery,50.8,0,6.713,CA,0
2019.0,CAISO,Wind,300.0,2,4.912,MX,0
2019.0,CAISO,Hybrid,77.7,2,4.375,CA,0
2019.0,CAISO,Wind,300.0,0,6.713,MX,0
2019.0,CAISO,Hybrid,1887.4,2,0.824,CA,0
2019.0,CAISO,Hybrid,203.6,0,6.713,CA,0
2019.0,ERCOT,Solar,39.6,2,1.276,TX,0
2019.0,CAISO,Hybrid,305.5,2,0.865,CA,0
2019.0,CAISO,Hybrid,305.5,2,0.225,CA,0
2019.0,CAISO,Hybrid,101.6,2,0.233,CA,0
2019.0,CAISO,Hybrid,111.4,2,0.884,CA,0
2019.0,ERCOT,Solar,240.6,1,5.796,TX,0
2019.0,CAISO,Hybrid,230.4,2,0.235,CA,0
2019.0,CAISO,Hybrid,42.1,0,6.713,CA,0
2019.0,CAISO,Hybrid,100.8,2,0.255,CA,0
2019.0,CAISO,Hybrid,124.2,2,0.235,CA,0
2019.0,CAISO,Hybrid,55.0,2,1.04,CA,0
2019.0,CAISO,Hybrid,405.8,2,0.233,CA,0
2019.0,CAISO,Hybrid,402.8,2,0.233,CA,0
2019.0,CAISO,Hybrid,230.4,2,0.233,CA,0
2019.0,CAISO,Hybrid,60.5,2,0.235,CA,0
2019.0,CAISO,Hybrid,98.8,2,0.235,CA,0
2019.0,CAISO,Hybrid,3074.0,2,0.999,CA,0
2019.0,CAISO,Hybrid,302.8,2,0.901,CA,0
2019.0,CAISO,Battery,50.0,2,0.249,CA,0
2019.0,CAISO,Hybrid,181.4,2,0.23,CA,0
2019.0,CAISO,Hybrid,304.1,2,5.884,CA,0
2019.0,CAISO,Hybrid,1887.4,2,0.257,CA,0
2019.0,CAISO,Battery,200.0,2,0.249,CA,0
2019.0,CAISO,Hybrid,406.0,2,0.887,CA,0
2019.0,CAISO,Battery,200.0,0,6.713,CA,0
2019.0,CAISO,Battery,500.0,0,6.713,CA,0
2019.0,CAISO,Battery,200.0,0,6.713,CA,0
2019.0,CAISO,Battery,200.0,2,0.249,CA,0
2019.0,CAISO,Battery,433.8,2,0.871,CA,0
2019.0,CAISO,Battery,200.0,2,2.593,CA,0
2019.0,CAISO,Battery,200.0,2,3.009,CA,0
2019.0,CAISO,Battery,305.0,2,1.04,CA,0
2019.0,CAISO,Battery,308.1,2,0.997,CA,0
2019.0,CAISO,Battery,200.0,0,6.713,CA,0
2019.0,CAISO,Battery,305.0,0,6.713,CA,0
2019.0,CAISO,Battery,250.0,2,0.257,CA,0
2019.0,CAISO,Battery,102.1,2,0.868,CA,0
2019.0,CAISO,Wind,627.0,2,0.964,CA,0
2019.0,CAISO,Wind,403.2,2,0.854,CA,0
2019.0,CAISO,Solar,139.7,2,0.882,CA,0
2019.0,CAISO,Solar,358.9,2,0.909,CA,0
2019.0,CAISO,Wind,1187.5,2,0.257,CA,0
2019.0,CAISO,Solar,50.8,2,0.235,CA,0
2019.0,CAISO,Solar,75.0,2,0.83,CA,0
2019.0,CAISO,Battery,354.9,2,0.871,CA,0
2019.0,CAISO,Battery,203.4,2,0.255,CA,0
2019.0,CAISO,Wind,86.4,2,0.564,CA,0
2019.0,CAISO,Battery,250.0,0,6.713,CA,0
2019.0,CAISO,Battery,101.0,2,0.235,CA,0
2019.0,CAISO,Battery,200.0,2,2.094,CA,0
2019.0,CAISO,Battery,507.6,0,6.713,CA,0
2019.0,CAISO,Battery,680.0,0,6.713,CA,0
2019.0,CAISO,Battery,308.1,2,0.997,CA,0
2019.0,CAISO,Battery,101.0,1,5.435,CA,0
2019.0,ERCOT,Solar,332.1,0,6.71,TX,0
2019.0,MISO,Wind,151.2,0,6.71,ND,0
2019.0,West,Solar,19.9,0,6.71,CO,0
2019.0,ERCOT,Solar,251.6,2,3.436,TX,0
2019.0,ERCOT,Solar,251.7,2,2.839,TX,0
2019.0,PJM,Solar,14.0,1,5.506,PA,0
2019.0,West,Solar,5.0,0,6.708,WA,0
2019.0,West,Hybrid,5.0,0,6.708,WA,0
2019.0,PJM,Solar,14.0,1,5.632,PA,0
2019.0,ISO-NE,Other,24.0,2,0.077,ME,0
2019.0,Southeast,Solar,80.0,2,1.262,AL,0
2019.0,NYISO,Battery,40.0,2,3.789,NY,0
2019.0,West,Hybrid,500.0,0,6.702,NM,0
2019.0,West,Solar,5.0,2,3.866,WA,0
2019.0,SPP,Solar,150.0,0,6.702,NM,0
2019.0,Southeast,Solar,260.1,0,6.694,GA,0
2019.0,MISO,Gas,103.1,2,1.018,ND,0
2019.0,NYISO,Battery,15.0,0,6.694,NY,0
2019.0,SPP,Gas,56.0,2,4.485,NM,0
2019.0,West,Hybrid,125.0,0,6.694,NM,0
2019.0,West,Battery,100.0,0,6.694,NM,1
2019.0,West,Hybrid,60.0,2,4.068,NM,0
2019.0,SPP,Battery,207.0,0,6.694,TX,0
2019.0,Southeast,Solar,19.3,2,0.074,GA,0
2019.0,SPP,Solar,500.0,2,0.46,NE,0
2019.0,West,Hybrid,198.0,2,3.088,NM,0
2019.0,ERCOT,Solar,408.3,2,4.72,TX,0
2019.0,SPP,Solar,400.0,2,3.647,NE,0
2019.0,SPP,Solar,300.0,2,0.545,NM,0
2019.0,SPP,Solar,200.0,2,0.545,MO,0
2019.0,ERCOT,Solar,136.4,2,2.166,TX,0
2019.0,West,Solar,70.0,2,3.044,NM,1
2019.0,West,Hybrid,450.0,2,3.088,NM,1
2019.0,West,Wind,80.0,0,6.691,NM,0
2019.0,ERCOT,Gas,140.0,0,6.691,TX,0
2019.0,West,Hybrid,197.5,2,3.088,NM,0
2019.0,West,Battery,150.0,0,6.691,NM,1
2019.0,West,Hybrid,96.0,0,6.691,NM,0
2019.0,West,Battery,50.0,2,2.5,NM,0
2019.0,West,Hybrid,36.0,2,2.5,NM,0
2019.0,West,Hybrid,24.0,2,2.5,NM,0
2019.0,MISO,Wind,150.4,2,0.695,MI,0
2019.0,SPP,Wind,142.8,2,3.565,SD,0
2019.0,NYISO,Solar,20.0,0,6.689,NY,0
2019.0,NYISO,Battery,60.0,2,0.772,NY,0
2019.0,ISO-NE,Other,16.4,2,5.862,MA,0
2019.0,MISO,Wind,225.2,1,2.524,MI,0
2019.0,SPP,Solar,100.0,0,6.689,NE,0
2019.0,SPP,Solar,50.0,2,3.028,NE,0
2019.0,SPP,Battery,50.0,2,5.689,OK,0
2019.0,SPP,Hybrid,125.0,2,4.537,KS,0
2019.0,SPP,Solar,72.6,2,1.079,OK,0
2019.0,SPP,Gas,15.6,1,2.13,KS,0
2019.0,ERCOT,Wind,451.5,2,3.376,TX,0
2019.0,West,Wind,300.2,0,6.689,MT,0
2019.0,SPP,Solar,41.0,2,3.548,NM,0
2019.0,SPP,Solar,25.0,2,1.3,LA,0
2019.0,ERCOT,Solar,200.0,2,0.435,TX,0
2019.0,ERCOT,Wind,299.2,0,6.689,TX,0
2019.0,SPP,Gas,15.2,0,6.689,IA,0
2019.0,MISO,Solar,200.0,0,6.686,MI,0
2019.0,ISO-NE,Gas,20.2,2,0.359,CT,0
2019.0,ERCOT,Wind,284.3,0,6.686,TX,0
2019.0,MISO,Solar,125.0,0,6.686,MI,0
2019.0,SPP,Wind,252.0,0,6.686,KS,0
2019.0,MISO,Wind,300.0,0,6.686,ND,0
2019.0,MISO,Hybrid,68.4,0,6.686,IL,0
2019.0,SPP,Wind,404.0,2,4.427,NE,0
2019.0,MISO,Hybrid,24.2,0,6.686,IL,0
2019.0,MISO,Hybrid,44.2,0,6.686,IL,0
2019.0,MISO,Hybrid,20.0,0,6.686,IL,0
2019.0,MISO,Battery,75.0,2,2.281,IL,0
2019.0,MISO,Hybrid,51.8,0,6.686,IL,0
2019.0,MISO,Battery,25.0,2,1.029,MI,0
2019.0,ISO-NE,Battery,150.0,2,4.553,MA,0
2019.0,ISO-NE,Battery,200.0,2,0.862,MA,0
2019.0,NYISO,Battery,79.9,2,3.767,NY,0
2019.0,MISO,Solar,150.0,2,2.278,MO,0
2019.0,MISO,Gas,50.0,2,3.603,MI,0
2019.0,MISO,Gas,50.0,2,1.796,MI,0
2019.0,MISO,Solar,125.0,1,4.43,LA,0
2019.0,MISO,Solar,199.3,2,5.021,IL,0
2019.0,MISO,Solar,175.0,1,4.099,MS,0
2019.0,MISO,Solar,200.0,0,6.68,MI,0
2019.0,MISO,Battery,40.0,2,1.908,MN,0
2019.0,MISO,Solar,100.0,2,0.526,MN,0
2019.0,MISO,Solar,125.0,2,2.275,IN,0
2019.0,MISO,Solar,160.0,2,2.275,IL,0
2019.0,MISO,Solar,200.0,2,1.273,LA,0
2019.0,MISO,Solar,150.0,2,1.892,MS,0
2019.0,MISO,Solar,200.0,2,2.275,MO,0
2019.0,MISO,Solar,150.0,0,6.68,MN,0
2019.0,MISO,Solar,100.0,0,6.68,LA,0
2019.0,MISO,Solar,200.0,2,1.892,LA,0
2019.0,MISO,Solar,250.0,0,6.68,IL,0
2019.0,MISO,Solar,300.0,0,6.68,WI,0
2019.0,MISO,Other,60.0,0,6.68,MO,0
2019.0,MISO,Solar,60.0,2,1.908,MN,0
2019.0,MISO,Solar,50.0,2,1.796,MI,0
2019.0,MISO,Solar,50.0,0,6.68,MI,0
2019.0,MISO,Solar,80.0,0,6.68,IL,0
2019.0,MISO,Solar,80.0,0,6.68,IL,0
2019.0,MISO,Solar,170.0,0,6.68,MI,0
2019.0,MISO,Solar,200.0,0,6.68,AR,0
2019.0,MISO,Solar,200.0,0,6.68,IA,0
2019.0,MISO,Solar,125.0,2,5.629,KY,0
2019.0,MISO,Gas,670.0,2,0.747,MI,0
2019.0,MISO,Solar,150.0,2,3.765,MN,0
2019.0,MISO,Solar,170.0,0,6.675,MI,0
2019.0,MISO,Solar,200.0,2,2.27,IN,0
2019.0,MISO,Solar,280.0,1,4.674,IN,0
2019.0,MISO,Solar,99.0,0,6.675,MS,0
2019.0,MISO,Battery,25.0,2,1.268,AR,0
2019.0,MISO,Wind,198.0,0,6.675,MI,0
2019.0,MISO,Solar,100.0,2,0.712,LA,0
2019.0,MISO,Battery,25.0,2,1.268,LA,0
2019.0,MISO,Wind,200.0,0,6.675,IL,0
2019.0,MISO,Gas,667.2,2,0.966,IN,0
2019.0,MISO,Solar,50.0,2,1.27,MS,0
2019.0,MISO,Solar,150.0,0,6.675,LA,0
2019.0,MISO,Battery,50.0,2,1.903,IA,1
2019.0,MISO,Solar,250.0,2,1.903,IA,1
2019.0,MISO,Other,270.0,2,0.353,AR,0
2019.0,MISO,Battery,100.0,2,2.817,MN,0
2019.0,MISO,Solar,200.0,2,1.886,LA,0
2019.0,MISO,Solar,75.0,0,6.675,AR,0
2019.0,MISO,Solar,100.0,2,1.27,AR,0
2019.0,MISO,Solar,100.0,2,1.886,TX,0
2019.0,MISO,Solar,100.0,2,1.27,TX,0
2019.0,MISO,Solar,130.0,2,1.268,TX,0
2019.0,MISO,Hybrid,100.0,2,3.855,IN,0
2019.0,MISO,Solar,100.0,2,2.27,KY,0
2019.0,MISO,Hybrid,100.0,2,2.27,IN,0
2019.0,MISO,Solar,100.0,2,0.52,IN,0
2019.0,MISO,Battery,50.0,0,6.675,IN,0
2019.0,MISO,Solar,200.0,0,6.675,MO,0
2019.0,MISO,Solar,120.0,2,1.903,MN,0
2019.0,MISO,Solar,150.0,2,2.27,IL,0
2019.0,MISO,Solar,150.0,0,6.675,IL,0
2019.0,MISO,Solar,100.0,2,2.82,SD,0
2019.0,MISO,Battery,20.0,2,1.782,MI,0
2019.0,MISO,Battery,75.0,0,6.675,WI,0
2019.0,MISO,Solar,200.0,0,6.675,MN,0
2019.0,MISO,Solar,200.0,0,6.675,WI,0
2019.0,MISO,Battery,25.0,0,6.675,IN,0
2019.0,MISO,Solar,200.0,2,1.747,MI,0
2019.0,MISO,Battery,65.0,2,2.817,IA,0
2019.0,MISO,Solar,150.0,0,6.675,MI,0
2019.0,MISO,Wind,117.5,1,3.258,MI,0
2019.0,MISO,Solar,25.0,2,2.27,IN,0
2019.0,MISO,Wind,150.0,2,0.682,MI,0
2019.0,MISO,Battery,50.0,0,6.675,WI,0
2019.0,MISO,Solar,150.0,0,6.675,LA,0
2019.0,MISO,Solar,250.0,0,6.675,KY,0
2019.0,MISO,Wind,150.0,2,1.903,IA,0
2019.0,MISO,Wind,600.0,2,3.343,MN,0
2019.0,MISO,Solar,100.0,0,6.675,WI,0
2019.0,MISO,Solar,100.0,0,6.675,IA,0
2019.0,MISO,Solar,50.0,0,6.675,SD,0
2019.0,MISO,Solar,150.0,0,6.675,IL,0
2019.0,MISO,Solar,125.0,0,6.675,MI,0
2019.0,MISO,Solar,129.9,2,0.372,AR,0
2019.0,MISO,Solar,300.0,0,6.675,IN,0
2019.0,MISO,Solar,150.0,2,2.858,MI,0
2019.0,MISO,Solar,200.0,0,6.675,IL,0
2019.0,MISO,Solar,49.9,1,4.016,WI,0
2019.0,MISO,Solar,65.0,1,4.285,WI,0
2019.0,MISO,Solar,150.0,0,6.675,IL,0
2019.0,MISO,Battery,100.0,2,2.27,IN,0
2019.0,MISO,Wind,200.0,0,6.675,IA,0
2019.0,MISO,Hybrid,100.0,0,6.675,IN,0
2019.0,MISO,Solar,150.0,0,6.675,MO,0
2019.0,MISO,Solar,100.0,0,6.675,IN,0
2019.0,MISO,Battery,32.5,2,3.775,IN,0
2019.0,MISO,Solar,99.0,0,6.675,IL,0
2019.0,MISO,Solar,200.0,2,1.273,AR,0
2019.0,MISO,Battery,50.0,0,6.675,IA,0
2019.0,MISO,Wind,30.0,0,6.675,IN,0
2019.0,MISO,Solar,200.0,2,2.817,IA,0
2019.0,MISO,Solar,100.0,0,6.675,MI,0
2019.0,MISO,Solar,100.0,2,1.903,MN,0
2019.0,MISO,Solar,200.0,2,4.545,WI,0
2019.0,MISO,Solar,75.0,0,6.675,IL,0
2019.0,MISO,Battery,25.0,2,1.903,IA,0
2019.0,MISO,Battery,50.0,0,6.675,IA,0
2019.0,MISO,Solar,50.0,0,6.675,IN,0
2019.0,MISO,Battery,25.0,2,2.809,IA,0
2019.0,MISO,Wind,70.0,2,0.961,IA,0
2019.0,MISO,Solar,200.0,0,6.675,IN,0
2019.0,MISO,Solar,150.0,0,6.675,IN,0
2019.0,MISO,Wind,99.0,0,6.675,WI,0
2019.0,MISO,Battery,25.0,2,0.712,AR,0
2019.0,MISO,Wind,250.0,0,6.675,SD,0
2019.0,MISO,Battery,2.5,2,0.884,WI,0
2019.0,MISO,Wind,120.0,2,2.809,MN,0
2019.0,MISO,Other,500.0,0,6.675,MO,0
2019.0,MISO,Other,500.0,2,1.065,MO,0
2019.0,MISO,Other,1000.0,0,6.675,MO,0
2019.0,SPP,Solar,302.6,2,0.72,NM,0
2019.0,SPP,Solar,50.0,0,6.675,NM,0
2019.0,MISO,Battery,100.0,2,2.809,IA,0
2019.0,MISO,Battery,50.0,2,1.268,LA,0
2019.0,MISO,Solar,175.0,2,0.682,MI,0
2019.0,MISO,Battery,50.0,2,1.268,LA,0
2019.0,MISO,Solar,135.0,2,1.273,AR,0
2019.0,MISO,Solar,99.0,0,6.675,IL,0
2019.0,MISO,Solar,43.0,2,3.759,IN,0
2019.0,MISO,Gas,20.0,2,1.035,MI,0
2019.0,MISO,Hybrid,408.6,0,6.675,IL,0
2019.0,MISO,Gas,25.0,0,6.675,MI,1
2019.0,MISO,Solar,90.0,2,1.27,AR,0
2019.0,MISO,Solar,164.0,2,1.27,AR,0
2019.0,MISO,Battery,50.0,2,1.268,MS,0
2019.0,MISO,Solar,50.0,0,6.675,AR,0
2019.0,MISO,Battery,20.0,0,6.675,LA,0
2019.0,MISO,Solar,150.0,2,1.021,MI,0
2019.0,MISO,Solar,200.0,0,6.675,MI,0
2019.0,MISO,Solar,150.0,2,2.27,IN,0
2019.0,MISO,Solar,100.0,2,5.473,WI,0
2019.0,MISO,Battery,20.0,2,1.782,MI,0
2019.0,MISO,Solar,100.0,0,6.675,MI,0
2019.0,MISO,Battery,35.0,2,1.268,AR,0
2019.0,MISO,Gas,600.0,1,3.236,MS,0
2019.0,MISO,Solar,100.0,0,6.675,MI,0
2019.0,MISO,Other,17.0,0,6.675,LA,0
2019.0,MISO,Gas,725.2,0,6.675,LA,0
2019.0,MISO,Battery,50.0,2,1.268,AR,0
2019.0,MISO,Wind,38.4,2,2.858,MI,0
2019.0,MISO,Solar,25.0,2,2.27,IL,0
2019.0,MISO,Solar,25.0,2,2.27,IL,0
2019.0,MISO,Solar,200.0,0,6.675,IL,0
2019.0,MISO,Solar,135.0,2,0.509,MO,0
2019.0,MISO,Solar,100.0,0,6.675,LA,0
2019.0,MISO,Battery,20.0,0,6.675,MI,0
2019.0,MISO,Solar,200.0,2,2.27,IL,0
2019.0,MISO,Solar,150.0,2,1.035,IL,0
2019.0,MISO,Solar,200.0,2,4.86,IN,0
2019.0,MISO,Solar,100.0,0,6.675,MN,0
2019.0,MISO,Gas,114.0,1,3.055,AR,0
2019.0,MISO,Solar,200.0,0,6.675,LA,0
2019.0,MISO,Solar,100.0,2,1.12,MI,0
2019.0,MISO,Hybrid,150.0,0,6.675,IL,0
2019.0,MISO,Solar,300.0,0,6.675,LA,0
2019.0,MISO,Solar,48.0,2,0.851,IL,0
2019.0,MISO,Solar,250.0,2,3.058,IN,0
2019.0,MISO,Solar,100.0,2,0.679,IL,0
2019.0,MISO,Battery,75.0,2,2.817,IA,0
2019.0,MISO,Solar,149.0,2,2.817,IA,0
2019.0,MISO,Solar,250.0,0,6.675,AR,0
2019.0,MISO,Solar,150.0,2,1.268,AR,0
2019.0,MISO,Wind,400.0,2,1.903,IA,0
2019.0,MISO,Solar,300.0,2,3.343,IA,0
2019.0,MISO,Battery,75.0,0,6.675,WI,0
2019.0,MISO,Solar,300.0,0,6.675,WI,0
2019.0,MISO,Battery,25.0,2,2.27,KY,0
2019.0,MISO,Other,100.0,2,6.27,IL,0
2019.0,MISO,Solar,100.0,0,6.675,IN,0
2019.0,MISO,Wind,25.2,2,0.778,MI,0
2019.0,MISO,Solar,140.0,2,3.058,IN,0
2019.0,MISO,Wind,167.0,2,1.235,MS,0
2019.0,MISO,Solar,200.0,2,2.858,MI,0
2019.0,MISO,Solar,100.0,0,6.675,MI,0
2019.0,MISO,Wind,150.0,2,1.254,AR,0
2019.0,MISO,Solar,90.0,0,6.675,MI,0
2019.0,MISO,Solar,150.0,2,2.27,IN,0
2019.0,MISO,Solar,250.0,2,0.964,IN,0
2019.0,MISO,Solar,200.0,2,1.903,ND,0
2019.0,MISO,Battery,24.0,2,1.054,WI,0
2019.0,MISO,Solar,100.0,0,6.675,MI,0
2019.0,MISO,Solar,50.0,2,1.903,MN,0
2019.0,MISO,Solar,200.0,0,6.675,MS,0
2019.0,MISO,Solar,200.0,2,2.27,IN,0
2019.0,MISO,Wind,300.0,2,3.343,ND,0
2019.0,MISO,Solar,150.0,2,3.373,LA,0
2019.0,MISO,Wind,58.5,1,2.305,IL,0
2019.0,MISO,Wind,188.3,1,3.012,IL,0
2019.0,MISO,Solar,200.0,2,1.886,LA,0
2019.0,MISO,Solar,150.0,2,1.273,LA,0
2019.0,MISO,Solar,150.0,0,6.675,KY,0
2019.0,MISO,Solar,100.0,2,1.788,MI,0
2019.0,MISO,Solar,150.0,2,3.058,KY,0
2019.0,MISO,Solar,250.0,2,4.832,IN,0
2019.0,MISO,Battery,150.0,2,2.817,MN,0
2019.0,MISO,Solar,100.0,0,6.675,MN,0
2019.0,MISO,Solar,200.0,0,6.675,IA,1
2019.0,MISO,Solar,100.0,2,0.712,AR,0
2019.0,MISO,Solar,165.0,0,6.675,TX,0
2019.0,MISO,Solar,200.0,2,2.973,LA,0
2019.0,MISO,Solar,160.0,0,6.675,MS,0
2019.0,MISO,Battery,40.0,2,1.268,MS,0
2019.0,MISO,Solar,100.0,2,3.165,IA,0
2019.0,MISO,Wind,180.0,0,6.675,AR,0
2019.0,MISO,Solar,50.0,1,4.172,LA,0
2019.0,MISO,Battery,100.0,2,1.903,IA,0
2019.0,MISO,Solar,100.0,1,4.925,AR,0
2019.0,MISO,Solar,50.0,2,0.482,LA,0
2019.0,MISO,Wind,250.0,0,6.675,IA,0
2019.0,MISO,Solar,200.0,0,6.675,LA,0
2019.0,MISO,Solar,25.0,2,1.054,WI,0
2019.0,MISO,Solar,150.0,1,5.311,IN,0
2019.0,MISO,Solar,150.0,1,4.925,MI,0
2019.0,MISO,Solar,150.0,2,1.782,MI,0
2019.0,MISO,Solar,50.0,0,6.675,LA,0
2019.0,MISO,Wind,300.0,0,6.675,IL,0
2019.0,MISO,Gas,95.0,0,6.675,IA,1
2019.0,MISO,Battery,125.0,0,6.675,IN,0
2019.0,MISO,Solar,200.0,2,3.343,MN,0
2019.0,MISO,Solar,160.0,2,3.058,IN,0
2019.0,MISO,Battery,160.0,0,6.675,IN,0
2019.0,MISO,Battery,146.0,0,6.675,IN,0
2019.0,MISO,Battery,150.0,2,4.353,IN,0
2019.0,MISO,Solar,100.0,0,6.675,MO,0
2019.0,MISO,Solar,120.0,2,1.27,LA,0
2019.0,MISO,Solar,150.0,2,5.101,LA,0
2019.0,MISO,Other,335.0,2,2.82,MN,0
2019.0,MISO,Solar,200.0,0,6.675,IN,0
2019.0,MISO,Solar,592.8,1,4.846,IL,0
2019.0,MISO,Gas,382.0,2,1.084,MI,1
2019.0,MISO,Battery,25.0,2,2.858,WI,0
2019.0,MISO,Solar,48.0,2,0.851,IA,0
2019.0,MISO,Solar,96.0,2,0.851,IA,0
2019.0,MISO,Solar,99.0,2,3.058,IN,0
2019.0,MISO,Wind,398.0,2,1.903,IA,0
2019.0,MISO,Hybrid,199.5,0,6.675,IN,0
2019.0,MISO,Hybrid,199.5,0,6.675,IN,0
2019.0,MISO,Wind,150.0,2,2.27,MO,0
2019.0,MISO,Solar,300.0,2,1.903,MN,0
2019.0,MISO,Hybrid,199.5,0,6.675,IN,0
2019.0,MISO,Hybrid,199.5,1,5.155,IN,0
2019.0,MISO,Hybrid,199.5,1,5.131,IN,0
2019.0,MISO,Hybrid,199.5,1,5.131,IN,0
2019.0,MISO,Solar,150.0,2,0.794,MI,0
2019.0,NYISO,Battery,10.2,2,0.758,NY,0
2019.0,MISO,Battery,150.0,0,6.675,IN,0
2019.0,MISO,Wind,169.4,0,6.675,IA,0
2019.0,MISO,Solar,130.0,0,6.675,IN,0
2019.0,MISO,Solar,100.0,0,6.675,IN,0
2019.0,MISO,Solar,100.0,0,6.675,IN,0
2019.0,MISO,Solar,150.0,0,6.675,IN,0
2019.0,MISO,Solar,120.0,0,6.675,MI,0
2019.0,MISO,Solar,150.0,0,6.675,IN,0
2019.0,MISO,Solar,60.0,0,6.675,IN,0
2019.0,MISO,Solar,100.0,0,6.675,IN,0
2019.0,MISO,Solar,100.0,2,2.27,IN,0
2019.0,MISO,Solar,150.0,2,1.27,AR,0
2019.0,MISO,Solar,200.0,2,1.232,LA,0
2019.0,MISO,Solar,150.0,0,6.675,IL,0
2019.0,MISO,Solar,150.0,0,6.675,IL,0
2019.0,MISO,Solar,200.0,0,6.675,IN,0
2019.0,MISO,Solar,200.0,2,1.218,LA,0
2019.0,MISO,Solar,150.0,2,3.94,MI,0
2019.0,MISO,Solar,200.0,0,6.675,IN,0
2019.0,MISO,Wind,200.0,2,0.928,WI,0
2019.0,MISO,Solar,95.0,0,6.675,LA,0
2019.0,MISO,Solar,200.0,0,6.675,MI,0
2019.0,MISO,Solar,100.0,0,6.675,IN,0
2019.0,MISO,Gas,50.0,2,2.858,MI,0
2019.0,MISO,Wind,150.0,2,2.779,MN,0
2019.0,MISO,Solar,100.0,1,4.09,LA,0
2019.0,MISO,Solar,95.0,1,3.877,AR,0
2019.0,MISO,Solar,200.0,1,4.09,LA,0
2019.0,MISO,Wind,95.0,0,6.675,WI,0
2019.0,MISO,Solar,100.0,0,6.675,MI,0
2019.0,MISO,Wind,100.0,2,2.27,MO,0
2019.0,MISO,Solar,98.6,0,6.675,WI,0
2019.0,SPP,Solar,200.0,0,6.672,MO,0
2019.0,SPP,Battery,63.1,2,3.088,SD,0
2019.0,West,Hybrid,30.0,0,6.672,OR,0
2019.0,SPP,Solar,63.1,2,3.088,SD,0
2019.0,Southeast,Solar,74.9,1,3.294,FL,0
2019.0,ERCOT,Solar,61.2,2,0.266,TX,0
2019.0,ERCOT,Solar,61.2,2,0.153,TX,0
2019.0,SPP,Gas,40.0,2,3.012,OK,0
2019.0,ERCOT,Solar,240.0,2,2.741,TX,0
2019.0,PJM,Solar,19.9,2,0.055,PA,0
2019.0,SPP,Solar,182.0,2,4.411,NE,0
2019.0,ERCOT,Battery,81.2,2,2.741,TX,0
2019.0,Southeast,Solar,99.0,0,6.667,KY,0
2019.0,SPP,Solar,80.0,2,5.826,MO,0
2019.0,SPP,Gas,120.0,2,3.083,OK,0
2019.0,SPP,Solar,35.0,2,0.851,ND,0
2019.0,ERCOT,Wind,276.0,0,6.656,TX,0
2019.0,NYISO,Solar,20.0,0,6.656,NY,0
2019.0,NYISO,Solar,20.0,0,6.656,NY,0
2019.0,ERCOT,Solar,165.9,2,6.617,TX,0
2019.0,ERCOT,Solar,102.4,2,1.103,TX,0
2019.0,CAISO,Battery,782.8,0,6.653,CA,0
2019.0,NYISO,Battery,56.3,2,0.816,NY,0
2019.0,NYISO,Battery,57.3,0,6.653,NY,0
2019.0,ERCOT,Solar,120.9,0,6.653,TX,0
2019.0,Southeast,Solar,60.0,2,0.17,KY,0
2019.0,NYISO,Battery,79.0,0,6.653,NY,0
2019.0,CAISO,Battery,365.0,1,4.071,CA,0
2019.0,NYISO,Battery,79.0,2,0.816,NY,0
2019.0,SPP,Hybrid,110.0,0,6.65,MT,0
2019.0,SPP,Hybrid,240.0,2,3.567,NM,0
2019.0,SPP,Battery,50.0,2,3.003,MT,0
2019.0,SPP,Battery,150.0,2,3.003,NM,0
2019.0,NYISO,Battery,20.0,2,3.732,NY,0
2019.0,ERCOT,Gas,19.0,1,1.087,TX,0
2019.0,ERCOT,Gas,13.0,1,1.993,TX,0
2019.0,NYISO,Battery,20.0,2,0.81,NY,0
2019.0,ERCOT,Solar,77.6,2,1.32,TX,0
2019.0,ERCOT,Solar,151.7,2,4.676,TX,0
2019.0,ERCOT,Solar,180.9,0,6.645,TX,0
2019.0,West,Other,3.8,1,1.892,MT,0
2019.0,Southeast,Hybrid,200.0,2,0.402,GA,0
2019.0,NYISO,Solar,20.0,2,2.226,NY,0
2019.0,ERCOT,Wind,98.3,2,1.35,TX,0
2019.0,ERCOT,Solar,103.1,1,4.652,TX,0
2019.0,Southeast,Solar,60.0,2,0.49,AL,0
2019.0,ERCOT,Solar,204.0,2,5.736,TX,0
2019.0,PJM,Battery,200.0,0,6.637,VA,0
2019.0,ERCOT,Hybrid,251.7,0,6.634,TX,0
2019.0,PJM,Solar,25.0,2,4.271,OH,0
2019.0,West,Solar,120.0,0,6.634,ID,0
2019.0,SPP,Solar,70.0,2,3.044,TX,0
2019.0,Southeast,Solar,343.0,2,0.498,GA,0
2019.0,ERCOT,Other,100.0,2,1.303,TX,1
2019.0,ERCOT,Other,100.0,2,0.279,TX,0
2019.0,ERCOT,Other,100.5,1,2.437,TX,1
2019.0,PJM,Solar,20.0,2,4.252,VA,0
2019.0,West,Solar,240.0,0,6.626,CO,0
2019.0,PJM,Solar,100.0,0,6.626,IL,0
2019.0,PJM,Solar,93.5,2,3.025,VA,0
2019.0,NYISO,Battery,4.0,2,1.626,NY,0
2019.0,NYISO,Solar,20.0,0,6.626,NY,0
2019.0,NYISO,Solar,20.0,2,0.709,NY,0
2019.0,SPP,Solar,150.0,0,6.626,ND,0
2019.0,PJM,Solar,15.0,1,3.633,VA,0
2019.0,ERCOT,Gas,80.0,1,0.066,TX,0
2019.0,Southeast,Solar,74.5,1,3.702,FL,0
2019.0,ERCOT,Solar,151.8,2,1.747,TX,0
2019.0,NYISO,Battery,300.0,2,0.947,NY,0
2019.0,NYISO,Solar,20.0,0,6.617,NY,0
2019.0,NYISO,Battery,300.0,2,0.947,NY,0
2019.0,NYISO,Battery,120.0,2,0.865,NY,0
2019.0,SPP,Solar,174.5,0,6.615,NE,0
2019.0,SPP,Wind,13.0,2,3.532,KS,0
2019.0,ERCOT,Other,100.0,2,0.219,TX,0
2019.0,SPP,Battery,60.0,2,0.208,SD,0
2019.0,SPP,Battery,200.0,0,6.612,OK,0
2019.0,ERCOT,Wind,100.0,1,3.696,TX,0
2019.0,SPP,Wind,150.0,2,3.529,SD,0
2019.0,SPP,Solar,75.0,2,1.862,KS,0
2019.0,SPP,Solar,150.0,2,0.983,OK,0
2019.0,PJM,Solar,100.0,2,0.057,OH,0
2019.0,PJM,Solar,300.0,2,0.057,OH,0
2019.0,SPP,Battery,50.0,2,3.023,TX,0
2019.0,SPP,Solar,78.0,0,6.609,NE,0
2019.0,SPP,Solar,150.0,2,3.606,MT,0
2019.0,SPP,Solar,104.0,2,3.526,NE,0
2019.0,West,Gas,57.8,1,2.527,SD,0
2019.0,NYISO,Solar,20.0,2,0.693,NY,0
2019.0,SPP,Battery,400.0,2,2.946,TX,0
2019.0,SPP,Battery,180.0,0,6.609,TX,0
2019.0,SPP,Battery,51.0,2,2.946,NE,0
2019.0,SPP,Solar,150.0,0,6.606,KS,0
2019.0,SPP,Battery,100.0,2,4.348,TX,0
2019.0,SPP,Solar,150.0,0,6.606,KS,0
2019.0,SPP,Battery,90.0,2,4.348,KS,0
2019.0,SPP,Solar,150.0,0,6.606,KS,0
2019.0,SPP,Battery,50.0,0,6.606,KS,0
2019.0,NYISO,Battery,4.0,2,0.364,NY,0
2019.0,NYISO,Solar,20.0,0,6.606,NY,0
2019.0,NYISO,Battery,4.0,2,0.364,NY,0
2019.0,NYISO,Solar,20.0,2,1.854,NY,0
2019.0,SPP,Solar,100.0,0,6.606,KS,0
2019.0,SPP,Battery,90.0,2,3.524,OK,0
2019.0,SPP,Battery,50.0,2,2.946,NE,0
2019.0,SPP,Battery,150.0,2,3.524,KS,0
2019.0,SPP,Battery,50.0,2,5.613,MO,0
2019.0,SPP,Battery,60.0,2,3.524,LA,1
2019.0,SPP,Solar,50.0,2,2.888,KS,0
2019.0,SPP,Battery,40.0,2,5.708,KS,0
2019.0,SPP,Solar,135.0,2,4.077,OK,0
2019.0,SPP,Battery,50.0,0,6.606,KS,0
2019.0,SPP,Battery,50.0,2,4.077,OK,0
2019.0,SPP,Battery,30.0,2,4.077,OK,0
2019.0,SPP,Battery,50.0,0,6.606,KS,0
2019.0,SPP,Solar,100.0,2,6.286,NE,0
2019.0,SPP,Solar,50.0,2,6.286,NE,0
2019.0,SPP,Solar,155.0,0,6.606,OK,0
2019.0,SPP,Solar,100.0,2,6.286,NE,0
2019.0,Southeast,Solar,200.0,2,4.37,AL,0
2019.0,PJM,Solar,20.0,0,6.606,MD,0
2019.0,SPP,Battery,100.0,2,4.348,TX,0
2019.0,SPP,Solar,24.0,2,3.524,NE,0
2019.0,SPP,Battery,14.0,2,3.524,NE,0
2019.0,SPP,Battery,100.0,2,2.946,NE,0
2019.0,NYISO,Solar,20.0,2,1.593,NY,0
2019.0,SPP,Gas,70.0,2,0.09,MO,0
2019.0,ERCOT,Wind,153.0,1,4.471,TX,0
2019.0,ERCOT,Hybrid,311.1,0,6.593,TX,0
2019.0,NYISO,Solar,120.0,0,6.593,NY,0
2019.0,NYISO,Solar,20.0,2,1.755,NY,0
2019.0,NYISO,Solar,12.5,0,6.593,NY,0
2019.0,Southeast,Hybrid,150.0,0,6.59,GA,0
2019.0,Southeast,Other,30.0,1,1.005,FL,0
2019.0,ERCOT,Wind,100.0,2,2.393,TX,0
2019.0,ERCOT,Other,100.5,1,2.398,TX,0
2019.0,ERCOT,Solar,222.2,0,6.59,TX,0
2019.0,NYISO,Solar,20.0,0,6.587,NY,0
2019.0,PJM,Battery,200.0,2,0.775,MD,0
2019.0,Southeast,Solar,74.9,0,6.587,FL,0
2019.0,Southeast,Solar,74.9,0,6.587,FL,0
2019.0,ERCOT,Hybrid,208.4,0,6.587,TX,0
2019.0,ERCOT,Solar,1221.6,2,0.986,TX,0
2019.0,ERCOT,Other,102.4,1,2.034,TX,0
2019.0,ERCOT,Other,30.2,1,4.096,TX,0
2019.0,Southeast,Solar,79.8,2,0.219,AL,0
2019.0,NYISO,Solar,20.0,2,0.663,NY,0
2019.0,NYISO,Solar,19.9,2,0.663,NY,0
2019.0,Southeast,Solar,195.0,0,6.576,TN,0
2019.0,West,Solar,191.0,0,6.574,OR,1
2019.0,NYISO,Solar,300.0,2,0.572,NY,0
2019.0,NYISO,Solar,19.9,2,0.901,NY,0
2019.0,NYISO,Solar,19.9,2,0.901,NY,0
2019.0,NYISO,Solar,19.9,2,0.402,NY,0
2019.0,PJM,Solar,15.0,1,5.555,PA,0
2019.0,ISO-NE,Wind,1200.0,2,2.371,CT,0
2019.0,PJM,Solar,60.0,0,6.565,KY,0
2019.0,ERCOT,Other,51.1,1,4.047,TX,0
2019.0,ERCOT,Other,51.1,1,4.14,TX,0
2019.0,NYISO,Solar,100.0,2,4.559,NY,0
2019.0,NYISO,Solar,100.0,0,6.56,NY,0
2019.0,NYISO,Solar,100.0,0,6.56,NY,0
2019.0,NYISO,Solar,19.9,2,3.392,NY,0
2019.0,ISO-NE,Other,23.0,2,2.48,CT,0
2019.0,NYISO,Solar,200.0,0,6.557,NY,0
2019.0,NYISO,Battery,10.2,2,0.312,NY,0
2019.0,NYISO,Solar,20.0,0,6.554,NY,0
2019.0,NYISO,Solar,20.0,2,0.134,NY,0
2019.0,NYISO,Solar,17.6,2,0.383,NY,0
2019.0,PJM,Battery,20.0,0,6.546,PA,0
2019.0,ERCOT,Solar,160.0,2,3.992,TX,0
2019.0,ERCOT,Other,25.1,1,3.956,TX,0
2019.0,ERCOT,Solar,1.9,2,3.228,TX,0
2019.0,ERCOT,Wind,305.0,2,2.538,TX,0
2019.0,ERCOT,Battery,168.0,0,6.541,TX,0
2019.0,ERCOT,Gas,83.0,1,3.359,TX,0
2019.0,ERCOT,Solar,300.0,2,4.742,TX,0
2019.0,PJM,Solar,2.4,1,0.89,NJ,0
2019.0,Southeast,Wind,1018.0,0,6.535,MO,0
2019.0,ERCOT,Solar,3.8,2,3.066,TX,0
2019.0,Southeast,Battery,100.0,0,6.533,NC,1
2019.0,NYISO,Battery,19.2,2,0.29,NY,0
2019.0,Southeast,Solar,74.5,1,3.693,FL,0
2019.0,NYISO,Battery,19.2,2,0.197,NY,0
2019.0,ERCOT,Solar,151.7,0,6.53,TX,0
2019.0,ERCOT,Solar,201.1,1,4.392,TX,0
2019.0,ERCOT,Solar,152.6,2,1.005,TX,0
2019.0,West,Hybrid,100.0,0,6.522,ID,0
2019.0,NYISO,Battery,19.2,2,0.279,NY,0
2019.0,ERCOT,Solar,200.2,0,6.522,TX,0
2019.0,MISO,Other,103.1,0,6.522,ND,0
2019.0,PJM,Solar,45.0,0,6.522,VA,0
2019.0,ERCOT,Solar,18.4,2,0.019,TX,0
2019.0,ERCOT,Solar,101.5,0,6.522,TX,0
2019.0,ERCOT,Hybrid,201.0,1,5.845,TX,0
2019.0,West,Solar,90.0,0,6.513,WA,1
2019.0,Southeast,Solar,74.5,1,4.597,FL,0
2019.0,West,Hybrid,160.0,0,6.513,CA,0
2019.0,ISO-NE,Other,10.0,2,0.118,CT,0
2019.0,PJM,Gas,105.0,2,3.811,PA,0
2019.0,PJM,Solar,45.0,2,0.613,MD,0
2019.0,PJM,Battery,52.2,2,4.214,IN,0
2019.0,PJM,Battery,34.8,2,4.214,OH,0
2019.0,PJM,Battery,52.2,2,5.572,IL,0
2019.0,PJM,Battery,52.2,0,6.508,OH,0
2019.0,ERCOT,Hybrid,101.7,1,4.287,TX,0
2019.0,ERCOT,Solar,353.4,1,4.345,TX,0
2019.0,ERCOT,Solar,159.8,1,3.882,TX,0
2019.0,ERCOT,Solar,144.0,2,1.938,TX,0
2019.0,ERCOT,Solar,241.0,1,4.392,TX,0
2019.0,West,Solar,0.3,0,6.475,OR,0
2019.0,West,Solar,0.8,0,6.475,OR,0
2019.0,West,Solar,0.2,0,6.475,OR,0
2019.0,ERCOT,Hybrid,130.6,1,5.78,TX,0
2019.0,Southeast,Solar,150.0,2,5.481,GA,0
2019.0,PJM,Solar,125.0,0,6.472,VA,0
2019.0,PJM,Other,11.0,1,5.856,OH,0
2019.0,PJM,Solar,60.0,0,6.467,KY,0
2019.0,ERCOT,Solar,4.1,2,3.151,TX,0
2019.0,NYISO,Other,20.0,2,1.046,NY,0
2019.0,Southeast,Gas,960.0,1,2.382,FL,0
2019.0,NYISO,Battery,19.9,2,0.548,NY,0
2019.0,NYISO,Battery,20.0,2,0.879,NY,0
2019.0,NYISO,Other,20.0,2,1.046,NY,0
2019.0,ERCOT,Solar,300.0,2,1.027,TX,0
2019.0,ERCOT,Solar,144.8,2,2.724,TX,0
2019.0,ERCOT,Solar,203.5,1,5.098,TX,0
2019.0,ISO-NE,Solar,19.6,2,6.396,ME,0
2019.0,Southeast,Solar,100.0,0,6.459,SC,0
2019.0,NYISO,Battery,8.0,2,0.287,NY,0
2019.0,ERCOT,Wind,150.0,2,1.183,TX,0
2019.0,ERCOT,Wind,300.0,2,1.183,TX,0
2019.0,Southeast,Solar,150.0,2,4.517,GA,0
2019.0,PJM,Gas,100.0,2,1.227,WV,0
2019.0,ERCOT,Nuclear,13.0,1,1.728,TX,0
2019.0,ERCOT,Gas,21.0,0,6.437,TX,0
2019.0,Southeast,Solar,200.0,0,6.434,GA,0
2019.0,PJM,Solar,68.0,2,0.572,VA,0
2019.0,ISO-NE,Solar,60.0,2,0.09,NH,0
2019.0,ISO-NE,Solar,33.1,2,0.09,NH,0
2019.0,PJM,Other,131.5,2,1.55,NJ,0
2019.0,ERCOT,Other,40.6,2,1.829,TX,0
2019.0,ERCOT,Solar,83.9,2,2.623,TX,0
2019.0,ERCOT,Solar,417.7,1,5.437,TX,0
2019.0,ERCOT,Solar,127.5,2,1.829,TX,0
2019.0,ERCOT,Wind,499.1,1,3.365,TX,0
2019.0,West,Hybrid,50.0,2,0.441,CO,0
2019.0,ERCOT,Solar,121.9,0,6.426,TX,0
2019.0,PJM,Solar,69.5,2,0.556,PA,0
2019.0,PJM,Hybrid,100.0,2,0.074,PA,0
2019.0,PJM,Solar,20.0,0,6.42,PA,0
2019.0,PJM,Hybrid,99.2,2,4.118,VA,0
2019.0,PJM,Solar,30.0,2,5.248,OH,0
2019.0,PJM,Solar,38.5,0,6.42,OH,0
2019.0,PJM,Solar,50.0,0,6.42,OH,0
2019.0,PJM,Solar,200.0,2,0.534,NC,0
2019.0,West,Solar,150.0,2,0.435,CO,0
2019.0,PJM,Battery,10.3,2,3.896,IL,0
2019.0,PJM,Battery,40.0,0,6.42,OH,0
2019.0,PJM,Solar,4.0,2,1.018,PA,0
2019.0,PJM,Battery,200.0,0,6.42,OH,1
2019.0,Southeast,Solar,200.0,0,6.418,AL,0
2019.0,ISO-NE,Solar,5.0,2,0.211,ME,0
2019.0,NYISO,Solar,5.0,2,0.416,NY,0
2019.0,NYISO,Solar,5.0,2,0.249,NY,0
2019.0,PJM,Solar,20.0,1,3.6,VA,0
2019.0,ISO-NE,Solar,9.0,2,0.211,ME,0
2019.0,ERCOT,Solar,438.8,0,6.418,TX,0
2019.0,ISO-NE,Wind,814.0,2,4.537,MA,0
2019.0,ISO-NE,Battery,10.0,2,5.44,ME,0
2019.0,Southeast,Solar,178.0,0,6.418,AL,0
2019.0,Southeast,Solar,69.0,0,6.418,KY,0
2019.0,ISO-NE,Battery,14.0,2,5.44,ME,0
2019.0,ISO-NE,Solar,7.0,0,6.418,ME,0
2019.0,PJM,Battery,50.0,2,4.016,VA,1
2019.0,ERCOT,Other,325.0,2,0.89,TX,0
2019.0,ERCOT,Other,110.0,2,0.925,TX,0
2019.0,ERCOT,Gas,150.0,2,0.676,TX,0
2019.0,ERCOT,Other,50.0,2,1.467,TX,0
2019.0,West,Hybrid,42.0,0,6.407,OR,0
2019.0,ERCOT,Hybrid,261.6,0,6.407,TX,0
2019.0,ERCOT,Solar,101.5,0,6.407,TX,0
2019.0,ERCOT,Solar,4.3,2,0.257,TX,0
2019.0,Southeast,Solar,80.0,2,4.287,AL,0
2019.0,West,Hybrid,300.0,0,6.398,CA,0
2019.0,PJM,Hybrid,50.0,2,3.89,VA,0
2019.0,PJM,Solar,20.0,2,1.355,PA,0
2019.0,PJM,Hybrid,94.0,0,6.396,VA,0
2019.0,NYISO,Solar,20.0,2,0.559,NY,0
2019.0,ERCOT,Gas,300.0,2,0.559,TX,0
2019.0,ERCOT,Gas,300.0,2,1.123,TX,0
2019.0,ERCOT,Gas,300.0,2,1.832,TX,0
2019.0,ERCOT,Solar,80.0,2,0.077,TX,0
2019.0,Southeast,Battery,95.0,1,2.385,,0
2019.0,PJM,Hybrid,350.0,2,0.134,KY,0
2019.0,PJM,Solar,18.0,0,6.385,OH,0
2019.0,PJM,Gas,17.2,2,4.077,IL,1
2019.0,NYISO,Battery,300.0,2,1.706,NY,0
2019.0,NYISO,Battery,300.0,2,1.706,NY,0
2019.0,ERCOT,Solar,130.7,0,6.376,TX,0
2019.0,NYISO,Solar,20.0,2,2.376,NY,0
2019.0,NYISO,Battery,10.0,2,0.197,NY,0
2019.0,NYISO,Battery,10.0,2,0.197,NY,0
2019.0,PJM,Solar,73.0,2,6.209,VA,0
2019.0,PJM,Solar,100.0,2,4.063,OH,0
2019.0,ISO-NE,Solar,35.0,2,2.869,ME,0
2019.0,PJM,Solar,100.0,2,4.063,OH,0
2019.0,Southeast,Hybrid,85.0,2,0.449,GA,0
2019.0,ERCOT,Solar,26.1,2,0.041,TX,0
2019.0,ERCOT,Solar,200.0,2,0.569,TX,0
2019.0,ERCOT,Solar,200.0,2,0.162,TX,0
2019.0,ERCOT,Wind,98.9,1,4.641,TX,0
2019.0,ERCOT,Solar,514.0,2,2.867,TX,0
2019.0,ERCOT,Hybrid,102.4,0,6.349,TX,0
2019.0,ERCOT,Solar,203.1,0,6.346,TX,0
2019.0,PJM,Solar,45.0,1,5.446,OH,0
2019.0,Southeast,Solar,70.0,1,4.742,GA,0
2019.0,ERCOT,Gas,60.0,2,0.602,TX,0
2019.0,ERCOT,Solar,113.9,1,4.356,TX,0
2019.0,PJM,Solar,160.0,2,0.501,NJ,0
2019.0,PJM,Battery,20.0,2,1.09,IN,0
2019.0,NYISO,Battery,20.0,2,0.507,NY,0
2019.0,PJM,Solar,44.8,2,3.274,VA,0
2019.0,West,Hybrid,450.0,0,6.344,AZ,0
2019.0,West,Battery,100.0,2,5.673,CA,0
2019.0,ERCOT,Solar,200.0,0,6.344,TX,0
2019.0,ISO-NE,Solar,10.0,2,0.134,ME,0
2019.0,ISO-NE,Solar,5.0,2,0.134,ME,0
2019.0,ISO-NE,Hybrid,5.0,2,0.134,ME,0
2019.0,ISO-NE,Hybrid,5.0,2,0.134,ME,0
2019.0,ISO-NE,Hybrid,7.5,2,0.134,ME,0
2019.0,ISO-NE,Hybrid,5.0,2,0.134,ME,0
2019.0,ISO-NE,Hybrid,5.0,2,0.134,ME,0
2019.0,ISO-NE,Hybrid,11.7,2,0.134,ME,0
2019.0,ISO-NE,Hybrid,9.4,2,0.134,ME,0
2019.0,PJM,Battery,18.0,2,4.611,NC,0
2019.0,PJM,Solar,180.0,0,6.338,IN,0
2019.0,PJM,Solar,85.0,0,6.338,MI,0
2019.0,Southeast,Solar,150.0,2,1.177,KY,0
2019.0,Southeast,Solar,200.0,2,1.032,KY,0
2019.0,PJM,Solar,96.0,2,5.131,IN,0
2019.0,PJM,Solar,80.0,0,6.338,PA,0
2019.0,PJM,Solar,20.0,2,0.055,PA,0
2019.0,PJM,Solar,20.0,2,3.48,PA,0
2019.0,PJM,Solar,15.0,2,0.09,PA,0
2019.0,PJM,Hybrid,150.0,0,6.338,IN,0
2019.0,PJM,Wind,200.0,0,6.338,IL,0
2019.0,PJM,Hybrid,70.0,2,0.454,KY,0
2019.0,PJM,Wind,109.9,0,6.338,PA,0
2019.0,PJM,Solar,77.0,2,4.657,OH,0
2019.0,PJM,Solar,20.0,0,6.338,PA,0
2019.0,PJM,Solar,55.0,0,6.335,KY,0
2019.0,PJM,Solar,20.0,0,6.335,PA,0
2019.0,PJM,Solar,40.0,1,4.381,OH,0
2019.0,Southeast,Solar,150.0,0,6.33,GA,0
2019.0,Southeast,Solar,100.0,2,4.953,AL,0
2019.0,ISO-NE,Wind,200.0,2,2.721,MA,0
2019.0,NYISO,Battery,79.9,0,6.324,NY,0
2019.0,PJM,Hybrid,126.5,2,5.385,PA,0
2019.0,PJM,Hybrid,250.0,2,4.797,PA,0
2019.0,PJM,Hybrid,202.4,2,5.385,PA,0
2019.0,West,Hybrid,200.0,0,6.319,WA,0
2019.0,PJM,Wind,800.0,2,1.856,NJ,0
2019.0,West,Hybrid,200.0,2,3.006,WA,0
2019.0,ERCOT,Wind,300.0,0,6.311,TX,0
2019.0,West,Solar,200.0,2,0.326,CO,0
2019.0,PJM,Battery,60.0,2,0.591,NJ,0
2019.0,PJM,Battery,20.0,2,4.789,IL,0
2019.0,PJM,Hybrid,20.0,2,6.059,PA,0
2019.0,PJM,Hybrid,20.0,2,5.183,PA,0
2019.0,PJM,Solar,200.0,0,6.308,IL,0
2019.0,PJM,Battery,20.0,2,3.6,NJ,0
2019.0,PJM,Solar,2.0,2,0.036,NJ,0
2019.0,PJM,Solar,2.0,2,0.036,NJ,0
2019.0,PJM,Hybrid,20.0,2,4.003,NJ,0
2019.0,PJM,Hybrid,20.0,2,3.201,NJ,0
2019.0,PJM,Hybrid,20.0,2,4.005,PA,0
2019.0,PJM,Solar,180.0,2,4.008,OH,0
2019.0,Southeast,Gas,593.0,0,6.305,TN,0
2019.0,ISO-NE,Wind,167.0,2,1.155,RI,0
2019.0,PJM,Solar,15.0,2,4.882,PA,0
2019.0,PJM,Solar,100.0,0,6.303,VA,0
2019.0,PJM,Solar,60.0,2,1.076,VA,0
2019.0,PJM,Solar,120.0,2,5.465,KY,0
2019.0,Southeast,Solar,74.5,1,4.55,FL,0
2019.0,NYISO,Battery,20.0,2,0.465,NY,0
2019.0,Southeast,Solar,74.9,1,5.227,FL,0
2019.0,West,Solar,200.0,1,5.47,ID,0
2019.0,PJM,Solar,200.0,2,4.003,OH,0
2019.0,West,Hybrid,100.0,0,6.3,NM,0
2019.0,PJM,Hybrid,200.0,0,6.3,IN,0
2019.0,PJM,Hybrid,350.0,2,6.281,IN,0
2019.0,ISO-NE,Wind,1200.0,2,4.893,CT,0
2019.0,PJM,Wind,820.0,0,6.289,VA,0
2019.0,PJM,Wind,836.0,0,6.289,VA,0
2019.0,PJM,Wind,833.0,0,6.289,VA,0
2019.0,PJM,Solar,20.0,2,0.465,MD,0
2019.0,PJM,Solar,80.0,2,3.989,KY,0
2019.0,PJM,Solar,64.0,0,6.289,OH,0
2019.0,PJM,Battery,250.0,2,1.04,NJ,0
2019.0,PJM,Solar,20.0,2,0.501,PA,0
2019.0,PJM,Solar,16.2,2,1.029,PA,0
2019.0,PJM,Solar,20.0,2,0.501,PA,0
2019.0,PJM,Solar,9.8,2,4.608,PA,0
2019.0,PJM,Solar,20.0,2,0.501,PA,0
2019.0,PJM,Solar,100.0,0,6.286,PA,0
2019.0,PJM,Solar,100.0,2,4.717,OH,1
2019.0,PJM,Solar,20.0,2,1.243,PA,0
2019.0,PJM,Solar,202.0,2,5.207,PA,0
2019.0,PJM,Gas,569.0,0,6.286,VA,0
2019.0,PJM,Solar,20.0,2,0.052,NJ,0
2019.0,PJM,Gas,569.0,0,6.286,VA,0
2019.0,PJM,Solar,20.0,2,3.723,PA,0
2019.0,PJM,Solar,20.0,2,1.035,PA,0
2019.0,PJM,Gas,14.4,1,2.108,PA,0
2019.0,PJM,Solar,150.0,2,3.978,IL,0
2019.0,PJM,Solar,16.3,0,6.283,PA,0
2019.0,PJM,Solar,50.0,2,5.344,NC,0
2019.0,PJM,Solar,20.0,2,5.656,PA,0
2019.0,PJM,Solar,20.0,2,0.052,PA,0
2019.0,PJM,Solar,15.7,0,6.283,PA,0
2019.0,PJM,Solar,20.0,0,6.283,PA,0
2019.0,PJM,Solar,20.0,2,0.463,PA,0
2019.0,PJM,Solar,20.0,0,6.283,PA,0
2019.0,PJM,Hybrid,159.0,2,5.139,IN,0
2019.0,PJM,Solar,250.0,2,0.057,VA,0
2019.0,West,Hybrid,40.0,0,6.283,OR,0
2019.0,West,Hybrid,80.0,0,6.283,OR,0
2019.0,West,Hybrid,40.0,0,6.283,OR,0
2019.0,PJM,Solar,190.0,0,6.281,KY,0
2019.0,PJM,Solar,300.0,2,5.306,OH,0
2019.0,PJM,Solar,120.0,2,0.225,KY,0
2019.0,PJM,Battery,100.0,0,6.281,KY,0
2019.0,PJM,Battery,50.0,0,6.281,MI,0
2019.0,PJM,Battery,20.0,2,2.502,NJ,0
2019.0,PJM,Solar,100.0,0,6.281,VA,1
2019.0,PJM,Hybrid,150.0,2,3.458,OH,0
2019.0,PJM,Solar,25.0,2,1.062,DE,0
2019.0,ERCOT,Solar,103.1,1,4.433,TX,0
2019.0,ERCOT,Other,51.7,1,2.045,TX,0
2019.0,PJM,Solar,15.0,2,5.202,PA,0
2019.0,PJM,Solar,20.0,2,1.229,PA,0
2019.0,West,Battery,100.0,0,6.272,NV,1
2019.0,West,Hybrid,340.0,0,6.272,NV,0
2019.0,PJM,Solar,200.0,0,6.272,IN,0
2019.0,ERCOT,Solar,321.3,0,6.272,TX,0
2019.0,PJM,Solar,16.0,2,4.164,PA,0
2019.0,PJM,Solar,77.5,2,5.196,PA,0
2019.0,PJM,Solar,4.0,2,0.041,NJ,0
2019.0,PJM,Solar,4.0,2,0.041,NJ,0
2019.0,NYISO,Battery,10.0,2,0.433,NY,0
2019.0,PJM,Solar,250.0,2,0.438,PA,0
2019.0,PJM,Solar,13.5,0,6.27,PA,0
2019.0,PJM,Solar,150.0,1,5.919,IN,0
2019.0,PJM,Hybrid,152.0,2,0.561,IN,0
2019.0,West,Wind,600.0,0,6.27,MT,0
2019.0,PJM,Hybrid,150.0,2,4.75,VA,0
2019.0,West,Wind,400.0,0,6.27,MT,0
2019.0,PJM,Gas,6.5,1,0.767,PA,0
2019.0,PJM,Wind,200.0,0,6.267,IN,0
2019.0,PJM,Wind,255.0,0,6.267,IN,0
2019.0,PJM,Gas,2.0,1,0.767,PA,0
2019.0,PJM,Other,1.0,1,0.767,PA,0
2019.0,PJM,Other,1.5,1,0.767,OH,0
2019.0,West,Hybrid,50.0,0,6.267,NM,0
2019.0,PJM,Gas,15.0,2,0.444,PA,0
2019.0,West,Hybrid,200.0,0,6.267,NV,1
2019.0,PJM,Other,4.0,1,0.767,OH,0
2019.0,PJM,Gas,5.5,1,0.457,NJ,0
2019.0,PJM,Gas,5.0,1,0.767,PA,0
2019.0,PJM,Other,1.0,1,0.767,PA,0
2019.0,PJM,Gas,1.0,1,0.767,PA,0
2019.0,PJM,Gas,4.0,1,0.767,PA,0
2019.0,PJM,Other,1.0,1,0.767,PA,0
2019.0,PJM,Gas,1.0,1,0.767,PA,0
2019.0,PJM,Gas,4.0,1,0.767,PA,0
2019.0,PJM,Gas,3.0,1,0.767,PA,0
2019.0,PJM,Other,2.0,1,0.767,PA,0
2019.0,PJM,Gas,1.0,1,0.767,PA,0
2019.0,PJM,Other,1.0,1,0.767,PA,0
2019.0,PJM,Other,1.5,1,0.767,PA,0
2019.0,PJM,Gas,4.0,1,0.767,PA,0
2019.0,PJM,Solar,20.0,2,4.589,PA,0
2019.0,PJM,Hybrid,300.0,0,6.267,MI,0
2019.0,PJM,Solar,151.8,2,0.548,PA,0
2019.0,PJM,Solar,143.1,2,3.926,PA,0
2019.0,PJM,Solar,20.0,2,1.188,PA,0
2019.0,PJM,Gas,2.5,1,0.764,PA,0
2019.0,West,Battery,30.0,0,6.264,NV,1
2019.0,PJM,Hybrid,45.0,2,6.078,NJ,0
2019.0,PJM,Solar,15.9,2,4.156,PA,0
2019.0,PJM,Solar,15.9,2,4.983,PA,0
2019.0,PJM,Solar,199.0,0,6.264,OH,0
2019.0,PJM,Solar,15.0,2,5.194,PA,0
2019.0,West,Solar,500.0,0,6.264,AZ,0
2019.0,West,Hybrid,500.0,0,6.264,AZ,0
2019.0,PJM,Solar,15.0,2,5.194,PA,0
2019.0,Southeast,Solar,145.0,2,3.535,GA,0
2019.0,PJM,Solar,20.0,0,6.261,PA,0
2019.0,PJM,Solar,155.0,0,6.261,OH,0
2019.0,PJM,Solar,15.0,2,0.055,PA,0
2019.0,West,Hybrid,100.0,0,6.261,ID,0
2019.0,West,Hybrid,95.0,0,6.261,AZ,0
2019.0,PJM,Solar,20.0,2,0.474,PA,0
2019.0,PJM,Solar,20.0,2,3.945,PA,0
2019.0,PJM,Solar,11.9,2,4.036,PA,0
2019.0,PJM,Solar,150.0,0,6.261,IN,0
2019.0,PJM,Wind,510.0,2,3.918,NJ,0
2019.0,PJM,Solar,49.0,2,0.359,OH,0
2019.0,PJM,Solar,180.0,2,5.322,IN,0
2019.0,PJM,Solar,151.7,2,0.854,PA,0
2019.0,PJM,Hybrid,30.0,2,0.953,KY,0
2019.0,PJM,Solar,20.0,2,0.474,PA,0
2019.0,PJM,Solar,20.0,0,6.261,PA,0
2019.0,PJM,Solar,120.0,0,6.261,OH,0
2019.0,PJM,Hybrid,160.0,2,1.314,PA,0
2019.0,PJM,Solar,20.0,2,2.853,PA,0
2019.0,PJM,Solar,188.5,0,6.261,KY,0
2019.0,PJM,Solar,20.0,2,0.123,PA,0
2019.0,PJM,Gas,617.0,2,0.43,PA,0
2019.0,PJM,Solar,1210.0,2,2.894,NC,0
2019.0,PJM,Solar,40.0,0,6.261,OH,0
2019.0,PJM,Solar,101.2,2,1.303,PA,0
2019.0,PJM,Battery,19.0,2,4.956,VA,0
2019.0,PJM,Solar,20.0,2,2.853,PA,0
2019.0,ERCOT,Other,50.0,0,6.261,TX,0
2019.0,PJM,Solar,20.0,0,6.261,PA,0
2019.0,PJM,Solar,180.0,0,6.261,IN,0
2019.0,PJM,Solar,17.0,0,6.261,PA,0
2019.0,PJM,Solar,20.0,2,5.747,PA,0
2019.0,PJM,Solar,20.0,0,6.259,PA,0
2019.0,PJM,Solar,300.0,1,5.114,IN,0
2019.0,PJM,Battery,30.0,0,6.259,NJ,0
2019.0,PJM,Solar,20.0,2,6.3,PA,0
2019.0,PJM,Solar,35.0,0,6.259,PA,0
2019.0,PJM,Battery,50.0,0,6.259,NJ,0
2019.0,PJM,Battery,170.0,0,6.259,NJ,0
2019.0,West,Other,750.0,0,6.253,NV,0
2019.0,PJM,Solar,20.0,1,4.687,KY,0
2019.0,PJM,Solar,41.0,0,6.253,VA,0
2019.0,PJM,Battery,12.0,2,0.485,PA,0
2019.0,PJM,Wind,190.9,0,6.253,IL,0
2019.0,PJM,Solar,15.0,1,5.615,MD,0
2019.0,PJM,Solar,52.8,2,1.079,PA,0
2019.0,PJM,Solar,200.0,2,0.433,IN,0
2019.0,PJM,Solar,15.0,1,5.585,MD,0
2019.0,PJM,Solar,20.0,0,6.253,VA,0
2019.0,PJM,Hybrid,127.9,2,4.734,VA,0
2019.0,PJM,Solar,14.9,0,6.253,VA,0
2019.0,PJM,Solar,150.0,2,4.044,PA,0
2019.0,PJM,Solar,42.0,0,6.253,PA,0
2019.0,PJM,Battery,11.0,2,0.616,MD,0
2019.0,PJM,Solar,83.0,0,6.253,IN,0
2019.0,PJM,Solar,54.0,2,1.114,KY,0
2019.0,PJM,Battery,74.5,2,4.734,VA,0
2019.0,PJM,Battery,150.0,2,3.951,VA,0
2019.0,PJM,Solar,13.5,2,0.386,PA,0
2019.0,PJM,Solar,20.0,0,6.253,PA,0
2019.0,PJM,Battery,43.2,2,4.734,IL,0
2019.0,PJM,Solar,117.0,2,4.734,VA,0
2019.0,PJM,Hybrid,220.0,2,3.953,KY,0
2019.0,PJM,Solar,18.0,2,1.985,PA,0
2019.0,PJM,Solar,50.0,2,0.326,OH,0
2019.0,PJM,Solar,100.0,2,4.564,VA,0
2019.0,PJM,Battery,200.0,0,6.253,NJ,0
2019.0,PJM,Solar,20.0,2,5.454,IL,0
2019.0,PJM,Solar,50.0,2,4.726,OH,0
2019.0,PJM,Battery,8.0,2,1.687,MD,0
2019.0,PJM,Solar,60.0,2,2.031,PA,0
2019.0,PJM,Solar,85.0,2,0.523,PA,0
2019.0,West,Battery,300.0,0,6.253,AZ,1
2019.0,West,Battery,50.0,0,6.253,AZ,0
2019.0,West,Hybrid,750.0,0,6.253,AZ,0
2019.0,PJM,Solar,20.0,2,0.392,MD,0
2019.0,PJM,Solar,130.0,0,6.253,OH,0
2019.0,PJM,Solar,100.0,0,6.253,OH,0
2019.0,West,Wind,1000.0,0,6.253,NM,0
2019.0,PJM,Solar,50.0,2,0.441,IL,0
2019.0,West,Wind,1000.0,0,6.253,NM,0
2019.0,West,Wind,1500.0,0,6.253,NM,0
2019.0,PJM,Solar,80.0,2,4.726,PA,0
2019.0,PJM,Solar,100.0,2,4.726,PA,0
2019.0,PJM,Solar,100.0,2,4.734,PA,0
2019.0,PJM,Solar,20.0,0,6.253,IL,0
2019.0,PJM,Solar,50.0,0,6.253,OH,1
2019.0,PJM,Solar,85.0,2,1.04,PA,0
2019.0,PJM,Battery,5.0,2,1.027,VA,0
2019.0,PJM,Battery,62.4,2,4.734,IL,0
2019.0,PJM,Solar,15.0,2,0.402,PA,0
2019.0,PJM,Solar,60.0,2,0.433,OH,0
2019.0,PJM,Solar,58.0,2,5.109,OH,0
2019.0,PJM,Wind,300.0,2,4.726,IL,0
2019.0,PJM,Solar,132.0,2,0.452,IL,0
2019.0,PJM,Solar,60.0,2,1.027,OH,0
2019.0,PJM,Hybrid,100.0,2,3.951,PA,0
2019.0,PJM,Hybrid,35.0,2,1.046,PA,0
2019.0,PJM,Solar,20.0,2,0.468,PA,0
2019.0,PJM,Wind,212.0,2,5.314,IL,0
2019.0,PJM,Solar,40.0,2,1.027,IN,0
2019.0,PJM,Battery,197.2,2,4.726,PA,0
2019.0,PJM,Solar,325.0,1,5.128,OH,0
2019.0,PJM,Hybrid,150.0,2,0.077,NC,0
2019.0,Southeast,Solar,74.9,0,6.253,FL,0
2019.0,PJM,Solar,300.0,2,0.099,VA,0
2019.0,PJM,Solar,32.0,2,0.986,PA,0
2019.0,PJM,Solar,13.6,2,3.989,PA,0
2019.0,PJM,Solar,20.0,0,6.253,PA,0
2019.0,PJM,Solar,55.0,2,5.314,VA,0
2019.0,PJM,Battery,107.0,2,0.386,NJ,0
2019.0,PJM,Solar,66.5,2,1.079,PA,0
2019.0,PJM,Solar,15.8,2,6.094,PA,0
2019.0,PJM,Battery,20.0,0,6.253,NJ,0
2019.0,PJM,Battery,20.0,2,1.177,NJ,0
2019.0,PJM,Battery,20.0,2,1.177,NJ,0
2019.0,PJM,Battery,20.0,0,6.253,NJ,0
2019.0,PJM,Battery,20.0,2,1.177,NJ,0
2019.0,Southeast,Hybrid,220.0,2,0.268,AL,0
2019.0,PJM,Gas,33.0,0,6.251,OH,0
2019.0,PJM,Solar,10.0,1,5.24,VA,0
2019.0,PJM,Gas,8.0,0,6.251,OH,0
2019.0,PJM,Wind,303.0,2,0.898,IL,0
2019.0,PJM,Solar,10.0,0,6.251,PA,0
2019.0,PJM,Solar,20.0,0,6.251,PA,0
2019.0,Southeast,Solar,220.0,2,0.268,AL,0
2019.0,PJM,Solar,110.0,0,6.251,PA,0
2019.0,Southeast,Hybrid,220.0,2,0.268,AL,0
2019.0,Southeast,Hybrid,220.0,2,0.268,,0
2019.0,Southeast,Hybrid,220.0,2,0.268,AL,0
2019.0,Southeast,Hybrid,220.0,2,0.268,AL,0
2019.0,Southeast,Hybrid,220.0,2,0.268,AL,0
2019.0,PJM,Solar,20.0,2,1.533,PA,0
2019.0,Southeast,Solar,220.0,2,0.268,AL,0
2019.0,PJM,Hybrid,70.0,0,6.251,NJ,0
2019.0,Southeast,Hybrid,220.0,2,0.268,AL,0
2019.0,PJM,Solar,20.0,2,1.021,PA,0
2019.0,Southeast,Solar,220.0,2,0.06,AL,0
2019.0,PJM,Battery,240.0,2,4.723,NJ,0
2019.0,NYISO,Battery,20.0,2,2.579,NY,0
2019.0,PJM,Hybrid,100.0,0,6.248,OH,0
2019.0,PJM,Solar,19.9,1,5.177,OH,0
2019.0,West,Hybrid,500.0,0,6.248,AZ,1
2019.0,Southeast,Solar,95.0,0,6.242,GA,0
2019.0,Southeast,Solar,150.0,0,6.242,GA,0
2019.0,PJM,Solar,80.0,1,4.419,WV,0
2019.0,NYISO,Solar,100.0,2,0.564,NY,0
2019.0,NYISO,Battery,20.0,2,0.983,NY,0
2019.0,NYISO,Battery,50.0,2,0.564,NY,0
2019.0,NYISO,Battery,20.0,2,0.482,NY,0
2019.0,Southeast,Battery,200.0,2,0.115,GA,1
2019.0,Southeast,Battery,200.0,2,4.78,GA,1
2019.0,Southeast,Battery,100.0,2,4.78,GA,1
2019.0,Southeast,Battery,17.2,0,6.231,NC,0
2019.0,Southeast,Battery,100.0,2,1.807,GA,0
2019.0,Southeast,Battery,200.0,2,4.89,GA,0
2019.0,Southeast,Solar,225.0,2,4.586,GA,0
2019.0,Southeast,Battery,200.0,2,1.593,GA,0
2019.0,Southeast,Battery,100.0,2,1.593,GA,0
2019.0,Southeast,Battery,100.0,2,0.115,GA,1
2019.0,Southeast,Solar,225.0,2,1.856,GA,0
2019.0,ISO-NE,Solar,20.0,2,4.134,ME,0
2019.0,NYISO,Solar,200.0,2,1.722,NY,0
2019.0,NYISO,Battery,100.0,2,1.722,NY,0
2019.0,PJM,Battery,20.0,2,0.252,PA,0
2019.0,NYISO,Solar,50.0,2,0.556,NY,0
2019.0,NYISO,Battery,30.0,2,0.556,NY,0
2019.0,Southeast,Solar,80.0,0,6.226,GA,0
2019.0,PJM,Gas,104.0,2,0.893,OH,0
2019.0,PJM,Solar,77.0,2,6.261,PA,0
2019.0,NYISO,Battery,150.0,2,0.638,NY,0
2019.0,ERCOT,Solar,300.0,2,0.95,TX,0
2019.0,ERCOT,Other,51.5,1,3.795,TX,1
2019.0,ERCOT,Other,104.6,1,3.469,TX,1
2019.0,ERCOT,Solar,306.9,1,5.216,TX,0
2019.0,ERCOT,Other,51.5,1,3.795,TX,1
2019.0,ERCOT,Solar,170.0,2,4.419,TX,0
2019.0,NYISO,Battery,115.0,2,0.709,NY,0
2019.0,PJM,Battery,100.0,0,6.212,VA,0
2019.0,ISO-NE,Solar,20.0,0,6.212,ME,0
2019.0,Southeast,Solar,80.0,0,6.207,AL,0
2019.0,NYISO,Battery,100.0,2,3.619,NY,0
2019.0,Southeast,Solar,80.0,0,6.207,AL,0
2019.0,NYISO,Battery,100.0,2,0.287,NY,0
2019.0,PJM,Solar,150.0,0,6.204,OH,0
2019.0,Southeast,Battery,409.0,1,2.119,FL,0
2019.0,NYISO,Battery,40.0,2,0.444,NY,0
2019.0,NYISO,Battery,100.0,2,0.279,NJ,0
2019.0,ISO-NE,Solar,110.0,2,3.088,NH,0
2019.0,ISO-NE,Solar,55.0,2,4.991,ME,0
2019.0,Southeast,Battery,11.5,1,0.775,,1
2019.0,ERCOT,Wind,14.7,2,0.359,TX,0
2019.0,West,Other,0.9,0,6.19,ID,0
2019.0,NYISO,Battery,15.0,0,6.185,NY,0
2019.0,ISO-NE,Solar,17.5,2,5.202,NH,0
2019.0,Southeast,Solar,100.0,0,6.185,MO,0
2019.0,PJM,Battery,20.0,2,1.478,PA,0
2019.0,NYISO,Battery,100.0,0,6.177,NY,0
2019.0,West,Hybrid,200.0,2,0.104,CO,0
2019.0,PJM,Battery,20.0,0,6.177,PA,0
2019.0,PJM,Battery,20.0,0,6.177,PA,0
2019.0,PJM,Battery,20.0,0,6.177,IL,1
2019.0,PJM,Solar,20.0,0,6.177,IL,0
2019.0,PJM,Battery,20.0,2,1.61,OH,0
2019.0,Southeast,Hybrid,200.0,2,0.134,GA,0
2019.0,PJM,Hybrid,20.0,2,5.238,IL,0
2019.0,NYISO,Solar,20.0,0,6.174,NY,0
2019.0,Southeast,Hybrid,70.0,2,0.101,GA,0
2019.0,Southeast,Hybrid,80.0,2,0.101,GA,0
2019.0,Southeast,Hybrid,120.0,2,0.364,GA,0
2019.0,ERCOT,Solar,207.5,0,6.171,TX,0
2019.0,ERCOT,Battery,153.0,1,6.116,TX,0
2019.0,ISO-NE,Solar,45.0,2,4.101,NH,0
2019.0,ERCOT,Battery,152.4,1,5.5,TX,0
2019.0,ISO-NE,Solar,17.1,0,6.171,ME,0
2019.0,ERCOT,Gas,40.3,2,0.895,TX,0
2019.0,NYISO,Battery,70.0,2,0.498,NY,0
2019.0,NYISO,Battery,290.0,2,1.498,PA,0
2019.0,ERCOT,Solar,253.8,1,4.463,TX,0
2019.0,PJM,Solar,20.0,2,0.348,KY,0
2019.0,ERCOT,Battery,206.8,0,6.168,TX,0
2019.0,ERCOT,Hybrid,150.8,0,6.168,TX,0
2019.0,PJM,Solar,200.0,0,6.166,KY,0
2019.0,ERCOT,Hybrid,100.6,0,6.166,TX,0
2019.0,ERCOT,Solar,366.0,0,6.166,TX,0
2019.0,NYISO,Battery,10.0,2,0.58,NY,0
2019.0,West,Hybrid,300.0,0,6.163,ID,0
2019.0,ERCOT,Battery,151.2,1,5.322,TX,0
2019.0,NYISO,Battery,100.0,2,0.405,NY,0
2019.0,NYISO,Battery,5.5,2,0.405,NY,0
2019.0,Southeast,Hybrid,80.0,2,0.238,AL,0
2019.0,NYISO,Battery,50.0,2,3.392,NY,0
2019.0,Southeast,Hybrid,80.0,2,0.238,AL,0
2019.0,NYISO,Battery,20.0,2,0.394,NY,0
2019.0,ERCOT,Hybrid,411.0,0,6.138,TX,0
2019.0,NYISO,Battery,100.0,2,0.55,NY,0
2019.0,ERCOT,Solar,207.7,2,0.668,TX,0
2019.0,NYISO,Battery,21.3,2,0.214,NY,0
2019.0,PJM,Battery,20.0,0,6.127,NJ,0
2019.0,PJM,Battery,42.5,2,3.899,NJ,0
2019.0,Southeast,Solar,74.9,2,0.726,FL,0
2019.0,PJM,Battery,20.0,0,6.127,NJ,0
2019.0,Southeast,Hybrid,200.0,0,6.127,GA,0
2019.0,PJM,Battery,20.0,2,4.542,NJ,0
2019.0,PJM,Battery,50.0,0,6.127,IL,0
2019.0,PJM,Battery,30.0,2,0.797,NJ,0
2019.0,PJM,Battery,24.0,2,5.476,NJ,0
2019.0,PJM,Battery,50.0,2,0.797,NJ,0
2019.0,PJM,Battery,20.0,2,5.476,NJ,0
2019.0,NYISO,Battery,11.3,2,2.957,NY,0
2019.0,ERCOT,Solar,121.0,2,4.375,TX,0
2019.0,ERCOT,Other,263.1,1,2.65,TX,0
2019.0,ERCOT,Other,50.0,2,0.339,TX,0
2019.0,NYISO,Battery,8.8,2,0.534,NY,0
2019.0,Southeast,Solar,193.0,0,6.119,AL,0
2019.0,West,Solar,53.0,0,6.119,OR,0
2019.0,NYISO,Solar,200.0,0,6.111,NY,0
2019.0,ISO-NE,Solar,35.0,2,0.835,NH,0
2019.0,Southeast,Solar,74.5,1,4.356,FL,0
2019.0,Southeast,Solar,74.5,1,5.194,FL,0
2019.0,Southeast,Solar,74.5,0,6.108,FL,0
2019.0,Southeast,Solar,74.5,1,4.356,FL,0
2019.0,Southeast,Solar,74.5,1,5.024,FL,0
2019.0,ERCOT,Wind,16.0,1,2.111,TX,0
2019.0,Southeast,Hybrid,240.0,0,6.097,GA,0
2019.0,ERCOT,Other,100.6,0,6.097,TX,0
2019.0,ERCOT,Other,103.8,2,3.431,TX,0
2019.0,ERCOT,Wind,10.0,2,0.027,TX,0
2019.0,ERCOT,Other,51.5,1,3.088,TX,0
2019.0,ERCOT,Wind,89.5,1,2.932,TX,0
2019.0,PJM,Solar,62.0,2,0.156,VA,0
2019.0,PJM,Solar,72.0,2,5.936,VA,0
2019.0,PJM,Solar,13.5,0,6.089,PA,0
2019.0,PJM,Solar,94.0,2,5.15,VA,0
2019.0,ERCOT,Other,50.6,2,0.641,TX,0
2019.0,ERCOT,Battery,20.0,0,6.081,TX,0
2019.0,ERCOT,Other,71.4,1,3.901,TX,0
2019.0,ERCOT,Other,121.8,1,3.825,TX,0
2019.0,ERCOT,Wind,393.2,1,4.381,TX,0
2019.0,ERCOT,Solar,80.0,2,0.123,TX,0
2019.0,ERCOT,Other,100.4,1,4.698,TX,0
2019.0,Southeast,Solar,100.0,2,0.734,GA,0
2019.0,ERCOT,Battery,100.0,0,6.078,TX,0
2019.0,ERCOT,Hybrid,205.2,0,6.078,TX,0
2019.0,ERCOT,Solar,300.0,2,0.137,TX,0
2019.0,PJM,Battery,75.0,2,3.551,VA,1
2019.0,West,Hybrid,170.0,2,0.003,CO,0
2019.0,ERCOT,Solar,200.0,1,0.734,TX,0
2019.0,ERCOT,Other,51.8,1,2.527,TX,0
2019.0,NYISO,Solar,125.0,0,6.073,NY,0
2019.0,SPP,Solar,200.0,2,4.263,NE,0
2019.0,NYISO,Battery,20.0,2,0.233,NY,0
2019.0,PJM,Solar,300.0,0,6.062,IL,0
2019.0,PJM,Solar,500.0,0,6.062,VA,0
2019.0,Southeast,Hybrid,100.0,2,0.794,AL,0
2019.0,NYISO,Battery,110.0,0,6.059,NY,0
2019.0,ERCOT,Battery,100.1,0,6.059,TX,0
2019.0,West,Solar,40.0,0,6.059,WA,0
2019.0,ERCOT,Solar,85.0,2,4.586,TX,0
2019.0,NYISO,Wind,96.0,2,3.22,NY,0
2019.0,ERCOT,Battery,110.0,0,6.059,TX,0
2019.0,West,Hybrid,40.0,2,3.222,WA,0
2019.0,PJM,Solar,20.0,1,3.524,VA,0
2019.0,ERCOT,Other,77.6,1,2.418,TX,0
2019.0,ERCOT,Solar,180.0,0,6.056,TX,0
2019.0,ERCOT,Other,25.1,2,1.09,TX,0
2019.0,Southeast,Battery,100.0,0,6.056,GA,1
2019.0,Southeast,Battery,200.0,0,6.056,GA,1
2019.0,ERCOT,Solar,228.4,1,1.93,TX,0
2019.0,ISO-NE,Solar,15.0,2,1.919,ME,0
2019.0,West,Other,4.0,1,2.051,MT,0
2019.0,PJM,Battery,20.0,2,1.821,PA,0
2019.0,ERCOT,Other,150.9,2,4.186,TX,0
2019.0,ERCOT,Hybrid,505.5,0,6.042,TX,0
2019.0,ERCOT,Solar,502.5,2,4.244,TX,0
2019.0,ERCOT,Solar,609.7,2,4.413,TX,0
2019.0,ERCOT,Solar,515.9,2,2.073,TX,0
2019.0,ERCOT,Solar,513.5,2,3.967,TX,0
2019.0,Southeast,Solar,74.9,0,6.04,FL,0
2019.0,ERCOT,Solar,200.0,0,6.04,TX,0
2019.0,ISO-NE,Wind,1200.0,0,6.037,MA,0
2019.0,ERCOT,Hybrid,208.9,0,6.037,TX,0
2019.0,ERCOT,Other,25.0,0,6.037,TX,0
2019.0,ERCOT,Hybrid,205.2,0,6.037,TX,0
2019.0,ERCOT,Hybrid,205.2,0,6.037,TX,0
2019.0,ERCOT,Solar,203.0,1,4.652,TX,0
2019.0,Southeast,Solar,74.5,1,3.118,FL,0
2019.0,NYISO,Battery,7.0,2,0.364,NY,0
2019.0,PJM,Solar,126.0,2,5.875,NC,0
2019.0,NYISO,Solar,20.0,2,2.949,NY,0
2019.0,PJM,Solar,150.0,2,4.515,NC,0
2019.0,ERCOT,Hybrid,203.9,0,6.034,TX,0
2019.0,PJM,Solar,70.0,0,6.034,OH,0
2019.0,Southeast,Solar,75.0,0,6.031,SC,0
2019.0,ERCOT,Hybrid,50.3,0,6.031,TX,0
2019.0,NYISO,Battery,10.0,2,0.115,NY,0
2019.0,Southeast,Solar,100.0,0,6.031,SC,0
2019.0,PJM,Solar,60.0,2,3.729,VA,0
2019.0,ERCOT,Other,209.0,2,2.39,TX,0
2019.0,PJM,Solar,50.0,0,6.023,PA,0
2019.0,ERCOT,Other,51.6,1,3.529,TX,0
2019.0,Southeast,Hybrid,163.0,2,4.424,GA,0
2019.0,ERCOT,Solar,204.8,2,0.515,TX,0
2019.0,PJM,Gas,200.0,2,0.071,VA,0
2019.0,Southeast,Hybrid,211.4,2,1.049,GA,0
2019.0,ISO-NE,Solar,18.4,2,0.263,ME,0
2019.0,NYISO,Battery,94.0,0,6.012,NY,0
2020.0,ERCOT,Solar,150.0,2,0.86,TX,0
2020.0,ERCOT,Other,70.5,1,4.183,TX,0
2020.0,ERCOT,Hybrid,240.0,0,5.996,TX,0
2020.0,ERCOT,Battery,80.0,0,5.996,TX,0
2020.0,ERCOT,Solar,252.0,0,5.996,TX,0
2020.0,Southeast,Hybrid,300.0,2,0.726,AL,0
2020.0,Southeast,Hybrid,300.0,2,3.88,AL,0
2020.0,ERCOT,Other,51.6,1,3.483,TX,0
2020.0,PJM,Solar,55.0,2,0.643,PA,0
2020.0,PJM,Solar,50.0,2,1.306,PA,0
2020.0,ERCOT,Hybrid,301.3,1,4.876,TX,0
2020.0,West,Wind,100.0,0,5.982,WA,0
2020.0,ISO-NE,Battery,200.0,2,0.178,ME,0
2020.0,West,Hybrid,225.0,0,5.982,CA,0
2020.0,NYISO,Battery,6.0,2,0.14,NY,0
2020.0,NYISO,Solar,20.0,2,0.392,NY,0
2020.0,ERCOT,Solar,401.4,0,5.977,TX,0
2020.0,NYISO,Battery,6.0,2,0.14,NY,0
2020.0,West,Other,3.2,1,4.027,ID,0
2020.0,ISO-NE,Solar,51.0,2,0.816,NH,0
2020.0,NYISO,Battery,125.0,0,5.974,NY,0
2020.0,PJM,Solar,19.9,1,5.251,VA,0
2020.0,ERCOT,Solar,203.0,0,5.966,TX,0
2020.0,ERCOT,Solar,250.0,0,5.966,TX,0
2020.0,ERCOT,Battery,150.6,0,5.966,TX,1
2020.0,NYISO,Battery,297.9,2,1.629,NY,0
2020.0,ERCOT,Other,209.0,2,0.98,TX,0
2020.0,West,Other,50.0,0,5.96,CA,0
2020.0,NYISO,Battery,20.0,2,0.457,NY,0
2020.0,PJM,Hybrid,45.0,2,4.383,VA,0
2020.0,NYISO,Battery,6.6,2,0.372,NY,0
2020.0,NYISO,Battery,10.0,2,0.287,NY,0
2020.0,West,Wind,145.0,0,5.958,NM,0
2020.0,PJM,Solar,50.0,2,5.018,PA,0
2020.0,West,Gas,80.0,0,5.955,NM,0
2020.0,West,Hybrid,400.0,0,5.955,NM,1
2020.0,West,Battery,30.0,2,3.272,NM,1
2020.0,NYISO,Other,550.0,2,0.2,NY,0
2020.0,Southeast,Gas,18.0,1,2.943,NC,0
2020.0,Southeast,Gas,22.0,1,2.943,NC,0
2020.0,Southeast,Gas,21.0,1,3.945,NC,0
2020.0,Southeast,Gas,20.0,1,3.945,NC,0
2020.0,Southeast,Gas,20.0,1,3.945,NC,0
2020.0,ISO-NE,Solar,17.0,2,2.59,ME,0
2020.0,ERCOT,Solar,254.0,1,4.559,TX,0
2020.0,PJM,Solar,3.0,2,0.594,PA,0
2020.0,ERCOT,Solar,254.0,1,4.301,TX,0
2020.0,NYISO,Battery,6.0,2,0.69,NY,0
2020.0,PJM,Battery,20.0,2,3.819,VA,0
2020.0,ERCOT,Solar,200.8,0,5.941,TX,0
2020.0,ERCOT,Solar,255.2,0,5.941,TX,0
2020.0,ERCOT,Solar,50.0,2,0.802,TX,0
2020.0,ERCOT,Solar,417.5,0,5.941,TX,0
2020.0,NYISO,Battery,8.0,2,0.608,NY,0
2020.0,ISO-NE,Gas,9.7,2,5.388,CT,0
2020.0,West,Other,80.0,0,5.936,AZ,0
2020.0,West,Battery,75.0,0,5.936,CO,0
2020.0,PJM,Solar,2.5,2,0.605,NJ,0
2020.0,PJM,Solar,200.0,2,0.611,PA,0
2020.0,PJM,Battery,40.0,2,4.783,VA,0
2020.0,PJM,Solar,20.0,2,4.255,OH,0
2020.0,West,Battery,50.0,2,0.353,CO,0
2020.0,PJM,Battery,9.0,0,5.933,VA,0
2020.0,PJM,Solar,3.0,2,4.194,PA,0
2020.0,NYISO,Battery,6.0,2,0.339,NY,0
2020.0,NYISO,Battery,8.0,2,0.339,NY,0
2020.0,PJM,Solar,3.0,2,4.194,PA,0
2020.0,PJM,Solar,3.0,2,4.194,PA,0
2020.0,NYISO,Battery,8.0,2,0.339,NY,0
2020.0,West,Battery,190.0,0,5.925,WA,0
2020.0,ERCOT,Solar,161.3,0,5.925,TX,0
2020.0,PJM,Solar,3.0,2,4.068,PA,0
2020.0,PJM,Solar,150.0,2,4.983,VA,0
2020.0,PJM,Solar,15.0,2,0.06,NJ,0
2020.0,ERCOT,Other,102.5,0,5.922,TX,0
2020.0,ERCOT,Other,200.0,2,0.422,TX,0
2020.0,ERCOT,Solar,245.8,1,4.98,TX,1
2020.0,NYISO,Wind,44.0,0,5.922,NY,0
2020.0,NYISO,Battery,6.0,2,0.337,NY,0
2020.0,ERCOT,Solar,81.0,1,3.734,TX,0
2020.0,NYISO,Battery,6.0,2,0.501,NY,0
2020.0,NYISO,Battery,8.0,2,0.501,NY,0
2020.0,NYISO,Battery,7.0,2,0.167,NY,0
2020.0,ERCOT,Solar,151.9,0,5.919,TX,0
2020.0,PJM,Solar,150.0,0,5.919,IN,0
2020.0,PJM,Solar,40.0,2,4.616,OH,0
2020.0,PJM,Solar,150.0,2,4.4,VA,0
2020.0,NYISO,Battery,6.0,2,0.501,NY,0
2020.0,PJM,Solar,80.0,2,4.616,OH,0
2020.0,NYISO,Battery,6.0,2,0.413,NY,0
2020.0,NYISO,Battery,10.0,2,2.664,NY,0
2020.0,PJM,Solar,42.0,2,4.772,OH,0
2020.0,PJM,Solar,50.0,2,1.476,VA,0
2020.0,PJM,Battery,100.0,2,3.195,NJ,0
2020.0,PJM,Battery,50.0,2,3.058,NJ,0
2020.0,PJM,Solar,90.0,2,0.419,NC,0
2020.0,PJM,Solar,40.0,2,0.419,NC,0
2020.0,PJM,Wind,18.2,2,4.977,IL,0
2020.0,PJM,Solar,80.0,0,5.916,NC,0
2020.0,PJM,Solar,165.0,2,3.633,OH,0
2020.0,PJM,Solar,150.0,0,5.916,MI,0
2020.0,PJM,Solar,100.0,2,4.55,VA,0
2020.0,PJM,Solar,150.0,0,5.916,VA,0
2020.0,PJM,Solar,55.0,2,5.402,PA,0
2020.0,PJM,Wind,8.4,2,5.758,IL,0
2020.0,PJM,Hybrid,200.0,0,5.914,IN,0
2020.0,PJM,Solar,20.0,1,4.339,VA,0
2020.0,PJM,Solar,50.0,1,4.903,VA,0
2020.0,PJM,Solar,19.6,0,5.908,PA,0
2020.0,PJM,Solar,7.2,2,3.765,PA,0
2020.0,ERCOT,Solar,602.4,1,4.548,TX,0
2020.0,West,Hybrid,300.0,0,5.908,WA,1
2020.0,ERCOT,Solar,145.0,2,4.761,TX,0
2020.0,Southeast,Solar,100.0,2,0.945,AL,0
2020.0,ERCOT,Solar,200.0,0,5.906,TX,0
2020.0,Southeast,Solar,74.5,1,2.99,FL,0
2020.0,Southeast,Hybrid,175.0,2,4.32,GA,0
2020.0,Southeast,Solar,74.5,1,4.153,FL,0
2020.0,PJM,Battery,20.0,1,3.795,VA,0
2020.0,Southeast,Hybrid,150.0,2,0.476,AL,0
2020.0,Southeast,Hybrid,220.0,2,0.454,AL,0
2020.0,Southeast,Solar,74.5,1,4.151,FL,0
2020.0,Southeast,Solar,74.5,0,5.903,FL,0
2020.0,Southeast,Hybrid,88.0,2,0.476,AL,0
2020.0,Southeast,Hybrid,220.0,2,0.09,AL,0
2020.0,PJM,Solar,6.5,0,5.903,PA,0
2020.0,Southeast,Hybrid,88.0,2,0.476,AL,0
2020.0,West,Hybrid,300.0,0,5.903,NV,1
2020.0,Southeast,Hybrid,220.0,2,0.09,AL,0
2020.0,Southeast,Hybrid,220.0,2,0.09,AL,0
2020.0,Southeast,Hybrid,88.0,2,0.476,AL,0
2020.0,Southeast,Hybrid,220.0,2,0.476,AL,0
2020.0,PJM,Solar,110.0,2,4.86,KY,0
2020.0,PJM,Solar,5.0,2,0.556,PA,0
2020.0,Southeast,Battery,30.0,1,1.815,FL,0
2020.0,Southeast,Solar,74.5,1,3.228,FL,0
2020.0,Southeast,Solar,74.5,1,4.816,FL,0
2020.0,Southeast,Battery,30.0,1,1.815,FL,0
2020.0,Southeast,Solar,74.5,1,4.986,FL,0
2020.0,PJM,Solar,34.0,0,5.897,VA,0
2020.0,ERCOT,Hybrid,201.1,0,5.897,TX,0
2020.0,West,Wind,239.0,0,5.889,OR,0
2020.0,Southeast,Gas,780.0,0,5.889,AL,0
2020.0,Southeast,Gas,780.0,0,5.889,KY,0
2020.0,Southeast,Solar,100.0,2,0.537,GA,0
2020.0,PJM,Solar,12.0,2,5.927,PA,0
2020.0,ERCOT,Solar,305.1,1,3.792,TX,0
2020.0,PJM,Solar,40.0,2,4.931,IN,0
2020.0,PJM,Solar,300.0,2,4.945,IL,0
2020.0,West,Hybrid,250.0,0,5.881,CA,0
2020.0,PJM,Solar,144.0,0,5.881,IL,0
2020.0,PJM,Solar,5.0,2,0.605,PA,0
2020.0,PJM,Battery,3.4,2,0.208,KY,0
2020.0,ISO-NE,Solar,5.0,2,0.137,ME,0
2020.0,ISO-NE,Solar,20.0,0,5.864,ME,0
2020.0,West,Solar,72.0,2,1.322,CO,0
2020.0,PJM,Solar,4.0,2,0.797,PA,0
2020.0,Southeast,Solar,100.0,0,5.854,GA,0
2020.0,West,Battery,600.0,0,5.851,OR,0
2020.0,PJM,Solar,50.0,0,5.851,VA,0
2020.0,West,Battery,600.0,0,5.851,OR,0
2020.0,ERCOT,Solar,65.0,2,0.6,TX,0
2020.0,PJM,Hybrid,10.0,2,2.434,VA,0
2020.0,PJM,Battery,20.0,2,0.487,MD,0
2020.0,West,Solar,100.0,0,5.845,CO,0
2020.0,PJM,Solar,20.0,0,5.843,VA,0
2020.0,West,Solar,75.0,0,5.843,CO,0
2020.0,NYISO,Solar,130.0,0,5.843,NY,0
2020.0,West,Other,300.0,0,5.843,AZ,0
2020.0,West,Other,200.0,0,5.843,AZ,0
2020.0,West,Other,38.5,0,5.84,NV,1
2020.0,West,Other,38.5,0,5.84,NV,1
2020.0,West,Other,38.5,0,5.84,NV,0
2020.0,West,Other,38.5,0,5.84,NV,0
2020.0,PJM,Solar,250.0,0,5.84,KY,0
2020.0,PJM,Solar,70.0,2,4.805,PA,0
2020.0,PJM,Solar,80.0,2,4.274,VA,1
2020.0,PJM,Solar,62.0,0,5.84,VA,0
2020.0,PJM,Solar,25.0,0,5.84,VA,0
2020.0,PJM,Solar,15.0,2,4.635,WV,0
2020.0,PJM,Battery,75.0,2,0.074,OH,0
2020.0,NYISO,Solar,20.0,2,0.337,NY,0
2020.0,PJM,Solar,20.0,2,4.728,PA,0
2020.0,PJM,Battery,20.0,2,0.548,NJ,0
2020.0,PJM,Solar,120.0,2,4.791,OH,0
2020.0,PJM,Solar,54.0,2,4.632,IN,0
2020.0,PJM,Solar,12.0,0,5.84,OH,0
2020.0,PJM,Solar,38.0,2,4.668,OH,0
2020.0,PJM,Wind,79.5,2,4.323,IL,0
2020.0,PJM,Solar,10.0,2,3.518,MD,0
2020.0,PJM,Solar,49.0,2,3.458,OH,0
2020.0,PJM,Solar,107.7,0,5.837,OH,1
2020.0,West,Solar,53.0,2,0.786,CO,0
2020.0,West,Wind,120.0,0,5.832,WA,0
2020.0,West,Solar,5.0,2,2.478,WA,0
2020.0,PJM,Solar,20.0,2,3.266,PA,0
2020.0,PJM,Solar,300.0,0,5.826,IN,0
2020.0,PJM,Solar,300.0,0,5.826,IN,0
2020.0,PJM,Solar,18.9,1,5.227,PA,0
2020.0,PJM,Solar,5.0,2,0.476,PA,0
2020.0,ERCOT,Other,103.6,1,3.691,TX,0
2020.0,NYISO,Battery,20.0,2,0.572,NY,0
2020.0,NYISO,Battery,20.0,2,0.657,NY,0
2020.0,ERCOT,Gas,40.0,2,0.208,TX,0
2020.0,PJM,Solar,5.0,2,0.52,PA,0
2020.0,ERCOT,Wind,295.3,0,5.821,TX,0
2020.0,NYISO,Battery,79.7,2,0.569,NY,0
2020.0,Southeast,Solar,37.5,0,5.821,SC,0
2020.0,PJM,Solar,500.0,2,4.98,OH,0
2020.0,PJM,Solar,100.0,1,4.624,IN,0
2020.0,West,Gas,24.0,0,5.812,CO,0
2020.0,Southeast,Solar,74.9,1,2.812,FL,0
2020.0,Southeast,Solar,34.0,0,5.812,SC,0
2020.0,Southeast,Solar,35.0,0,5.812,NC,0
2020.0,West,Solar,199.0,0,5.812,CO,0
2020.0,West,Solar,199.0,0,5.812,CO,0
2020.0,PJM,Solar,19.8,1,3.012,NJ,0
2020.0,PJM,Solar,8.8,1,2.382,NJ,0
2020.0,West,Hybrid,800.0,0,5.807,CA,0
2020.0,PJM,Solar,20.0,2,1.095,PA,0
2020.0,PJM,Hybrid,17.0,1,3.22,VA,0
2020.0,PJM,Solar,150.0,0,5.804,IL,0
2020.0,PJM,Solar,150.0,0,5.804,IL,0
2020.0,PJM,Solar,13.1,2,0.449,PA,0
2020.0,PJM,Solar,13.5,2,1.095,PA,0
2020.0,PJM,Solar,80.0,0,5.804,OH,0
2020.0,PJM,Solar,51.0,2,3.466,PA,0
2020.0,PJM,Solar,88.0,0,5.802,OH,0
2020.0,PJM,Gas,13.0,2,2.743,MD,0
2020.0,PJM,Solar,3.0,2,4.583,PA,0
2020.0,PJM,Gas,5.0,1,3.206,MD,0
2020.0,PJM,Gas,2.0,1,3.206,MD,0
2020.0,PJM,Gas,2.0,2,2.743,MD,0
2020.0,PJM,Gas,3.5,2,2.743,PA,0
2020.0,PJM,Solar,3.0,2,4.583,PA,0
2020.0,PJM,Solar,45.0,0,5.793,IN,0
2020.0,PJM,Gas,4.0,2,2.743,MD,0
2020.0,ISO-NE,Solar,10.0,2,4.126,NH,0
2020.0,PJM,Solar,80.0,2,4.263,PA,0
2020.0,PJM,Hybrid,3.2,1,1.207,OH,0
2020.0,ISO-NE,Solar,6.3,2,5.238,RI,0
2020.0,ISO-NE,Solar,3.8,2,5.238,RI,0
2020.0,ISO-NE,Solar,3.5,2,5.238,RI,0
2020.0,ISO-NE,Solar,4.2,2,5.238,RI,0
2020.0,ISO-NE,Solar,6.5,2,5.238,RI,0
2020.0,ISO-NE,Solar,6.8,2,5.238,RI,0
2020.0,ISO-NE,Solar,5.6,2,5.238,RI,0
2020.0,ISO-NE,Solar,4.4,2,5.238,RI,0
2020.0,ISO-NE,Solar,2.0,2,5.238,RI,0
2020.0,ISO-NE,Solar,7.8,2,5.238,RI,0
2020.0,ISO-NE,Solar,10.4,2,5.238,RI,0
2020.0,ISO-NE,Solar,3.0,2,5.238,RI,0
2020.0,ISO-NE,Solar,2.2,2,5.238,RI,0
2020.0,PJM,Solar,20.0,2,5.487,PA,0
2020.0,ERCOT,Wind,34.0,1,1.188,TX,0
2020.0,NYISO,Solar,20.0,0,5.788,NY,0
2020.0,PJM,Solar,8.0,2,0.465,NJ,0
2020.0,PJM,Other,5.0,1,1.955,NJ,0
2020.0,PJM,Solar,60.0,2,4.257,PA,0
2020.0,PJM,Solar,3.0,2,3.502,PA,0
2020.0,PJM,Solar,10.0,2,0.824,NJ,0
2020.0,PJM,Solar,11.0,2,1.103,NJ,0
2020.0,PJM,Solar,20.0,2,0.463,PA,0
2020.0,PJM,Wind,552.0,2,0.225,NJ,0
2020.0,PJM,Solar,18.9,1,5.342,PA,0
2020.0,PJM,Solar,150.0,2,4.846,VA,0
2020.0,PJM,Wind,200.0,0,5.782,IN,0
2020.0,PJM,Battery,80.0,2,4.263,IL,0
2020.0,PJM,Solar,45.0,2,3.326,OH,0
2020.0,PJM,Solar,300.0,0,5.78,IL,0
2020.0,PJM,Solar,260.0,2,0.471,IN,0
2020.0,PJM,Solar,112.0,2,3.48,IN,0
2020.0,PJM,Solar,150.0,2,1.489,IN,0
2020.0,PJM,Solar,110.0,2,4.569,IN,0
2020.0,PJM,Solar,120.0,0,5.777,OH,0
2020.0,ERCOT,Solar,147.1,1,1.383,TX,0
2020.0,PJM,Wind,440.0,2,4.246,DE,0
2020.0,PJM,Wind,440.0,2,4.246,DE,0
2020.0,PJM,Battery,171.7,2,0.471,PA,0
2020.0,PJM,Wind,30.0,2,2.357,DE,0
2020.0,PJM,Battery,100.8,2,3.461,PA,0
2020.0,PJM,Battery,22.4,2,3.461,OH,1
2020.0,West,Solar,200.0,0,5.774,WA,0
2020.0,PJM,Solar,7.0,0,5.774,NJ,0
2020.0,PJM,Hybrid,110.0,2,4.819,IN,0
2020.0,Southeast,Solar,500.0,2,0.025,GA,0
2020.0,PJM,Battery,50.4,2,3.469,DE,0
2020.0,PJM,Battery,100.8,2,3.439,MD,0
2020.0,West,Hybrid,350.0,0,5.771,AZ,1
2020.0,PJM,Solar,100.0,0,5.771,IL,0
2020.0,PJM,Solar,2.7,2,0.463,NJ,0
2020.0,PJM,Other,199.0,2,4.832,IL,0
2020.0,PJM,Solar,200.0,0,5.771,IL,0
2020.0,PJM,Solar,15.4,2,0.468,NJ,0
2020.0,PJM,Battery,81.2,2,3.387,PA,0
2020.0,PJM,Battery,151.2,2,0.416,NC,0
2020.0,PJM,Solar,200.0,2,0.953,OH,0
2020.0,PJM,Solar,140.0,2,4.83,OH,0
2020.0,PJM,Solar,5.0,2,3.934,PA,0
2020.0,PJM,Solar,100.0,2,1.057,IN,0
2020.0,PJM,Solar,150.0,2,0.444,OH,0
2020.0,PJM,Solar,220.0,2,0.444,OH,0
2020.0,PJM,Solar,200.0,0,5.769,IN,0
2020.0,PJM,Solar,20.0,2,1.049,PA,0
2020.0,PJM,Solar,150.0,2,1.057,IN,0
2020.0,PJM,Solar,58.0,2,0.077,NC,0
2020.0,PJM,Solar,37.0,2,0.424,VA,0
2020.0,ISO-NE,Hybrid,5.0,2,5.218,MA,0
2020.0,ISO-NE,Hybrid,20.5,2,5.218,MA,0
2020.0,ISO-NE,Hybrid,11.3,2,5.218,MA,0
2020.0,ISO-NE,Hybrid,55.1,2,5.218,MA,0
2020.0,ISO-NE,Solar,5.1,2,5.218,MA,0
2020.0,ISO-NE,Hybrid,9.8,2,5.218,MA,0
2020.0,ERCOT,Other,101.0,1,2.007,TX,0
2020.0,ERCOT,Other,101.0,1,2.39,TX,0
2020.0,PJM,Solar,200.0,2,3.472,OH,0
2020.0,PJM,Solar,167.0,0,5.769,VA,0
2020.0,PJM,Solar,15.0,0,5.769,PA,0
2020.0,ERCOT,Other,51.5,2,3.702,TX,0
2020.0,PJM,Solar,50.0,2,0.427,OH,0
2020.0,West,Hybrid,500.0,0,5.766,AZ,1
2020.0,West,Hybrid,200.0,0,5.766,AZ,0
2020.0,ERCOT,Hybrid,189.5,0,5.766,TX,0
2020.0,ERCOT,Gas,697.0,0,5.766,TX,0
2020.0,ERCOT,Solar,469.4,0,5.766,TX,0
2020.0,ISO-NE,Solar,10.0,2,0.942,NH,0
2020.0,West,Solar,199.0,2,2.322,CO,0
2020.0,West,Other,1000.0,2,2.355,CO,0
2020.0,PJM,Solar,20.0,0,5.766,PA,0
2020.0,PJM,Solar,20.0,2,1.008,PA,0
2020.0,PJM,Solar,7.0,2,0.98,PA,0
2020.0,PJM,Battery,50.0,0,5.766,IL,0
2020.0,PJM,Solar,150.0,0,5.766,IL,0
2020.0,PJM,Solar,100.0,0,5.766,IN,0
2020.0,PJM,Hybrid,40.0,0,5.766,PA,0
2020.0,PJM,Solar,8.0,2,0.471,PA,0
2020.0,PJM,Hybrid,20.0,0,5.766,PA,0
2020.0,PJM,Solar,10.0,2,0.471,PA,0
2020.0,PJM,Solar,5.0,2,0.567,PA,0
2020.0,PJM,Solar,4.0,2,0.416,PA,0
2020.0,PJM,Solar,20.0,0,5.766,PA,0
2020.0,PJM,Solar,61.0,2,3.368,PA,0
2020.0,PJM,Solar,20.0,2,0.997,PA,0
2020.0,PJM,Solar,63.8,2,3.466,PA,0
2020.0,PJM,Hybrid,40.0,2,3.466,PA,0
2020.0,PJM,Hybrid,3.0,2,3.655,PA,0
2020.0,PJM,Solar,10.0,2,5.421,PA,0
2020.0,PJM,Hybrid,2.0,2,3.655,PA,0
2020.0,PJM,Hybrid,3.0,2,3.655,PA,0
2020.0,PJM,Solar,15.0,2,0.78,VA,0
2020.0,PJM,Hybrid,3.0,2,4.079,PA,0
2020.0,PJM,Hybrid,3.0,2,2.253,PA,0
2020.0,PJM,Hybrid,2.0,2,3.655,PA,0
2020.0,PJM,Hybrid,3.0,2,3.655,PA,0
2020.0,PJM,Hybrid,3.0,2,2.253,PA,0
2020.0,PJM,Hybrid,3.0,2,3.655,PA,0
2020.0,PJM,Hybrid,3.0,2,3.655,PA,0
2020.0,PJM,Hybrid,3.0,2,3.655,PA,0
2020.0,PJM,Hybrid,2.0,2,3.655,PA,0
2020.0,PJM,Solar,15.0,2,4.983,PA,0
2020.0,West,Hybrid,450.0,0,5.763,AZ,0
2020.0,PJM,Hybrid,3.0,2,3.655,PA,0
2020.0,PJM,Hybrid,2.0,2,3.655,PA,0
2020.0,PJM,Hybrid,3.0,2,4.025,PA,0
2020.0,PJM,Hybrid,3.0,2,4.025,PA,0
2020.0,PJM,Nuclear,50.0,2,2.678,PA,0
2020.0,PJM,Solar,2.0,1,2.563,MD,0
2020.0,PJM,Battery,3.0,2,4.29,MD,0
2020.0,PJM,Solar,80.0,2,0.994,NC,0
2020.0,PJM,Solar,7.2,2,1.068,MD,0
2020.0,PJM,Solar,5.0,1,1.93,NJ,0
2020.0,PJM,Solar,10.0,0,5.763,NJ,0
2020.0,PJM,Solar,5.0,2,2.144,VA,0
2020.0,PJM,Solar,5.0,2,2.144,VA,0
2020.0,PJM,Solar,5.0,2,2.157,VA,0
2020.0,PJM,Solar,5.0,2,2.157,VA,0
2020.0,PJM,Solar,25.0,2,3.45,VA,0
2020.0,PJM,Solar,85.0,2,5.029,KY,0
2020.0,PJM,Battery,50.0,0,5.763,IL,0
2020.0,PJM,Solar,75.0,2,0.422,PA,0
2020.0,PJM,Solar,98.0,2,4.235,OH,0
2020.0,PJM,Solar,20.0,2,0.411,NC,0
2020.0,PJM,Solar,15.0,2,3.422,PA,0
2020.0,PJM,Battery,50.0,2,1.005,VA,0
2020.0,PJM,Wind,210.9,2,0.471,IL,0
2020.0,PJM,Solar,58.0,2,0.055,KY,0
2020.0,PJM,Hybrid,2.0,2,4.025,PA,0
2020.0,PJM,Hybrid,3.7,2,0.085,PA,0
2020.0,PJM,Hybrid,3.7,2,3.526,PA,0
2020.0,PJM,Hybrid,3.0,2,3.956,PA,0
2020.0,PJM,Hybrid,3.0,2,3.956,PA,0
2020.0,PJM,Hybrid,3.0,2,2.396,PA,0
2020.0,PJM,Hybrid,132.0,2,0.43,KY,0
2020.0,PJM,Solar,45.0,2,0.422,PA,0
2020.0,PJM,Solar,70.0,2,0.468,PA,0
2020.0,PJM,Hybrid,1.2,2,3.953,PA,0
2020.0,PJM,Solar,20.0,0,5.76,PA,0
2020.0,PJM,Solar,20.0,2,4.846,PA,0
2020.0,PJM,Hybrid,1.2,2,3.765,PA,0
2020.0,PJM,Solar,100.0,0,5.76,WV,0
2020.0,PJM,Hybrid,3.0,2,3.723,PA,0
2020.0,PJM,Solar,80.0,2,5.602,VA,0
2020.0,PJM,Solar,17.0,0,5.758,PA,0
2020.0,PJM,Hybrid,10.0,0,5.755,MD,0
2020.0,PJM,Hybrid,20.0,2,0.312,NC,0
2020.0,PJM,Hybrid,20.0,2,0.312,VA,0
2020.0,PJM,Solar,75.0,2,3.921,KY,0
2020.0,PJM,Battery,42.2,2,4.816,IL,0
2020.0,PJM,Solar,20.0,2,4.994,PA,0
2020.0,PJM,Solar,50.0,2,4.994,PA,0
2020.0,PJM,Solar,50.0,2,4.994,PA,0
2020.0,PJM,Solar,20.0,2,4.994,PA,0
2020.0,PJM,Solar,75.0,2,4.816,NC,0
2020.0,West,Hybrid,53.0,0,5.755,AZ,0
2020.0,PJM,Solar,70.0,2,0.452,PA,0
2020.0,PJM,Solar,44.0,2,0.49,PA,0
2020.0,PJM,Solar,100.0,0,5.755,WV,0
2020.0,PJM,Solar,148.0,2,4.816,OH,0
2020.0,PJM,Solar,199.7,2,4.676,PA,0
2020.0,PJM,Solar,49.9,0,5.755,OH,0
2020.0,PJM,Solar,20.0,2,4.994,VA,0
2020.0,PJM,Solar,25.0,2,0.411,VA,0
2020.0,PJM,Solar,20.0,2,4.816,VA,0
2020.0,PJM,Hybrid,100.0,0,5.755,NC,0
2020.0,PJM,Hybrid,89.0,0,5.755,VA,0
2020.0,PJM,Battery,26.0,2,5.029,KY,0
2020.0,PJM,Solar,64.2,2,5.596,KY,0
2020.0,PJM,Battery,28.0,2,4.542,KY,0
2020.0,PJM,Solar,18.0,0,5.755,VA,0
2020.0,PJM,Hybrid,20.0,2,1.133,MD,0
2020.0,PJM,Solar,70.0,2,4.542,KY,0
2020.0,PJM,Battery,50.0,0,5.755,IL,0
2020.0,PJM,Solar,20.0,2,1.04,PA,0
2020.0,PJM,Nuclear,50.0,2,2.669,PA,0
2020.0,PJM,Solar,10.0,2,4.337,PA,0
2020.0,PJM,Solar,150.0,0,5.755,WV,0
2020.0,PJM,Solar,18.0,2,0.433,PA,0
2020.0,PJM,Solar,19.9,2,3.452,MD,0
2020.0,PJM,Battery,300.0,2,0.69,PA,0
2020.0,PJM,Battery,150.0,0,5.752,NJ,0
2020.0,PJM,Battery,300.0,2,3.447,NJ,0
2020.0,PJM,Battery,250.0,0,5.752,NJ,0
2020.0,PJM,Solar,20.0,0,5.752,PA,0
2020.0,PJM,Battery,100.0,2,4.813,PA,0
2020.0,PJM,Solar,20.0,2,3.452,PA,0
2020.0,PJM,Solar,20.0,2,0.457,KY,0
2020.0,PJM,Battery,10.0,2,0.066,MD,0
2020.0,PJM,Battery,75.0,2,4.225,PA,0
2020.0,PJM,Battery,80.0,0,5.752,IN,0
2020.0,PJM,Battery,300.0,2,5.793,IN,0
2020.0,PJM,Battery,10.0,2,4.734,PA,0
2020.0,PJM,Battery,8.0,2,4.813,VA,0
2020.0,PJM,Solar,16.6,2,0.427,VA,0
2020.0,PJM,Solar,9.3,2,1.112,VA,0
2020.0,PJM,Solar,20.0,2,0.457,KY,0
2020.0,PJM,Solar,5.2,2,0.441,VA,0
2020.0,PJM,Solar,3.0,2,4.523,PA,0
2020.0,PJM,Hybrid,200.0,0,5.752,MI,0
2020.0,PJM,Battery,100.0,2,1.265,MD,0
2020.0,PJM,Solar,20.0,2,0.408,PA,0
2020.0,PJM,Hybrid,2.0,2,3.644,PA,0
2020.0,PJM,Solar,20.0,0,5.752,PA,0
2020.0,PJM,Gas,89.6,1,2.856,OH,0
2020.0,West,Hybrid,300.0,2,0.197,NM,0
2020.0,SPP,Wind,150.0,2,2.976,TX,0
2020.0,PJM,Solar,19.8,2,4.717,PA,0
2020.0,PJM,Battery,200.0,0,5.752,IL,1
2020.0,PJM,Solar,50.0,0,5.752,OH,0
2020.0,PJM,Solar,50.0,2,1.062,PA,0
2020.0,PJM,Solar,20.0,2,3.452,PA,0
2020.0,PJM,Gas,1.5,1,0.783,PA,0
2020.0,PJM,Solar,20.0,2,0.463,PA,0
2020.0,PJM,Gas,1.5,1,0.964,PA,0
2020.0,PJM,Solar,20.0,0,5.752,MD,0
2020.0,PJM,Solar,20.0,0,5.752,PA,0
2020.0,PJM,Hybrid,1.2,2,3.756,PA,0
2020.0,PJM,Hybrid,3.0,2,3.756,PA,0
2020.0,PJM,Hybrid,3.7,2,3.756,PA,0
2020.0,PJM,Hybrid,3.0,2,4.066,PA,0
2020.0,PJM,Hybrid,3.0,2,3.644,PA,0
2020.0,PJM,Hybrid,1.2,2,3.756,PA,0
2020.0,PJM,Solar,20.0,0,5.752,PA,0
2020.0,PJM,Solar,55.0,2,0.424,MD,0
2020.0,PJM,Battery,40.0,2,4.813,IL,0
2020.0,PJM,Solar,100.0,0,5.752,IL,0
2020.0,PJM,Wind,199.0,2,5.593,IL,0
2020.0,PJM,Solar,81.4,2,4.674,IL,0
2020.0,PJM,Solar,50.0,2,0.06,VA,0
2020.0,PJM,Battery,60.0,2,4.813,IL,0
2020.0,PJM,Solar,125.0,2,0.085,MD,0
2020.0,PJM,Solar,125.0,0,5.752,IN,0
2020.0,PJM,Solar,100.0,2,5.593,MD,0
2020.0,PJM,Solar,24.0,2,0.994,MD,0
2020.0,PJM,Solar,175.0,0,5.752,MD,0
2020.0,PJM,Solar,225.0,2,4.813,KY,0
2020.0,PJM,Solar,11.0,0,5.752,NJ,0
2020.0,PJM,Hybrid,800.0,2,0.457,IN,0
2020.0,PJM,Battery,50.0,0,5.752,IL,0
2020.0,PJM,Solar,81.4,2,1.002,IL,0
2020.0,PJM,Battery,20.0,2,4.233,IL,0
2020.0,PJM,Solar,250.0,2,4.813,KY,0
2020.0,PJM,Solar,75.0,2,3.535,IL,0
2020.0,PJM,Solar,20.0,2,1.311,PA,0
2020.0,PJM,Solar,20.0,2,1.311,PA,0
2020.0,PJM,Solar,20.0,2,1.311,PA,0
2020.0,PJM,Solar,20.0,2,1.311,PA,0
2020.0,PJM,Solar,20.0,2,1.311,PA,0
2020.0,PJM,Solar,20.0,2,0.027,PA,0
2020.0,PJM,Solar,20.0,2,3.45,PA,0
2020.0,PJM,Solar,20.0,2,4.372,PA,0
2020.0,PJM,Solar,20.0,2,4.372,PA,0
2020.0,ISO-NE,Solar,40.0,2,0.216,ME,0
2020.0,PJM,Solar,300.0,0,5.752,IL,0
2020.0,PJM,Solar,50.0,2,5.593,KY,0
2020.0,PJM,Solar,80.0,0,5.752,PA,0
2020.0,PJM,Other,12.0,2,4.876,PA,0
2020.0,PJM,Hybrid,120.0,2,4.791,KY,0
2020.0,PJM,Solar,100.0,2,0.082,MI,0
2020.0,PJM,Solar,50.0,2,5.405,MI,0
2020.0,PJM,Wind,200.0,0,5.752,IN,0
2020.0,PJM,Solar,100.0,2,1.002,MD,0
2020.0,PJM,Solar,15.0,2,0.545,OH,0
2020.0,PJM,Solar,75.0,2,1.539,DE,0
2020.0,PJM,Hybrid,20.0,2,4.983,PA,0
2020.0,PJM,Solar,94.9,0,5.752,IL,0
2020.0,PJM,Solar,75.0,0,5.752,VA,0
2020.0,PJM,Solar,15.0,2,4.961,PA,0
2020.0,PJM,Hybrid,20.0,2,5.484,PA,0
2020.0,PJM,Solar,20.0,2,3.45,PA,0
2020.0,PJM,Battery,50.0,0,5.752,OH,0
2020.0,PJM,Other,9.5,2,4.873,PA,0
2020.0,PJM,Battery,50.0,0,5.752,OH,0
2020.0,PJM,Solar,129.6,0,5.752,OH,0
2020.0,PJM,Solar,100.0,2,0.449,OH,0
2020.0,PJM,Solar,20.0,2,0.427,VA,0
2020.0,PJM,Solar,14.2,2,0.405,VA,0
2020.0,PJM,Solar,20.0,2,0.389,VA,0
2020.0,PJM,Solar,84.0,0,5.752,OH,0
2020.0,PJM,Hybrid,2.6,0,5.752,MD,0
2020.0,ISO-NE,Battery,150.0,2,3.162,MA,0
2020.0,PJM,Hybrid,130.0,2,4.23,VA,0
2020.0,PJM,Solar,20.0,0,5.749,PA,0
2020.0,SPP,Other,58.0,0,5.749,KS,0
2020.0,PJM,Hybrid,3.9,0,5.749,MD,0
2020.0,PJM,Solar,7.1,2,3.431,VA,0
2020.0,CAISO,Gas,60.0,2,0.6,CA,0
2020.0,PJM,Battery,10.0,2,5.558,NJ,0
2020.0,PJM,Solar,19.8,0,5.749,PA,0
2020.0,PJM,Solar,60.0,2,4.222,PA,0
2020.0,ISO-NE,Solar,4.0,2,1.298,ME,0
2020.0,Southeast,Solar,145.0,0,5.747,MS,0
2020.0,NYISO,Battery,20.0,2,0.578,NY,0
2020.0,PJM,Solar,31.0,2,4.772,NJ,0
2020.0,SPP,Solar,250.0,2,2.582,NE,0
2020.0,SPP,Solar,81.0,1,4.071,NE,0
2020.0,West,Solar,20.0,0,5.736,OR,0
2020.0,NYISO,Solar,20.0,0,5.736,NY,0
2020.0,West,Solar,20.0,0,5.736,OR,0
2020.0,Southeast,Battery,65.0,1,4.528,GA,0
2020.0,ISO-NE,Solar,20.0,2,5.599,ME,0
2020.0,West,Hybrid,230.0,0,5.733,CO,0
2020.0,SPP,Battery,202.0,2,3.926,OK,0
2020.0,SPP,Hybrid,300.0,2,4.988,OK,0
2020.0,SPP,Hybrid,320.0,0,5.73,NE,0
2020.0,SPP,Hybrid,140.0,0,5.73,OK,0
2020.0,ISO-NE,Hybrid,11.8,2,5.177,MA,0
2020.0,ISO-NE,Hybrid,24.6,2,5.177,MA,0
2020.0,ISO-NE,Solar,12.5,2,5.177,MA,0
2020.0,ISO-NE,Solar,2.8,2,5.177,MA,0
2020.0,ISO-NE,Hybrid,19.0,2,5.177,MA,0
2020.0,ISO-NE,Hybrid,29.1,2,5.177,MA,0
2020.0,ISO-NE,Hybrid,3.2,2,5.177,MA,0
2020.0,ISO-NE,Hybrid,44.1,2,5.177,MA,0
2020.0,ISO-NE,Hybrid,33.7,2,5.177,MA,0
2020.0,ISO-NE,Solar,4.9,2,5.177,MA,0
2020.0,ISO-NE,Hybrid,7.0,2,5.177,MA,0
2020.0,ISO-NE,Hybrid,48.0,2,5.177,MA,0
2020.0,ISO-NE,Hybrid,2.0,2,5.177,MA,0
2020.0,ISO-NE,Hybrid,5.5,2,5.177,MA,0
2020.0,ISO-NE,Hybrid,5.0,2,5.177,MA,0
2020.0,ISO-NE,Hybrid,9.5,2,5.177,MA,0
2020.0,ISO-NE,Hybrid,7.5,2,5.177,MA,0
2020.0,ISO-NE,Hybrid,8.0,2,5.177,MA,0
2020.0,ISO-NE,Hybrid,27.9,2,5.177,MA,0
2020.0,ISO-NE,Solar,2.5,2,5.177,MA,0
2020.0,ISO-NE,Hybrid,10.0,2,5.177,MA,0
2020.0,SPP,Hybrid,215.0,0,5.725,NE,0
2020.0,SPP,Hybrid,113.0,0,5.725,OK,0
2020.0,ERCOT,Other,420.0,2,0.526,TX,0
2020.0,ERCOT,Other,52.2,2,0.98,TX,0
2020.0,ERCOT,Other,200.8,1,4.222,TX,0
2020.0,West,Wind,500.0,2,0.887,NM,0
2020.0,West,Hybrid,40.0,0,5.717,OR,0
2020.0,CAISO,Wind,1.6,1,0.958,CA,0
2020.0,CAISO,Hybrid,947.5,2,4.153,AZ,1
2020.0,CAISO,Other,619.7,2,0.939,CA,0
2020.0,CAISO,Hybrid,1017.1,0,5.711,CA,0
2020.0,CAISO,Other,615.1,2,5.599,CA,0
2020.0,CAISO,Hybrid,234.0,0,5.711,CA,0
2020.0,CAISO,Hybrid,1017.1,2,0.4,CA,0
2020.0,CAISO,Hybrid,313.0,2,0.208,CA,0
2020.0,CAISO,Hybrid,156.8,2,0.208,CA,0
2020.0,CAISO,Hybrid,300.0,0,5.711,CA,0
2020.0,CAISO,Hybrid,145.0,0,5.711,CA,0
2020.0,CAISO,Other,622.9,2,5.582,CA,0
2020.0,CAISO,Hybrid,227.4,2,0.23,CA,0
2020.0,CAISO,Hybrid,300.0,0,5.711,CA,0
2020.0,CAISO,Other,620.0,0,5.711,CA,0
2020.0,CAISO,Other,2807.0,2,3.682,CA,0
2020.0,CAISO,Hybrid,512.6,0,5.711,CA,0
2020.0,CAISO,Other,619.7,2,0.936,CA,0
2020.0,CAISO,Hybrid,300.0,2,0.225,CA,0
2020.0,CAISO,Hybrid,500.0,0,5.711,CA,0
2020.0,CAISO,Hybrid,538.8,2,1.057,CA,0
2020.0,CAISO,Other,628.0,2,4.794,CA,0
2020.0,CAISO,Hybrid,203.6,0,5.711,CA,0
2020.0,CAISO,Hybrid,308.1,2,1.049,CA,0
2020.0,CAISO,Hybrid,235.1,2,0.964,CA,0
2020.0,CAISO,Hybrid,811.6,2,0.903,CA,0
2020.0,CAISO,Hybrid,154.9,2,0.991,CA,0
2020.0,CAISO,Hybrid,247.2,2,0.994,CA,0
2020.0,CAISO,Hybrid,1887.4,2,0.983,CA,0
2020.0,CAISO,Hybrid,306.0,0,5.711,CA,0
2020.0,CAISO,Hybrid,3644.7,2,1.049,AZ,1
2020.0,CAISO,Hybrid,942.6,2,0.923,AZ,1
2020.0,CAISO,Hybrid,613.4,2,0.925,AZ,1
2020.0,CAISO,Hybrid,154.9,0,5.711,CA,0
2020.0,CAISO,Hybrid,586.9,2,0.923,CA,0
2020.0,CAISO,Hybrid,600.0,2,1.029,CA,0
2020.0,CAISO,Hybrid,400.0,0,5.711,CA,0
2020.0,CAISO,Hybrid,450.0,2,1.029,NV,1
2020.0,CAISO,Hybrid,500.0,0,5.711,CA,0
2020.0,CAISO,Hybrid,407.6,0,5.711,NV,1
2020.0,CAISO,Hybrid,817.4,0,5.711,NV,1
2020.0,CAISO,Hybrid,400.0,0,5.711,NV,0
2020.0,CAISO,Hybrid,410.8,2,0.901,CA,0
2020.0,CAISO,Battery,101.9,2,3.012,CA,0
2020.0,CAISO,Hybrid,350.0,0,5.711,AZ,0
2020.0,CAISO,Battery,313.0,0,5.711,CA,0
2020.0,CAISO,Battery,30.0,2,0.216,CA,0
2020.0,CAISO,Battery,101.9,2,0.914,CA,0
2020.0,CAISO,Battery,154.1,2,0.901,CA,0
2020.0,CAISO,Battery,256.9,0,5.711,CA,0
2020.0,CAISO,Hybrid,505.2,2,0.225,AZ,1
2020.0,CAISO,Hybrid,235.7,2,1.068,CA,0
2020.0,CAISO,Hybrid,900.0,0,5.711,NV,1
2020.0,CAISO,Hybrid,155.0,0,5.711,CA,0
2020.0,CAISO,Battery,300.0,2,0.225,CA,0
2020.0,CAISO,Hybrid,100.0,0,5.711,CA,0
2020.0,CAISO,Hybrid,400.0,0,5.711,CA,0
2020.0,CAISO,Other,619.2,2,1.068,CA,0
2020.0,CAISO,Hybrid,610.4,2,0.906,CA,0
2020.0,CAISO,Battery,425.1,2,3.852,CA,0
2020.0,CAISO,Battery,101.9,2,3.737,CA,0
2020.0,CAISO,Wind,1001.0,0,5.711,MX,0
2020.0,CAISO,Battery,407.0,2,5.73,CA,0
2020.0,CAISO,Battery,52.0,0,5.711,CA,0
2020.0,CAISO,Battery,82.6,2,0.282,CA,0
2020.0,CAISO,Solar,125.0,0,5.711,AZ,1
2020.0,CAISO,Gas,26.4,2,0.92,CA,0
2020.0,CAISO,Battery,103.3,2,3.904,CA,0
2020.0,CAISO,Hybrid,40.3,2,0.282,CA,0
2020.0,CAISO,Battery,160.0,2,5.005,CA,0
2020.0,CAISO,Hybrid,450.1,2,3.981,AZ,1
2020.0,CAISO,Hybrid,205.0,2,0.942,CA,0
2020.0,CAISO,Hybrid,309.4,2,1.073,CA,0
2020.0,CAISO,Hybrid,700.9,2,1.098,CA,0
2020.0,CAISO,Hybrid,173.4,2,1.109,CA,0
2020.0,CAISO,Hybrid,169.8,0,5.711,CA,0
2020.0,CAISO,Battery,30.6,2,0.977,CA,0
2020.0,CAISO,Battery,31.8,2,0.216,CA,0
2020.0,CAISO,Battery,71.4,2,0.194,CA,0
2020.0,CAISO,Battery,203.6,2,3.053,CA,0
2020.0,CAISO,Hybrid,158.2,2,0.98,CA,0
2020.0,CAISO,Battery,102.0,2,1.117,CA,0
2020.0,CAISO,Hybrid,30.2,2,0.925,CA,0
2020.0,CAISO,Other,616.2,2,5.079,CA,0
2020.0,CAISO,Hybrid,1887.4,2,0.983,CA,0
2020.0,CAISO,Battery,632.4,2,3.598,CA,0
2020.0,CAISO,Solar,27.3,2,0.227,CA,0
2020.0,CAISO,Battery,30.8,2,0.266,CA,0
2020.0,CAISO,Battery,102.0,2,1.117,CA,0
2020.0,CAISO,Hybrid,617.9,0,5.711,AZ,1
2020.0,CAISO,Battery,250.0,2,0.17,CA,1
2020.0,CAISO,Battery,102.0,2,0.249,CA,0
2020.0,CAISO,Battery,253.7,2,0.98,CA,0
2020.0,CAISO,Battery,102.2,2,5.437,CA,0
2020.0,CAISO,Battery,300.0,2,0.964,CA,1
2020.0,CAISO,Battery,313.0,2,3.97,CA,0
2020.0,CAISO,Battery,102.0,0,5.711,CA,0
2020.0,CAISO,Battery,102.8,2,0.934,CA,0
2020.0,CAISO,Battery,102.0,2,4.14,CA,0
2020.0,CAISO,Battery,950.4,2,0.942,CA,0
2020.0,CAISO,Battery,305.2,2,0.235,CA,0
2020.0,CAISO,Battery,300.0,2,0.227,CA,1
2020.0,CAISO,Battery,102.8,2,4.548,CA,0
2020.0,CAISO,Battery,102.0,2,0.249,CA,0
2020.0,CAISO,Battery,150.9,2,0.98,CA,1
2020.0,CAISO,Battery,152.3,2,0.282,CA,0
2020.0,CAISO,Battery,675.0,0,5.711,CA,0
2020.0,CAISO,Wind,1456.0,2,0.942,CA,0
2020.0,CAISO,Hybrid,700.9,2,0.175,CA,0
2020.0,CAISO,Gas,655.7,0,5.711,CA,0
2020.0,CAISO,Battery,75.0,2,5.169,CA,0
2020.0,CAISO,Battery,75.0,2,0.917,CA,0
2020.0,CAISO,Other,1224.7,0,5.711,CA,0
2020.0,CAISO,Hybrid,173.2,2,0.156,CA,0
2020.0,CAISO,Hybrid,72.3,0,5.711,CA,0
2020.0,CAISO,Hybrid,232.5,2,0.991,CA,0
2020.0,CAISO,Hybrid,229.1,2,0.997,CA,0
2020.0,CAISO,Hybrid,405.0,2,0.956,CA,0
2020.0,CAISO,Hybrid,3400.0,2,0.983,CA,0
2020.0,CAISO,Hybrid,152.2,2,0.23,CA,0
2020.0,CAISO,Hybrid,205.0,2,0.635,CA,0
2020.0,CAISO,Hybrid,115.4,0,5.711,CA,0
2020.0,CAISO,Hybrid,151.8,2,0.23,CA,0
2020.0,CAISO,Hybrid,530.2,2,0.991,CA,0
2020.0,CAISO,Hybrid,500.0,2,0.983,CA,0
2020.0,CAISO,Hybrid,76.9,2,0.216,CA,0
2020.0,CAISO,Hybrid,493.5,2,0.227,CA,0
2020.0,CAISO,Wind,1021.1,2,0.956,CA,0
2020.0,CAISO,Battery,20.8,2,3.053,CA,0
2020.0,CAISO,Solar,560.3,0,5.711,CA,0
2020.0,CAISO,Wind,1028.9,0,5.711,CA,0
2020.0,CAISO,Battery,300.0,0,5.711,CA,0
2020.0,CAISO,Battery,510.0,2,1.068,CA,0
2020.0,CAISO,Battery,408.1,2,0.906,CA,0
2020.0,CAISO,Battery,250.0,0,5.711,CA,0
2020.0,CAISO,Battery,152.5,2,0.211,CA,0
2020.0,CAISO,Battery,256.3,0,5.711,NV,1
2020.0,CAISO,Battery,313.0,0,5.711,CA,0
2020.0,CAISO,Battery,300.0,2,1.029,CA,0
2020.0,CAISO,Wind,257.6,2,0.901,CA,0
2020.0,CAISO,Battery,75.0,2,0.887,CA,0
2020.0,CAISO,Wind,771.8,2,0.227,CA,0
2020.0,CAISO,Battery,409.0,0,5.711,CA,0
2020.0,CAISO,Wind,100.0,0,5.711,CA,0
2020.0,CAISO,Wind,100.0,2,0.194,CA,0
2020.0,CAISO,Battery,300.0,2,0.225,CA,0
2020.0,CAISO,Battery,81.4,2,0.898,CA,0
2020.0,PJM,Other,5.2,2,0.099,PA,0
2020.0,NYISO,Battery,51.5,2,0.454,NY,0
2020.0,Southeast,Other,400.0,2,4.523,AL,0
2020.0,Southeast,Other,400.0,2,4.523,AL,0
2020.0,Southeast,Solar,74.5,1,3.786,FL,0
2020.0,SPP,Solar,104.0,2,3.893,OK,0
2020.0,Southeast,Solar,74.9,1,2.053,FL,0
2020.0,SPP,Gas,45.0,1,1.498,ND,0
2020.0,PJM,Hybrid,400.0,2,4.816,OH,0
2020.0,ISO-NE,Gas,800.0,2,0.356,MA,0
2020.0,ISO-NE,Gas,800.0,2,0.356,MA,0
2020.0,PJM,Battery,200.0,2,4.816,OH,0
2020.0,SPP,Wind,202.0,2,3.89,OK,0
2020.0,NYISO,Battery,79.9,2,0.698,NY,0
2020.0,Southeast,Solar,74.9,1,3.023,FL,0
2020.0,Southeast,Hybrid,400.0,2,5.262,GA,0
2020.0,Southeast,Solar,200.0,0,5.695,MS,0
2020.0,ERCOT,Other,200.8,1,4.082,TX,0
2020.0,Southeast,Battery,50.0,0,5.695,MS,0
2020.0,Southeast,Hybrid,263.6,2,4.758,AL,0
2020.0,Southeast,Solar,74.5,0,5.695,FL,0
2020.0,ERCOT,Solar,202.5,1,5.196,TX,0
2020.0,ERCOT,Other,101.6,1,4.695,TX,0
2020.0,Southeast,Solar,74.5,0,5.695,FL,0
2020.0,SPP,Hybrid,650.0,0,5.692,KS,0
2020.0,NYISO,Battery,220.1,0,5.692,NY,0
2020.0,SPP,Hybrid,250.0,0,5.692,KS,0
2020.0,SPP,Gas,64.0,0,5.692,MO,0
2020.0,ISO-NE,Battery,112.2,2,3.332,ME,0
2020.0,ERCOT,Hybrid,321.6,0,5.692,TX,0
2020.0,ISO-NE,Solar,17.2,2,5.429,ME,0
2020.0,ISO-NE,Battery,112.2,2,3.332,ME,0
2020.0,SPP,Solar,250.0,2,3.882,ND,0
2020.0,SPP,Solar,500.0,2,5.443,OK,0
2020.0,SPP,Solar,500.0,2,3.882,KS,0
2020.0,SPP,Solar,500.0,0,5.689,OK,0
2020.0,Southeast,Solar,150.0,0,5.689,MS,0
2020.0,SPP,Solar,74.9,2,4.945,TX,0
2020.0,SPP,Wind,253.8,2,2.524,TX,0
2020.0,SPP,Wind,52.8,0,5.687,NE,0
2020.0,SPP,Wind,352.5,0,5.687,TX,0
2020.0,SPP,Wind,235.0,2,5.591,ND,0
2020.0,ISO-NE,Hybrid,2.4,2,1.859,MA,0
2020.0,ISO-NE,Battery,20.0,2,3.403,ME,0
2020.0,ISO-NE,Battery,200.0,2,4.824,CT,0
2020.0,ISO-NE,Solar,16.0,2,4.019,NH,0
2020.0,SPP,Battery,71.0,2,2.946,TX,0
2020.0,SPP,Solar,104.0,2,3.871,KS,0
2020.0,SPP,Solar,298.0,0,5.678,TX,0
2020.0,SPP,Battery,204.3,0,5.678,KS,0
2020.0,ISO-NE,Solar,5.0,2,0.329,ME,0
2020.0,ISO-NE,Solar,16.4,0,5.678,ME,0
2020.0,West,Battery,100.0,0,5.678,WA,0
2020.0,SPP,Wind,151.2,2,3.86,NE,0
2020.0,SPP,Battery,200.0,2,3.869,KS,0
2020.0,SPP,Battery,200.0,2,4.934,OK,0
2020.0,SPP,Wind,205.2,2,2.593,SD,0
2020.0,SPP,Battery,200.0,2,5.429,OK,0
2020.0,SPP,Hybrid,201.6,0,5.676,OK,0
2020.0,SPP,Gas,29.0,0,5.676,MO,0
2020.0,SPP,Gas,56.5,2,2.374,NE,1
2020.0,SPP,Hybrid,50.0,2,3.866,NE,1
2020.0,SPP,Gas,56.5,2,2.374,NE,0
2020.0,SPP,Solar,400.0,2,5.429,TX,0
2020.0,SPP,Gas,56.5,2,2.374,NE,1
2020.0,SPP,Gas,272.7,0,5.673,NE,1
2020.0,SPP,Hybrid,50.0,2,3.866,NE,1
2020.0,SPP,Hybrid,303.0,2,3.866,NE,0
2020.0,SPP,Solar,184.0,2,2.935,NM,0
2020.0,SPP,Gas,424.5,2,2.374,NE,0
2020.0,SPP,Gas,56.5,2,2.374,NE,0
2020.0,SPP,Gas,272.7,0,5.673,NE,0
2020.0,SPP,Wind,240.0,2,2.322,MO,0
2020.0,SPP,Wind,251.0,2,3.866,KS,0
2020.0,SPP,Solar,250.0,2,2.702,NE,0
2020.0,SPP,Gas,56.5,2,2.374,NE,1
2020.0,SPP,Gas,56.5,2,2.374,NE,1
2020.0,SPP,Hybrid,250.0,2,4.909,NM,0
2020.0,SPP,Gas,56.5,2,2.374,NE,1
2020.0,SPP,Solar,256.0,2,4.931,NM,0
2020.0,SPP,Gas,56.5,2,2.374,NE,1
2020.0,SPP,Gas,56.5,1,5.536,NE,1
2020.0,SPP,Gas,56.5,1,5.536,NE,1
2020.0,SPP,Gas,56.5,1,5.536,NE,1
2020.0,SPP,Gas,56.5,2,2.374,NE,0
2020.0,SPP,Gas,56.5,2,2.374,NE,1
2020.0,SPP,Gas,303.0,2,2.374,NE,0
2020.0,SPP,Gas,56.5,2,2.374,NE,0
2020.0,SPP,Gas,56.5,2,2.374,NE,1
2020.0,SPP,Gas,255.0,1,5.133,NE,1
2020.0,Southeast,Battery,200.0,0,5.673,MS,0
2020.0,SPP,Gas,56.5,2,2.374,NE,1
2020.0,Southeast,Solar,74.9,1,3.907,FL,0
2020.0,SPP,Hybrid,50.0,2,3.866,NE,1
2020.0,PJM,Solar,100.0,2,0.129,IN,0
2020.0,PJM,Solar,200.0,2,4.734,IL,0
2020.0,SPP,Wind,108.3,2,2.552,SD,0
2020.0,SPP,Solar,125.0,2,2.99,KS,0
2020.0,SPP,Gas,424.5,2,2.374,NE,1
2020.0,SPP,Gas,255.0,1,5.133,NE,1
2020.0,SPP,Gas,1003.0,0,5.67,NM,0
2020.0,ERCOT,Other,203.8,2,0.873,TX,0
2020.0,SPP,Solar,20.0,0,5.67,KS,0
2020.0,ERCOT,Wind,20.0,2,0.898,TX,0
2020.0,ERCOT,Gas,149.4,2,4.14,TX,0
2020.0,SPP,Battery,424.5,0,5.67,KS,0
2020.0,ERCOT,Other,60.0,2,3.069,TX,1
2020.0,SPP,Solar,424.5,0,5.67,KS,0
2020.0,ERCOT,Battery,60.9,0,5.67,TX,0
2020.0,West,Solar,45.0,0,5.67,AZ,1
2020.0,SPP,Solar,67.5,2,2.398,NM,0
2020.0,SPP,Battery,200.0,0,5.67,TX,0
2020.0,SPP,Solar,250.0,0,5.67,NE,0
2020.0,SPP,Solar,150.0,2,2.951,SD,0
2020.0,SPP,Solar,100.0,0,5.67,OK,0
2020.0,SPP,Solar,150.0,0,5.67,ND,0
2020.0,SPP,Solar,350.0,0,5.67,NE,0
2020.0,SPP,Hybrid,74.5,0,5.67,MT,0
2020.0,SPP,Solar,20.0,2,2.932,KS,0
2020.0,SPP,Wind,255.0,2,3.863,KS,0
2020.0,SPP,Battery,200.0,0,5.67,TX,0
2020.0,SPP,Wind,252.0,2,3.863,KS,0
2020.0,SPP,Battery,200.0,2,2.938,NM,0
2020.0,SPP,Hybrid,225.0,0,5.67,KS,0
2020.0,SPP,Solar,100.0,0,5.67,NE,0
2020.0,SPP,Hybrid,150.0,0,5.67,KS,0
2020.0,SPP,Hybrid,150.0,0,5.67,MO,0
2020.0,SPP,Solar,150.0,0,5.67,MO,0
2020.0,NYISO,Solar,160.0,0,5.67,NY,0
2020.0,ERCOT,Hybrid,182.2,0,5.667,TX,0
2020.0,ERCOT,Hybrid,601.3,0,5.667,TX,0
2020.0,PJM,Solar,126.0,2,5.509,NC,0
2020.0,PJM,Solar,9.4,0,5.667,NC,0
2020.0,ERCOT,Solar,101.0,0,5.667,TX,0
2020.0,ERCOT,Battery,302.4,0,5.667,TX,0
2020.0,ERCOT,Hybrid,302.9,0,5.667,TX,0
2020.0,NYISO,Battery,20.0,2,1.07,NY,0
2020.0,NYISO,Solar,20.0,0,5.656,NY,0
2020.0,PJM,Wind,12.6,0,5.654,IN,0
2020.0,West,Battery,58.8,0,5.654,MT,0
2020.0,West,Gas,36.0,0,5.651,MT,0
2020.0,ISO-NE,Solar,90.0,2,0.126,ME,0
2020.0,West,Gas,175.0,0,5.648,MT,0
2020.0,PJM,Solar,15.0,2,0.074,NJ,0
2020.0,Southeast,Hybrid,100.0,0,5.648,SC,0
2020.0,PJM,Battery,160.0,2,4.129,VA,0
2020.0,Southeast,Hybrid,1.9,2,2.519,GA,0
2020.0,PJM,Solar,8.0,2,0.794,MD,0
2020.0,CAISO,Solar,5.0,1,1.268,CA,0
2020.0,ISO-NE,Hybrid,2.0,2,2.333,MA,0
2020.0,MISO,Other,49.9,0,5.629,MN,0
2020.0,West,Hybrid,100.0,0,5.629,NM,0
2020.0,West,Hybrid,90.0,0,5.621,NM,0
2020.0,ERCOT,Solar,201.3,2,0.66,TX,0
2020.0,ERCOT,Solar,201.5,2,1.645,TX,0
2020.0,ERCOT,Other,104.6,1,4.033,TX,0
2020.0,ERCOT,Solar,252.4,1,3.932,TX,0
2020.0,ERCOT,Other,103.8,1,4.099,TX,1
2020.0,ERCOT,Solar,200.0,2,4.643,TX,0
2020.0,PJM,Battery,150.0,2,0.074,VA,1
2020.0,PJM,Battery,100.0,2,4.096,VA,0
2020.0,ERCOT,Battery,201.1,0,5.615,TX,0
2020.0,ERCOT,Battery,301.5,0,5.615,TX,0
2020.0,Southeast,Solar,150.0,2,0.397,GA,0
2020.0,NYISO,Hybrid,20.0,2,3.444,NY,0
2020.0,Southeast,Other,48.0,0,5.613,FL,0
2020.0,PJM,Solar,20.0,0,5.599,VA,0
2020.0,PJM,Solar,20.0,2,4.66,VA,0
2020.0,PJM,Solar,75.0,2,3.296,VA,0
2020.0,Southeast,Solar,200.0,2,0.663,MS,0
2020.0,Southeast,Solar,200.0,2,1.224,MS,0
2020.0,Southeast,Solar,200.0,2,2.686,AL,0
2020.0,Southeast,Solar,200.0,2,0.663,MS,0
2020.0,Southeast,Solar,200.0,2,3.644,MS,0
2020.0,Southeast,Solar,200.0,0,5.593,GA,0
2020.0,Southeast,Solar,200.0,2,3.644,AL,0
2020.0,Southeast,Solar,200.0,2,3.644,GA,0
2020.0,ISO-NE,Solar,120.0,2,3.691,ME,0
2020.0,West,Hybrid,1400.0,0,5.591,OR,0
2020.0,Southeast,Solar,100.0,2,0.621,AL,0
2020.0,PJM,Solar,85.0,0,5.582,OH,1
2020.0,Southeast,Hybrid,150.0,2,3.997,GA,0
2020.0,ERCOT,Wind,301.3,1,3.414,TX,0
2020.0,Southeast,Solar,74.5,0,5.58,FL,0
2020.0,ERCOT,Other,13.0,1,3.932,TX,0
2020.0,PJM,Solar,20.0,2,3.899,OH,0
2020.0,ERCOT,Solar,249.8,2,5.517,TX,0
2020.0,ERCOT,Other,203.0,1,1.979,TX,0
2020.0,ERCOT,Solar,200.0,2,2.992,TX,0
2020.0,ERCOT,Solar,40.2,1,4.559,TX,0
2020.0,ERCOT,Battery,72.4,1,4.742,TX,0
2020.0,ERCOT,Solar,151.6,1,3.485,TX,0
2020.0,NYISO,Other,300.0,2,0.824,NY,0
2020.0,Southeast,Hybrid,135.0,2,4.222,GA,0
2020.0,MISO,Battery,200.0,2,4.252,IN,0
2020.0,ERCOT,Solar,203.1,0,5.577,TX,0
2020.0,ERCOT,Solar,105.7,0,5.577,TX,0
2020.0,ERCOT,Solar,609.7,0,5.577,TX,0
2020.0,NYISO,Other,300.0,2,0.824,NY,0
2020.0,NYISO,Solar,20.0,2,0.32,NY,0
2020.0,PJM,Solar,127.5,2,1.303,VA,0
2020.0,MISO,Solar,100.0,0,5.563,LA,0
2020.0,ERCOT,Solar,400.0,2,0.983,TX,0
2020.0,ERCOT,Other,117.4,2,0.824,TX,0
2020.0,MISO,Battery,50.0,2,2.675,AR,0
2020.0,MISO,Solar,100.0,0,5.563,AR,0
2020.0,MISO,Battery,50.0,2,0.764,IN,0
2020.0,PJM,Solar,150.0,2,4.041,VA,0
2020.0,MISO,Battery,50.0,2,2.645,MN,0
2020.0,MISO,Solar,100.0,2,0.537,LA,0
2020.0,MISO,Battery,50.0,2,0.537,LA,0
2020.0,ERCOT,Hybrid,50.4,0,5.561,TX,0
2020.0,NYISO,Battery,20.0,2,2.056,NY,0
2020.0,MISO,Solar,100.0,2,3.603,MS,0
2020.0,MISO,Battery,50.0,2,2.669,MS,0
2020.0,PJM,Solar,30.0,2,3.264,WV,0
2020.0,MISO,Solar,150.0,0,5.558,LA,0
2020.0,MISO,Battery,50.0,2,0.761,IN,0
2020.0,PJM,Solar,20.0,2,4.769,VA,1
2020.0,MISO,Solar,150.0,0,5.558,IN,0
2020.0,MISO,Solar,125.0,2,3.047,WI,0
2020.0,MISO,Solar,150.0,0,5.555,KY,0
2020.0,PJM,Solar,20.0,2,0.079,VA,0
2020.0,Southeast,Hybrid,200.0,2,4.372,AL,0
2020.0,MISO,Solar,250.0,0,5.555,MI,0
2020.0,MISO,Solar,93.2,2,3.097,IN,0
2020.0,Southeast,Hybrid,200.0,2,4.372,AL,0
2020.0,MISO,Battery,150.0,2,2.697,MI,0
2020.0,MISO,Solar,200.0,0,5.552,AR,0
2020.0,PJM,Solar,5.0,2,1.262,PA,0
2020.0,MISO,Solar,200.0,0,5.552,MI,0
2020.0,PJM,Solar,127.5,0,5.552,OH,1
2020.0,MISO,Solar,200.0,2,0.468,MI,0
2020.0,MISO,Solar,175.0,0,5.547,LA,0
2020.0,MISO,Solar,200.0,2,4.246,MI,0
2020.0,MISO,Solar,135.0,0,5.547,LA,0
2020.0,MISO,Solar,205.0,0,5.544,TX,0
2020.0,NYISO,Solar,20.0,2,3.039,NY,0
2020.0,MISO,Solar,100.0,2,5.008,MI,0
2020.0,MISO,Solar,200.0,2,4.219,IN,0
2020.0,MISO,Solar,100.0,2,3.42,WI,0
2020.0,PJM,Solar,13.5,2,0.75,NC,0
2020.0,PJM,Solar,45.0,0,5.541,VA,0
2020.0,PJM,Hybrid,5.0,0,5.541,NC,0
2020.0,MISO,Solar,200.0,2,0.507,IN,0
2020.0,PJM,Solar,10.0,2,0.156,NC,0
2020.0,MISO,Solar,100.0,0,5.541,IL,0
2020.0,MISO,Solar,150.0,0,5.539,WI,0
2020.0,MISO,Battery,50.0,2,0.55,MN,0
2020.0,MISO,Battery,50.0,2,2.62,MN,0
2020.0,ERCOT,Solar,71.4,1,3.406,TX,0
2020.0,NYISO,Hybrid,250.0,0,5.536,NY,0
2020.0,ISO-NE,Solar,40.0,2,2.335,MA,0
2020.0,MISO,Battery,50.0,2,2.62,MN,0
2020.0,MISO,Solar,225.0,0,5.536,WI,0
2020.0,MISO,Solar,100.0,2,1.473,LA,0
2020.0,MISO,Solar,200.0,0,5.536,AR,0
2020.0,MISO,Solar,200.0,0,5.536,AR,0
2020.0,MISO,Solar,200.0,2,5.358,LA,0
2020.0,MISO,Solar,200.0,2,4.211,IN,0
2020.0,MISO,Solar,200.0,2,4.211,IN,0
2020.0,MISO,Solar,200.0,2,3.578,IN,0
2020.0,PJM,Solar,56.0,0,5.536,OH,0
2020.0,ERCOT,Gas,48.0,2,1.084,TX,0
2020.0,MISO,Solar,100.0,2,0.687,WI,0
2020.0,MISO,Solar,200.0,2,3.472,AR,0
2020.0,MISO,Solar,200.0,2,3.077,MO,0
2020.0,MISO,Solar,200.0,2,5.172,IN,0
2020.0,MISO,Solar,200.0,2,4.211,IL,0
2020.0,MISO,Solar,200.0,2,3.444,MO,0
2020.0,MISO,Solar,150.0,0,5.536,IN,0
2020.0,MISO,Solar,200.0,2,4.211,IN,0
2020.0,MISO,Solar,200.0,2,0.501,IN,0
2020.0,MISO,Solar,200.0,2,3.644,LA,0
2020.0,MISO,Solar,200.0,0,5.536,MO,0
2020.0,ERCOT,Solar,484.6,1,5.44,TX,0
2020.0,MISO,Battery,40.0,2,3.077,IN,0
2020.0,MISO,Solar,200.0,2,0.501,IN,0
2020.0,MISO,Solar,80.0,0,5.533,LA,0
2020.0,MISO,Solar,150.0,2,1.47,AR,0
2020.0,West,Gas,17.0,0,5.533,AZ,1
2020.0,Southeast,Solar,100.0,2,0.238,GA,0
2020.0,MISO,Solar,100.0,2,0.548,LA,0
2020.0,ERCOT,Solar,397.2,0,5.533,TX,0
2020.0,MISO,Solar,200.0,2,0.597,MI,0
2020.0,MISO,Wind,98.9,2,1.47,WI,0
2020.0,NYISO,Battery,20.0,2,0.367,NY,0
2020.0,NYISO,Battery,20.0,2,0.2,NY,0
2020.0,NYISO,Battery,20.0,2,0.367,NY,0
2020.0,MISO,Solar,26.0,2,0.55,MN,0
2020.0,MISO,Solar,40.0,2,3.075,KY,0
2020.0,MISO,Solar,150.0,2,1.47,MS,0
2020.0,MISO,Wind,98.9,0,5.533,WI,0
2020.0,MISO,Solar,200.0,2,0.55,MN,0
2020.0,MISO,Wind,150.0,2,4.208,IL,0
2020.0,MISO,Solar,100.0,2,0.449,MI,0
2020.0,West,Hybrid,200.0,0,5.53,CO,0
2020.0,MISO,Hybrid,60.0,2,3.072,IN,0
2020.0,MISO,Battery,30.0,2,3.072,IN,0
2020.0,MISO,Other,10.0,0,5.53,,0
2020.0,PJM,Solar,20.0,0,5.53,PA,0
2020.0,MISO,Solar,150.0,2,0.244,LA,0
2020.0,MISO,Solar,200.0,2,0.244,LA,0
2020.0,MISO,Solar,150.0,2,4.2,IN,0
2020.0,MISO,Solar,100.0,2,1.462,AR,0
2020.0,MISO,Solar,250.0,0,5.525,WI,0
2020.0,MISO,Solar,99.0,2,1.462,WI,0
2020.0,MISO,Solar,100.0,0,5.525,MI,0
2020.0,MISO,Solar,200.0,2,3.066,KY,0
2020.0,MISO,Solar,200.0,0,5.525,IN,0
2020.0,MISO,Solar,200.0,0,5.525,WI,0
2020.0,MISO,Wind,150.0,2,0.424,MI,0
2020.0,MISO,Solar,200.0,2,0.446,ND,0
2020.0,MISO,Solar,200.0,2,0.241,MI,0
2020.0,MISO,Solar,150.0,2,0.424,MI,0
2020.0,MISO,Solar,160.0,0,5.525,KY,0
2020.0,MISO,Solar,200.0,0,5.525,MI,0
2020.0,MISO,Solar,200.0,0,5.525,IN,0
2020.0,MISO,Wind,300.0,0,5.525,WI,0
2020.0,MISO,Solar,100.0,0,5.525,WI,0
2020.0,MISO,Wind,300.0,0,5.525,WI,0
2020.0,MISO,Solar,150.0,0,5.525,MN,0
2020.0,Southeast,Solar,200.0,0,5.525,TN,0
2020.0,MISO,Solar,100.0,2,4.2,IN,0
2020.0,MISO,Solar,135.0,0,5.525,IA,0
2020.0,MISO,Solar,150.0,0,5.525,LA,0
2020.0,MISO,Solar,100.0,0,5.525,LA,0
2020.0,MISO,Solar,100.0,0,5.525,IN,0
2020.0,MISO,Solar,44.0,2,0.539,WI,0
2020.0,MISO,Solar,195.0,2,0.498,LA,0
2020.0,MISO,Solar,150.0,0,5.525,MN,0
2020.0,MISO,Solar,75.0,2,2.995,WI,0
2020.0,MISO,Solar,100.0,2,0.487,IN,0
2020.0,MISO,Solar,100.0,0,5.522,WI,0
2020.0,MISO,Solar,150.0,0,5.522,IN,0
2020.0,MISO,Wind,100.0,0,5.522,IL,0
2020.0,MISO,Solar,75.0,2,2.995,WI,0
2020.0,MISO,Solar,100.0,0,5.522,WI,0
2020.0,MISO,Solar,50.0,0,5.522,MS,0
2020.0,MISO,Solar,300.0,2,0.441,WI,0
2020.0,ISO-NE,Hybrid,12.0,2,4.972,MA,0
2020.0,MISO,Solar,200.0,0,5.522,IN,0
2020.0,MISO,Solar,150.0,0,5.522,IN,0
2020.0,MISO,Solar,39.0,2,3.064,IN,0
2020.0,MISO,Solar,300.0,0,5.522,MO,0
2020.0,MISO,Solar,75.0,0,5.522,WI,0
2020.0,MISO,Hybrid,200.0,2,4.197,IL,0
2020.0,MISO,Solar,150.0,2,0.487,IN,0
2020.0,MISO,Solar,100.0,2,0.643,IL,0
2020.0,MISO,Solar,300.0,0,5.522,IL,0
2020.0,MISO,Solar,200.0,2,0.277,IL,0
2020.0,MISO,Solar,200.0,2,3.316,IN,0
2020.0,MISO,Solar,200.0,2,0.487,IL,0
2020.0,MISO,Solar,44.0,2,4.197,MO,0
2020.0,MISO,Wind,250.0,2,0.643,IL,0
2020.0,MISO,Solar,200.0,0,5.522,LA,0
2020.0,MISO,Solar,150.0,0,5.522,MS,0
2020.0,MISO,Solar,150.0,0,5.522,TX,0
2020.0,MISO,Solar,50.0,0,5.522,AR,0
2020.0,MISO,Hybrid,100.0,0,5.522,LA,0
2020.0,MISO,Wind,200.0,2,0.487,IN,0
2020.0,MISO,Solar,150.0,0,5.522,IL,0
2020.0,MISO,Solar,200.0,0,5.522,MN,0
2020.0,MISO,Solar,100.0,2,2.472,ND,0
2020.0,MISO,Solar,125.0,2,0.293,IA,0
2020.0,MISO,Solar,250.0,2,0.274,IA,0
2020.0,MISO,Solar,174.0,0,5.522,MN,0
2020.0,MISO,Solar,165.0,0,5.522,LA,0
2020.0,MISO,Solar,150.0,2,4.197,IN,0
2020.0,MISO,Solar,200.0,2,0.671,MI,0
2020.0,MISO,Solar,150.0,2,2.439,MI,0
2020.0,MISO,Solar,149.5,0,5.522,IL,0
2020.0,MISO,Solar,200.0,2,0.487,IL,0
2020.0,MISO,Wind,293.0,0,5.522,MI,0
2020.0,MISO,Other,412.0,2,4.736,IL,0
2020.0,MISO,Solar,100.0,2,0.537,MN,0
2020.0,MISO,Hybrid,150.0,0,5.522,MN,0
2020.0,MISO,Solar,200.0,2,4.222,MI,0
2020.0,MISO,Solar,200.0,2,0.293,MN,0
2020.0,MISO,Solar,50.0,2,0.438,MI,0
2020.0,MISO,Hybrid,99.0,2,1.109,LA,0
2020.0,MISO,Solar,98.4,0,5.52,WI,0
2020.0,MISO,Solar,150.0,1,4.016,IA,0
2020.0,MISO,Solar,62.5,2,0.657,MI,0
2020.0,MISO,Hybrid,20.0,2,0.441,SD,0
2020.0,MISO,Battery,50.0,2,0.668,WI,0
2020.0,MISO,Wind,1.6,2,2.68,MI,0
2020.0,MISO,Solar,270.0,2,0.444,IN,0
2020.0,MISO,Solar,73.8,0,5.52,WI,0
2020.0,MISO,Solar,125.0,2,0.438,MO,0
2020.0,MISO,Battery,100.0,2,0.715,IN,0
2020.0,MISO,Solar,150.0,2,0.419,MI,0
2020.0,MISO,Solar,100.0,2,0.419,MI,0
2020.0,MISO,Battery,100.0,0,5.52,MI,0
2020.0,MISO,Wind,39.0,2,0.29,ND,0
2020.0,MISO,Solar,62.5,2,0.657,MI,0
2020.0,MISO,Wind,200.0,2,0.485,IN,0
2020.0,MISO,Wind,200.0,2,0.419,WI,0
2020.0,MISO,Wind,300.0,2,0.474,IL,0
2020.0,MISO,Wind,42.0,2,0.29,ND,0
2020.0,MISO,Solar,150.0,2,0.405,MN,0
2020.0,MISO,Solar,80.0,2,0.498,MN,0
2020.0,MISO,Solar,150.0,0,5.52,WI,0
2020.0,MISO,Hybrid,50.0,2,1.457,LA,0
2020.0,MISO,Solar,22.5,2,0.657,MI,0
2020.0,MISO,Wind,33.8,2,0.29,IA,0
2020.0,MISO,Solar,146.0,2,1.457,LA,0
2020.0,MISO,Wind,43.0,2,0.29,IA,0
2020.0,MISO,Solar,268.0,2,0.23,LA,0
2020.0,MISO,Solar,180.0,0,5.52,IL,0
2020.0,MISO,Solar,200.0,0,5.52,IN,0
2020.0,ISO-NE,Solar,6.0,2,4.969,CT,0
2020.0,MISO,Solar,22.5,2,0.657,MI,0
2020.0,MISO,Solar,125.0,0,5.52,IL,0
2020.0,MISO,Battery,50.0,2,0.405,MN,0
2020.0,MISO,Battery,65.0,2,0.444,IN,0
2020.0,MISO,Solar,200.0,0,5.52,IN,0
2020.0,MISO,Solar,125.0,2,0.723,IN,0
2020.0,MISO,Solar,150.0,2,0.485,IN,0
2020.0,MISO,Wind,50.0,2,3.069,IN,0
2020.0,MISO,Solar,100.0,2,4.194,IN,0
2020.0,MISO,Wind,300.0,2,0.474,IL,0
2020.0,MISO,Wind,300.0,2,4.194,IL,0
2020.0,MISO,Solar,22.5,0,5.52,MI,0
2020.0,MISO,Solar,150.0,2,0.485,IN,0
2020.0,MISO,Wind,147.2,2,4.194,IL,0
2020.0,MISO,Solar,200.0,0,5.52,MI,0
2020.0,MISO,Solar,145.0,2,0.485,IN,0
2020.0,MISO,Wind,200.0,2,0.235,IL,0
2020.0,MISO,Solar,100.0,2,1.457,WI,0
2020.0,MISO,Solar,100.0,2,0.435,WI,0
2020.0,MISO,Solar,200.0,2,0.668,MI,0
2020.0,MISO,Solar,175.1,0,5.52,IN,0
2020.0,MISO,Solar,200.0,2,0.476,IN,0
2020.0,MISO,Gas,25.0,0,5.52,MI,1
2020.0,MISO,Solar,100.0,2,0.419,MI,0
2020.0,MISO,Solar,194.0,2,1.457,LA,0
2020.0,MISO,Solar,100.0,2,4.326,WI,0
2020.0,MISO,Wind,37.0,2,0.287,IA,0
2020.0,MISO,Hybrid,10.0,2,0.471,AR,0
2020.0,MISO,Wind,70.0,0,5.517,MN,0
2020.0,MISO,Solar,150.0,2,0.381,WI,0
2020.0,MISO,Battery,75.0,2,0.471,IN,0
2020.0,MISO,Solar,150.0,2,1.454,MS,0
2020.0,MISO,Solar,200.0,0,5.517,WI,0
2020.0,MISO,Solar,200.0,2,0.244,MS,0
2020.0,MISO,Solar,100.0,0,5.517,AR,0
2020.0,MISO,Hybrid,499.0,0,5.517,MI,0
2020.0,PJM,Solar,12.0,2,5.073,PA,0
2020.0,MISO,Wind,25.0,2,0.287,MN,0
2020.0,MISO,Solar,100.0,2,1.454,LA,0
2020.0,MISO,Solar,120.0,2,0.249,LA,0
2020.0,MISO,Solar,6.0,2,1.454,AR,0
2020.0,MISO,Solar,150.0,2,1.454,LA,0
2020.0,MISO,Wind,34.0,2,0.287,IA,0
2020.0,MISO,Solar,100.0,0,5.517,IL,0
2020.0,MISO,Hybrid,250.0,2,0.249,LA,0
2020.0,MISO,Solar,100.0,0,5.517,AR,0
2020.0,MISO,Wind,200.0,2,2.464,ND,0
2020.0,ERCOT,Solar,228.0,0,5.517,TX,0
2020.0,ERCOT,Solar,326.6,1,3.521,TX,0
2020.0,MISO,Solar,294.1,2,0.471,IN,0
2020.0,MISO,Solar,100.0,2,1.454,WI,0
2020.0,MISO,Wind,39.0,2,0.287,IA,0
2020.0,ERCOT,Battery,154.1,1,4.772,TX,0
2020.0,MISO,Battery,100.0,0,5.517,MI,0
2020.0,MISO,Solar,100.0,0,5.517,IL,0
2020.0,MISO,Wind,294.2,2,1.454,TX,0
2020.0,MISO,Solar,300.0,0,5.517,AR,0
2020.0,MISO,Battery,50.0,2,3.425,IN,0
2020.0,MISO,Solar,288.0,2,0.326,IN,0
2020.0,MISO,Solar,43.0,2,3.058,IN,0
2020.0,MISO,Hybrid,150.0,2,0.49,LA,0
2020.0,MISO,Hybrid,250.0,2,0.49,LA,0
2020.0,ERCOT,Wind,9.0,1,3.291,TX,0
2020.0,MISO,Battery,50.0,2,0.493,LA,0
2020.0,MISO,Other,7.5,0,5.517,,0
2020.0,MISO,Solar,300.0,2,0.482,IN,0
2020.0,MISO,Solar,200.0,2,0.665,WI,0
2020.0,MISO,Hybrid,309.0,2,3.058,IN,0
2020.0,MISO,Wind,147.2,0,5.517,IL,0
2020.0,MISO,Solar,145.1,1,4.055,LA,0
2020.0,MISO,Wind,200.0,2,0.528,IA,0
2020.0,MISO,Solar,100.0,2,0.482,IN,0
2020.0,MISO,Other,99.2,2,0.712,IL,0
2020.0,MISO,Solar,180.0,2,3.058,IN,0
2020.0,MISO,Solar,200.0,2,0.287,MN,0
2020.0,MISO,Solar,200.0,2,2.661,MI,0
2020.0,MISO,Wind,33.0,2,0.49,ND,0
2020.0,MISO,Solar,100.0,0,5.517,WI,0
2020.0,MISO,Wind,200.0,0,5.517,IL,0
2020.0,MISO,Solar,197.3,2,0.72,IL,0
2020.0,MISO,Wind,120.0,0,5.517,IA,0
2020.0,MISO,Wind,200.0,2,0.712,IL,0
2020.0,MISO,Gas,320.0,2,0.665,WI,0
2020.0,MISO,Gas,340.3,0,5.517,IL,0
2020.0,MISO,Solar,250.0,0,5.517,IL,0
2020.0,MISO,Wind,52.0,2,1.454,AR,0
2020.0,ERCOT,Other,202.8,2,1.202,TX,0
2020.0,ERCOT,Other,206.2,1,3.789,TX,0
2020.0,MISO,Wind,200.0,2,4.192,IN,0
2020.0,ERCOT,Hybrid,144.0,0,5.514,TX,0
2020.0,PJM,Solar,100.0,2,1.147,OH,1
2020.0,PJM,Solar,60.0,2,1.265,VA,0
2020.0,ERCOT,Battery,307.4,0,5.514,TX,0
2020.0,ISO-NE,Solar,60.0,2,0.835,NH,0
2020.0,ISO-NE,Solar,60.0,2,0.233,NH,0
2020.0,NYISO,Solar,19.8,2,2.502,NY,0
2020.0,NYISO,Solar,19.9,2,0.334,NY,0
2020.0,ERCOT,Wind,126.7,1,3.797,TX,0
2020.0,PJM,Battery,0.5,1,1.489,IL,0
2020.0,PJM,Solar,30.0,0,5.495,VA,0
2020.0,West,Gas,178.0,1,2.913,,0
2020.0,West,Solar,400.0,0,5.481,OR,0
2020.0,NYISO,Solar,20.0,0,5.478,NY,0
2020.0,ERCOT,Battery,51.1,1,5.051,TX,1
2020.0,ERCOT,Gas,153.0,1,2.335,TX,0
2020.0,ERCOT,Gas,153.0,1,2.494,TX,0
2020.0,ERCOT,Solar,33.7,2,3.255,TX,0
2020.0,MISO,Solar,50.0,0,5.476,KY,0
2020.0,ERCOT,Solar,251.0,0,5.476,TX,0
2020.0,PJM,Solar,100.0,0,5.467,IN,0
2020.0,Southeast,Solar,80.0,2,2.823,GA,0
2020.0,Southeast,Solar,80.0,1,3.817,GA,0
2020.0,CAISO,Battery,5.0,2,5.095,CA,0
2020.0,Southeast,Hybrid,80.0,2,4.559,AL,0
2020.0,Southeast,Hybrid,80.0,2,4.753,AL,0
2020.0,Southeast,Hybrid,80.0,2,3.992,AL,0
2020.0,PJM,Battery,20.0,2,4.444,PA,0
2020.0,PJM,Battery,20.0,2,4.378,PA,0
2020.0,PJM,Battery,20.0,2,4.331,PA,0
2020.0,PJM,Solar,106.2,2,3.154,VA,0
2020.0,West,Hybrid,195.0,2,2.125,NM,0
2020.0,MISO,Solar,100.0,0,5.457,MS,1
2020.0,PJM,Battery,20.0,2,4.0,PA,0
2020.0,ISO-NE,Hybrid,85.0,2,0.104,NH,0
2020.0,Southeast,Solar,74.5,1,4.361,FL,0
2020.0,Southeast,Solar,74.5,0,5.446,FL,0
2020.0,PJM,Solar,40.0,0,5.446,PA,0
2020.0,Southeast,Solar,74.5,0,5.446,FL,0
2020.0,Southeast,Solar,74.5,0,5.446,FL,0
2020.0,Southeast,Solar,74.5,0,5.446,FL,0
2020.0,Southeast,Solar,74.5,0,5.446,FL,0
2020.0,Southeast,Solar,74.5,1,4.531,FL,0
2020.0,Southeast,Solar,74.5,0,5.446,FL,0
2020.0,Southeast,Solar,74.5,0,5.446,FL,0
2020.0,Southeast,Solar,74.5,0,5.446,FL,0
2020.0,Southeast,Solar,74.5,1,4.531,FL,0
2020.0,Southeast,Solar,74.5,0,5.446,FL,0
2020.0,Southeast,Solar,74.5,1,4.361,FL,0
2020.0,Southeast,Solar,74.5,0,5.446,FL,0
2020.0,Southeast,Solar,74.5,0,5.446,FL,0
2020.0,Southeast,Solar,74.5,1,3.529,FL,0
2020.0,Southeast,Solar,74.5,1,4.531,FL,0
2020.0,NYISO,Solar,20.0,0,5.446,NY,0
2020.0,Southeast,Gas,700.0,2,0.156,GA,0
2020.0,Southeast,Hybrid,30.0,2,3.702,GA,0
2020.0,Southeast,Gas,700.0,2,1.325,GA,0
2020.0,PJM,Solar,54.0,2,0.6,OH,0
2020.0,NYISO,Other,144.0,2,0.11,NY,0
2020.0,ERCOT,Gas,102.0,1,1.303,TX,0
2020.0,ERCOT,Other,200.8,1,3.817,TX,0
2020.0,ERCOT,Battery,204.0,1,4.999,TX,0
2020.0,NYISO,Battery,83.0,2,0.189,NY,0
2020.0,ERCOT,Other,175.8,1,3.622,TX,0
2020.0,ERCOT,Solar,50.6,2,0.06,TX,0
2020.0,West,Hybrid,130.0,0,5.44,WA,1
2020.0,West,Battery,200.0,0,5.437,WA,0
2020.0,ERCOT,Battery,100.5,0,5.437,TX,0
2020.0,ERCOT,Solar,406.6,0,5.437,TX,0
2020.0,ERCOT,Battery,201.1,0,5.437,TX,0
2020.0,ERCOT,Battery,129.6,0,5.437,TX,0
2020.0,Southeast,Solar,80.0,0,5.437,GA,0
2020.0,West,Battery,100.0,0,5.437,WA,0
2020.0,Southeast,Other,260.0,1,4.326,GA,0
2020.0,Southeast,Hybrid,80.0,2,0.517,AL,0
2020.0,Southeast,Solar,100.0,0,5.437,MO,0
2020.0,Southeast,Solar,96.0,0,5.437,MO,0
2020.0,ERCOT,Solar,202.5,0,5.437,TX,0
2020.0,PJM,Battery,20.0,2,3.127,VA,0
2020.0,PJM,Solar,100.0,2,0.011,VA,0
2020.0,NYISO,Wind,1325.0,2,0.263,NY,0
2020.0,MISO,Wind,20.0,2,2.587,MI,0
2020.0,Southeast,Hybrid,200.0,2,1.919,AL,0
2020.0,Southeast,Hybrid,100.0,2,1.922,AL,0
2020.0,PJM,Solar,100.0,2,4.37,PA,0
2020.0,PJM,Solar,174.8,2,3.904,PA,0
2020.0,PJM,Solar,109.3,2,3.907,DE,0
2020.0,PJM,Solar,45.0,2,5.262,KY,0
2020.0,PJM,Battery,50.0,2,1.164,MD,0
2020.0,PJM,Solar,55.0,2,5.262,KY,0
2020.0,PJM,Battery,150.0,2,0.151,VA,0
2020.0,PJM,Solar,49.9,2,1.18,OH,0
2020.0,PJM,Solar,38.0,2,4.712,KY,0
2020.0,PJM,Solar,80.0,0,5.421,KY,0
2020.0,PJM,Battery,19.1,2,1.9,VA,0
2020.0,PJM,Battery,19.1,2,1.9,VA,0
2020.0,PJM,Solar,15.0,2,3.778,NJ,0
2020.0,ERCOT,Solar,90.0,2,2.834,TX,0
2020.0,PJM,Hybrid,20.0,2,5.259,NC,0
2020.0,PJM,Hybrid,20.0,2,4.479,NC,0
2020.0,PJM,Solar,20.0,2,0.46,VA,0
2020.0,PJM,Hybrid,17.5,2,1.188,NC,0
2020.0,PJM,Hybrid,17.5,2,1.188,NC,0
2020.0,PJM,Solar,1.5,2,1.008,DE,0
2020.0,PJM,Hybrid,60.0,2,0.049,MD,0
2020.0,PJM,Hybrid,3.7,2,1.142,KY,0
2020.0,PJM,Battery,2.5,1,4.137,MD,0
2020.0,PJM,Solar,150.0,2,4.479,VA,0
2020.0,West,Wind,750.0,0,5.418,MT,0
2020.0,PJM,Solar,20.0,2,0.151,VA,0
2020.0,PJM,Hybrid,17.5,2,5.281,PA,0
2020.0,NYISO,Solar,19.8,2,2.746,NY,0
2020.0,NYISO,Solar,19.8,2,2.166,NY,0
2020.0,NYISO,Solar,19.8,2,2.333,NY,0
2020.0,NYISO,Solar,16.8,2,1.665,NY,0
2020.0,PJM,Solar,46.0,0,5.418,OH,0
2020.0,PJM,Wind,440.0,2,3.116,DE,0
2020.0,PJM,Solar,20.0,2,0.151,VA,0
2020.0,PJM,Solar,50.0,2,4.192,VA,0
2020.0,PJM,Hybrid,120.0,2,0.591,VA,0
2020.0,PJM,Battery,30.0,2,4.553,WV,0
2020.0,PJM,Hybrid,95.0,0,5.415,PA,0
2020.0,PJM,Solar,19.9,2,3.099,NJ,0
2020.0,ERCOT,Other,202.8,2,3.105,TX,0
2020.0,NYISO,Solar,19.9,2,0.244,NY,0
2020.0,ERCOT,Battery,75.0,0,5.41,TX,0
2020.0,ERCOT,Solar,60.4,1,4.914,TX,0
2020.0,ERCOT,Solar,145.0,0,5.41,TX,0
2020.0,ERCOT,Other,50.3,1,4.427,TX,0
2020.0,ERCOT,Battery,206.9,0,5.407,TX,0
2020.0,ERCOT,Hybrid,323.7,0,5.407,TX,0
2020.0,ERCOT,Battery,209.3,0,5.407,TX,0
2020.0,ISO-NE,Battery,700.0,2,0.715,MA,0
2020.0,ERCOT,Gas,1350.0,0,5.407,TX,0
2020.0,ERCOT,Solar,352.4,0,5.407,TX,0
2020.0,ERCOT,Solar,120.0,0,5.407,TX,0
2020.0,ERCOT,Battery,121.6,0,5.407,TX,0
2020.0,ERCOT,Hybrid,120.0,0,5.407,TX,0
2020.0,ERCOT,Battery,206.9,0,5.407,TX,0
2020.0,MISO,Other,1166.0,0,5.405,TX,0
2020.0,NYISO,Battery,20.0,2,0.238,NY,0
2020.0,NYISO,Solar,24.0,2,0.567,NY,0
2020.0,NYISO,Solar,19.9,2,0.567,NY,0
2020.0,NYISO,Solar,19.9,2,0.564,NY,0
2020.0,NYISO,Solar,19.9,2,0.564,NY,0
2020.0,PJM,Gas,35.3,2,3.097,MD,0
2020.0,NYISO,Solar,19.8,2,1.314,NY,0
2020.0,ISO-NE,Solar,76.2,2,4.86,NH,0
2020.0,NYISO,Solar,80.0,2,0.222,NY,0
2020.0,NYISO,Solar,46.0,2,0.137,NY,0
2020.0,West,Other,500.0,0,5.383,MT,0
2020.0,Southeast,Hybrid,150.0,0,5.383,GA,0
2020.0,Southeast,Hybrid,80.0,2,4.632,AL,0
2020.0,PJM,Solar,16.0,2,2.998,MD,0
2020.0,PJM,Hybrid,55.0,2,3.077,KY,0
2020.0,PJM,Solar,107.0,2,5.21,VA,0
2020.0,NYISO,Solar,125.0,0,5.369,NY,0
2020.0,NYISO,Solar,207.0,2,0.454,NY,0
2020.0,PJM,Solar,20.0,0,5.369,PA,0
2020.0,ISO-NE,Solar,3.1,2,4.137,RI,0
2020.0,ISO-NE,Solar,1.6,2,1.07,RI,0
2020.0,ISO-NE,Solar,4.9,2,1.07,RI,0
2020.0,ISO-NE,Solar,4.0,2,1.07,RI,0
2020.0,ISO-NE,Solar,49.8,2,4.816,RI,0
2020.0,ISO-NE,Solar,4.9,2,1.07,RI,0
2020.0,ISO-NE,Solar,9.8,2,4.137,RI,0
2020.0,ISO-NE,Solar,4.9,2,4.816,RI,0
2020.0,ISO-NE,Solar,5.0,2,4.816,RI,0
2020.0,ISO-NE,Solar,8.0,2,4.816,RI,0
2020.0,ISO-NE,Solar,6.9,2,4.816,RI,0
2020.0,ISO-NE,Solar,3.0,2,4.816,RI,0
2020.0,ISO-NE,Solar,7.3,2,4.137,RI,0
2020.0,ISO-NE,Solar,3.5,2,4.816,RI,0
2020.0,ISO-NE,Solar,13.5,2,4.816,RI,0
2020.0,PJM,Hybrid,20.0,2,3.948,MD,0
2020.0,ISO-NE,Solar,34.4,2,4.137,RI,0
2020.0,ERCOT,Battery,202.6,2,4.235,TX,0
2020.0,ERCOT,Battery,205.5,1,4.693,TX,0
2020.0,ERCOT,Gas,33.0,0,5.363,TX,0
2020.0,PJM,Solar,10.0,2,3.042,MD,0
2020.0,ERCOT,Solar,57.6,2,2.954,TX,0
2020.0,ERCOT,Solar,24.8,0,5.361,TX,0
2020.0,ERCOT,Battery,202.5,0,5.361,TX,0
2020.0,PJM,Battery,19.0,2,3.806,VA,0
2020.0,NYISO,Solar,401.6,0,5.361,PA,0
2020.0,Southeast,Solar,78.0,2,4.649,MS,0
2020.0,Southeast,Solar,78.0,2,3.113,MS,0
2020.0,ERCOT,Hybrid,408.3,0,5.361,TX,0
2020.0,PJM,Battery,300.0,2,5.202,MD,0
2020.0,Southeast,Solar,85.0,0,5.347,GA,0
2020.0,Southeast,Hybrid,76.0,2,4.6,GA,0
2020.0,Southeast,Hybrid,200.0,2,4.635,GA,0
2020.0,Southeast,Hybrid,90.0,2,0.731,GA,0
2020.0,West,Wind,750.0,0,5.347,,0
2020.0,Southeast,Hybrid,13.0,0,5.344,GA,0
2020.0,NYISO,Solar,19.6,2,0.507,NY,0
2020.0,PJM,Solar,90.0,0,5.344,VA,0
2020.0,West,Hybrid,425.0,0,5.342,NV,1
2020.0,West,Solar,200.0,0,5.342,CO,0
2020.0,NYISO,Battery,300.0,2,1.922,NY,0
2020.0,NYISO,Solar,15.0,2,0.175,NY,0
2020.0,ISO-NE,Battery,500.0,2,0.649,MA,0
2020.0,ISO-NE,Battery,50.0,2,0.512,CT,0
2020.0,West,Hybrid,250.0,0,5.342,NV,0
2020.0,PJM,Solar,23.0,2,5.377,NC,0
2020.0,NYISO,Wind,1200.0,2,2.661,NY,0
2020.0,PJM,Solar,150.0,0,5.333,OH,0
2020.0,PJM,Solar,300.0,2,3.814,IL,0
2020.0,West,Solar,200.0,0,5.333,OR,0
2020.0,West,Solar,170.0,0,5.333,OR,0
2020.0,PJM,Solar,51.0,2,1.084,NJ,0
2020.0,PJM,Wind,294.2,2,0.561,IL,0
2020.0,PJM,Solar,95.1,0,5.333,IL,0
2020.0,PJM,Solar,400.0,0,5.333,OH,0
2020.0,PJM,Solar,400.0,0,5.333,OH,0
2020.0,PJM,Solar,90.0,0,5.333,VA,0
2020.0,PJM,Solar,65.0,2,3.806,VA,0
2020.0,PJM,Solar,70.0,2,0.479,OH,0
2020.0,PJM,Wind,294.7,2,3.814,IL,0
2020.0,PJM,Solar,118.6,2,4.394,IL,0
2020.0,PJM,Solar,300.0,0,5.333,IL,0
2020.0,PJM,Battery,25.0,0,5.333,MI,0
2020.0,PJM,Battery,5.0,0,5.331,NJ,0
2020.0,ERCOT,Other,103.0,2,0.266,TX,0
2020.0,ERCOT,Other,205.6,2,0.159,TX,0
2020.0,ERCOT,Gas,298.7,2,3.849,TX,0
2020.0,PJM,Solar,100.0,2,3.808,VA,0
2020.0,PJM,Solar,128.0,2,3.808,VA,0
2020.0,ERCOT,Solar,506.4,0,5.328,TX,0
2020.0,PJM,Gas,20.0,2,3.124,OH,0
2020.0,PJM,Solar,25.6,2,3.025,VA,0
2020.0,ERCOT,Hybrid,503.8,0,5.328,TX,0
2020.0,PJM,Battery,100.0,2,4.496,VA,0
2020.0,PJM,Battery,100.0,2,1.027,VA,0
2020.0,PJM,Solar,5.0,2,3.964,PA,0
2020.0,PJM,Solar,2.6,0,5.325,PA,0
2020.0,PJM,Solar,60.0,0,5.325,VA,0
2020.0,PJM,Solar,5.0,2,1.158,PA,0
2020.0,West,Solar,200.0,0,5.322,WA,1
2020.0,PJM,Solar,2.5,2,4.057,PA,0
2020.0,PJM,Solar,20.0,2,0.49,PA,0
2020.0,NYISO,Solar,200.0,0,5.322,NY,0
2020.0,PJM,Solar,5.0,2,1.158,PA,0
2020.0,PJM,Battery,200.0,2,2.949,VA,1
2020.0,West,Wind,345.0,0,5.322,AZ,0
2020.0,NYISO,Solar,20.0,2,0.312,NY,0
2020.0,PJM,Solar,70.0,2,5.15,VA,0
2020.0,ISO-NE,Wind,1200.0,2,5.079,CT,0
2020.0,ISO-NE,Wind,1200.0,2,5.079,CT,0
2020.0,ISO-NE,Wind,1200.0,2,2.259,MA,0
2020.0,PJM,Battery,3.0,2,0.742,MD,0
2020.0,PJM,Solar,30.0,2,5.15,VA,0
2020.0,PJM,Battery,40.0,2,3.006,VA,0
2020.0,PJM,Battery,20.0,2,0.438,VA,0
2020.0,PJM,Battery,100.0,2,3.786,VA,0
2020.0,PJM,Solar,20.0,1,3.22,VA,0
2020.0,ERCOT,Wind,348.0,1,2.007,TX,0
2020.0,ERCOT,Solar,326.6,1,3.313,TX,0
2020.0,PJM,Battery,100.0,0,5.306,VA,1
2020.0,PJM,Battery,75.0,0,5.306,VA,0
2020.0,PJM,Battery,50.0,2,5.147,VA,0
2020.0,ERCOT,Other,18.0,1,3.54,TX,0
2020.0,ERCOT,Battery,153.9,1,4.865,TX,0
2020.0,West,Hybrid,250.0,0,5.306,CO,0
2020.0,ISO-NE,Solar,135.0,2,0.854,CT,0
2020.0,ISO-NE,Battery,100.0,2,0.23,CT,0
2020.0,ERCOT,Gas,78.0,1,2.719,TX,0
2020.0,West,Solar,125.0,0,5.306,ID,0
2020.0,ERCOT,Solar,67.6,2,1.626,TX,0
2020.0,PJM,Solar,60.0,0,5.306,PA,0
2020.0,ERCOT,Solar,243.5,0,5.303,TX,0
2020.0,ERCOT,Hybrid,201.7,0,5.303,TX,0
2020.0,ERCOT,Hybrid,502.5,0,5.303,TX,0
2020.0,PJM,Solar,16.0,2,2.428,PA,0
2020.0,PJM,Solar,7.4,2,3.003,PA,0
2020.0,ERCOT,Solar,287.2,0,5.303,TX,0
2020.0,PJM,Battery,75.0,2,3.784,VA,0
2020.0,PJM,Gas,5.0,1,3.521,NJ,0
2020.0,PJM,Solar,27.4,2,2.998,WV,0
2020.0,PJM,Solar,100.0,2,4.783,OH,0
2020.0,PJM,Solar,58.9,2,0.471,OH,0
2020.0,Southeast,Gas,87.0,0,5.295,FL,0
2020.0,NYISO,Solar,20.0,2,0.129,NY,0
2020.0,NYISO,Solar,20.0,2,0.296,NY,0
2020.0,PJM,Solar,20.0,0,5.29,PA,0
2020.0,PJM,Solar,20.0,2,5.131,VA,0
2020.0,PJM,Solar,15.0,2,5.131,VA,0
2020.0,PJM,Solar,15.0,2,5.131,VA,0
2020.0,PJM,Solar,149.5,2,2.916,VA,0
2020.0,PJM,Solar,20.0,2,2.987,VA,0
2020.0,PJM,Solar,15.0,2,4.35,VA,0
2020.0,PJM,Solar,20.0,2,3.77,VA,0
2020.0,PJM,Solar,10.0,2,4.35,VA,0
2020.0,PJM,Solar,20.0,2,4.528,VA,0
2020.0,PJM,Solar,20.0,2,4.528,VA,0
2020.0,PJM,Solar,20.0,2,4.528,VA,0
2020.0,West,Battery,500.0,0,5.29,WA,1
2020.0,West,Hybrid,1000.0,0,5.29,OR,0
2020.0,NYISO,Battery,125.0,2,0.537,NY,0
2020.0,PJM,Battery,16.4,2,3.767,VA,0
2020.0,PJM,Battery,48.9,2,3.767,VA,0
2020.0,PJM,Battery,175.1,2,3.767,VA,0
2020.0,PJM,Solar,50.0,2,0.956,VA,0
2020.0,PJM,Solar,13.2,2,0.498,NJ,0
2020.0,PJM,Solar,15.4,0,5.287,NJ,0
2020.0,West,Other,4.8,0,5.287,NV,0
2020.0,PJM,Solar,20.0,2,0.474,PA,0
2020.0,ISO-NE,Solar,11.8,2,0.205,ME,0
2020.0,PJM,Solar,100.0,2,4.06,VA,0
2020.0,PJM,Solar,150.0,2,3.767,VA,0
2020.0,PJM,Solar,19.8,0,5.287,NJ,0
2020.0,PJM,Solar,50.0,2,3.767,VA,0
2020.0,PJM,Solar,500.0,2,3.767,VA,0
2020.0,PJM,Solar,12.0,0,5.287,NJ,0
2020.0,PJM,Solar,20.0,0,5.287,PA,0
2020.0,PJM,Solar,20.0,2,0.476,PA,0
2020.0,NYISO,Solar,20.0,2,0.12,NY,0
2020.0,PJM,Hybrid,79.0,2,4.345,WV,0
2020.0,PJM,Solar,12.0,0,5.284,PA,0
2020.0,PJM,Battery,300.0,2,3.756,OH,0
2020.0,PJM,Hybrid,150.0,2,3.765,VA,0
2020.0,PJM,Hybrid,150.0,2,3.765,VA,0
2020.0,Southeast,Gas,42.0,1,3.617,FL,0
2020.0,PJM,Solar,10.0,2,5.229,PA,0
2020.0,Southeast,Gas,76.0,0,5.284,FL,0
2020.0,Southeast,Gas,99.0,1,4.449,FL,1
2020.0,Southeast,Gas,60.0,0,5.284,FL,0
2020.0,PJM,Solar,15.0,0,5.281,PA,0
2020.0,PJM,Solar,4.0,2,0.405,NJ,0
2020.0,PJM,Solar,10.0,2,2.957,PA,0
2020.0,PJM,Solar,10.0,2,2.957,PA,0
2020.0,PJM,Solar,10.0,2,0.463,PA,0
2020.0,PJM,Solar,10.0,2,2.957,PA,0
2020.0,West,Wind,400.0,2,1.936,CO,0
2020.0,PJM,Solar,10.0,2,2.957,PA,0
2020.0,West,Hybrid,200.0,0,5.273,NV,1
2020.0,West,Other,600.0,0,5.273,NV,0
2020.0,West,Wind,700.0,2,1.936,CO,0
2020.0,PJM,Battery,14.0,2,2.634,VA,0
2020.0,PJM,Battery,85.0,0,5.273,OH,0
2020.0,PJM,Solar,35.0,2,0.422,KY,0
2020.0,PJM,Battery,7.0,2,2.667,VA,0
2020.0,PJM,Battery,15.0,2,0.077,VA,0
2020.0,PJM,Battery,19.0,2,2.667,VA,0
2020.0,PJM,Battery,7.0,2,0.077,VA,0
2020.0,Southeast,Solar,64.0,2,0.638,GA,0
2020.0,West,Battery,150.0,0,5.273,NM,1
2020.0,West,Other,300.0,0,5.273,AZ,0
2020.0,PJM,Solar,10.0,2,0.162,PA,0
2020.0,West,Hybrid,400.0,0,5.27,NV,0
2020.0,West,Other,250.0,0,5.27,NV,0
2020.0,PJM,Battery,10.0,2,4.233,VA,0
2020.0,PJM,Battery,150.0,2,4.348,IN,0
2020.0,PJM,Solar,15.4,0,5.27,NJ,0
2020.0,PJM,Battery,50.0,0,5.27,VA,1
2020.0,PJM,Solar,150.0,2,0.476,IL,0
2020.0,PJM,Hybrid,75.0,2,3.743,WV,0
2020.0,PJM,Solar,250.0,2,4.293,OH,0
2020.0,PJM,Battery,10.0,2,5.114,VA,0
2020.0,PJM,Solar,450.0,0,5.268,IN,0
2020.0,PJM,Solar,20.0,2,2.968,PA,0
2020.0,PJM,Solar,20.0,2,2.968,PA,0
2020.0,PJM,Solar,210.0,2,3.74,IN,0
2020.0,PJM,Solar,346.0,2,3.74,IN,0
2020.0,PJM,Solar,7.5,2,2.908,PA,0
2020.0,PJM,Solar,10.0,2,0.454,PA,0
2020.0,PJM,Solar,10.0,2,0.454,PA,0
2020.0,PJM,Solar,10.0,2,2.664,PA,0
2020.0,PJM,Solar,10.0,2,2.949,PA,0
2020.0,PJM,Solar,10.0,2,0.589,PA,0
2020.0,ISO-NE,Solar,100.0,2,0.038,ME,0
2020.0,PJM,Solar,7.5,2,0.589,PA,0
2020.0,PJM,Battery,119.0,2,2.656,PA,0
2020.0,PJM,Solar,80.0,2,0.452,OH,0
2020.0,PJM,Solar,3.9,0,5.265,PA,0
2020.0,PJM,Solar,3.9,2,2.962,PA,0
2020.0,PJM,Solar,4.0,0,5.265,PA,0
2020.0,PJM,Hybrid,38.0,0,5.265,NJ,0
2020.0,ERCOT,Battery,301.4,0,5.265,TX,1
2020.0,PJM,Battery,90.0,2,0.203,VA,0
2020.0,PJM,Solar,150.0,2,4.578,OH,0
2020.0,ERCOT,Solar,201.4,0,5.265,TX,0
2020.0,PJM,Wind,200.0,0,5.265,IN,0
2020.0,PJM,Solar,150.0,2,0.474,IN,0
2020.0,ERCOT,Solar,203.3,0,5.265,TX,0
2020.0,ERCOT,Solar,203.2,0,5.265,TX,0
2020.0,ERCOT,Solar,121.0,0,5.265,TX,0
2020.0,PJM,Solar,20.0,2,4.504,OH,0
2020.0,ERCOT,Battery,206.9,0,5.265,TX,0
2020.0,PJM,Solar,50.0,2,4.287,WV,0
2020.0,PJM,Wind,180.0,2,5.106,IL,0
2020.0,PJM,Solar,50.0,2,0.435,WV,0
2020.0,PJM,Solar,192.0,2,2.962,VA,0
2020.0,PJM,Solar,135.0,0,5.265,IN,0
2020.0,PJM,Hybrid,55.0,2,2.96,NJ,0
2020.0,PJM,Hybrid,20.0,2,4.318,PA,0
2020.0,PJM,Hybrid,20.0,2,4.318,PA,0
2020.0,PJM,Solar,20.0,2,5.202,VA,0
2020.0,PJM,Solar,30.0,2,3.91,PA,0
2020.0,PJM,Solar,70.0,2,3.737,VA,0
2020.0,PJM,Solar,125.0,0,5.257,VA,0
2020.0,PJM,Solar,15.0,2,0.465,VA,0
2020.0,PJM,Solar,150.0,2,3.737,VA,0
2020.0,PJM,Battery,53.4,2,3.737,VA,0
2020.0,PJM,Battery,20.0,2,2.894,MD,0
2020.0,PJM,Other,16.8,2,4.638,PA,0
2020.0,PJM,Other,36.6,2,0.496,PA,0
2020.0,PJM,Solar,7.5,2,2.883,PA,0
2020.0,PJM,Solar,10.0,2,0.433,VA,0
2020.0,PJM,Hybrid,40.0,2,4.318,PA,0
2020.0,PJM,Solar,20.0,2,2.971,PA,0
2020.0,PJM,Solar,20.0,2,0.413,VA,0
2020.0,PJM,Solar,20.0,2,0.413,VA,0
2020.0,West,Hybrid,450.0,0,5.257,AZ,0
2020.0,West,Hybrid,300.0,0,5.257,AZ,0
2020.0,PJM,Battery,20.0,2,1.018,VA,0
2020.0,PJM,Solar,19.9,2,0.411,PA,0
2020.0,PJM,Solar,15.9,0,5.257,PA,0
2020.0,PJM,Solar,15.9,0,5.257,PA,0
2020.0,PJM,Battery,20.0,2,2.951,NJ,0
2020.0,PJM,Battery,20.0,2,2.957,PA,0
2020.0,PJM,Battery,80.0,2,2.667,NJ,0
2020.0,PJM,Hybrid,20.0,2,4.318,VA,0
2020.0,PJM,Hybrid,20.0,2,4.318,VA,0
2020.0,PJM,Battery,85.0,2,2.957,PA,0
2020.0,PJM,Solar,2.0,2,2.897,PA,0
2020.0,PJM,Battery,100.0,2,0.208,VA,0
2020.0,PJM,Solar,46.0,2,2.951,NC,0
2020.0,PJM,Solar,140.0,2,0.427,NC,0
2020.0,PJM,Hybrid,99.0,2,4.509,WV,0
2020.0,PJM,Solar,20.0,2,0.402,VA,0
2020.0,PJM,Solar,19.9,2,3.726,PA,0
2020.0,PJM,Hybrid,80.0,0,5.254,WV,0
2020.0,PJM,Solar,65.0,2,3.726,KY,0
2020.0,PJM,Solar,63.0,2,4.315,VA,0
2020.0,PJM,Solar,20.0,2,5.175,PA,0
2020.0,PJM,Solar,300.0,0,5.254,IN,0
2020.0,PJM,Solar,3.0,2,1.005,NJ,0
2020.0,PJM,Solar,3.0,2,1.005,NJ,0
2020.0,PJM,Battery,500.0,2,4.315,IL,1
2020.0,PJM,Solar,7.5,2,0.578,PA,0
2020.0,PJM,Solar,7.5,2,0.06,PA,0
2020.0,West,Hybrid,200.0,0,5.254,AZ,1
2020.0,West,Hybrid,250.0,0,5.254,AZ,1
2020.0,PJM,Hybrid,20.0,2,4.315,VA,0
2020.0,PJM,Hybrid,75.0,2,2.957,VA,0
2020.0,PJM,Solar,44.0,2,4.197,PA,0
2020.0,PJM,Solar,10.0,2,2.938,PA,0
2020.0,PJM,Solar,19.9,2,4.435,PA,0
2020.0,PJM,Solar,5.0,0,5.251,PA,0
2020.0,PJM,Battery,26.0,2,3.732,VA,0
2020.0,PJM,Battery,26.0,2,3.732,VA,0
2020.0,PJM,Battery,55.0,0,5.251,IN,0
2020.0,PJM,Battery,55.0,2,1.325,IN,0
2020.0,PJM,Battery,122.0,2,4.312,VA,0
2020.0,PJM,Battery,25.0,2,5.092,MD,0
2020.0,PJM,Battery,20.0,2,4.312,VA,0
2020.0,PJM,Solar,140.0,2,3.723,IN,0
2020.0,PJM,Battery,80.0,2,4.312,NC,0
2020.0,PJM,Battery,50.0,2,3.723,IN,0
2020.0,PJM,Battery,30.0,2,3.723,OH,0
2020.0,PJM,Solar,54.0,2,0.416,PA,0
2020.0,PJM,Solar,40.0,2,0.416,MD,0
2020.0,PJM,Solar,14.0,2,0.419,MD,0
2020.0,PJM,Battery,30.0,0,5.251,IL,0
2020.0,PJM,Solar,30.0,2,0.972,DE,0
2020.0,PJM,Battery,50.0,2,0.465,PA,0
2020.0,PJM,Battery,50.0,2,2.949,DE,0
2020.0,PJM,Battery,35.0,2,4.175,PA,0
2020.0,PJM,Battery,35.0,2,4.312,NC,0
2020.0,PJM,Battery,35.0,2,4.312,NC,0
2020.0,PJM,Solar,75.0,2,3.732,VA,0
2020.0,PJM,Solar,70.0,2,3.948,PA,0
2020.0,PJM,Solar,200.0,2,3.732,VA,0
2020.0,PJM,Battery,50.0,2,3.732,VA,0
2020.0,PJM,Solar,200.0,2,3.732,IL,0
2020.0,PJM,Solar,100.0,2,3.732,IN,0
2020.0,PJM,Battery,20.0,2,3.723,OH,0
2020.0,PJM,Battery,17.0,2,3.838,VA,0
2020.0,PJM,Solar,118.6,2,4.312,VA,0
2020.0,PJM,Solar,46.8,2,4.312,VA,0
2020.0,PJM,Solar,58.7,2,1.651,VA,0
2020.0,PJM,Solar,200.0,2,3.732,VA,0
2020.0,PJM,Wind,100.0,0,5.251,IN,0
2020.0,PJM,Wind,175.0,2,4.312,IL,0
2020.0,PJM,Wind,150.0,2,4.394,IL,0
2020.0,PJM,Solar,125.0,0,5.251,IN,0
2020.0,PJM,Solar,100.0,2,4.312,NC,0
2020.0,PJM,Solar,100.0,2,4.312,NC,0
2020.0,PJM,Solar,250.0,2,4.312,NC,0
2020.0,PJM,Solar,75.0,2,3.732,VA,0
2020.0,PJM,Battery,100.0,2,2.949,PA,0
2020.0,PJM,Solar,50.0,2,4.077,PA,0
2020.0,PJM,Solar,14.0,2,2.949,VA,0
2020.0,PJM,Solar,14.0,2,0.498,VA,0
2020.0,PJM,Hybrid,120.0,2,4.312,DE,0
2020.0,PJM,Solar,8.8,2,3.663,PA,0
2020.0,PJM,Solar,10.0,0,5.251,NJ,0
2020.0,PJM,Gas,406.4,0,5.251,OH,0
2020.0,PJM,Gas,11.3,0,5.251,OH,0
2020.0,PJM,Hybrid,80.0,2,4.312,VA,0
2020.0,PJM,Hybrid,20.0,2,4.312,VA,0
2020.0,PJM,Solar,68.0,2,1.013,PA,0
2020.0,PJM,Solar,6.6,2,0.479,NJ,0
2020.0,PJM,Solar,150.0,2,3.732,VA,0
2020.0,PJM,Gas,296.0,2,3.329,IL,1
2020.0,PJM,Wind,63.3,0,5.251,VA,0
2020.0,PJM,Wind,105.4,2,1.492,VA,0
2020.0,PJM,Hybrid,20.0,2,3.789,NJ,0
2020.0,PJM,Hybrid,50.0,2,5.103,NJ,0
2020.0,PJM,Battery,40.0,2,4.849,IL,0
2020.0,PJM,Battery,10.0,2,4.871,PA,0
2020.0,PJM,Battery,10.0,2,4.851,PA,0
2020.0,PJM,Solar,150.0,2,3.732,VA,0
2020.0,PJM,Solar,19.8,0,5.251,NJ,0
2020.0,PJM,Battery,50.0,2,5.092,VA,0
2020.0,PJM,Hybrid,70.0,2,2.951,KY,0
2020.0,PJM,Solar,14.0,0,5.251,VA,0
2020.0,PJM,Solar,54.0,0,5.251,KY,0
2020.0,PJM,Solar,80.0,2,2.951,KY,0
2020.0,PJM,Hybrid,53.9,2,4.312,PA,0
2020.0,PJM,Hybrid,70.0,2,0.077,PA,0
2020.0,PJM,Solar,15.0,2,0.569,NJ,0
2020.0,PJM,Hybrid,18.0,2,2.946,IL,0
2020.0,PJM,Hybrid,19.9,0,5.251,IL,0
2020.0,PJM,Hybrid,19.9,2,0.175,IL,0
2020.0,PJM,Hybrid,18.2,2,5.114,PA,0
2020.0,PJM,Hybrid,15.5,2,1.087,PA,0
2020.0,PJM,Hybrid,20.0,2,4.983,PA,0
2020.0,PJM,Hybrid,20.0,2,1.087,PA,0
2020.0,PJM,Battery,55.0,2,4.482,PA,0
2020.0,PJM,Battery,15.0,2,4.983,PA,0
2020.0,PJM,Hybrid,20.0,2,4.961,NJ,0
2020.0,PJM,Solar,70.0,2,3.723,KY,0
2020.0,PJM,Hybrid,175.0,2,3.992,PA,0
2020.0,PJM,Hybrid,125.0,2,0.961,PA,0
2020.0,PJM,Solar,15.6,2,2.949,VA,0
2020.0,PJM,Solar,50.0,2,3.948,IN,0
2020.0,PJM,Solar,50.0,2,3.948,IN,0
2020.0,PJM,Hybrid,125.0,2,4.736,WV,0
2020.0,PJM,Solar,5.0,2,0.427,PA,0
2020.0,PJM,Solar,4.0,2,0.427,PA,0
2020.0,PJM,Hybrid,5.0,2,1.476,PA,0
2020.0,PJM,Hybrid,5.0,2,1.476,PA,0
2020.0,PJM,Solar,5.0,2,0.942,PA,0
2020.0,PJM,Solar,5.0,2,0.843,PA,0
2020.0,PJM,Hybrid,5.0,2,0.906,PA,0
2020.0,PJM,Hybrid,106.0,0,5.251,KY,0
2020.0,PJM,Solar,5.0,2,0.616,PA,0
2020.0,PJM,Solar,36.0,0,5.251,VA,0
2020.0,PJM,Solar,20.0,2,0.693,VA,0
2020.0,PJM,Solar,8.0,2,1.021,VA,0
2020.0,PJM,Solar,20.0,2,4.312,VA,0
2020.0,PJM,Hybrid,100.0,2,2.949,VA,0
2020.0,PJM,Solar,260.0,0,5.251,IN,0
2020.0,PJM,Solar,58.0,0,5.251,OH,0
2020.0,PJM,Solar,50.0,2,0.994,KY,0
2020.0,PJM,Solar,98.0,2,4.312,KY,0
2020.0,PJM,Hybrid,62.5,2,4.312,VA,0
2020.0,PJM,Solar,5.0,2,0.616,PA,0
2020.0,PJM,Solar,5.0,2,0.906,PA,0
2020.0,PJM,Hybrid,5.0,2,1.476,PA,0
2020.0,West,Battery,150.0,0,5.251,AZ,1
2020.0,West,Battery,100.0,0,5.251,AZ,1
2020.0,West,Hybrid,315.0,0,5.251,AZ,1
2020.0,West,Hybrid,550.0,0,5.251,AZ,1
2020.0,West,Hybrid,275.0,0,5.251,NC,1
2020.0,West,Battery,100.0,0,5.251,AZ,1
2020.0,PJM,Solar,20.0,0,5.251,PA,0
2020.0,PJM,Battery,1.0,2,3.578,MD,0
2020.0,PJM,Battery,1.0,2,4.663,MD,0
2020.0,PJM,Solar,65.0,2,4.312,OH,0
2020.0,PJM,Solar,82.0,0,5.251,KY,0
2020.0,PJM,Solar,200.0,2,3.723,IL,0
2020.0,PJM,Hybrid,70.0,2,1.002,VA,0
2020.0,PJM,Hybrid,40.0,2,5.092,OH,0
2020.0,PJM,Hybrid,39.0,0,5.251,IN,0
2020.0,PJM,Hybrid,50.0,2,0.427,VA,0
2020.0,PJM,Solar,35.0,2,1.087,PA,0
2020.0,PJM,Solar,100.0,2,0.441,OH,0
2020.0,PJM,Solar,5.0,2,0.427,PA,0
2020.0,PJM,Solar,150.0,0,5.251,KY,0
2020.0,PJM,Solar,54.0,2,0.408,PA,0
2020.0,PJM,Solar,36.0,2,0.408,PA,0
2020.0,PJM,Solar,200.0,2,2.949,VA,0
2020.0,PJM,Solar,30.0,2,4.312,PA,0
2020.0,PJM,Solar,20.0,2,5.092,VA,0
2020.0,PJM,Solar,14.2,2,5.092,VA,0
2020.0,PJM,Solar,20.0,2,0.408,PA,0
2020.0,PJM,Solar,7.5,2,0.441,PA,0
2020.0,PJM,Hybrid,10.0,2,4.789,MD,0
2020.0,PJM,Wind,300.0,2,3.732,IL,0
2020.0,PJM,Battery,150.0,2,3.732,IL,0
2020.0,PJM,Battery,150.0,2,3.732,IL,0
2020.0,PJM,Wind,188.0,2,4.216,IL,0
2020.0,PJM,Battery,100.0,2,3.732,IL,0
2020.0,PJM,Solar,57.0,2,5.092,KY,0
2020.0,PJM,Battery,22.0,2,5.092,KY,0
2020.0,PJM,Solar,300.0,0,5.251,OH,0
2020.0,PJM,Battery,100.0,0,5.251,OH,0
2020.0,PJM,Battery,200.0,2,4.312,VA,0
2020.0,PJM,Solar,69.5,2,2.949,VA,0
2020.0,PJM,Solar,75.0,0,5.251,IN,0
2020.0,PJM,Solar,50.0,0,5.251,VA,0
2020.0,PJM,Solar,20.0,2,2.489,VA,0
2020.0,PJM,Battery,10.0,2,4.115,PA,0
2020.0,PJM,Solar,20.0,2,0.424,PA,0
2020.0,PJM,Hybrid,20.0,2,4.312,VA,0
2020.0,PJM,Solar,58.0,2,1.106,OH,0
2020.0,PJM,Battery,127.5,2,3.732,VA,0
2020.0,PJM,Hybrid,300.0,0,5.251,MD,0
2020.0,PJM,Battery,100.0,2,3.732,VA,0
2020.0,PJM,Solar,100.0,0,5.251,IN,0
2020.0,PJM,Battery,50.0,0,5.251,IN,0
2020.0,PJM,Solar,100.0,0,5.251,IN,0
2020.0,PJM,Solar,49.9,0,5.251,OH,0
2020.0,PJM,Battery,30.0,2,3.723,IL,0
2020.0,PJM,Battery,10.0,2,3.723,IL,0
2020.0,PJM,Solar,300.0,0,5.251,IL,0
2020.0,PJM,Battery,30.0,2,0.438,IN,0
2020.0,PJM,Solar,20.0,0,5.251,PA,0
2020.0,PJM,Solar,20.0,0,5.251,PA,0
2020.0,PJM,Solar,200.0,2,3.732,IL,0
2020.0,PJM,Hybrid,90.0,2,0.496,OH,0
2020.0,PJM,Solar,27.0,2,0.438,KY,0
2020.0,PJM,Solar,20.0,2,3.817,PA,0
2020.0,PJM,Hybrid,20.0,2,2.949,VA,0
2020.0,PJM,Solar,20.0,2,0.479,PA,0
2020.0,PJM,Other,50.0,0,5.251,WV,0
2020.0,PJM,Solar,300.0,2,0.055,OH,0
2020.0,PJM,Solar,20.0,2,0.961,VA,0
2020.0,PJM,Battery,75.0,2,3.732,VA,0
2020.0,PJM,Battery,55.0,2,0.427,VA,0
2020.0,PJM,Battery,75.0,2,2.949,VA,0
2020.0,PJM,Hybrid,150.0,2,0.044,VA,0
2020.0,PJM,Hybrid,325.0,2,0.099,VA,0
2020.0,PJM,Hybrid,60.0,2,2.949,VA,0
2020.0,PJM,Hybrid,20.0,2,0.964,VA,0
2020.0,PJM,Hybrid,150.0,2,0.46,VA,0
2020.0,PJM,Hybrid,50.0,2,3.732,VA,0
2020.0,PJM,Solar,250.0,2,4.329,OH,0
2020.0,PJM,Hybrid,150.0,0,5.251,PA,0
2020.0,PJM,Hybrid,100.0,2,4.312,PA,0
2020.0,PJM,Hybrid,35.0,2,0.427,VA,0
2020.0,PJM,Solar,20.0,2,5.092,NC,0
2020.0,PJM,Solar,18.0,2,5.092,NC,0
2020.0,PJM,Solar,260.0,0,5.251,IL,0
2020.0,PJM,Solar,50.0,0,5.251,OH,0
2020.0,PJM,Hybrid,120.0,0,5.251,IN,0
2020.0,PJM,Battery,100.0,2,3.732,VA,0
2020.0,PJM,Solar,20.0,2,0.205,VA,0
2020.0,PJM,Hybrid,20.0,0,5.251,VA,0
2020.0,PJM,Battery,75.0,2,3.732,VA,0
2020.0,West,Hybrid,500.0,0,5.251,AZ,0
2020.0,PJM,Battery,75.0,2,4.312,VA,0
2020.0,PJM,Battery,75.0,0,5.251,VA,0
2020.0,PJM,Hybrid,4.0,2,2.949,PA,0
2020.0,PJM,Hybrid,50.0,2,2.949,VA,0
2020.0,PJM,Solar,100.0,2,0.457,IL,0
2020.0,PJM,Solar,300.0,2,4.312,IN,0
2020.0,PJM,Solar,300.0,2,4.312,IN,0
2020.0,PJM,Solar,300.0,2,4.312,IN,0
2020.0,PJM,Solar,300.0,2,4.312,IN,0
2020.0,PJM,Solar,222.0,2,5.092,KY,0
2020.0,PJM,Solar,215.0,2,4.268,PA,0
2020.0,PJM,Solar,225.0,2,4.331,WV,0
2020.0,PJM,Solar,54.0,2,3.732,VA,0
2020.0,PJM,Solar,13.5,0,5.251,VA,0
2020.0,PJM,Solar,40.0,2,4.038,VA,0
2020.0,PJM,Battery,200.0,2,2.949,VA,1
2020.0,PJM,Solar,54.0,2,0.044,OH,0
2020.0,PJM,Hybrid,20.0,0,5.251,VA,0
2020.0,PJM,Solar,255.0,0,5.248,IL,0
2020.0,PJM,Solar,15.4,1,4.564,NJ,0
2020.0,PJM,Solar,8.8,1,4.016,MD,0
2020.0,NYISO,Battery,20.0,2,0.578,NY,0
2020.0,PJM,Solar,30.0,2,4.309,PA,0
2020.0,PJM,Solar,15.0,2,4.309,PA,0
2020.0,PJM,Solar,20.0,2,4.214,VA,0
2020.0,PJM,Solar,15.0,2,4.309,PA,0
2020.0,PJM,Battery,50.0,2,2.935,MD,0
2020.0,PJM,Battery,500.0,0,5.248,MD,0
2020.0,PJM,Battery,10.0,0,5.248,IL,0
2020.0,ISO-NE,Solar,2.5,2,4.695,ME,0
2020.0,ISO-NE,Hybrid,5.0,2,4.695,ME,0
2020.0,ISO-NE,Solar,4.9,2,4.695,ME,0
2020.0,ISO-NE,Solar,4.9,2,4.695,ME,0
2020.0,PJM,Solar,20.0,1,4.772,PA,0
2020.0,ISO-NE,Solar,2.0,2,4.695,ME,0
2020.0,ISO-NE,Solar,1.7,2,4.695,ME,0
2020.0,PJM,Solar,50.0,2,4.211,OH,1
2020.0,PJM,Solar,20.0,2,4.211,OH,0
2020.0,ISO-NE,Solar,1.8,2,4.695,ME,0
2020.0,PJM,Solar,20.0,2,4.211,OH,0
2020.0,PJM,Solar,20.0,2,4.211,OH,0
2020.0,ISO-NE,Solar,10.0,2,4.695,ME,0
2020.0,Southeast,Solar,50.0,2,1.139,KY,0
2020.0,West,Other,500.0,0,5.246,CA,0
2020.0,SPP,Wind,310.0,2,0.452,KS,0
2020.0,West,Wind,250.0,2,1.908,CO,0
2020.0,ERCOT,Other,101.5,1,2.442,TX,0
2020.0,ERCOT,Other,101.4,1,3.225,TX,0
2020.0,West,Hybrid,49.9,2,1.845,NM,1
2020.0,ERCOT,Solar,250.0,0,5.235,TX,0
2020.0,PJM,Solar,100.0,2,3.474,VA,0
2020.0,ERCOT,Other,100.7,2,2.913,TX,0
2020.0,ERCOT,Solar,201.3,2,1.095,TX,0
2020.0,ERCOT,Battery,202.4,0,5.232,TX,0
2020.0,ERCOT,Solar,54.5,0,5.232,TX,0
2020.0,ERCOT,Solar,201.7,0,5.232,TX,0
2020.0,ERCOT,Gas,18.0,0,5.232,TX,0
2020.0,Southeast,Battery,150.0,0,5.232,GA,0
2020.0,Southeast,Battery,265.0,0,5.232,GA,0
2020.0,Southeast,Hybrid,100.0,2,0.402,GA,0
2020.0,ERCOT,Hybrid,256.5,0,5.232,TX,0
2020.0,Southeast,Solar,74.9,1,3.452,FL,0
2020.0,ERCOT,Solar,76.0,2,0.887,TX,0
2020.0,ERCOT,Battery,202.5,0,5.232,TX,0
2020.0,NYISO,Battery,20.0,2,2.393,NY,0
2020.0,PJM,Solar,20.0,2,4.695,PA,0
2020.0,PJM,Solar,60.0,2,4.734,PA,0
2020.0,ISO-NE,Solar,65.0,2,4.027,ME,0
2020.0,ISO-NE,Solar,100.0,2,0.033,ME,0
2020.0,Southeast,Solar,220.0,0,5.227,GA,0
2020.0,West,Solar,150.0,2,1.895,NM,0
2020.0,ERCOT,Battery,100.8,0,5.218,TX,0
2020.0,PJM,Battery,56.3,2,4.181,WV,0
2020.0,West,Battery,100.0,0,5.213,NM,1
2020.0,West,Hybrid,90.0,0,5.213,NM,0
2020.0,West,Hybrid,300.0,0,5.213,NM,1
2020.0,West,Hybrid,90.0,0,5.213,NM,0
2020.0,Southeast,Hybrid,120.0,2,5.062,GA,0
2020.0,West,Hybrid,100.0,0,5.213,NM,0
2020.0,West,Hybrid,76.0,0,5.21,NM,0
2020.0,West,Battery,250.0,0,5.21,CA,0
2020.0,PJM,Solar,0.2,2,2.393,PA,0
2020.0,Southeast,Gas,27.0,0,5.21,AL,0
2020.0,NYISO,Battery,10.0,2,0.37,NY,0
2020.0,PJM,Solar,200.0,2,4.172,OH,0
2020.0,NYISO,Battery,300.0,2,1.528,NY,0
2020.0,PJM,Solar,80.0,2,0.131,KY,0
2020.0,PJM,Solar,105.0,2,0.079,OH,0
2020.0,ERCOT,Other,62.5,1,1.969,TX,1
2020.0,ERCOT,Other,103.3,1,4.162,TX,0
2020.0,ERCOT,Gas,199.0,1,2.683,TX,0
2020.0,ERCOT,Solar,124.6,0,5.188,TX,0
2020.0,PJM,Solar,3.0,2,3.792,PA,0
2020.0,PJM,Solar,3.0,2,3.792,PA,0
2020.0,PJM,Solar,3.0,2,3.978,PA,0
2020.0,PJM,Solar,3.0,2,3.978,PA,0
2020.0,PJM,Solar,3.0,2,3.978,PA,0
2020.0,ERCOT,Solar,112.4,0,5.188,TX,0
2020.0,PJM,Solar,3.0,2,3.978,PA,0
2020.0,ERCOT,Solar,170.9,0,5.188,TX,0
2020.0,ERCOT,Solar,190.5,0,5.188,TX,0
2020.0,PJM,Solar,3.0,2,3.978,PA,0
2020.0,ERCOT,Solar,398.8,0,5.188,TX,0
2020.0,PJM,Solar,3.0,2,3.978,PA,0
2020.0,PJM,Battery,15.0,2,4.153,VA,0
2020.0,ERCOT,Solar,110.0,0,5.188,TX,0
2020.0,ERCOT,Solar,356.6,0,5.188,TX,0
2020.0,ERCOT,Battery,251.8,0,5.188,TX,0
2020.0,PJM,Battery,7.0,2,4.693,VA,0
2020.0,NYISO,Battery,20.0,2,0.178,NY,0
2020.0,West,Other,4.5,2,0.69,CO,0
2020.0,MISO,Other,30.0,0,5.175,,0
2020.0,ISO-NE,Battery,204.0,2,0.52,MA,0
2020.0,Southeast,Solar,220.0,2,4.438,GA,0
2020.0,ISO-NE,Battery,200.0,2,0.088,MA,0
2020.0,NYISO,Battery,20.0,2,0.17,NY,0
2020.0,PJM,Solar,30.2,2,4.033,OH,0
2020.0,PJM,Hybrid,60.0,2,4.134,NJ,0
2020.0,ERCOT,Other,72.4,1,3.129,TX,0
2020.0,ERCOT,Solar,237.3,1,4.277,TX,0
2020.0,ERCOT,Solar,201.5,2,1.183,TX,0
2020.0,ERCOT,Solar,73.1,2,1.476,TX,1
2020.0,ERCOT,Other,72.2,1,3.083,TX,0
2020.0,ERCOT,Solar,256.3,1,5.043,TX,0
2020.0,Southeast,Battery,22.0,0,5.155,TN,0
2020.0,ISO-NE,Battery,102.0,2,0.23,ME,0
2020.0,PJM,Solar,20.0,2,3.474,OH,0
2020.0,PJM,Hybrid,150.0,2,4.12,VA,0
2020.0,ERCOT,Hybrid,508.6,0,5.153,TX,0
2020.0,West,Hybrid,300.0,0,5.153,WA,1
2020.0,ERCOT,Hybrid,202.2,0,5.153,TX,0
2020.0,MISO,Other,200.0,2,0.263,IN,0
2020.0,West,Other,80.0,0,5.142,CA,0
2020.0,West,Gas,200.0,2,1.807,ID,0
2020.0,Southeast,Solar,100.0,0,5.139,MO,0
2020.0,West,Gas,30.0,0,5.136,AZ,1
2020.0,PJM,Hybrid,33.0,2,4.252,NJ,0
2020.0,West,Gas,30.0,0,5.136,AZ,1
2020.0,Southeast,Solar,80.0,2,0.643,AL,0
2020.0,PJM,Solar,10.0,2,4.096,NJ,0
2020.0,Southeast,Hybrid,80.0,2,0.493,AL,0
2020.0,Southeast,Hybrid,80.0,2,0.901,AL,0
2020.0,Southeast,Solar,80.0,2,0.493,AL,0
2020.0,Southeast,Solar,80.0,2,0.901,AL,0
2020.0,Southeast,Hybrid,80.0,2,4.504,AL,0
2020.0,PJM,Solar,19.8,2,4.088,PA,0
2020.0,PJM,Solar,19.8,2,4.088,PA,0
2020.0,PJM,Solar,5.0,2,4.088,PA,0
2020.0,West,Other,2.0,1,0.375,MT,0
2020.0,PJM,Solar,19.8,2,4.088,PA,0
2020.0,Southeast,Solar,120.0,0,5.123,GA,0
2020.0,ISO-NE,Solar,100.0,2,0.178,ME,0
2020.0,ERCOT,Battery,69.0,0,5.12,TX,0
2020.0,Southeast,Solar,30.0,2,1.235,GA,0
2020.0,ERCOT,Other,187.5,2,0.572,TX,0
2020.0,Southeast,Solar,20.0,2,1.407,GA,0
2020.0,ERCOT,Solar,252.4,2,0.966,TX,0
2020.0,ERCOT,Battery,155.0,0,5.117,TX,0
2020.0,NYISO,Battery,10.0,2,1.949,NY,0
2020.0,NYISO,Battery,20.0,0,5.117,NY,0
2020.0,NYISO,Solar,100.0,0,5.103,NY,0
2020.0,Southeast,Hybrid,117.8,2,2.308,GA,0
2020.0,PJM,Battery,1.0,1,2.45,MD,0
2020.0,NYISO,Battery,70.0,0,5.098,NY,0
2020.0,ISO-NE,Solar,74.5,0,5.084,ME,0
2020.0,Southeast,Solar,55.0,0,5.084,FL,0
2020.0,SPP,Wind,200.0,1,3.389,OK,0
2020.0,ERCOT,Other,100.5,2,3.014,TX,0
2020.0,PJM,Solar,20.0,2,4.044,VA,0
2020.0,PJM,Solar,300.0,2,4.58,OH,0
2020.0,PJM,Battery,100.0,2,4.58,OH,0
2020.0,ERCOT,Solar,150.0,2,4.03,TX,0
2020.0,ERCOT,Solar,209.5,0,5.079,TX,0
2020.0,ERCOT,Solar,200.0,2,4.049,TX,0
2020.0,ERCOT,Gas,102.0,1,4.03,TX,0
2020.0,ERCOT,Other,50.8,2,1.268,TX,0
2020.0,ERCOT,Other,202.3,2,3.567,TX,0
2020.0,ERCOT,Other,25.0,2,0.572,TX,0
2020.0,ERCOT,Solar,217.1,0,5.079,TX,0
2020.0,ERCOT,Other,202.3,2,3.094,TX,0
2020.0,ERCOT,Battery,301.8,0,5.076,TX,0
2020.0,ERCOT,Battery,100.6,0,5.076,TX,0
2020.0,ERCOT,Battery,201.0,0,5.076,TX,0
2020.0,ERCOT,Hybrid,502.7,0,5.076,TX,0
2020.0,ERCOT,Solar,37.5,0,5.076,TX,0
2020.0,ERCOT,Hybrid,511.6,0,5.076,TX,0
2020.0,ERCOT,Hybrid,653.7,0,5.076,TX,0
2020.0,ERCOT,Battery,301.2,0,5.076,TX,0
2020.0,ERCOT,Hybrid,153.6,0,5.076,TX,0
2020.0,ERCOT,Battery,100.0,0,5.076,TX,0
2020.0,ERCOT,Hybrid,101.2,0,5.076,TX,0
2020.0,Southeast,Wind,247.0,0,5.073,MO,0
2020.0,NYISO,Solar,19.0,2,0.32,NY,0
2020.0,PJM,Solar,20.0,2,3.926,VA,0
2020.0,PJM,Wind,1300.0,2,4.041,NJ,0
2020.0,ISO-NE,Solar,27.0,2,2.251,NH,0
2020.0,PJM,Solar,80.0,2,4.005,VA,0
2020.0,PJM,Solar,70.0,2,4.027,VA,0
2020.0,Southeast,Solar,74.5,0,5.06,FL,0
2020.0,PJM,Solar,12.6,2,4.022,PA,0
2020.0,SPP,Solar,75.5,2,2.587,MT,0
2020.0,NYISO,Battery,205.0,0,5.054,NY,0
2020.0,NYISO,Battery,79.0,0,5.046,NY,0
2020.0,CAISO,Gas,100.0,1,0.652,CA,0
2020.0,West,Other,330.0,0,5.043,ID,0
2020.0,Southeast,Hybrid,100.0,2,0.112,GA,0
2020.0,Southeast,Solar,80.0,0,5.04,AL,0
2020.0,Southeast,Hybrid,80.0,0,5.04,AL,0
2020.0,West,Other,4.5,0,5.04,CO,0
2020.0,West,Other,250.0,0,5.04,AZ,0
2020.0,West,Other,250.0,0,5.04,AZ,0
2020.0,Southeast,Hybrid,80.0,2,4.605,AL,0
2020.0,Southeast,Hybrid,80.0,2,1.517,AL,0
2020.0,PJM,Solar,41.0,2,4.003,VA,0
2020.0,ISO-NE,Solar,18.1,0,5.038,ME,0
2020.0,Southeast,Solar,100.0,2,0.468,MS,0
2020.0,Southeast,Solar,100.0,2,4.726,MS,0
2020.0,Southeast,Hybrid,250.0,0,5.027,GA,0
2020.0,ERCOT,Battery,251.0,0,5.027,TX,0
2020.0,Southeast,Hybrid,250.0,0,5.027,GA,0
2020.0,CAISO,Battery,55.6,2,2.954,CA,1
2020.0,NYISO,Wind,18.0,2,0.438,NY,0
2020.0,ERCOT,Wind,22.4,0,5.024,TX,0
2020.0,ERCOT,Solar,203.2,0,5.024,TX,0
2020.0,ERCOT,Battery,205.0,0,5.024,TX,0
2020.0,ERCOT,Solar,204.1,2,0.868,TX,0
2020.0,ERCOT,Solar,202.8,1,3.515,TX,0
2020.0,ERCOT,Solar,36.0,0,5.024,TX,0
2020.0,ERCOT,Solar,307.0,0,5.024,TX,0
2020.0,ERCOT,Solar,200.0,2,1.169,TX,0
2020.0,Southeast,Hybrid,80.0,2,4.586,AL,0
2020.0,Southeast,Battery,100.0,2,0.342,GA,0
2020.0,Southeast,Hybrid,80.0,2,1.396,AL,0
2020.0,Southeast,Battery,100.0,2,0.389,GA,0
2020.0,PJM,Battery,20.0,2,1.651,VA,1
2020.0,PJM,Solar,20.0,2,3.86,VA,0
2020.0,SPP,Battery,100.0,2,3.715,OK,0
2020.0,SPP,Battery,100.0,0,5.005,OK,0
2020.0,PJM,Solar,50.0,2,3.967,VA,0
2020.0,Southeast,Solar,80.0,2,0.704,MS,0
2020.0,PJM,Hybrid,325.0,2,3.967,VA,0
2020.0,Southeast,Solar,74.9,0,5.002,FL,0
2020.0,MISO,Other,330.0,0,5.002,LA,0
2020.0,MISO,Battery,100.0,0,4.999,MI,0
2020.0,MISO,Battery,100.0,0,4.999,MI,0
2020.0,PJM,Solar,3.0,2,1.008,NJ,0
2021.0,NYISO,Solar,19.8,2,2.902,NY,0
2021.0,PJM,Solar,2.5,2,0.249,NJ,0
2021.0,Southeast,Solar,100.0,2,0.753,KY,0
2021.0,NYISO,Solar,20.0,0,4.983,NY,0
2021.0,West,Hybrid,125.0,2,1.643,WA,0
2021.0,West,Other,560.0,0,4.98,WA,0
2021.0,West,Hybrid,375.0,0,4.98,WA,0
2021.0,ISO-NE,Battery,205.3,0,4.977,CT,0
2021.0,Southeast,Solar,150.0,2,0.63,KY,0
2021.0,Southeast,Solar,150.0,2,0.63,KY,0
2021.0,Southeast,Solar,150.0,2,0.531,KY,0
2021.0,Southeast,Solar,24.5,1,2.292,FL,0
2021.0,Southeast,Hybrid,79.0,2,2.839,AL,0
2021.0,Southeast,Hybrid,79.0,2,2.839,AL,0
2021.0,Southeast,Hybrid,79.0,2,4.137,AL,0
2021.0,Southeast,Hybrid,79.0,2,4.92,AL,0
2021.0,ISO-NE,Battery,50.4,2,0.797,RI,0
2021.0,West,Wind,70.0,0,4.958,MT,0
2021.0,PJM,Solar,3.0,2,0.17,OH,0
2021.0,ISO-NE,Solar,26.0,2,4.394,CT,0
2021.0,PJM,Solar,20.0,2,3.91,MD,0
2021.0,NYISO,Battery,50.0,2,0.526,NY,0
2021.0,PJM,Solar,20.0,2,3.91,PA,0
2021.0,Southeast,Gas,635.0,2,0.75,KY,0
2021.0,ERCOT,Solar,50.2,0,4.942,TX,0
2021.0,PJM,Battery,100.0,2,4.457,VA,0
2021.0,Southeast,Gas,635.0,2,0.75,KY,0
2021.0,NYISO,Battery,20.0,2,2.026,NY,0
2021.0,West,Other,21.6,1,0.728,MT,0
2021.0,PJM,Battery,100.0,2,4.194,IN,0
2021.0,PJM,Solar,300.0,2,3.904,IN,0
2021.0,ERCOT,Other,111.1,2,0.608,TX,0
2021.0,ERCOT,Other,170.0,2,3.138,TX,0
2021.0,ERCOT,Solar,207.8,0,4.934,TX,0
2021.0,ERCOT,Battery,73.0,0,4.934,TX,0
2021.0,ERCOT,Other,102.7,2,0.277,TX,0
2021.0,ERCOT,Solar,238.8,1,3.904,TX,0
2021.0,ERCOT,Other,100.0,2,3.135,TX,0
2021.0,ERCOT,Other,102.7,2,0.277,TX,0
2021.0,ERCOT,Solar,221.4,0,4.931,TX,0
2021.0,ERCOT,Battery,51.9,0,4.931,TX,0
2021.0,ERCOT,Battery,103.0,1,4.055,TX,0
2021.0,ERCOT,Hybrid,63.6,0,4.931,TX,0
2021.0,ERCOT,Hybrid,153.1,0,4.931,TX,0
2021.0,West,Hybrid,344.0,0,4.931,CA,0
2021.0,ERCOT,Battery,103.4,0,4.931,TX,0
2021.0,ERCOT,Battery,205.5,0,4.931,TX,0
2021.0,ERCOT,Other,63.0,1,2.902,TX,0
2021.0,ERCOT,Battery,51.7,0,4.931,TX,0
2021.0,ERCOT,Solar,147.6,0,4.931,TX,0
2021.0,ERCOT,Gas,18.0,0,4.931,TX,0
2021.0,ERCOT,Hybrid,206.1,1,2.762,TX,0
2021.0,ERCOT,Battery,102.5,0,4.931,TX,0
2021.0,ERCOT,Battery,100.6,0,4.931,TX,0
2021.0,PJM,Solar,10.0,2,3.893,PA,0
2021.0,ERCOT,Solar,98.4,0,4.928,TX,0
2021.0,PJM,Solar,11.0,2,4.444,MD,0
2021.0,ERCOT,Solar,211.2,0,4.928,TX,0
2021.0,West,Hybrid,500.0,0,4.928,WA,1
2021.0,PJM,Solar,150.0,2,4.268,KY,0
2021.0,NYISO,Wind,72.0,0,4.925,NY,0
2021.0,West,Hybrid,600.0,0,4.925,AZ,0
2021.0,West,Wind,326.2,0,4.923,MT,0
2021.0,PJM,Hybrid,20.0,2,3.888,VA,0
2021.0,PJM,Solar,58.6,2,3.888,MD,0
2021.0,PJM,Hybrid,20.0,2,3.888,VA,0
2021.0,PJM,Solar,84.0,2,3.885,OH,0
2021.0,PJM,Hybrid,100.0,2,3.885,IN,0
2021.0,PJM,Battery,150.0,2,3.885,VA,1
2021.0,PJM,Solar,150.0,2,4.099,VA,0
2021.0,PJM,Battery,50.0,2,3.882,OH,0
2021.0,PJM,Hybrid,100.0,2,4.424,IN,0
2021.0,PJM,Solar,8.5,2,3.885,MD,0
2021.0,PJM,Wind,460.0,2,3.885,DE,0
2021.0,PJM,Solar,400.0,2,3.885,OH,0
2021.0,PJM,Solar,52.4,2,2.976,VA,0
2021.0,PJM,Solar,40.0,2,4.159,MI,0
2021.0,PJM,Solar,15.0,2,4.156,MI,0
2021.0,West,Solar,300.0,0,4.909,MT,0
2021.0,West,Wind,300.0,0,4.909,MT,0
2021.0,West,Wind,300.0,0,4.909,MT,0
2021.0,PJM,Hybrid,55.0,2,4.153,MI,0
2021.0,ERCOT,Solar,202.4,0,4.909,TX,0
2021.0,ERCOT,Battery,154.4,1,3.953,TX,0
2021.0,ERCOT,Other,203.5,1,3.354,TX,0
2021.0,ERCOT,Solar,322.8,1,2.683,TX,0
2021.0,ERCOT,Solar,324.0,2,3.006,TX,0
2021.0,ERCOT,Battery,181.3,1,4.81,TX,0
2021.0,ERCOT,Other,220.8,1,3.332,TX,0
2021.0,PJM,Solar,5.0,2,0.06,PA,0
2021.0,ERCOT,Battery,5.0,1,3.943,TX,0
2021.0,West,Wind,326.2,0,4.903,MT,0
2021.0,ERCOT,Battery,60.4,0,4.903,TX,0
2021.0,PJM,Solar,119.6,2,0.214,PA,0
2021.0,ERCOT,Solar,200.8,0,4.903,TX,0
2021.0,PJM,Battery,0.3,2,0.931,OH,0
2021.0,ERCOT,Solar,271.6,0,4.903,TX,0
2021.0,ISO-NE,Hybrid,7.8,2,4.353,ME,0
2021.0,ISO-NE,Solar,28.7,2,4.353,ME,0
2021.0,ISO-NE,Hybrid,18.7,2,4.353,ME,0
2021.0,ERCOT,Solar,101.5,2,3.097,TX,0
2021.0,ERCOT,Battery,51.6,2,4.783,TX,0
2021.0,Southeast,Solar,200.0,0,4.893,MS,0
2021.0,ERCOT,Solar,171.0,0,4.893,TX,0
2021.0,ERCOT,Other,100.8,2,2.606,TX,0
2021.0,ERCOT,Solar,508.9,0,4.893,TX,0
2021.0,PJM,Solar,70.0,2,3.858,VA,0
2021.0,ERCOT,Battery,100.0,0,4.89,TX,0
2021.0,ERCOT,Battery,100.0,0,4.89,TX,0
2021.0,PJM,Solar,3.0,2,3.496,PA,0
2021.0,ERCOT,Battery,70.4,0,4.89,TX,1
2021.0,ERCOT,Wind,300.0,0,4.89,TX,0
2021.0,ERCOT,Hybrid,150.0,0,4.89,TX,0
2021.0,ERCOT,Wind,238.3,0,4.89,TX,0
2021.0,ERCOT,Solar,155.7,0,4.89,TX,0
2021.0,ERCOT,Hybrid,150.0,0,4.887,TX,0
2021.0,NYISO,Battery,5.0,2,2.631,NY,0
2021.0,PJM,Solar,13.0,2,2.645,PA,0
2021.0,ISO-NE,Solar,178.6,0,4.873,ME,0
2021.0,PJM,Solar,1.5,2,1.062,NJ,0
2021.0,PJM,Solar,20.0,2,4.071,PA,0
2021.0,NYISO,Battery,600.0,2,0.367,NY,0
2021.0,West,Solar,600.0,0,4.865,OR,0
2021.0,NYISO,Battery,36.0,2,1.697,NY,0
2021.0,ISO-NE,Solar,164.6,0,4.862,ME,0
2021.0,ISO-NE,Solar,31.4,2,1.818,ME,0
2021.0,ISO-NE,Solar,51.4,2,3.113,ME,0
2021.0,West,Hybrid,1000.0,0,4.854,WA,0
2021.0,PJM,Solar,20.0,2,3.819,IL,0
2021.0,PJM,Other,5.2,2,4.118,PA,0
2021.0,PJM,Solar,75.0,2,3.814,KY,0
2021.0,West,Wind,200.0,0,4.846,WA,0
2021.0,PJM,Solar,5.0,2,3.811,PA,0
2021.0,PJM,Hybrid,44.0,2,0.003,KY,0
2021.0,PJM,Solar,1.5,2,3.811,PA,0
2021.0,PJM,Solar,5.1,2,3.811,PA,0
2021.0,PJM,Solar,2.8,2,3.811,PA,0
2021.0,PJM,Solar,1.0,2,3.811,PA,0
2021.0,PJM,Hybrid,53.0,2,0.052,KY,0
2021.0,PJM,Solar,20.0,2,3.808,PA,0
2021.0,NYISO,Solar,12.6,2,2.675,NY,0
2021.0,PJM,Battery,40.0,2,3.808,VA,0
2021.0,PJM,Hybrid,65.0,2,3.808,OH,0
2021.0,PJM,Solar,8.0,2,3.808,NJ,0
2021.0,PJM,Solar,95.0,2,3.808,VA,0
2021.0,PJM,Solar,200.0,2,3.808,IN,0
2021.0,PJM,Solar,14.1,2,3.808,VA,1
2021.0,PJM,Solar,10.0,2,3.496,PA,0
2021.0,PJM,Solar,70.0,2,3.808,VA,0
2021.0,CAISO,Battery,405.4,2,4.575,CA,0
2021.0,PJM,Solar,5.2,2,3.496,PA,0
2021.0,PJM,Solar,45.0,2,0.057,KY,0
2021.0,PJM,Solar,88.0,2,3.808,IN,0
2021.0,PJM,Other,30.0,2,3.808,NJ,0
2021.0,PJM,Solar,53.0,2,3.806,OH,0
2021.0,PJM,Solar,77.4,2,0.088,VA,0
2021.0,PJM,Solar,50.0,2,3.792,OH,0
2021.0,PJM,Solar,19.8,2,4.326,NJ,0
2021.0,PJM,Solar,47.8,2,0.088,VA,0
2021.0,ERCOT,Other,50.0,2,2.935,TX,0
2021.0,ERCOT,Solar,204.5,0,4.838,TX,1
2021.0,ERCOT,Gas,458.7,2,2.313,TX,0
2021.0,ERCOT,Solar,609.7,2,3.847,TX,0
2021.0,ERCOT,Wind,223.9,1,2.787,TX,0
2021.0,PJM,Solar,9.3,2,0.068,MD,0
2021.0,ERCOT,Other,99.0,1,2.782,TX,0
2021.0,PJM,Wind,295.9,2,3.803,IL,0
2021.0,ERCOT,Solar,180.0,2,3.168,TX,0
2021.0,ERCOT,Solar,91.0,0,4.835,TX,0
2021.0,ERCOT,Hybrid,508.1,0,4.835,TX,0
2021.0,ERCOT,Battery,100.9,0,4.835,TX,0
2021.0,ERCOT,Battery,205.5,0,4.835,TX,1
2021.0,ISO-NE,Battery,200.0,2,0.739,RI,0
2021.0,PJM,Solar,55.0,2,3.8,VA,0
2021.0,ERCOT,Hybrid,503.4,0,4.835,TX,0
2021.0,PJM,Solar,15.0,2,0.151,PA,0
2021.0,CAISO,Gas,2.8,1,1.199,CA,0
2021.0,West,Other,38.5,0,4.83,NV,0
2021.0,West,Other,38.5,0,4.83,NV,0
2021.0,PJM,Battery,275.0,2,3.775,MD,0
2021.0,PJM,Battery,20.0,2,3.795,NJ,0
2021.0,PJM,Battery,20.0,2,3.792,VA,0
2021.0,PJM,Battery,20.0,2,4.019,VA,0
2021.0,PJM,Solar,70.0,2,0.066,VA,0
2021.0,PJM,Solar,3.7,2,2.24,PA,0
2021.0,PJM,Solar,60.2,2,3.781,VA,0
2021.0,ERCOT,Solar,207.4,0,4.816,TX,0
2021.0,West,Solar,5.0,2,1.295,NM,0
2021.0,ERCOT,Wind,297.4,0,4.816,TX,0
2021.0,West,Other,28.0,0,4.816,CA,0
2021.0,West,Solar,600.0,0,4.813,OR,0
2021.0,West,Other,1800.0,0,4.813,OR,0
2021.0,PJM,Battery,20.9,2,3.526,VA,0
2021.0,PJM,Solar,49.5,2,3.778,OH,0
2021.0,PJM,Battery,115.0,2,3.759,MD,0
2021.0,PJM,Battery,90.0,2,2.22,NJ,0
2021.0,NYISO,Wind,97.0,0,4.81,NY,0
2021.0,MISO,Solar,60.0,0,4.81,KY,0
2021.0,PJM,Battery,100.0,2,3.775,OH,0
2021.0,PJM,Solar,83.0,2,3.775,IN,0
2021.0,PJM,Battery,52.0,2,3.603,PA,0
2021.0,PJM,Battery,33.0,2,2.716,PA,0
2021.0,PJM,Battery,20.0,2,3.77,VA,0
2021.0,PJM,Solar,11.2,2,4.29,NJ,0
2021.0,PJM,Solar,10.0,2,2.489,PA,0
2021.0,PJM,Solar,10.0,2,2.48,PA,0
2021.0,ERCOT,Battery,78.2,1,3.934,TX,0
2021.0,West,Solar,200.0,1,2.631,NM,0
2021.0,ERCOT,Other,206.4,1,3.42,TX,0
2021.0,ERCOT,Other,101.5,2,1.446,TX,0
2021.0,West,Solar,145.0,0,4.797,CO,0
2021.0,West,Solar,110.0,0,4.797,CO,0
2021.0,West,Solar,40.0,1,3.466,CO,0
2021.0,ISO-NE,Battery,104.5,2,0.6,MA,0
2021.0,ISO-NE,Battery,55.0,2,0.104,MA,0
2021.0,West,Solar,80.0,1,3.129,CO,0
2021.0,West,Wind,200.0,1,0.624,CO,0
2021.0,ERCOT,Gas,19.5,2,0.939,TX,0
2021.0,ERCOT,Solar,50.8,1,3.775,TX,0
2021.0,West,Solar,150.0,2,0.164,CO,0
2021.0,PJM,Other,20.0,2,3.762,PA,0
2021.0,PJM,Other,3.2,2,3.762,PA,0
2021.0,West,Hybrid,310.0,0,4.797,CO,0
2021.0,PJM,Solar,73.0,2,3.762,OH,1
2021.0,ERCOT,Battery,203.6,0,4.794,TX,0
2021.0,PJM,Solar,20.0,2,3.759,OH,0
2021.0,West,Solar,5.0,2,2.163,NM,0
2021.0,ERCOT,Battery,203.6,0,4.794,TX,0
2021.0,West,Solar,5.0,2,1.101,NM,0
2021.0,PJM,Solar,20.0,2,3.759,OH,0
2021.0,West,Solar,5.0,2,2.163,NM,0
2021.0,PJM,Solar,47.0,2,3.759,NJ,0
2021.0,ERCOT,Solar,152.3,0,4.794,TX,1
2021.0,ERCOT,Hybrid,170.8,0,4.794,TX,0
2021.0,ISO-NE,Battery,189.0,2,3.817,MA,0
2021.0,ISO-NE,Battery,189.0,2,3.669,MA,0
2021.0,ERCOT,Solar,405.7,0,4.794,TX,0
2021.0,ERCOT,Solar,198.6,0,4.794,TX,0
2021.0,ERCOT,Hybrid,81.5,0,4.794,TX,0
2021.0,ERCOT,Gas,680.0,0,4.794,TX,0
2021.0,West,Solar,5.0,2,2.163,NM,0
2021.0,West,Solar,5.0,2,1.153,NM,0
2021.0,ERCOT,Other,196.2,1,2.357,TX,0
2021.0,ERCOT,Other,300.0,0,4.791,TX,0
2021.0,ERCOT,Other,40.0,2,0.057,TX,0
2021.0,ISO-NE,Wind,487.0,0,4.791,MA,0
2021.0,PJM,Solar,20.0,2,3.893,PA,0
2021.0,PJM,Solar,8.0,2,0.071,NJ,0
2021.0,ERCOT,Hybrid,300.9,0,4.789,TX,0
2021.0,PJM,Solar,149.0,2,4.036,VA,0
2021.0,PJM,Solar,175.0,2,3.754,VA,0
2021.0,Southeast,Hybrid,80.0,2,1.9,AL,0
2021.0,NYISO,Solar,19.9,2,0.452,NY,0
2021.0,Southeast,Hybrid,80.0,2,1.9,AL,0
2021.0,West,Hybrid,500.0,0,4.789,AZ,0
2021.0,PJM,Solar,29.0,2,3.754,OH,0
2021.0,PJM,Solar,20.0,2,3.754,OH,0
2021.0,ERCOT,Other,50.0,2,3.127,TX,0
2021.0,PJM,Solar,8.0,2,0.068,NJ,0
2021.0,PJM,Solar,20.0,2,3.754,OH,0
2021.0,ISO-NE,Battery,204.0,0,4.789,MA,0
2021.0,PJM,Solar,4.0,2,3.754,NJ,0
2021.0,PJM,Solar,4.0,2,3.756,NJ,0
2021.0,Southeast,Hybrid,110.0,2,4.036,MS,0
2021.0,NYISO,Solar,90.0,0,4.789,NY,0
2021.0,PJM,Battery,150.0,2,3.748,VA,0
2021.0,ERCOT,Solar,143.0,0,4.786,TX,0
2021.0,PJM,Battery,150.0,2,3.748,DE,0
2021.0,PJM,Battery,100.0,2,3.748,VA,0
2021.0,Southeast,Hybrid,1200.0,0,4.786,GA,0
2021.0,PJM,Solar,8.0,2,2.702,OH,0
2021.0,PJM,Solar,100.0,2,3.751,VA,0
2021.0,PJM,Solar,80.0,2,3.751,VA,0
2021.0,PJM,Hybrid,40.0,2,3.751,OH,0
2021.0,PJM,Hybrid,20.0,2,3.751,OH,0
2021.0,West,Battery,200.0,0,4.786,WA,0
2021.0,PJM,Solar,20.0,2,3.751,OH,0
2021.0,PJM,Solar,10.0,2,2.467,PA,0
2021.0,PJM,Battery,150.0,2,3.74,VA,1
2021.0,PJM,Other,10.0,2,3.896,OH,0
2021.0,ISO-NE,Battery,20.0,2,2.5,MA,0
2021.0,Southeast,Solar,120.0,0,4.778,KY,0
2021.0,Southeast,Hybrid,500.0,0,4.778,IN,0
2021.0,PJM,Battery,150.0,2,3.74,VA,0
2021.0,Southeast,Hybrid,200.0,0,4.778,KY,0
2021.0,PJM,Battery,150.0,2,4.282,VA,1
2021.0,PJM,Solar,20.0,2,3.743,OH,0
2021.0,PJM,Battery,150.0,2,3.74,VA,0
2021.0,West,Gas,49.0,0,4.778,CO,0
2021.0,Southeast,Solar,120.0,0,4.778,KY,0
2021.0,PJM,Solar,16.0,2,3.395,PA,0
2021.0,PJM,Battery,150.0,2,3.74,VA,0
2021.0,NYISO,Battery,110.0,2,1.938,NY,0
2021.0,PJM,Hybrid,40.0,2,3.743,OH,0
2021.0,PJM,Solar,16.0,2,3.395,PA,0
2021.0,PJM,Solar,18.0,2,3.395,PA,0
2021.0,PJM,Battery,150.0,2,3.74,VA,1
2021.0,West,Gas,35.0,0,4.778,CO,0
2021.0,PJM,Solar,18.0,2,3.395,PA,0
2021.0,PJM,Solar,15.5,2,0.449,MD,0
2021.0,PJM,Battery,150.0,2,3.737,VA,1
2021.0,PJM,Solar,10.0,2,2.459,PA,0
2021.0,PJM,Battery,100.0,2,3.737,VA,1
2021.0,PJM,Battery,100.0,2,3.737,VA,1
2021.0,PJM,Battery,100.0,2,3.737,VA,0
2021.0,PJM,Battery,150.0,2,3.737,MD,0
2021.0,PJM,Battery,150.0,2,3.737,VA,1
2021.0,Southeast,Hybrid,125.0,0,4.775,TN,0
2021.0,PJM,Battery,150.0,2,3.737,MD,0
2021.0,PJM,Solar,30.0,2,3.74,OH,0
2021.0,PJM,Battery,100.0,2,3.737,MD,0
2021.0,PJM,Battery,150.0,2,3.737,VA,0
2021.0,PJM,Solar,125.0,2,3.74,VA,0
2021.0,CAISO,Battery,510.2,2,0.424,CA,0
2021.0,West,Hybrid,57.0,0,4.772,NV,1
2021.0,ISO-NE,Battery,105.0,2,3.277,MA,0
2021.0,PJM,Battery,100.0,2,3.734,VA,1
2021.0,PJM,Battery,100.0,2,3.734,VA,1
2021.0,PJM,Battery,100.0,2,3.734,VA,1
2021.0,PJM,Battery,150.0,2,3.734,VA,0
2021.0,PJM,Battery,100.0,2,3.734,VA,1
2021.0,PJM,Battery,150.0,2,3.734,MD,0
2021.0,PJM,Battery,75.0,2,3.734,VA,0
2021.0,PJM,Hybrid,35.0,2,3.737,KY,0
2021.0,PJM,Battery,100.0,2,3.734,VA,0
2021.0,PJM,Solar,11.2,2,0.06,VA,0
2021.0,PJM,Battery,67.0,2,3.677,WV,0
2021.0,PJM,Hybrid,49.0,2,3.734,OH,0
2021.0,ERCOT,Other,60.0,2,1.106,TX,0
2021.0,PJM,Solar,10.0,2,3.734,PA,0
2021.0,PJM,Solar,80.0,2,4.268,OH,0
2021.0,PJM,Solar,20.0,2,4.268,OH,0
2021.0,ERCOT,Battery,101.0,0,4.767,TX,0
2021.0,PJM,Battery,125.0,2,3.732,OH,0
2021.0,PJM,Battery,300.0,2,3.732,OH,0
2021.0,PJM,Solar,100.0,2,3.729,VA,0
2021.0,West,Hybrid,275.0,0,4.767,NV,1
2021.0,PJM,Solar,45.0,2,3.732,VA,0
2021.0,West,Hybrid,400.0,0,4.767,NV,1
2021.0,Southeast,Battery,100.0,2,2.253,KY,0
2021.0,West,Other,115.0,0,4.767,NV,0
2021.0,PJM,Solar,100.3,2,3.841,VA,0
2021.0,PJM,Battery,250.0,2,4.271,IL,0
2021.0,PJM,Hybrid,100.0,2,3.869,WV,0
2021.0,PJM,Hybrid,125.0,2,4.005,OH,0
2021.0,PJM,Solar,10.0,2,2.45,PA,0
2021.0,PJM,Solar,10.0,2,2.45,PA,0
2021.0,PJM,Battery,250.0,2,1.741,VA,0
2021.0,PJM,Wind,897.6,2,3.921,DE,0
2021.0,PJM,Solar,100.0,2,1.659,VA,0
2021.0,PJM,Wind,440.0,2,3.732,DE,0
2021.0,PJM,Solar,58.9,2,2.502,OH,0
2021.0,West,Solar,5.0,2,2.127,NM,0
2021.0,West,Solar,5.0,2,2.127,NM,0
2021.0,West,Hybrid,200.0,0,4.758,NV,0
2021.0,PJM,Solar,20.0,2,2.251,VA,0
2021.0,PJM,Other,6.0,2,3.723,VA,0
2021.0,West,Hybrid,250.0,0,4.758,WA,0
2021.0,PJM,Solar,30.0,2,3.959,PA,0
2021.0,West,Hybrid,200.0,0,4.758,NV,0
2021.0,PJM,Battery,20.0,2,3.723,MD,0
2021.0,PJM,Battery,400.0,2,3.721,OH,1
2021.0,PJM,Solar,20.0,2,3.723,OH,0
2021.0,West,Hybrid,200.0,0,4.758,NV,0
2021.0,PJM,Battery,500.0,2,4.263,OH,0
2021.0,Southeast,Battery,120.0,0,4.758,KY,0
2021.0,PJM,Solar,10.0,2,3.359,PA,0
2021.0,PJM,Solar,10.0,2,3.723,PA,0
2021.0,PJM,Solar,10.0,2,3.359,PA,0
2021.0,NYISO,Solar,115.0,2,0.339,NY,0
2021.0,PJM,Battery,20.0,2,4.274,MD,0
2021.0,West,Hybrid,42.0,0,4.758,CO,0
2021.0,West,Wind,309.7,0,4.756,AZ,0
2021.0,West,Battery,100.0,0,4.756,AZ,1
2021.0,West,Wind,300.0,0,4.756,CA,0
2021.0,PJM,Solar,20.0,2,3.639,VA,0
2021.0,ERCOT,Solar,200.8,0,4.756,TX,0
2021.0,PJM,Solar,10.0,2,3.357,PA,0
2021.0,PJM,Solar,200.0,2,3.721,IN,0
2021.0,PJM,Solar,3.0,2,2.585,PA,0
2021.0,PJM,Hybrid,400.0,2,3.718,VA,0
2021.0,PJM,Solar,4.6,2,3.357,PA,0
2021.0,PJM,Solar,10.0,2,3.357,PA,0
2021.0,PJM,Solar,20.0,2,3.721,VA,0
2021.0,PJM,Solar,15.0,2,3.721,PA,0
2021.0,PJM,Hybrid,40.0,2,3.721,MD,0
2021.0,PJM,Hybrid,100.0,2,3.721,PA,0
2021.0,PJM,Hybrid,20.0,2,3.721,PA,0
2021.0,PJM,Hybrid,20.0,2,3.721,PA,0
2021.0,PJM,Hybrid,100.0,2,1.454,IN,0
2021.0,PJM,Hybrid,350.0,2,3.721,VA,0
2021.0,Southeast,Battery,300.0,2,2.434,KY,0
2021.0,PJM,Solar,3.0,2,0.151,VA,0
2021.0,PJM,Hybrid,20.0,2,3.721,PA,0
2021.0,PJM,Solar,4.0,2,3.721,OH,0
2021.0,PJM,Hybrid,5.0,2,3.025,PA,0
2021.0,Southeast,Battery,300.0,2,2.434,KY,0
2021.0,PJM,Hybrid,79.0,2,3.721,OH,0
2021.0,PJM,Hybrid,80.0,2,3.721,WV,0
2021.0,PJM,Solar,80.0,2,3.721,PA,0
2021.0,PJM,Hybrid,150.0,2,4.194,VA,0
2021.0,PJM,Solar,88.0,2,3.721,VA,0
2021.0,PJM,Solar,280.0,2,4.019,IN,0
2021.0,PJM,Solar,330.0,2,4.26,WV,0
2021.0,PJM,Solar,300.0,2,4.019,IN,0
2021.0,PJM,Wind,300.0,2,3.721,OH,0
2021.0,PJM,Solar,200.0,2,3.721,OH,0
2021.0,PJM,Solar,40.0,2,1.377,OH,0
2021.0,PJM,Solar,202.0,2,3.718,VA,0
2021.0,West,Battery,200.0,0,4.753,NV,1
2021.0,West,Hybrid,323.0,0,4.753,AZ,1
2021.0,West,Hybrid,270.0,0,4.753,AZ,1
2021.0,PJM,Solar,150.0,2,3.718,KY,0
2021.0,PJM,Solar,50.0,2,3.718,KY,0
2021.0,West,Other,5.0,0,4.753,AZ,1
2021.0,PJM,Solar,120.0,2,3.718,KY,0
2021.0,PJM,Solar,20.0,2,3.718,PA,0
2021.0,PJM,Solar,150.0,2,3.718,KY,0
2021.0,PJM,Solar,150.0,2,3.718,KY,0
2021.0,ERCOT,Solar,152.5,0,4.753,TX,0
2021.0,PJM,Solar,100.0,2,3.718,WV,0
2021.0,PJM,Battery,20.0,2,3.718,PA,0
2021.0,PJM,Solar,500.0,2,4.268,WV,0
2021.0,PJM,Wind,212.1,2,3.718,IL,0
2021.0,PJM,Solar,9.9,2,3.718,MD,0
2021.0,PJM,Solar,20.0,2,3.636,VA,0
2021.0,PJM,Hybrid,90.0,2,3.718,KY,0
2021.0,PJM,Solar,8.0,2,1.374,DE,0
2021.0,PJM,Solar,19.9,2,3.357,KY,0
2021.0,PJM,Battery,100.0,2,3.387,OH,0
2021.0,PJM,Solar,150.0,2,3.179,VA,0
2021.0,PJM,Solar,20.0,2,4.06,PA,0
2021.0,West,Hybrid,500.0,0,4.753,AZ,0
2021.0,PJM,Battery,100.0,2,2.223,VA,1
2021.0,West,Hybrid,250.0,0,4.753,AZ,1
2021.0,West,Hybrid,1000.0,0,4.753,AZ,1
2021.0,PJM,Battery,250.0,2,1.645,VA,0
2021.0,PJM,Solar,19.6,2,3.723,NJ,0
2021.0,PJM,Solar,215.0,2,3.718,KY,0
2021.0,PJM,Solar,215.0,2,3.718,WV,0
2021.0,PJM,Solar,150.0,2,3.718,KY,0
2021.0,PJM,Solar,200.0,2,3.718,OH,0
2021.0,PJM,Solar,331.0,2,3.718,KY,0
2021.0,PJM,Solar,150.0,2,4.257,VA,0
2021.0,PJM,Solar,125.0,2,3.718,VA,0
2021.0,PJM,Solar,270.0,2,3.718,VA,0
2021.0,PJM,Solar,100.0,2,3.718,IN,0
2021.0,PJM,Battery,20.0,2,4.257,VA,0
2021.0,PJM,Battery,18.7,2,3.904,VA,0
2021.0,PJM,Solar,80.0,2,3.718,VA,0
2021.0,West,Battery,125.0,0,4.753,AZ,1
2021.0,PJM,Solar,9.2,2,3.718,MD,0
2021.0,Southeast,Solar,80.0,0,4.753,AL,0
2021.0,PJM,Solar,10.0,2,2.437,PA,0
2021.0,PJM,Solar,300.0,2,3.718,IN,0
2021.0,PJM,Solar,150.0,2,3.718,KY,0
2021.0,West,Hybrid,588.0,0,4.753,AZ,0
2021.0,PJM,Solar,10.0,2,2.437,PA,0
2021.0,PJM,Solar,10.0,2,2.437,PA,0
2021.0,West,Battery,300.0,0,4.753,AZ,1
2021.0,PJM,Solar,150.0,2,0.129,MD,0
2021.0,PJM,Battery,125.0,2,3.718,WV,0
2021.0,ERCOT,Other,150.0,1,2.724,TX,0
2021.0,PJM,Battery,300.0,2,3.833,IN,0
2021.0,PJM,Solar,49.5,2,3.548,OH,0
2021.0,West,Hybrid,250.0,0,4.753,AZ,1
2021.0,PJM,Solar,10.0,2,2.437,PA,0
2021.0,PJM,Battery,100.0,2,3.718,PA,0
2021.0,PJM,Hybrid,5.0,2,3.718,PA,0
2021.0,West,Hybrid,200.0,0,4.753,NV,0
2021.0,PJM,Solar,17.5,2,3.718,KY,0
2021.0,PJM,Solar,20.0,2,3.718,KY,0
2021.0,PJM,Solar,150.0,2,3.704,OH,0
2021.0,PJM,Hybrid,120.0,2,3.718,IL,0
2021.0,PJM,Solar,17.0,2,3.718,MD,0
2021.0,PJM,Solar,85.0,2,3.696,VA,0
2021.0,PJM,Hybrid,100.0,2,0.999,VA,0
2021.0,PJM,Solar,5.0,2,0.285,MI,0
2021.0,PJM,Solar,100.0,2,3.718,VA,0
2021.0,PJM,Wind,200.0,2,4.257,IL,0
2021.0,PJM,Hybrid,140.0,2,4.183,VA,0
2021.0,PJM,Hybrid,151.7,2,3.718,VA,0
2021.0,PJM,Solar,20.0,2,3.718,NJ,0
2021.0,PJM,Solar,100.0,2,0.131,VA,0
2021.0,PJM,Battery,20.0,2,3.838,NJ,0
2021.0,PJM,Battery,20.0,2,3.718,NJ,0
2021.0,PJM,Hybrid,20.0,2,3.915,PA,0
2021.0,PJM,Solar,80.0,2,3.718,OH,0
2021.0,PJM,Hybrid,80.0,2,3.696,VA,0
2021.0,PJM,Hybrid,70.0,2,4.0,VA,0
2021.0,PJM,Hybrid,70.0,2,3.718,VA,0
2021.0,PJM,Hybrid,50.0,2,3.704,OH,0
2021.0,PJM,Solar,40.0,2,3.718,KY,0
2021.0,PJM,Solar,100.0,2,3.718,KY,0
2021.0,PJM,Solar,10.0,2,2.437,PA,0
2021.0,PJM,Solar,10.0,2,2.437,PA,0
2021.0,PJM,Other,339.1,2,1.919,IN,0
2021.0,PJM,Solar,19.9,2,3.718,PA,0
2021.0,PJM,Battery,20.0,2,3.718,NJ,0
2021.0,PJM,Solar,100.0,2,2.242,VA,0
2021.0,PJM,Hybrid,55.0,2,3.926,WV,0
2021.0,PJM,Solar,85.0,2,3.718,VA,0
2021.0,PJM,Hybrid,3.0,2,2.645,VA,0
2021.0,PJM,Solar,3.0,2,2.757,OH,0
2021.0,PJM,Solar,3.0,2,2.363,OH,0
2021.0,PJM,Hybrid,3.0,2,2.7,VA,0
2021.0,PJM,Hybrid,2.0,2,2.7,VA,0
2021.0,PJM,Solar,2.0,2,2.743,PA,0
2021.0,PJM,Solar,3.0,2,2.357,PA,0
2021.0,PJM,Solar,1.0,2,3.718,NJ,0
2021.0,PJM,Hybrid,1.2,2,0.898,NJ,0
2021.0,PJM,Solar,45.0,2,3.718,VA,0
2021.0,PJM,Solar,50.0,2,3.696,PA,0
2021.0,Southeast,Battery,250.0,2,2.453,KY,0
2021.0,PJM,Solar,115.0,2,4.257,IL,0
2021.0,PJM,Solar,80.0,2,2.954,VA,0
2021.0,PJM,Solar,300.0,2,3.718,OH,0
2021.0,PJM,Solar,100.0,2,3.718,OH,0
2021.0,PJM,Solar,50.0,2,3.718,WV,0
2021.0,PJM,Solar,100.0,2,3.718,MI,0
2021.0,PJM,Solar,150.0,2,3.718,MI,0
2021.0,PJM,Battery,500.0,2,3.718,VA,0
2021.0,PJM,Solar,5.0,2,2.76,PA,0
2021.0,PJM,Solar,5.0,2,0.312,OH,0
2021.0,PJM,Solar,5.0,2,0.862,PA,0
2021.0,PJM,Solar,5.0,2,0.312,OH,0
2021.0,PJM,Battery,50.0,2,3.718,OH,1
2021.0,PJM,Battery,50.0,2,4.257,OH,1
2021.0,PJM,Battery,50.0,2,3.718,OH,1
2021.0,PJM,Battery,100.0,2,3.718,VA,0
2021.0,PJM,Solar,60.0,2,3.718,VA,0
2021.0,PJM,Solar,19.9,2,3.817,PA,0
2021.0,PJM,Solar,19.9,2,3.817,PA,0
2021.0,PJM,Hybrid,40.0,2,3.718,IN,0
2021.0,PJM,Hybrid,77.0,2,4.192,VA,0
2021.0,PJM,Solar,5.0,2,0.438,PA,0
2021.0,PJM,Hybrid,50.0,2,4.268,MD,0
2021.0,PJM,Solar,20.0,2,3.718,NJ,0
2021.0,PJM,Hybrid,38.2,2,3.836,PA,0
2021.0,PJM,Solar,61.0,2,3.718,OH,0
2021.0,PJM,Solar,28.0,2,3.718,MD,0
2021.0,PJM,Hybrid,20.0,2,3.718,PA,0
2021.0,PJM,Solar,20.0,2,4.257,PA,0
2021.0,PJM,Solar,65.0,2,4.257,OH,0
2021.0,PJM,Solar,65.0,2,3.718,KY,0
2021.0,PJM,Hybrid,90.0,2,3.718,VA,0
2021.0,PJM,Hybrid,200.0,2,3.718,VA,0
2021.0,PJM,Solar,19.6,2,3.888,NJ,0
2021.0,PJM,Solar,19.6,2,4.268,NJ,0
2021.0,PJM,Hybrid,94.0,2,3.715,VA,0
2021.0,PJM,Hybrid,37.0,2,3.581,VA,0
2021.0,PJM,Hybrid,89.0,2,4.257,PA,0
2021.0,PJM,Solar,20.0,2,4.257,VA,0
2021.0,PJM,Hybrid,80.0,2,3.617,VA,0
2021.0,PJM,Hybrid,40.0,2,3.617,VA,0
2021.0,PJM,Solar,5.0,2,3.718,PA,0
2021.0,PJM,Solar,5.0,2,3.718,PA,0
2021.0,PJM,Hybrid,50.0,2,3.617,KY,0
2021.0,PJM,Solar,50.0,2,3.718,IN,0
2021.0,PJM,Solar,31.0,2,0.616,MD,0
2021.0,PJM,Solar,5.0,2,3.718,PA,0
2021.0,PJM,Battery,30.0,2,3.718,VA,0
2021.0,PJM,Hybrid,200.0,2,3.718,KY,0
2021.0,PJM,Battery,50.0,2,3.718,VA,0
2021.0,PJM,Solar,50.0,2,2.524,VA,0
2021.0,PJM,Solar,50.0,2,3.718,VA,0
2021.0,West,Other,230.0,0,4.753,NV,0
2021.0,PJM,Battery,30.0,2,2.524,VA,0
2021.0,PJM,Solar,100.0,2,0.331,IN,0
2021.0,PJM,Solar,180.0,2,3.718,IN,0
2021.0,PJM,Solar,50.0,2,3.718,IN,0
2021.0,West,Hybrid,200.0,0,4.753,NV,0
2021.0,West,Hybrid,300.0,0,4.753,NV,0
2021.0,PJM,Solar,19.9,2,3.817,PA,0
2021.0,ISO-NE,Solar,103.0,2,0.052,ME,0
2021.0,West,Hybrid,6.0,0,4.75,UT,1
2021.0,PJM,Wind,50.0,2,3.715,PA,0
2021.0,PJM,Solar,50.0,2,3.715,VA,0
2021.0,ERCOT,Solar,206.8,0,4.75,TX,0
2021.0,PJM,Wind,130.0,2,3.715,IL,0
2021.0,West,Solar,5.0,2,1.782,NM,0
2021.0,West,Hybrid,199.0,0,4.747,CO,0
2021.0,West,Hybrid,400.0,2,1.262,CO,0
2021.0,West,Solar,5.0,2,1.741,NM,0
2021.0,MISO,Other,60.0,0,4.747,,0
2021.0,ERCOT,Other,201.3,0,4.742,TX,0
2021.0,ERCOT,Other,301.7,2,3.713,TX,0
2021.0,CAISO,Hybrid,1212.1,2,1.656,CA,0
2021.0,West,Solar,5.0,2,0.298,NM,0
2021.0,West,Solar,5.0,2,1.046,NM,0
2021.0,ERCOT,Hybrid,254.9,0,4.736,TX,0
2021.0,Southeast,Solar,250.0,2,0.632,GA,0
2021.0,Southeast,Solar,250.0,0,4.736,GA,0
2021.0,Southeast,Solar,165.0,2,0.632,GA,0
2021.0,Southeast,Solar,210.0,2,4.044,GA,0
2021.0,West,Solar,199.0,2,2.491,CO,0
2021.0,Southeast,Battery,150.0,2,3.912,GA,0
2021.0,West,Hybrid,590.0,0,4.734,CA,0
2021.0,West,Solar,5.0,2,1.04,NM,0
2021.0,Southeast,Battery,225.0,0,4.734,FL,0
2021.0,ERCOT,Solar,300.0,2,2.932,TX,0
2021.0,ISO-NE,Battery,250.0,0,4.731,MA,0
2021.0,ERCOT,Other,100.0,2,2.932,TX,0
2021.0,West,Battery,200.0,0,4.731,CA,0
2021.0,PJM,Solar,3.7,2,0.172,NJ,0
2021.0,Southeast,Hybrid,75.0,2,0.627,AL,0
2021.0,NYISO,Solar,125.6,2,0.813,NY,0
2021.0,PJM,Solar,20.0,2,0.257,PA,0
2021.0,ERCOT,Gas,21.0,1,1.306,TX,0
2021.0,ERCOT,Wind,128.7,1,3.009,TX,0
2021.0,ERCOT,Solar,300.0,2,1.18,TX,0
2021.0,ERCOT,Battery,100.2,1,4.266,TX,0
2021.0,ERCOT,Other,102.6,1,2.954,TX,0
2021.0,West,Hybrid,250.0,0,4.717,OR,0
2021.0,ERCOT,Hybrid,130.0,0,4.717,TX,0
2021.0,ISO-NE,Wind,1200.0,0,4.717,MA,0
2021.0,ERCOT,Solar,69.0,0,4.717,TX,0
2021.0,ISO-NE,Wind,1320.0,2,1.029,MA,0
2021.0,ISO-NE,Battery,204.6,2,1.021,CT,0
2021.0,CAISO,Hybrid,319.8,2,3.617,CA,0
2021.0,CAISO,Hybrid,216.1,2,1.665,CA,0
2021.0,CAISO,Battery,51.4,2,3.231,CA,0
2021.0,CAISO,Battery,313.8,2,4.342,CA,0
2021.0,CAISO,Battery,313.8,2,4.342,CA,0
2021.0,CAISO,Hybrid,345.7,2,4.444,CA,0
2021.0,CAISO,Battery,252.0,2,4.444,CA,0
2021.0,CAISO,Battery,75.6,0,4.712,CA,1
2021.0,CAISO,Battery,504.0,0,4.712,CA,1
2021.0,CAISO,Battery,226.8,2,1.632,CA,1
2021.0,CAISO,Battery,615.6,2,1.728,CA,0
2021.0,CAISO,Battery,105.8,2,1.651,CA,1
2021.0,CAISO,Battery,159.2,2,0.454,CA,1
2021.0,CAISO,Battery,509.8,2,1.676,CA,1
2021.0,CAISO,Battery,165.0,2,1.665,CA,0
2021.0,CAISO,Battery,307.9,0,4.712,CA,0
2021.0,CAISO,Hybrid,231.5,2,1.651,CA,0
2021.0,CAISO,Battery,105.8,2,1.651,CA,1
2021.0,CAISO,Battery,505.2,2,3.214,CA,1
2021.0,CAISO,Battery,504.0,2,1.728,CA,1
2021.0,CAISO,Battery,102.7,0,4.712,CA,0
2021.0,CAISO,Battery,112.4,2,1.593,CA,0
2021.0,CAISO,Battery,225.0,2,1.659,CA,0
2021.0,CAISO,Battery,250.0,0,4.712,CA,0
2021.0,CAISO,Battery,213.6,2,1.673,CA,0
2021.0,CAISO,Battery,213.1,2,1.651,CA,0
2021.0,CAISO,Battery,365.1,0,4.712,CA,0
2021.0,CAISO,Battery,365.1,0,4.712,CA,0
2021.0,CAISO,Battery,55.5,2,3.214,CA,0
2021.0,CAISO,Battery,256.3,2,3.203,CA,1
2021.0,CAISO,Battery,21.8,2,1.632,CA,0
2021.0,CAISO,Battery,151.2,2,1.744,CA,0
2021.0,CAISO,Battery,151.2,2,1.651,CA,1
2021.0,CAISO,Battery,268.1,0,4.712,CA,0
2021.0,CAISO,Battery,61.8,2,0.381,CA,0
2021.0,CAISO,Battery,201.6,2,1.728,CA,0
2021.0,CAISO,Battery,101.0,0,4.712,CA,0
2021.0,CAISO,Battery,40.4,2,1.607,CA,0
2021.0,CAISO,Battery,417.3,0,4.712,CA,0
2021.0,CAISO,Battery,400.0,0,4.712,CA,0
2021.0,CAISO,Battery,102.2,2,3.548,CA,0
2021.0,CAISO,Battery,121.6,0,4.712,CA,0
2021.0,CAISO,Battery,710.6,2,4.309,CA,0
2021.0,CAISO,Battery,213.8,2,1.67,CA,0
2021.0,CAISO,Battery,120.6,0,4.712,CA,0
2021.0,CAISO,Battery,205.1,2,3.274,CA,0
2021.0,CAISO,Battery,476.0,0,4.712,CA,0
2021.0,CAISO,Battery,102.2,0,4.712,CA,0
2021.0,CAISO,Battery,213.6,2,3.641,CA,0
2021.0,CAISO,Battery,252.0,2,4.304,CA,1
2021.0,CAISO,Solar,142.8,2,4.37,CA,0
2021.0,CAISO,Battery,50.5,0,4.712,CA,0
2021.0,CAISO,Battery,251.9,2,4.37,CA,0
2021.0,CAISO,Battery,50.5,0,4.712,CA,0
2021.0,CAISO,Battery,203.7,0,4.712,CA,0
2021.0,CAISO,Battery,101.9,0,4.712,CA,1
2021.0,CAISO,Battery,462.6,2,4.296,CA,0
2021.0,CAISO,Battery,101.6,2,1.574,CA,1
2021.0,CAISO,Battery,213.6,2,4.75,CA,0
2021.0,CAISO,Battery,353.2,0,4.712,CA,0
2021.0,CAISO,Battery,95.8,2,3.214,CA,1
2021.0,CAISO,Battery,504.0,2,4.304,CA,0
2021.0,CAISO,Battery,504.0,0,4.712,CA,0
2021.0,CAISO,Other,53.0,0,4.712,CA,0
2021.0,CAISO,Hybrid,457.1,2,3.274,CA,0
2021.0,CAISO,Hybrid,326.5,0,4.712,CA,0
2021.0,CAISO,Hybrid,113.5,2,3.05,CA,0
2021.0,CAISO,Hybrid,1666.3,2,1.747,ID,0
2021.0,CAISO,Hybrid,615.4,2,1.632,CA,0
2021.0,CAISO,Hybrid,1247.0,0,4.712,CA,0
2021.0,CAISO,Hybrid,2020.8,0,4.712,AZ,0
2021.0,CAISO,Hybrid,1356.3,2,1.747,ID,0
2021.0,CAISO,Hybrid,469.8,2,4.517,CA,0
2021.0,CAISO,Other,2851.4,2,4.331,CA,0
2021.0,CAISO,Hybrid,576.1,0,4.712,CA,0
2021.0,CAISO,Hybrid,455.8,2,1.55,CA,0
2021.0,CAISO,Hybrid,650.2,2,1.55,CA,0
2021.0,CAISO,Hybrid,860.4,0,4.712,CA,0
2021.0,CAISO,Hybrid,616.5,0,4.712,AZ,0
2021.0,CAISO,Hybrid,417.0,0,4.712,AZ,0
2021.0,CAISO,Hybrid,572.3,0,4.712,MX,0
2021.0,CAISO,Other,623.0,2,1.552,CA,0
2021.0,CAISO,Hybrid,940.0,0,4.712,CA,0
2021.0,CAISO,Hybrid,607.7,2,0.32,CA,0
2021.0,CAISO,Hybrid,541.7,0,4.712,CA,0
2021.0,CAISO,Hybrid,330.2,0,4.712,AZ,1
2021.0,CAISO,Hybrid,911.6,2,0.326,AZ,1
2021.0,CAISO,Hybrid,821.5,0,4.712,AZ,1
2021.0,CAISO,Hybrid,1023.6,2,1.645,AZ,0
2021.0,CAISO,Hybrid,1437.6,0,4.712,AZ,0
2021.0,CAISO,Hybrid,2364.8,0,4.712,CA,0
2021.0,CAISO,Hybrid,4132.6,0,4.712,AZ,0
2021.0,CAISO,Hybrid,755.8,0,4.712,AZ,0
2021.0,CAISO,Hybrid,1033.5,2,1.651,AZ,1
2021.0,CAISO,Hybrid,614.0,0,4.712,NV,1
2021.0,CAISO,Hybrid,1023.6,0,4.712,CA,0
2021.0,CAISO,Hybrid,1080.9,0,4.712,NV,1
2021.0,CAISO,Hybrid,307.0,0,4.712,CA,0
2021.0,CAISO,Hybrid,500.0,0,4.712,NV,1
2021.0,CAISO,Hybrid,1033.5,0,4.712,NV,0
2021.0,CAISO,Hybrid,412.2,2,1.607,CA,0
2021.0,CAISO,Hybrid,625.9,0,4.712,CA,0
2021.0,CAISO,Hybrid,428.6,2,0.454,CA,0
2021.0,CAISO,Other,300.0,2,1.572,CA,0
2021.0,CAISO,Hybrid,112.0,0,4.712,CA,0
2021.0,CAISO,Hybrid,400.0,2,1.572,CA,0
2021.0,CAISO,Hybrid,400.0,2,0.318,CA,0
2021.0,CAISO,Hybrid,1023.6,0,4.712,NV,0
2021.0,CAISO,Hybrid,815.3,2,1.777,CA,0
2021.0,CAISO,Hybrid,429.5,2,0.419,CA,0
2021.0,CAISO,Hybrid,809.4,0,4.712,CA,0
2021.0,CAISO,Hybrid,717.8,2,1.703,CA,0
2021.0,CAISO,Hybrid,821.5,2,1.544,CA,0
2021.0,CAISO,Hybrid,216.5,2,4.372,CA,0
2021.0,CAISO,Hybrid,164.9,2,1.574,CA,0
2021.0,CAISO,Hybrid,597.3,0,4.712,CA,0
2021.0,CAISO,Hybrid,334.2,0,4.712,NV,0
2021.0,CAISO,Hybrid,671.4,2,0.493,CA,0
2021.0,CAISO,Hybrid,49.8,2,2.982,CA,0
2021.0,CAISO,Hybrid,1033.5,0,4.712,NV,0
2021.0,CAISO,Hybrid,428.4,2,1.555,CA,0
2021.0,CAISO,Hybrid,709.2,2,1.626,CA,0
2021.0,CAISO,Hybrid,507.8,2,0.32,CA,0
2021.0,CAISO,Hybrid,1017.3,2,1.793,CA,0
2021.0,CAISO,Hybrid,430.0,2,0.454,CA,0
2021.0,CAISO,Hybrid,700.0,0,4.712,NV,1
2021.0,CAISO,Hybrid,429.5,0,4.712,CA,0
2021.0,CAISO,Battery,40.4,2,1.629,CA,0
2021.0,CAISO,Hybrid,164.7,2,1.665,CA,0
2021.0,CAISO,Hybrid,1647.7,2,3.663,AZ,1
2021.0,CAISO,Hybrid,604.6,0,4.712,CA,0
2021.0,CAISO,Hybrid,317.5,0,4.712,CA,0
2021.0,CAISO,Hybrid,232.0,2,1.607,CA,0
2021.0,CAISO,Hybrid,407.5,0,4.712,CA,0
2021.0,CAISO,Hybrid,254.9,0,4.712,CA,0
2021.0,CAISO,Hybrid,203.9,0,4.712,CA,0
2021.0,CAISO,Hybrid,614.0,0,4.712,CA,0
2021.0,CAISO,Hybrid,2364.8,0,4.712,CA,0
2021.0,CAISO,Hybrid,511.0,2,1.585,CA,0
2021.0,CAISO,Hybrid,1123.0,2,1.793,CA,0
2021.0,CAISO,Hybrid,2352.2,0,4.712,CA,0
2021.0,CAISO,Hybrid,211.5,2,1.585,CA,0
2021.0,CAISO,Hybrid,409.6,2,1.607,CA,0
2021.0,CAISO,Hybrid,121.8,2,1.703,CA,0
2021.0,CAISO,Hybrid,308.7,2,1.659,CA,0
2021.0,CAISO,Hybrid,412.2,0,4.712,CA,0
2021.0,CAISO,Hybrid,406.4,0,4.712,CA,0
2021.0,CAISO,Hybrid,815.7,2,1.624,CA,0
2021.0,CAISO,Hybrid,224.9,0,4.712,CA,0
2021.0,CAISO,Hybrid,507.4,2,2.949,CA,0
2021.0,CAISO,Hybrid,36.4,2,2.984,CA,0
2021.0,CAISO,Hybrid,152.5,2,1.555,CA,0
2021.0,CAISO,Hybrid,2282.0,0,4.712,CA,0
2021.0,CAISO,Hybrid,713.2,0,4.712,CA,0
2021.0,CAISO,Hybrid,815.8,2,1.676,CA,0
2021.0,CAISO,Hybrid,303.5,2,1.574,CA,1
2021.0,CAISO,Hybrid,305.9,2,1.566,CA,0
2021.0,CAISO,Hybrid,613.1,2,1.624,CA,0
2021.0,CAISO,Hybrid,878.2,2,1.585,CA,0
2021.0,CAISO,Hybrid,255.6,2,1.67,CA,0
2021.0,CAISO,Hybrid,51.1,0,4.712,CA,0
2021.0,CAISO,Hybrid,1560.0,0,4.712,CA,0
2021.0,CAISO,Hybrid,196.9,2,1.739,CA,0
2021.0,CAISO,Hybrid,621.3,0,4.712,CA,0
2021.0,CAISO,Hybrid,233.5,2,3.948,CA,0
2021.0,CAISO,Hybrid,1509.4,2,4.077,CA,0
2021.0,CAISO,Hybrid,607.1,2,1.563,CA,0
2021.0,CAISO,Hybrid,821.3,0,4.712,CA,0
2021.0,CAISO,Hybrid,205.5,2,1.624,CA,0
2021.0,CAISO,Hybrid,393.1,2,1.725,CA,0
2021.0,CAISO,Hybrid,419.7,0,4.712,CA,0
2021.0,CAISO,Hybrid,226.6,2,1.665,CA,0
2021.0,CAISO,Hybrid,154.6,2,1.563,CA,0
2021.0,CAISO,Hybrid,2274.5,2,4.342,CA,0
2021.0,CAISO,Hybrid,319.8,2,4.296,CA,0
2021.0,CAISO,Hybrid,385.5,2,1.703,CA,0
2021.0,CAISO,Hybrid,202.1,2,1.67,CA,0
2021.0,CAISO,Hybrid,716.4,0,4.712,CA,0
2021.0,CAISO,Hybrid,204.1,2,1.632,CA,0
2021.0,CAISO,Hybrid,303.5,2,1.632,CA,0
2021.0,CAISO,Hybrid,307.1,2,1.632,CA,0
2021.0,CAISO,Hybrid,204.0,0,4.712,CA,0
2021.0,CAISO,Hybrid,204.0,2,1.632,CA,0
2021.0,CAISO,Hybrid,204.1,2,1.632,CA,0
2021.0,CAISO,Hybrid,824.7,0,4.712,CA,0
2021.0,CAISO,Hybrid,405.0,2,1.76,CA,0
2021.0,CAISO,Hybrid,71.9,0,4.712,CA,0
2021.0,CAISO,Hybrid,90.8,2,2.371,CA,0
2021.0,CAISO,Hybrid,196.9,0,4.712,CA,0
2021.0,CAISO,Hybrid,175.0,2,3.274,CA,0
2021.0,CAISO,Hybrid,204.1,2,1.758,CA,0
2021.0,CAISO,Battery,252.0,0,4.712,CA,1
2021.0,CAISO,Battery,252.6,2,1.67,CA,0
2021.0,CAISO,Battery,62.6,2,3.214,CA,1
2021.0,CAISO,Battery,252.0,0,4.712,CA,0
2021.0,CAISO,Battery,403.5,2,1.747,CA,0
2021.0,CAISO,Battery,504.2,2,1.747,CA,0
2021.0,CAISO,Battery,302.4,0,4.712,CA,0
2021.0,CAISO,Battery,302.4,0,4.712,CA,0
2021.0,CAISO,Battery,554.4,2,1.593,CA,0
2021.0,CAISO,Battery,241.5,2,4.422,CA,0
2021.0,CAISO,Battery,150.0,2,1.662,CA,0
2021.0,CAISO,Hybrid,612.0,2,1.632,CA,0
2021.0,CAISO,Battery,102.3,0,4.712,CA,0
2021.0,CAISO,Battery,200.0,0,4.712,CA,0
2021.0,CAISO,Battery,102.3,2,1.585,CA,0
2021.0,CAISO,Battery,358.4,2,0.441,CA,0
2021.0,CAISO,Battery,171.7,2,3.663,CA,0
2021.0,CAISO,Battery,300.0,2,1.566,CA,0
2021.0,CAISO,Battery,313.0,0,4.712,CA,0
2021.0,CAISO,Battery,512.6,2,3.211,CA,0
2021.0,CAISO,Battery,300.0,2,3.102,CA,0
2021.0,CAISO,Battery,204.5,2,1.747,CA,0
2021.0,CAISO,Battery,405.8,2,1.758,CA,0
2021.0,CAISO,Battery,405.7,0,4.712,CA,0
2021.0,CAISO,Battery,405.5,0,4.712,CA,0
2021.0,CAISO,Battery,672.0,2,1.363,CA,0
2021.0,CAISO,Battery,513.2,0,4.712,CA,0
2021.0,CAISO,Battery,473.0,2,4.537,CA,0
2021.0,CAISO,Battery,256.0,2,4.594,CA,0
2021.0,CAISO,Battery,511.7,0,4.712,CA,0
2021.0,CAISO,Battery,408.1,0,4.712,CA,0
2021.0,CAISO,Wind,150.0,2,3.658,CA,0
2021.0,CAISO,Battery,213.6,0,4.712,CA,0
2021.0,CAISO,Battery,404.2,2,0.402,CA,0
2021.0,CAISO,Battery,410.8,0,4.712,CA,0
2021.0,CAISO,Battery,512.6,0,4.712,CA,0
2021.0,CAISO,Other,200.0,2,1.736,NV,0
2021.0,CAISO,Battery,405.7,2,4.597,CA,0
2021.0,CAISO,Battery,213.6,2,3.294,CA,0
2021.0,CAISO,Battery,405.5,0,4.712,CA,0
2021.0,CAISO,Battery,405.7,2,1.645,CA,0
2021.0,CAISO,Battery,405.8,0,4.712,CA,0
2021.0,CAISO,Battery,403.4,0,4.712,CA,0
2021.0,CAISO,Battery,405.8,0,4.712,CA,0
2021.0,CAISO,Battery,365.1,0,4.712,CA,1
2021.0,CAISO,Other,506.0,2,1.818,CA,0
2021.0,CAISO,Battery,256.3,0,4.712,NV,1
2021.0,CAISO,Battery,213.5,0,4.712,CA,0
2021.0,CAISO,Battery,100.6,2,4.386,CA,0
2021.0,CAISO,Battery,256.3,0,4.712,CA,0
2021.0,CAISO,Battery,256.0,0,4.712,CA,0
2021.0,CAISO,Wind,940.8,2,3.176,CA,0
2021.0,CAISO,Battery,51.4,0,4.712,CA,0
2021.0,CAISO,Battery,106.0,2,1.676,CA,0
2021.0,CAISO,Battery,154.6,2,0.386,CA,0
2021.0,CAISO,Battery,51.8,2,1.552,CA,0
2021.0,CAISO,Battery,81.6,2,0.348,CA,0
2021.0,CAISO,Battery,102.0,0,4.712,CA,0
2021.0,West,Battery,250.0,0,4.712,WA,0
2021.0,Southeast,Hybrid,80.0,0,4.712,AL,0
2021.0,ISO-NE,Wind,386.0,2,2.831,MA,0
2021.0,ISO-NE,Battery,202.4,2,4.036,MA,0
2021.0,West,Battery,200.0,0,4.712,WA,0
2021.0,West,Battery,150.0,0,4.712,WA,0
2021.0,West,Battery,200.0,0,4.712,WA,0
2021.0,West,Battery,200.0,0,4.712,WA,0
2021.0,West,Solar,120.0,0,4.712,NM,0
2021.0,CAISO,Battery,101.9,2,4.255,CA,0
2021.0,CAISO,Battery,150.5,2,3.255,CA,0
2021.0,CAISO,Battery,313.0,0,4.712,CA,0
2021.0,CAISO,Battery,303.8,2,1.758,CA,0
2021.0,CAISO,Battery,304.2,2,1.758,CA,0
2021.0,CAISO,Battery,304.4,0,4.712,CA,0
2021.0,CAISO,Battery,304.1,2,1.574,CA,0
2021.0,CAISO,Battery,157.0,2,1.607,CA,0
2021.0,CAISO,Battery,157.0,2,1.607,CA,0
2021.0,CAISO,Battery,400.0,2,1.676,CA,0
2021.0,CAISO,Battery,51.1,2,1.588,CA,0
2021.0,CAISO,Battery,105.0,2,4.4,CA,0
2021.0,CAISO,Battery,71.3,0,4.712,CA,0
2021.0,CAISO,Battery,100.8,2,1.747,CA,0
2021.0,CAISO,Battery,308.2,2,1.651,CA,0
2021.0,CAISO,Battery,261.0,2,1.607,CA,0
2021.0,CAISO,Battery,206.3,0,4.712,CA,0
2021.0,CAISO,Battery,615.8,2,1.706,CA,0
2021.0,CAISO,Battery,408.5,2,1.747,AZ,0
2021.0,CAISO,Battery,633.1,0,4.712,CA,0
2021.0,CAISO,Battery,313.0,0,4.712,CA,0
2021.0,CAISO,Battery,100.4,2,1.569,CA,0
2021.0,CAISO,Other,530.0,2,1.736,NV,0
2021.0,CAISO,Battery,151.2,2,1.602,CA,0
2021.0,CAISO,Battery,256.3,0,4.712,CA,0
2021.0,CAISO,Battery,204.5,2,1.585,CA,0
2021.0,CAISO,Battery,256.3,0,4.712,CA,0
2021.0,CAISO,Battery,70.9,2,1.607,CA,0
2021.0,CAISO,Battery,204.1,2,1.76,CA,0
2021.0,CAISO,Battery,213.6,2,1.602,CA,0
2021.0,CAISO,Battery,100.0,0,4.712,CA,0
2021.0,CAISO,Battery,79.6,0,4.712,CA,0
2021.0,CAISO,Battery,101.9,2,1.678,CA,0
2021.0,CAISO,Battery,514.8,2,1.645,CA,0
2021.0,CAISO,Battery,151.6,2,1.67,CA,0
2021.0,CAISO,Battery,101.0,2,1.67,CA,0
2021.0,CAISO,Battery,101.6,2,1.67,CA,0
2021.0,CAISO,Battery,100.9,0,4.712,CA,0
2021.0,CAISO,Battery,508.0,0,4.712,CA,0
2021.0,CAISO,Battery,201.8,0,4.712,CA,0
2021.0,CAISO,Battery,406.1,2,1.676,CA,0
2021.0,CAISO,Battery,114.3,0,4.712,CA,0
2021.0,CAISO,Battery,92.1,2,3.663,CA,0
2021.0,CAISO,Wind,1028.9,2,1.744,CA,0
2021.0,CAISO,Battery,75.0,2,1.621,CA,0
2021.0,CAISO,Wind,628.6,2,3.617,CA,0
2021.0,CAISO,Wind,1464.6,2,3.173,CA,0
2021.0,CAISO,Battery,30.8,0,4.712,CA,0
2021.0,CAISO,Wind,1039.5,2,1.725,CA,0
2021.0,CAISO,Solar,357.5,2,0.318,AZ,0
2021.0,CAISO,Battery,1646.6,2,1.621,CA,0
2021.0,CAISO,Battery,206.1,2,4.545,CA,0
2021.0,CAISO,Battery,76.5,2,1.758,CA,0
2021.0,CAISO,Battery,405.7,0,4.712,CA,0
2021.0,CAISO,Battery,360.2,2,1.585,CA,0
2021.0,CAISO,Battery,151.7,0,4.712,CA,0
2021.0,CAISO,Battery,179.4,0,4.712,CA,0
2021.0,CAISO,Battery,256.3,0,4.712,CA,0
2021.0,CAISO,Battery,102.6,2,2.949,CA,0
2021.0,CAISO,Battery,50.0,0,4.712,CA,1
2021.0,CAISO,Battery,100.9,0,4.712,CA,0
2021.0,CAISO,Battery,213.6,0,4.712,CA,0
2021.0,CAISO,Battery,515.4,0,4.712,CA,0
2021.0,CAISO,Battery,300.0,0,4.712,CA,0
2021.0,CAISO,Battery,152.2,2,1.722,CA,1
2021.0,CAISO,Battery,305.0,2,2.943,CA,0
2021.0,CAISO,Battery,204.1,2,1.739,CA,0
2021.0,CAISO,Battery,108.7,2,1.593,CA,0
2021.0,CAISO,Battery,100.0,2,4.389,CA,0
2021.0,CAISO,Battery,124.3,0,4.712,CA,0
2021.0,CAISO,Battery,203.7,0,4.712,CA,0
2021.0,CAISO,Battery,178.2,2,1.678,CA,0
2021.0,CAISO,Battery,203.7,0,4.712,CA,0
2021.0,CAISO,Battery,203.7,0,4.712,CA,0
2021.0,CAISO,Battery,178.9,2,0.339,CA,0
2021.0,CAISO,Battery,772.2,2,1.585,CA,0
2021.0,CAISO,Battery,150.0,2,3.984,CA,0
2021.0,CAISO,Battery,101.1,2,1.708,CA,0
2021.0,CAISO,Battery,100.9,2,1.662,CA,0
2021.0,CAISO,Battery,151.4,2,1.662,CA,0
2021.0,CAISO,Battery,20.4,2,1.632,CA,0
2021.0,CAISO,Battery,62.4,2,1.632,CA,0
2021.0,CAISO,Battery,151.3,2,4.304,CA,0
2021.0,CAISO,Battery,291.9,0,4.712,CA,0
2021.0,CAISO,Hybrid,123.8,2,1.719,CA,0
2021.0,CAISO,Battery,302.4,0,4.712,CA,0
2021.0,CAISO,Battery,253.2,2,0.337,CA,0
2021.0,CAISO,Battery,410.8,2,4.465,CA,0
2021.0,CAISO,Battery,510.0,2,0.413,CA,0
2021.0,CAISO,Battery,213.6,2,1.544,CA,0
2021.0,CAISO,Battery,405.7,2,3.661,CA,0
2021.0,CAISO,Battery,261.0,2,4.402,CA,0
2021.0,CAISO,Battery,254.8,0,4.712,CA,0
2021.0,CAISO,Battery,202.8,2,4.564,CA,0
2021.0,CAISO,Battery,404.1,2,1.747,CA,0
2021.0,CAISO,Battery,252.0,2,4.496,CA,0
2021.0,CAISO,Battery,504.8,0,4.712,CA,0
2021.0,CAISO,Battery,254.8,0,4.712,CA,0
2021.0,CAISO,Battery,528.0,0,4.712,CA,0
2021.0,CAISO,Battery,213.6,0,4.712,CA,0
2021.0,CAISO,Battery,152.1,0,4.712,CA,0
2021.0,CAISO,Battery,159.3,2,1.555,CA,0
2021.0,CAISO,Battery,261.0,0,4.712,CA,0
2021.0,CAISO,Battery,79.5,2,1.681,CA,0
2021.0,CAISO,Battery,150.8,2,0.405,CA,0
2021.0,CAISO,Battery,261.0,2,4.58,CA,0
2021.0,NYISO,Solar,75.0,2,2.708,NY,0
2021.0,MISO,Solar,50.0,0,4.709,IA,0
2021.0,MISO,Solar,50.0,0,4.709,IA,0
2021.0,MISO,Solar,50.0,0,4.709,IA,0
2021.0,PJM,Solar,20.0,2,3.666,WV,0
2021.0,CAISO,Battery,213.6,2,3.116,CA,0
2021.0,West,Hybrid,119.0,0,4.701,AZ,1
2021.0,PJM,Solar,20.0,2,3.666,WV,0
2021.0,ERCOT,Other,131.0,1,3.307,TX,1
2021.0,PJM,Solar,111.8,2,3.666,IN,0
2021.0,ISO-NE,Battery,20.0,2,0.159,VT,0
2021.0,ISO-NE,Wind,1200.0,2,4.479,MA,0
2021.0,NYISO,Battery,20.0,2,1.279,NY,0
2021.0,SPP,Wind,75.0,2,2.24,KS,0
2021.0,SPP,Wind,150.0,0,4.698,KS,0
2021.0,Southeast,Hybrid,58.0,0,4.698,AL,0
2021.0,ERCOT,Solar,204.5,0,4.698,TX,0
2021.0,ERCOT,Hybrid,603.7,0,4.695,TX,0
2021.0,West,Hybrid,120.0,0,4.695,UT,0
2021.0,West,Hybrid,450.0,0,4.695,UT,0
2021.0,West,Hybrid,45.0,0,4.695,UT,0
2021.0,ISO-NE,Hybrid,4.5,2,1.394,MA,0
2021.0,ISO-NE,Hybrid,1.0,2,1.405,MA,0
2021.0,ISO-NE,Hybrid,4.0,2,1.405,MA,0
2021.0,ISO-NE,Battery,107.5,2,2.179,MA,0
2021.0,ISO-NE,Solar,72.0,2,2.437,ME,0
2021.0,PJM,Solar,150.0,2,3.658,OH,0
2021.0,ERCOT,Hybrid,95.3,0,4.693,TX,0
2021.0,ERCOT,Hybrid,33.2,0,4.693,TX,0
2021.0,PJM,Solar,180.0,2,0.323,KY,0
2021.0,ISO-NE,Hybrid,2.5,2,1.451,MA,0
2021.0,SPP,Hybrid,80.0,2,2.215,NM,0
2021.0,ISO-NE,Hybrid,2.0,2,1.394,MA,0
2021.0,ISO-NE,Hybrid,4.9,2,1.41,MA,0
2021.0,ISO-NE,Hybrid,3.0,2,1.394,MA,0
2021.0,ERCOT,Gas,67.0,2,4.556,TX,0
2021.0,ERCOT,Solar,150.0,2,2.858,TX,0
2021.0,ERCOT,Other,50.0,2,2.858,TX,0
2021.0,ERCOT,Gas,21.0,1,1.27,TX,0
2021.0,ERCOT,Wind,199.5,0,4.682,TX,0
2021.0,SPP,Hybrid,50.0,2,3.392,NM,0
2021.0,SPP,Wind,249.6,0,4.682,KS,0
2021.0,ERCOT,Gas,18.0,0,4.682,TX,0
2021.0,SPP,Wind,249.6,0,4.682,KS,0
2021.0,SPP,Wind,504.0,0,4.682,KS,0
2021.0,West,Solar,5.0,2,1.227,NM,0
2021.0,SPP,Hybrid,55.0,2,2.207,NM,0
2021.0,West,Hybrid,700.0,0,4.682,AZ,0
2021.0,SPP,Hybrid,100.0,2,2.207,NM,0
2021.0,NYISO,Hybrid,135.0,2,1.927,NY,0
2021.0,SPP,Wind,403.2,2,2.223,OK,0
2021.0,Southeast,Hybrid,100.0,0,4.679,KY,0
2021.0,SPP,Hybrid,100.0,2,2.209,OK,0
2021.0,SPP,Hybrid,150.0,2,1.632,OK,0
2021.0,SPP,Hybrid,200.0,2,1.632,OK,0
2021.0,ERCOT,Battery,251.0,0,4.676,TX,0
2021.0,SPP,Hybrid,100.0,0,4.676,OK,0
2021.0,SPP,Hybrid,155.0,0,4.676,OK,0
2021.0,SPP,Wind,300.0,2,1.536,NE,0
2021.0,West,Hybrid,462.5,0,4.676,AZ,1
2021.0,SPP,Wind,300.0,2,1.572,KS,0
2021.0,West,Solar,5.0,2,0.983,NM,0
2021.0,SPP,Wind,400.0,2,1.536,CO,0
2021.0,SPP,Solar,100.0,2,3.384,KS,0
2021.0,SPP,Hybrid,160.0,2,2.215,KS,0
2021.0,SPP,Solar,250.0,0,4.674,OK,0
2021.0,SPP,Solar,110.0,2,2.215,NM,0
2021.0,SPP,Battery,75.0,0,4.674,OK,0
2021.0,SPP,Solar,150.0,2,2.215,TX,0
2021.0,SPP,Solar,240.0,2,2.215,TX,0
2021.0,SPP,Wind,300.0,0,4.674,KS,0
2021.0,SPP,Wind,300.0,2,2.215,NE,0
2021.0,SPP,Solar,130.0,2,2.215,MO,0
2021.0,SPP,Wind,300.0,2,2.215,NE,0
2021.0,SPP,Solar,300.0,0,4.674,OK,0
2021.0,SPP,Wind,300.0,0,4.674,NE,0
2021.0,SPP,Hybrid,165.0,2,3.384,AR,0
2021.0,SPP,Hybrid,100.0,2,3.384,KS,0
2021.0,ERCOT,Solar,250.9,0,4.674,TX,0
2021.0,SPP,Solar,500.0,0,4.674,KS,0
2021.0,SPP,Hybrid,100.0,2,2.215,KS,0
2021.0,SPP,Hybrid,180.0,2,2.215,KS,0
2021.0,SPP,Solar,150.0,2,1.563,OK,0
2021.0,SPP,Solar,400.0,2,1.057,TX,0
2021.0,SPP,Battery,100.0,0,4.674,OK,0
2021.0,SPP,Battery,50.0,0,4.671,MO,0
2021.0,SPP,Battery,100.0,0,4.671,OK,0
2021.0,SPP,Battery,200.0,0,4.671,NE,0
2021.0,SPP,Battery,100.0,0,4.671,NE,1
2021.0,SPP,Battery,74.9,0,4.671,OK,0
2021.0,SPP,Solar,231.0,0,4.671,OK,0
2021.0,SPP,Wind,37.5,0,4.671,KS,0
2021.0,SPP,Wind,250.0,0,4.671,OK,0
2021.0,SPP,Solar,74.9,2,4.539,OK,0
2021.0,SPP,Solar,208.0,2,4.211,OK,0
2021.0,SPP,Battery,74.9,2,3.441,KS,0
2021.0,SPP,Battery,203.0,2,4.211,OK,0
2021.0,SPP,Solar,74.9,2,2.278,KS,0
2021.0,SPP,Solar,208.0,2,4.211,OK,0
2021.0,SPP,Hybrid,250.0,2,2.831,OK,0
2021.0,ERCOT,Hybrid,204.6,0,4.671,TX,0
2021.0,ERCOT,Hybrid,50.0,0,4.671,TX,0
2021.0,SPP,Battery,250.0,0,4.671,NE,0
2021.0,SPP,Battery,75.0,0,4.671,NE,0
2021.0,SPP,Battery,200.0,0,4.671,TX,0
2021.0,SPP,Battery,100.0,2,1.64,TX,0
2021.0,SPP,Hybrid,95.0,0,4.671,MO,0
2021.0,SPP,Gas,93.0,2,1.966,OK,1
2021.0,SPP,Gas,446.5,2,1.561,ND,0
2021.0,SPP,Gas,446.5,2,1.561,ND,0
2021.0,SPP,Wind,250.0,2,1.64,OK,0
2021.0,Southeast,Solar,200.0,2,3.387,MS,0
2021.0,SPP,Hybrid,140.0,2,2.204,OK,0
2021.0,SPP,Battery,75.0,2,4.454,MO,0
2021.0,SPP,Solar,225.0,0,4.671,NE,0
2021.0,SPP,Hybrid,400.0,0,4.671,TX,0
2021.0,Southeast,Hybrid,110.0,0,4.668,KY,0
2021.0,West,Solar,5.0,2,0.975,NM,0
2021.0,West,Wind,0.7,1,0.246,MT,0
2021.0,PJM,Solar,30.0,2,3.625,PA,0
2021.0,ERCOT,Hybrid,51.3,0,4.66,TX,0
2021.0,ERCOT,Hybrid,104.4,0,4.66,TX,0
2021.0,Southeast,Hybrid,150.0,0,4.66,GA,0
2021.0,ERCOT,Battery,200.7,0,4.66,TX,0
2021.0,West,Battery,2.3,0,4.657,OR,0
2021.0,ERCOT,Solar,204.1,2,1.969,TX,0
2021.0,ERCOT,Battery,408.7,0,4.657,TX,0
2021.0,SPP,Solar,74.0,2,1.049,NM,0
2021.0,West,Gas,332.0,0,4.654,AZ,1
2021.0,ISO-NE,Gas,10.8,2,4.104,CT,0
2021.0,West,Hybrid,199.0,0,4.652,OR,0
2021.0,West,Hybrid,100.0,0,4.652,WA,0
2021.0,NYISO,Solar,20.0,2,2.146,NY,0
2021.0,SPP,Battery,300.0,0,4.652,KS,0
2021.0,SPP,Battery,350.0,0,4.652,KS,0
2021.0,NYISO,Solar,12.1,0,4.652,NY,0
2021.0,West,Hybrid,199.0,0,4.652,UT,0
2021.0,ERCOT,Battery,61.5,2,4.583,TX,0
2021.0,West,Solar,5.0,2,0.392,NM,0
2021.0,SPP,Wind,600.0,2,3.411,NE,0
2021.0,West,Solar,5.0,2,0.392,NM,0
2021.0,Southeast,Solar,100.0,0,4.643,KY,0
2021.0,ERCOT,Hybrid,152.0,0,4.643,TX,0
2021.0,SPP,Solar,200.0,2,4.663,ND,0
2021.0,West,Battery,200.0,0,4.641,CA,0
2021.0,SPP,Battery,225.0,2,2.182,SD,0
2021.0,ERCOT,Battery,408.4,0,4.641,TX,0
2021.0,West,Solar,80.0,0,4.641,SD,0
2021.0,ERCOT,Other,151.5,2,0.016,TX,0
2021.0,Southeast,Solar,74.5,0,4.641,FL,0
2021.0,Southeast,Solar,74.5,1,3.726,FL,0
2021.0,West,Hybrid,200.0,0,4.638,UT,1
2021.0,PJM,Solar,3.0,2,1.922,PA,0
2021.0,PJM,Solar,5.0,2,3.244,PA,0
2021.0,PJM,Solar,4.5,2,3.244,PA,0
2021.0,PJM,Solar,4.5,2,3.244,PA,0
2021.0,PJM,Solar,2.0,2,3.244,PA,0
2021.0,SPP,Solar,113.0,0,4.635,KS,0
2021.0,ISO-NE,Hybrid,113.0,2,1.725,NH,0
2021.0,West,Solar,15.0,1,0.635,SD,0
2021.0,PJM,Solar,38.0,2,3.6,VA,0
2021.0,PJM,Solar,149.0,2,3.6,VA,0
2021.0,PJM,Solar,149.0,2,3.6,VA,0
2021.0,PJM,Solar,3.0,2,3.242,PA,0
2021.0,West,Wind,500.0,0,4.635,WY,0
2021.0,SPP,Solar,113.0,0,4.635,NE,0
2021.0,West,Hybrid,199.0,0,4.632,UT,1
2021.0,SPP,Solar,306.2,0,4.632,KS,0
2021.0,West,Hybrid,199.0,0,4.632,WA,1
2021.0,West,Hybrid,300.0,0,4.632,UT,0
2021.0,SPP,Solar,200.0,2,2.174,MO,0
2021.0,SPP,Solar,102.1,0,4.632,NE,0
2021.0,SPP,Wind,203.0,2,3.343,ND,0
2021.0,SPP,Solar,204.1,2,3.343,OK,0
2021.0,SPP,Battery,253.8,0,4.632,KS,0
2021.0,West,Wind,2.0,0,4.632,UT,1
2021.0,West,Hybrid,300.0,0,4.632,UT,0
2021.0,West,Hybrid,400.0,0,4.632,UT,1
2021.0,West,Hybrid,198.8,0,4.632,OR,0
2021.0,West,Hybrid,400.0,0,4.632,OR,0
2021.0,SPP,Wind,203.0,0,4.632,OK,0
2021.0,West,Hybrid,150.0,0,4.632,WA,0
2021.0,SPP,Wind,244.2,2,3.343,NE,0
2021.0,SPP,Solar,113.0,0,4.632,KS,0
2021.0,SPP,Solar,204.1,0,4.632,AR,0
2021.0,SPP,Solar,204.1,0,4.632,AR,0
2021.0,SPP,Solar,149.8,2,2.174,OK,0
2021.0,SPP,Solar,510.3,0,4.632,KS,0
2021.0,SPP,Battery,201.6,2,2.174,OK,0
2021.0,NYISO,Hybrid,20.0,2,0.287,NY,0
2021.0,NYISO,Hybrid,20.0,2,1.624,NY,0
2021.0,NYISO,Solar,20.0,2,0.285,NY,0
2021.0,SPP,Hybrid,300.0,2,3.915,TX,0
2021.0,SPP,Solar,500.0,2,1.667,CO,0
2021.0,SPP,Solar,600.0,2,3.329,ND,0
2021.0,SPP,Solar,240.0,2,3.316,NE,0
2021.0,West,Solar,5.0,2,1.164,NM,0
2021.0,SPP,Solar,102.1,2,3.326,NE,0
2021.0,SPP,Solar,201.6,0,4.616,KS,0
2021.0,ISO-NE,Solar,20.0,0,4.616,NH,0
2021.0,West,Hybrid,250.0,0,4.616,CA,0
2021.0,NYISO,Solar,250.0,0,4.616,NY,0
2021.0,SPP,Solar,182.2,0,4.616,NE,0
2021.0,NYISO,Solar,200.0,0,4.616,NY,0
2021.0,West,Battery,200.0,0,4.613,OR,1
2021.0,West,Battery,200.0,0,4.613,OR,1
2021.0,West,Battery,185.0,0,4.613,OR,1
2021.0,NYISO,Battery,96.0,2,2.36,NY,0
2021.0,West,Solar,5.0,2,0.115,NM,0
2021.0,NYISO,Hybrid,1440.0,2,0.11,NY,0
2021.0,SPP,Hybrid,160.0,2,4.131,OK,0
2021.0,West,Wind,500.0,0,4.605,AZ,0
2021.0,SPP,Battery,50.0,2,2.138,ND,0
2021.0,ERCOT,Gas,18.0,0,4.605,TX,0
2021.0,SPP,Hybrid,300.0,2,2.138,NM,0
2021.0,SPP,Battery,80.0,2,2.144,KS,0
2021.0,SPP,Battery,150.0,0,4.602,KS,1
2021.0,ISO-NE,Solar,9.5,2,4.052,RI,0
2021.0,SPP,Solar,159.0,0,4.602,KS,0
2021.0,West,Battery,200.0,0,4.6,OR,1
2021.0,SPP,Hybrid,100.0,2,2.76,LA,0
2021.0,SPP,Solar,200.0,2,2.133,NE,0
2021.0,West,Hybrid,150.0,0,4.6,NM,0
2021.0,PJM,Solar,8.8,2,0.301,VA,0
2021.0,West,Battery,200.0,0,4.6,OR,0
2021.0,NYISO,Solar,90.0,0,4.597,NY,0
2021.0,NYISO,Hybrid,20.0,2,0.345,NY,0
2021.0,West,Hybrid,240.0,0,4.597,ID,0
2021.0,West,Hybrid,100.0,0,4.597,ID,0
2021.0,West,Battery,200.0,0,4.597,WA,0
2021.0,Southeast,Solar,200.0,2,0.153,MS,0
2021.0,West,Solar,140.0,0,4.597,CO,0
2021.0,West,Solar,5.0,2,0.901,NM,0
2021.0,West,Hybrid,300.0,0,4.594,CO,0
2021.0,West,Wind,199.0,0,4.594,CO,0
2021.0,ERCOT,Solar,137.3,0,4.594,TX,0
2021.0,West,Hybrid,398.0,0,4.594,WY,0
2021.0,ERCOT,Other,20.2,2,0.851,TX,0
2021.0,ERCOT,Battery,202.3,0,4.586,TX,0
2021.0,ERCOT,Battery,255.3,0,4.586,TX,0
2021.0,ERCOT,Hybrid,336.0,0,4.586,TX,0
2021.0,ERCOT,Battery,303.6,0,4.586,TX,0
2021.0,West,Hybrid,80.0,0,4.583,MT,0
2021.0,West,Solar,4.8,2,1.626,NM,0
2021.0,West,Battery,50.0,0,4.583,NM,1
2021.0,West,Battery,200.0,0,4.58,NM,1
2021.0,ERCOT,Hybrid,305.6,0,4.58,TX,0
2021.0,ERCOT,Other,202.4,2,0.4,TX,1
2021.0,Southeast,Solar,8.0,1,1.498,,0
2021.0,ERCOT,Battery,201.3,0,4.578,TX,0
2021.0,West,Solar,2.9,2,1.572,NM,0
2021.0,West,Gas,30.0,0,4.578,AZ,1
2021.0,PJM,Solar,1.0,2,0.167,IL,1
2021.0,ERCOT,Battery,205.5,0,4.578,TX,0
2021.0,PJM,Solar,1.0,2,0.167,IL,1
2021.0,ISO-NE,Solar,50.2,0,4.578,CT,0
2021.0,West,Solar,5.0,2,1.12,NM,0
2021.0,West,Solar,5.0,2,1.12,NM,0
2021.0,West,Battery,152.5,0,4.575,NM,1
2021.0,NYISO,Solar,19.8,2,0.156,NY,0
2021.0,ISO-NE,Solar,19.8,0,4.575,ME,0
2021.0,ERCOT,Other,30.0,2,1.9,TX,0
2021.0,ERCOT,Battery,200.8,0,4.567,TX,0
2021.0,ERCOT,Battery,101.0,0,4.567,TX,0
2021.0,NYISO,Battery,30.4,2,0.233,NY,0
2021.0,Southeast,Solar,200.0,2,0.197,MS,0
2021.0,PJM,Solar,20.0,2,2.48,OH,0
2021.0,NYISO,Hybrid,120.0,2,2.478,NY,0
2021.0,ERCOT,Solar,180.0,2,0.057,TX,0
2021.0,Southeast,Solar,74.9,0,4.564,SC,0
2021.0,Southeast,Hybrid,200.0,2,0.364,GA,0
2021.0,Southeast,Hybrid,200.0,2,0.364,GA,0
2021.0,Southeast,Hybrid,130.0,0,4.561,GA,0
2021.0,Southeast,Hybrid,150.0,0,4.561,GA,0
2021.0,Southeast,Hybrid,200.0,2,2.527,GA,0
2021.0,ERCOT,Solar,150.0,0,4.559,TX,0
2021.0,NYISO,Other,200.0,2,0.225,NY,0
2021.0,West,Solar,200.0,0,4.556,NM,0
2021.0,PJM,Solar,18.0,2,3.513,OH,0
2021.0,NYISO,Battery,38.0,2,0.211,NY,0
2021.0,PJM,Battery,100.0,2,3.51,OH,1
2021.0,ISO-NE,Battery,508.2,0,4.545,MA,0
2021.0,PJM,Solar,2.0,2,3.507,,0
2021.0,ERCOT,Solar,122.4,0,4.542,TX,0
2021.0,NYISO,Solar,300.0,2,2.456,NY,0
2021.0,PJM,Solar,3.8,2,0.553,,0
2021.0,ERCOT,Hybrid,204.1,0,4.539,TX,0
2021.0,Southeast,Solar,300.0,2,0.512,AL,0
2021.0,Southeast,Solar,79.0,2,0.895,AL,0
2021.0,West,Other,250.0,0,4.539,AZ,0
2021.0,ERCOT,Hybrid,204.1,0,4.539,TX,0
2021.0,Southeast,Solar,30.0,2,2.073,AL,0
2021.0,ISO-NE,Hybrid,1.0,2,0.359,MA,0
2021.0,West,Solar,1200.0,0,4.539,OR,1
2021.0,ERCOT,Solar,17.7,0,4.539,TX,0
2021.0,West,Wind,135.0,0,4.537,AZ,0
2021.0,PJM,Solar,20.0,2,0.602,MD,0
2021.0,NYISO,Battery,20.0,2,0.446,NY,0
2021.0,ERCOT,Battery,101.4,2,3.592,TX,0
2021.0,NYISO,Battery,300.0,2,0.775,NY,0
2021.0,ERCOT,Battery,26.1,0,4.528,TX,0
2021.0,West,Battery,127.0,0,4.523,WA,0
2021.0,Southeast,Hybrid,150.0,0,4.523,GA,0
2021.0,PJM,Solar,125.0,2,4.027,IN,0
2021.0,Southeast,Hybrid,120.0,0,4.52,KY,0
2021.0,ERCOT,Solar,201.8,0,4.52,TX,0
2021.0,West,Hybrid,500.0,0,4.52,AZ,1
2021.0,NYISO,Hybrid,19.9,2,1.93,NY,0
2021.0,West,Other,200.0,0,4.509,WY,0
2021.0,West,Other,300.0,0,4.509,WY,0
2021.0,Southeast,Hybrid,80.0,2,1.533,AL,0
2021.0,West,Other,300.0,0,4.509,WY,0
2021.0,PJM,Battery,90.0,2,3.477,NJ,0
2021.0,West,Gas,20.0,1,1.38,ID,0
2021.0,West,Solar,5.0,2,0.545,NM,0
2021.0,West,Solar,5.0,2,0.485,NM,0
2021.0,ERCOT,Solar,206.1,0,4.504,TX,0
2021.0,NYISO,Hybrid,20.0,2,0.17,NY,0
2021.0,ERCOT,Battery,247.1,1,4.06,TX,1
2021.0,ERCOT,Solar,209.8,2,2.708,TX,0
2021.0,ERCOT,Hybrid,150.6,0,4.501,TX,0
2021.0,PJM,Solar,25.0,2,3.817,PA,0
2021.0,PJM,Solar,23.0,2,3.661,IL,0
2021.0,West,Solar,5.0,2,0.32,NM,0
2021.0,West,Solar,5.0,2,0.422,NM,0
2021.0,West,Solar,5.0,2,0.32,NM,1
2021.0,ERCOT,Battery,103.0,0,4.498,TX,0
2021.0,NYISO,Hybrid,19.9,2,0.238,CT,0
2021.0,Southeast,Battery,50.0,0,4.487,NC,0
2021.0,West,Hybrid,2000.0,0,4.485,OR,0
2021.0,West,Hybrid,200.0,2,0.75,NM,0
2021.0,PJM,Solar,60.0,2,3.45,VA,0
2021.0,West,Solar,1.0,2,1.52,NM,0
2021.0,PJM,Solar,20.0,2,3.45,PA,0
2021.0,PJM,Battery,20.0,2,3.45,VA,0
2021.0,ISO-NE,Solar,20.7,2,3.871,ME,0
2021.0,ISO-NE,Solar,40.4,2,3.316,ME,0
2021.0,Southeast,Hybrid,74.9,0,4.485,FL,0
2021.0,West,Solar,5.0,2,0.285,NM,0
2021.0,PJM,Solar,5.0,2,2.91,PA,0
2021.0,Southeast,Hybrid,80.0,0,4.482,AL,0
2021.0,ERCOT,Battery,202.4,0,4.482,TX,0
2021.0,NYISO,Hybrid,19.9,2,0.23,NY,0
2021.0,MISO,Other,70.0,2,3.105,MI,0
2021.0,ISO-NE,Solar,20.0,0,4.482,NY,0
2021.0,ERCOT,Hybrid,118.0,0,4.482,TX,0
2021.0,West,Battery,150.0,0,4.479,NM,0
2021.0,West,Hybrid,300.0,0,4.479,NM,1
2021.0,NYISO,Hybrid,49.9,2,1.807,NY,0
2021.0,West,Hybrid,150.0,0,4.479,NM,1
2021.0,West,Hybrid,150.0,0,4.479,NM,0
2021.0,West,Hybrid,199.0,0,4.479,NM,0
2021.0,West,Battery,49.5,0,4.471,NM,0
2021.0,West,Solar,150.0,0,4.471,NM,0
2021.0,West,Solar,5.0,2,0.624,NM,0
2021.0,West,Battery,150.0,0,4.471,NM,1
2021.0,West,Solar,5.0,2,0.402,NM,0
2021.0,ERCOT,Solar,61.0,2,3.573,TX,0
2021.0,NYISO,Solar,19.8,2,0.304,NY,0
2021.0,ERCOT,Solar,154.1,0,4.468,TX,0
2021.0,ERCOT,Wind,47.2,0,4.468,TX,0
2021.0,ISO-NE,Battery,305.6,0,4.468,MA,0
2021.0,West,Solar,4.9,2,0.211,NM,0
2021.0,MISO,Solar,90.0,2,0.159,MN,0
2021.0,MISO,Battery,45.0,2,0.159,MN,0
2021.0,Southeast,Solar,250.0,0,4.465,GA,0
2021.0,ERCOT,Hybrid,101.9,0,4.465,TX,0
2021.0,MISO,Solar,200.0,2,4.287,MN,0
2021.0,West,Solar,4.9,2,0.326,NM,0
2021.0,ERCOT,Hybrid,101.4,0,4.465,TX,0
2021.0,ERCOT,Hybrid,61.4,0,4.463,TX,0
2021.0,PJM,Solar,40.0,2,3.425,OH,0
2021.0,West,Solar,5.0,2,1.525,NM,0
2021.0,Southeast,Hybrid,80.0,0,4.452,GA,0
2021.0,West,Wind,233.0,0,4.452,WA,0
2021.0,MISO,Solar,75.0,0,4.452,WI,0
2021.0,Southeast,Battery,600.0,0,4.452,GA,1
2021.0,MISO,Solar,100.0,2,0.364,WI,0
2021.0,MISO,Solar,200.0,2,0.345,MN,0
2021.0,West,Solar,10.0,2,0.312,NM,0
2021.0,PJM,Solar,5.0,2,3.411,PA,0
2021.0,MISO,Solar,100.0,2,3.628,LA,0
2021.0,MISO,Solar,200.0,2,3.198,WI,0
2021.0,MISO,Solar,120.0,2,4.268,MN,0
2021.0,MISO,Hybrid,170.0,2,4.411,MO,0
2021.0,MISO,Hybrid,150.0,2,3.617,MI,0
2021.0,MISO,Solar,150.0,2,0.156,IL,0
2021.0,MISO,Hybrid,180.0,0,4.444,MN,0
2021.0,Southeast,Solar,80.0,0,4.444,AL,0
2021.0,PJM,Solar,20.0,2,3.409,OH,0
2021.0,MISO,Hybrid,250.0,0,4.444,IA,0
2021.0,MISO,Hybrid,200.0,0,4.444,MN,0
2021.0,West,Hybrid,705.0,0,4.441,WA,0
2021.0,ERCOT,Other,142.1,1,2.96,TX,0
2021.0,NYISO,Solar,20.0,2,1.678,NY,0
2021.0,NYISO,Battery,50.0,2,2.264,NY,0
2021.0,NYISO,Battery,100.0,2,2.264,NY,0
2021.0,NYISO,Battery,100.0,2,0.348,NY,0
2021.0,PJM,Battery,100.0,2,3.398,VA,0
2021.0,ERCOT,Solar,252.8,0,4.43,TX,0
2021.0,PJM,Battery,20.0,2,3.395,VA,0
2021.0,West,Gas,218.8,0,4.43,WA,0
2021.0,PJM,Solar,8.5,2,3.395,NJ,0
2021.0,ERCOT,Other,155.5,1,1.974,TX,0
2021.0,ERCOT,Solar,208.7,0,4.43,TX,0
2021.0,West,Gas,215.0,0,4.43,WA,0
2021.0,PJM,Solar,12.0,2,3.392,NJ,0
2021.0,West,Solar,5.0,2,0.465,NM,0
2021.0,NYISO,Hybrid,50.0,2,0.26,NY,0
2021.0,NYISO,Solar,20.0,2,0.172,NY,0
2021.0,PJM,Solar,18.0,2,3.625,PA,0
2021.0,PJM,Solar,20.0,2,3.389,OH,0
2021.0,West,Battery,300.0,0,4.424,CA,0
2021.0,ISO-NE,Wind,11.6,2,1.812,ME,0
2021.0,PJM,Hybrid,20.0,2,3.387,VA,0
2021.0,PJM,Hybrid,20.0,2,3.384,OH,0
2021.0,MISO,Solar,48.4,2,4.244,WI,0
2021.0,MISO,Solar,97.1,2,3.173,WI,0
2021.0,PJM,Hybrid,90.0,2,3.77,VA,0
2021.0,PJM,Solar,100.0,2,3.765,KY,0
2021.0,PJM,Hybrid,80.0,2,3.387,VA,0
2021.0,PJM,Battery,57.8,2,0.074,IL,1
2021.0,PJM,Hybrid,49.9,2,3.921,OH,0
2021.0,PJM,Hybrid,60.0,2,3.384,VA,0
2021.0,PJM,Hybrid,10.0,2,3.384,OH,0
2021.0,PJM,Solar,60.0,2,3.765,KY,0
2021.0,PJM,Battery,40.0,2,3.387,VA,0
2021.0,PJM,Solar,20.0,2,3.387,VA,0
2021.0,PJM,Solar,3.0,2,3.387,NJ,0
2021.0,PJM,Solar,44.0,2,3.765,KY,0
2021.0,ERCOT,Battery,307.5,0,4.413,TX,0
2021.0,PJM,Solar,5.0,2,2.842,PA,0
2021.0,PJM,Solar,75.0,2,2.439,VA,0
2021.0,MISO,Wind,140.0,2,4.233,IA,0
2021.0,PJM,Solar,4.0,2,0.266,DE,0
2021.0,MISO,Wind,150.0,2,4.233,IA,0
2021.0,PJM,Solar,3.0,2,2.36,OH,0
2021.0,ERCOT,Solar,60.2,0,4.411,TX,0
2021.0,MISO,Battery,100.0,2,2.185,ND,0
2021.0,MISO,Wind,150.0,2,4.2,IA,0
2021.0,MISO,Other,250.0,2,3.723,,0
2021.0,MISO,Wind,66.0,0,4.408,IA,0
2021.0,MISO,Solar,180.0,2,3.589,LA,0
2021.0,MISO,Solar,60.0,0,4.408,IA,1
2021.0,MISO,Wind,33.0,0,4.408,IA,0
2021.0,MISO,Battery,100.0,0,4.408,IA,1
2021.0,ISO-NE,Hybrid,10.0,2,1.095,MA,0
2021.0,Southeast,Solar,74.5,0,4.405,FL,0
2021.0,Southeast,Solar,74.5,0,4.405,FL,0
2021.0,Southeast,Solar,74.5,0,4.405,FL,0
2021.0,Southeast,Solar,74.5,1,3.406,FL,0
2021.0,MISO,Battery,100.0,2,4.225,ND,0
2021.0,Southeast,Solar,74.9,0,4.402,FL,0
2021.0,MISO,Battery,100.0,0,4.402,IN,0
2021.0,MISO,Solar,100.0,0,4.402,MO,0
2021.0,PJM,Solar,4.0,2,0.257,DE,0
2021.0,PJM,Solar,5.0,2,3.003,PA,0
2021.0,MISO,Wind,150.0,2,4.225,IA,0
2021.0,MISO,Solar,100.0,2,3.173,MO,0
2021.0,PJM,Solar,5.0,2,3.003,PA,0
2021.0,West,Solar,5.0,2,0.947,NM,0
2021.0,MISO,Battery,100.0,2,3.173,IN,0
2021.0,MISO,Battery,100.0,2,3.173,IN,0
2021.0,MISO,Battery,100.0,0,4.402,IL,0
2021.0,MISO,Battery,100.0,0,4.402,IN,0
2021.0,MISO,Battery,100.0,2,3.173,IN,0
2021.0,ISO-NE,Other,6.7,0,4.402,MA,0
2021.0,West,Hybrid,132.0,0,4.402,ID,0
2021.0,ERCOT,Hybrid,204.8,1,4.378,TX,0
2021.0,PJM,Solar,20.0,2,3.359,OH,0
2021.0,MISO,Hybrid,225.0,2,0.309,TX,0
2021.0,PJM,Solar,20.0,2,3.359,OH,0
2021.0,MISO,Solar,500.0,2,4.216,ND,0
2021.0,ERCOT,Battery,203.2,0,4.394,TX,0
2021.0,MISO,Solar,67.0,0,4.394,IN,0
2021.0,MISO,Solar,150.0,2,2.168,IA,0
2021.0,MISO,Solar,200.0,2,4.216,MN,0
2021.0,MISO,Hybrid,260.0,2,2.207,LA,0
2021.0,West,Solar,5.0,2,0.545,NM,0
2021.0,MISO,Solar,250.0,0,4.392,AR,0
2021.0,MISO,Solar,250.0,2,3.573,AR,0
2021.0,MISO,Solar,150.0,2,3.162,IN,0
2021.0,MISO,Hybrid,200.0,0,4.389,AR,0
2021.0,MISO,Solar,80.0,2,3.57,LA,0
2021.0,MISO,Hybrid,99.0,2,3.14,WI,0
2021.0,MISO,Solar,400.0,0,4.389,IA,1
2021.0,MISO,Solar,200.0,2,3.57,LA,0
2021.0,ERCOT,Solar,509.9,2,3.455,TX,0
2021.0,ISO-NE,Wind,440.0,2,1.131,MA,0
2021.0,MISO,Hybrid,200.0,2,3.556,MI,0
2021.0,MISO,Battery,100.0,2,3.567,LA,0
2021.0,MISO,Solar,250.0,2,4.35,IN,0
2021.0,MISO,Solar,100.0,2,4.35,IN,0
2021.0,MISO,Battery,200.0,2,3.138,WI,0
2021.0,MISO,Wind,200.0,0,4.386,ND,0
2021.0,ERCOT,Solar,170.4,0,4.386,TX,0
2021.0,MISO,Battery,100.0,2,3.567,LA,0
2021.0,MISO,Gas,1235.0,2,2.007,MI,0
2021.0,ERCOT,Solar,85.0,0,4.386,TX,0
2021.0,MISO,Solar,100.0,2,2.201,TX,0
2021.0,ERCOT,Battery,50.9,0,4.386,TX,0
2021.0,MISO,Solar,199.0,0,4.386,MS,1
2021.0,MISO,Battery,100.0,2,3.567,TX,0
2021.0,MISO,Solar,200.0,0,4.386,MI,0
2021.0,MISO,Solar,100.0,2,3.157,MO,0
2021.0,MISO,Solar,100.0,2,0.099,MS,0
2021.0,MISO,Hybrid,150.0,2,3.567,LA,0
2021.0,MISO,Solar,97.5,2,3.567,AR,0
2021.0,MISO,Solar,200.0,2,3.157,IN,0
2021.0,MISO,Hybrid,150.0,0,4.386,IL,0
2021.0,MISO,Wind,100.0,2,2.16,MN,0
2021.0,MISO,Battery,100.0,2,4.35,IN,0
2021.0,MISO,Solar,200.0,2,3.157,IN,0
2021.0,MISO,Solar,200.0,2,4.35,KY,0
2021.0,MISO,Hybrid,300.0,0,4.386,MO,0
2021.0,MISO,Hybrid,200.0,2,3.567,TX,0
2021.0,MISO,Battery,200.0,2,0.298,MN,0
2021.0,PJM,Hybrid,100.0,2,3.348,VA,0
2021.0,PJM,Solar,20.0,2,3.348,WV,0
2021.0,PJM,Solar,4.0,2,0.055,DE,0
2021.0,MISO,Battery,250.0,0,4.383,MI,0
2021.0,MISO,Battery,150.0,2,3.135,WI,0
2021.0,MISO,Hybrid,300.0,0,4.383,IL,0
2021.0,ISO-NE,Wind,18.0,0,4.383,MA,0
2021.0,MISO,Wind,67.0,2,4.205,MN,0
2021.0,MISO,Wind,200.0,2,4.205,IA,0
2021.0,West,Solar,127.5,0,4.383,WA,0
2021.0,MISO,Solar,100.0,0,4.383,WI,0
2021.0,MISO,Wind,100.0,0,4.383,IA,0
2021.0,MISO,Solar,693.0,2,2.198,TX,0
2021.0,MISO,Solar,100.0,2,3.565,MS,0
2021.0,MISO,Battery,200.0,0,4.383,MI,1
2021.0,MISO,Battery,200.0,0,4.383,MN,0
2021.0,MISO,Battery,200.0,0,4.383,MI,1
2021.0,MISO,Solar,200.0,0,4.383,IA,0
2021.0,MISO,Solar,200.0,0,4.383,IA,0
2021.0,MISO,Battery,200.0,2,4.205,MN,0
2021.0,MISO,Solar,90.0,2,0.164,LA,0
2021.0,ERCOT,Battery,53.2,0,4.378,TX,0
2021.0,MISO,Solar,170.0,2,4.339,IN,0
2021.0,MISO,Battery,60.0,0,4.375,MI,0
2021.0,MISO,Wind,200.0,2,0.156,IA,0
2021.0,MISO,Battery,60.0,2,3.546,MI,0
2021.0,ISO-NE,Solar,101.2,2,0.099,CT,0
2021.0,MISO,Wind,250.0,2,0.156,IA,0
2021.0,MISO,Solar,100.0,2,1.802,WI,0
2021.0,MISO,Wind,250.0,2,0.088,IA,0
2021.0,Southeast,Hybrid,180.0,2,1.095,GA,0
2021.0,MISO,Wind,150.0,2,0.088,IA,0
2021.0,MISO,Solar,300.0,0,4.375,IN,0
2021.0,West,Solar,19.9,2,0.099,CO,0
2021.0,MISO,Wind,125.0,2,2.146,WI,0
2021.0,MISO,Solar,260.0,2,2.19,LA,0
2021.0,MISO,Battery,78.0,2,2.19,LA,0
2021.0,MISO,Solar,200.0,0,4.375,LA,0
2021.0,MISO,Solar,200.0,2,3.146,IN,0
2021.0,MISO,Battery,60.0,2,3.556,LA,0
2021.0,MISO,Solar,250.0,0,4.375,AR,0
2021.0,MISO,Solar,250.0,0,4.375,AR,0
2021.0,MISO,Battery,75.0,2,3.556,AR,0
2021.0,MISO,Battery,75.0,2,3.556,AR,0
2021.0,MISO,Solar,180.0,2,0.29,LA,0
2021.0,ERCOT,Other,106.2,0,4.375,TX,0
2021.0,MISO,Solar,80.0,2,3.556,LA,0
2021.0,ISO-NE,Solar,101.1,2,0.099,CT,0
2021.0,MISO,Battery,45.0,2,3.546,MI,0
2021.0,MISO,Battery,48.0,2,0.29,IN,0
2021.0,MISO,Wind,320.0,2,3.146,IN,0
2021.0,MISO,Battery,43.5,2,0.29,IN,0
2021.0,MISO,Solar,95.0,2,2.19,LA,0
2021.0,MISO,Solar,150.0,0,4.375,IL,0
2021.0,MISO,Solar,220.0,0,4.375,MI,0
2021.0,MISO,Battery,60.0,0,4.375,MI,0
2021.0,MISO,Solar,350.0,2,0.287,IN,0
2021.0,MISO,Solar,145.0,2,0.29,IN,0
2021.0,MISO,Solar,98.9,2,3.554,LA,0
2021.0,MISO,Solar,115.0,2,2.146,IA,0
2021.0,MISO,Wind,151.5,0,4.372,MN,0
2021.0,MISO,Solar,300.0,2,1.309,KY,0
2021.0,West,Battery,125.0,0,4.372,CA,0
2021.0,MISO,Battery,50.0,2,0.172,MI,0
2021.0,MISO,Solar,100.0,2,2.053,MI,0
2021.0,MISO,Other,258.9,0,4.372,,0
2021.0,MISO,Battery,100.0,0,4.372,IA,0
2021.0,MISO,Battery,50.0,2,2.144,IA,0
2021.0,MISO,Battery,100.0,2,2.188,LA,0
2021.0,MISO,Wind,100.0,2,1.309,KY,0
2021.0,MISO,Other,100.0,2,4.337,IL,0
2021.0,ERCOT,Wind,262.0,0,4.372,TX,0
2021.0,MISO,Solar,300.0,2,1.265,KY,0
2021.0,MISO,Wind,15.6,0,4.372,IL,0
2021.0,MISO,Solar,100.0,0,4.372,LA,0
2021.0,PJM,Solar,4.0,2,0.227,DE,0
2021.0,MISO,Battery,100.0,2,3.554,TX,0
2021.0,MISO,Battery,100.0,2,3.554,TX,0
2021.0,MISO,Battery,150.0,2,4.194,WI,0
2021.0,West,Solar,5.0,2,1.44,NM,0
2021.0,Southeast,Battery,30.5,0,4.37,NC,0
2021.0,ERCOT,Solar,201.1,0,4.37,TX,0
2021.0,MISO,Battery,30.0,2,0.178,MN,0
2021.0,ERCOT,Battery,203.9,0,4.37,TX,0
2021.0,MISO,Solar,150.0,2,0.304,IN,0
2021.0,ERCOT,Hybrid,153.1,0,4.37,TX,0
2021.0,ERCOT,Battery,207.9,0,4.37,TX,0
2021.0,MISO,Solar,165.0,0,4.367,MI,0
2021.0,MISO,Solar,100.0,2,1.624,IN,0
2021.0,MISO,Solar,200.0,2,2.048,MI,0
2021.0,MISO,Solar,150.0,2,2.048,MI,0
2021.0,MISO,Solar,200.0,2,0.342,MI,0
2021.0,West,Hybrid,1.0,0,4.367,WA,0
2021.0,NYISO,Solar,50.0,2,0.2,NY,0
2021.0,West,Solar,1.0,2,1.402,NM,0
2021.0,ERCOT,Solar,203.5,0,4.367,TX,0
2021.0,MISO,Hybrid,200.0,0,4.367,MS,0
2021.0,PJM,Solar,22.0,2,3.332,OH,0
2021.0,MISO,Hybrid,350.0,0,4.367,MS,0
2021.0,MISO,Wind,98.3,2,4.329,IL,0
2021.0,NYISO,Battery,250.0,2,2.196,NY,0
2021.0,MISO,Solar,150.0,2,3.039,IN,0
2021.0,Southeast,Hybrid,74.9,0,4.364,FL,0
2021.0,West,Gas,2.2,1,0.282,SD,0
2021.0,MISO,Solar,100.0,2,3.135,IN,0
2021.0,Southeast,Hybrid,80.0,0,4.364,AL,0
2021.0,NYISO,Battery,100.0,2,1.363,NY,0
2021.0,MISO,Battery,100.0,2,0.277,IN,0
2021.0,MISO,Solar,100.0,2,2.987,IL,0
2021.0,MISO,Solar,125.0,2,2.04,MI,0
2021.0,MISO,Solar,150.0,2,2.04,MI,0
2021.0,MISO,Solar,309.0,0,4.359,MI,0
2021.0,MISO,Solar,200.0,2,2.04,MI,0
2021.0,MISO,Solar,150.0,2,2.04,MI,0
2021.0,MISO,Solar,390.0,2,3.387,MS,0
2021.0,MISO,Solar,125.0,2,2.04,MI,0
2021.0,MISO,Solar,200.0,2,2.04,MI,0
2021.0,MISO,Solar,99.6,2,2.04,MI,0
2021.0,ERCOT,Other,101.6,1,2.648,TX,0
2021.0,MISO,Hybrid,396.0,0,4.356,MS,0
2021.0,MISO,Hybrid,100.0,2,3.537,AR,0
2021.0,MISO,Hybrid,100.0,2,3.537,AR,0
2021.0,MISO,Hybrid,100.0,2,3.537,TX,0
2021.0,MISO,Solar,200.0,2,2.037,MI,0
2021.0,MISO,Hybrid,172.5,0,4.356,MS,0
2021.0,MISO,Battery,90.0,2,3.107,WI,0
2021.0,MISO,Solar,150.0,2,2.037,MI,0
2021.0,MISO,Solar,75.0,2,2.171,TX,0
2021.0,MISO,Wind,175.0,2,4.178,IA,0
2021.0,PJM,Battery,20.0,2,0.89,VA,1
2021.0,MISO,Solar,200.0,2,2.037,MI,0
2021.0,PJM,Battery,20.0,2,3.321,VA,0
2021.0,PJM,Gas,14.4,2,3.318,VA,0
2021.0,MISO,Battery,50.0,2,4.178,MI,0
2021.0,ERCOT,Solar,80.0,0,4.356,TX,0
2021.0,MISO,Solar,185.0,0,4.356,MI,0
2021.0,MISO,Solar,200.0,0,4.356,WI,0
2021.0,MISO,Battery,50.0,0,4.356,MI,0
2021.0,MISO,Solar,100.0,2,2.037,MI,0
2021.0,ERCOT,Gas,306.0,1,2.724,TX,0
2021.0,MISO,Battery,50.0,2,0.156,MI,0
2021.0,MISO,Hybrid,500.0,0,4.353,AR,0
2021.0,MISO,Solar,132.0,2,0.268,MI,0
2021.0,MISO,Solar,50.0,2,4.318,IL,0
2021.0,MISO,Solar,132.0,0,4.353,MI,0
2021.0,ERCOT,Battery,208.6,0,4.353,TX,0
2021.0,NYISO,Battery,20.0,0,4.353,NY,0
2021.0,West,Battery,400.0,0,4.353,OR,1
2021.0,ERCOT,Hybrid,102.0,0,4.353,TX,0
2021.0,MISO,Solar,200.0,2,2.034,MI,0
2021.0,MISO,Solar,200.0,2,2.034,MI,0
2021.0,MISO,Solar,200.0,2,0.329,MI,0
2021.0,MISO,Solar,680.0,2,2.168,LA,0
2021.0,West,Wind,350.0,0,4.353,WY,0
2021.0,MISO,Solar,64.8,2,0.268,MI,0
2021.0,MISO,Solar,350.0,2,2.168,MS,0
2021.0,MISO,Battery,50.0,0,4.353,IL,0
2021.0,MISO,Battery,150.0,0,4.353,WI,0
2021.0,PJM,Battery,20.0,2,3.318,VA,0
2021.0,MISO,Solar,83.2,2,0.153,IN,0
2021.0,MISO,Battery,50.0,2,2.034,MI,0
2021.0,ERCOT,Battery,102.8,0,4.353,TX,0
2021.0,ERCOT,Battery,102.7,0,4.353,TX,0
2021.0,MISO,Battery,35.0,2,1.78,WI,0
2021.0,PJM,Battery,20.0,2,0.233,VA,0
2021.0,MISO,Solar,100.0,2,1.78,WI,0
2021.0,MISO,Solar,100.0,2,2.168,LA,0
2021.0,PJM,Battery,20.0,2,3.318,VA,0
2021.0,MISO,Battery,100.0,2,1.78,WI,0
2021.0,MISO,Solar,110.0,0,4.353,MI,0
2021.0,MISO,Battery,100.0,2,0.153,WI,0
2021.0,MISO,Solar,100.0,0,4.353,MI,0
2021.0,MISO,Wind,100.0,2,0.038,MI,0
2021.0,ERCOT,Hybrid,60.3,0,4.35,TX,0
2021.0,MISO,Battery,110.0,2,2.166,AR,0
2021.0,MISO,Solar,100.0,2,0.057,AR,0
2021.0,MISO,Solar,100.0,2,0.057,AR,0
2021.0,MISO,Battery,25.0,2,2.166,LA,0
2021.0,MISO,Battery,15.0,2,0.151,IN,0
2021.0,MISO,Wind,250.0,2,4.172,SD,0
2021.0,MISO,Wind,180.0,2,4.172,IA,0
2021.0,ERCOT,Hybrid,181.0,0,4.35,TX,0
2021.0,MISO,Wind,190.0,2,4.172,ND,0
2021.0,MISO,Wind,100.0,0,4.35,ND,0
2021.0,MISO,Solar,200.0,2,3.532,AR,0
2021.0,MISO,Hybrid,100.0,0,4.35,MI,0
2021.0,West,Battery,125.0,0,4.35,WA,0
2021.0,MISO,Wind,100.0,0,4.35,ND,0
2021.0,MISO,Solar,200.0,0,4.35,LA,0
2021.0,MISO,Solar,60.0,2,0.159,MN,0
2021.0,MISO,Other,20.0,0,4.35,AR,0
2021.0,West,Solar,900.0,0,4.35,OR,0
2021.0,MISO,Hybrid,100.0,2,2.976,AR,0
2021.0,MISO,Solar,150.0,2,2.122,SD,0
2021.0,MISO,Solar,200.0,0,4.348,IL,0
2021.0,West,Solar,5.0,2,0.438,NM,0
2021.0,MISO,Solar,94.1,2,2.163,MS,0
2021.0,MISO,Battery,50.0,2,2.163,LA,0
2021.0,MISO,Solar,100.0,2,0.148,KY,0
2021.0,MISO,Wind,300.0,2,4.312,IN,0
2021.0,PJM,Battery,5.0,2,3.313,VA,0
2021.0,MISO,Battery,90.0,2,2.163,MS,0
2021.0,MISO,Hybrid,400.0,2,3.118,IL,0
2021.0,West,Solar,5.0,2,0.438,NM,0
2021.0,PJM,Battery,2.0,2,3.313,VA,0
2021.0,MISO,Battery,40.0,2,2.163,AR,0
2021.0,MISO,Solar,75.0,0,4.348,AR,0
2021.0,MISO,Battery,80.0,2,2.163,AR,0
2021.0,MISO,Hybrid,150.0,0,4.348,MI,0
2021.0,MISO,Hybrid,100.0,0,4.348,AR,0
2021.0,MISO,Battery,212.0,2,2.122,IA,0
2021.0,MISO,Battery,75.0,2,2.122,SD,0
2021.0,Southeast,Hybrid,100.0,0,4.348,GA,0
2021.0,West,Hybrid,1000.0,0,4.348,WA,0
2021.0,MISO,Battery,100.0,2,2.163,LA,0
2021.0,PJM,Solar,200.0,2,3.852,IL,0
2021.0,MISO,Battery,200.0,2,2.122,IA,0
2021.0,MISO,Battery,150.0,2,2.163,AR,0
2021.0,ISO-NE,Battery,276.0,2,1.974,MA,0
2021.0,PJM,Solar,3.0,2,3.31,PA,0
2021.0,PJM,Battery,4.0,2,3.307,VA,0
2021.0,MISO,Solar,99.0,0,4.345,LA,0
2021.0,PJM,Solar,5.0,2,0.468,PA,0
2021.0,West,Battery,85.0,0,4.345,WA,0
2021.0,PJM,Battery,30.0,2,3.852,IN,0
2021.0,PJM,Battery,30.0,2,3.852,IN,0
2021.0,PJM,Solar,5.0,2,0.468,PA,0
2021.0,MISO,Solar,200.0,0,4.345,TX,0
2021.0,MISO,Wind,150.0,2,0.26,ND,0
2021.0,PJM,Solar,20.0,2,3.31,VA,0
2021.0,PJM,Solar,20.0,2,3.31,VA,0
2021.0,PJM,Solar,40.0,2,3.31,VA,0
2021.0,PJM,Solar,80.0,2,3.31,VA,0
2021.0,PJM,Solar,8.4,2,3.307,PA,0
2021.0,ERCOT,Other,303.5,2,1.697,TX,0
2021.0,PJM,Solar,20.0,2,3.302,PA,0
2021.0,PJM,Solar,20.0,2,3.852,PA,0
2021.0,MISO,Hybrid,100.0,2,2.152,LA,0
2021.0,ERCOT,Solar,42.6,0,4.337,TX,0
2021.0,West,Hybrid,800.0,0,4.337,ID,0
2021.0,West,Solar,4.0,2,1.273,NM,0
2021.0,West,Solar,5.0,2,0.422,NM,0
2021.0,PJM,Solar,40.0,2,3.302,KY,0
2021.0,MISO,Battery,50.0,2,4.298,IL,0
2021.0,PJM,Solar,18.8,2,3.299,VA,0
2021.0,PJM,Solar,20.0,2,3.299,VA,0
2021.0,West,Solar,5.0,2,0.613,NM,0
2021.0,PJM,Solar,140.0,2,3.838,WV,0
2021.0,PJM,Solar,20.0,2,3.488,VA,0
2021.0,West,Solar,5.0,2,1.363,NM,0
2021.0,West,Solar,5.0,2,1.363,NM,0
2021.0,PJM,Solar,20.0,2,3.299,VA,0
2021.0,PJM,Solar,16.6,2,1.963,VA,0
2021.0,PJM,Solar,5.0,2,3.299,VA,0
2021.0,PJM,Solar,20.0,2,3.299,VA,0
2021.0,PJM,Solar,12.0,2,3.014,VA,0
2021.0,MISO,Battery,100.0,2,3.105,IN,0
2021.0,ISO-NE,Hybrid,4.5,2,1.032,MA,0
2021.0,PJM,Solar,9.0,2,3.299,VA,0
2021.0,PJM,Solar,20.0,2,3.606,VA,0
2021.0,PJM,Solar,20.0,2,3.299,VA,1
2021.0,PJM,Solar,20.0,2,3.573,PA,0
2021.0,ERCOT,Battery,100.0,0,4.334,TX,0
2021.0,ERCOT,Gas,130.0,2,1.101,TX,0
2021.0,PJM,Solar,11.4,2,3.299,VA,0
2021.0,PJM,Solar,16.0,2,3.849,PA,0
2021.0,ERCOT,Battery,265.8,1,4.2,TX,0
2021.0,PJM,Solar,5.0,2,0.531,PA,0
2021.0,MISO,Hybrid,200.0,0,4.331,WI,0
2021.0,PJM,Solar,100.0,2,3.409,KY,0
2021.0,PJM,Solar,12.0,2,1.952,VA,1
2021.0,MISO,Battery,50.0,2,4.296,IN,0
2021.0,PJM,Hybrid,20.9,2,3.296,IL,0
2021.0,MISO,Battery,50.0,2,4.296,IN,0
2021.0,MISO,Solar,200.0,2,2.146,LA,0
2021.0,PJM,Solar,10.0,2,1.498,VA,0
2021.0,PJM,Solar,5.0,2,0.531,PA,0
2021.0,PJM,Battery,80.0,2,3.296,IL,0
2021.0,PJM,Solar,5.0,2,0.531,PA,0
2021.0,ERCOT,Battery,102.7,0,4.331,TX,0
2021.0,PJM,Solar,55.0,2,3.296,OH,0
2021.0,PJM,Other,7.1,2,3.532,VA,1
2021.0,MISO,Solar,100.0,2,0.255,TX,0
2021.0,PJM,Solar,50.0,2,0.931,OH,0
2021.0,MISO,Gas,195.0,2,0.241,IN,0
2021.0,MISO,Hybrid,250.0,0,4.329,MI,0
2021.0,ERCOT,Battery,309.5,0,4.329,TX,0
2021.0,ERCOT,Battery,125.4,0,4.329,TX,0
2021.0,MISO,Solar,50.0,2,3.51,LA,0
2021.0,ERCOT,Other,205.0,1,2.773,TX,0
2021.0,PJM,Solar,100.0,2,3.291,IL,0
2021.0,NYISO,Battery,70.0,2,0.241,NY,0
2021.0,PJM,Solar,40.0,2,3.288,PA,0
2021.0,PJM,Solar,12.0,2,2.086,PA,0
2021.0,PJM,Solar,20.0,2,3.288,PA,0
2021.0,ERCOT,Solar,221.8,0,4.318,TX,0
2021.0,ERCOT,Other,300.6,1,2.305,TX,0
2021.0,MISO,Solar,100.0,0,4.315,MN,0
2021.0,MISO,Solar,150.0,2,0.249,MN,0
2021.0,West,Solar,13.3,0,4.315,WA,0
2021.0,MISO,Solar,135.0,0,4.315,MS,0
2021.0,Southeast,Solar,80.0,2,0.63,GA,0
2021.0,PJM,Solar,12.0,2,3.277,PA,0
2021.0,PJM,Battery,28.8,2,3.277,VA,0
2021.0,PJM,Gas,6.0,2,3.277,VA,0
2021.0,PJM,Battery,30.0,2,3.639,VA,0
2021.0,PJM,Gas,18.0,2,3.277,VA,1
2021.0,PJM,Solar,12.0,2,3.277,PA,0
2021.0,ISO-NE,Hybrid,3.6,2,1.01,MA,0
2021.0,PJM,Solar,115.0,2,3.589,VA,0
2021.0,PJM,Hybrid,39.9,2,2.582,OH,0
2021.0,PJM,Solar,12.0,2,3.277,PA,0
2021.0,PJM,Solar,12.0,2,3.277,PA,0
2021.0,PJM,Solar,30.0,2,3.277,OH,0
2021.0,MISO,Solar,66.0,2,2.127,MS,0
2021.0,ERCOT,Battery,250.0,0,4.312,TX,0
2021.0,PJM,Solar,12.0,2,3.277,PA,0
2021.0,PJM,Solar,130.0,2,3.274,VA,0
2021.0,PJM,Battery,240.0,2,3.825,WV,0
2021.0,PJM,Solar,15.5,2,3.274,MD,0
2021.0,PJM,Battery,50.0,2,3.274,VA,0
2021.0,PJM,Battery,35.0,2,3.274,VA,0
2021.0,PJM,Battery,100.0,2,3.274,WV,0
2021.0,PJM,Solar,60.0,2,1.478,VA,0
2021.0,PJM,Battery,90.0,2,3.274,OH,0
2021.0,PJM,Solar,120.0,2,3.274,VA,0
2021.0,PJM,Solar,19.9,2,3.814,PA,0
2021.0,PJM,Battery,50.0,2,3.274,VA,0
2021.0,PJM,Solar,100.0,2,3.274,VA,0
2021.0,PJM,Battery,80.0,2,3.274,PA,0
2021.0,PJM,Solar,200.0,2,3.274,KY,0
2021.0,PJM,Battery,50.0,2,3.814,OH,1
2021.0,PJM,Solar,30.0,2,3.274,PA,0
2021.0,PJM,Solar,30.0,2,3.274,PA,0
2021.0,PJM,Battery,30.0,2,3.274,OH,0
2021.0,PJM,Battery,80.0,2,3.274,PA,0
2021.0,PJM,Solar,80.0,2,3.274,PA,0
2021.0,PJM,Solar,8.0,2,3.274,OH,0
2021.0,MISO,Solar,200.0,2,1.566,IN,0
2021.0,MISO,Solar,200.0,0,4.309,MS,0
2021.0,PJM,Battery,43.2,2,3.274,VA,0
2021.0,PJM,Solar,50.0,2,3.274,VA,0
2021.0,PJM,Wind,300.0,2,3.274,IN,0
2021.0,PJM,Solar,5.0,2,0.764,VA,0
2021.0,PJM,Solar,85.0,2,3.274,OH,1
2021.0,ERCOT,Other,152.0,0,4.309,TX,0
2021.0,PJM,Solar,19.2,2,3.825,NJ,0
2021.0,PJM,Solar,19.9,2,3.274,PA,0
2021.0,Southeast,Solar,74.9,1,2.968,FL,0
2021.0,MISO,Solar,300.0,2,2.125,LA,0
2021.0,PJM,Hybrid,52.5,2,2.56,VA,0
2021.0,PJM,Battery,240.0,2,3.274,WV,0
2021.0,PJM,Hybrid,44.1,2,2.782,VA,0
2021.0,MISO,Solar,100.0,0,4.309,MS,0
2021.0,PJM,Solar,20.0,2,3.274,PA,0
2021.0,MISO,Solar,100.0,2,1.566,AR,0
2021.0,PJM,Solar,30.0,2,1.191,OH,0
2021.0,PJM,Solar,30.0,2,2.105,VA,0
2021.0,PJM,Battery,150.0,2,3.272,OH,0
2021.0,PJM,Wind,1300.0,2,3.431,NJ,0
2021.0,PJM,Battery,150.0,2,3.803,IL,0
2021.0,PJM,Battery,250.0,2,3.655,OH,0
2021.0,PJM,Battery,250.0,2,3.803,PA,0
2021.0,PJM,Battery,250.0,2,0.142,IL,0
2021.0,PJM,Solar,160.0,2,3.272,IN,0
2021.0,PJM,Solar,180.0,2,3.811,IN,0
2021.0,PJM,Battery,250.0,2,3.803,PA,0
2021.0,PJM,Battery,250.0,2,3.795,PA,0
2021.0,PJM,Wind,360.0,2,3.272,NJ,0
2021.0,PJM,Solar,110.0,2,3.269,OH,1
2021.0,PJM,Solar,100.0,2,0.09,OH,0
2021.0,PJM,Solar,66.0,2,2.85,OH,0
2021.0,PJM,Battery,250.0,2,3.792,VA,0
2021.0,PJM,Battery,100.0,2,0.104,OH,0
2021.0,PJM,Battery,150.0,2,3.025,IL,1
2021.0,PJM,Solar,42.0,2,3.822,OH,0
2021.0,PJM,Battery,62.5,2,3.346,VA,0
2021.0,PJM,Solar,200.0,2,0.093,OH,0
2021.0,PJM,Battery,150.0,2,0.093,OH,0
2021.0,PJM,Solar,230.0,2,3.272,PA,0
2021.0,PJM,Solar,160.0,2,3.272,VA,0
2021.0,PJM,Solar,20.0,2,3.272,PA,0
2021.0,PJM,Solar,120.0,2,3.272,MD,0
2021.0,PJM,Solar,120.0,2,0.093,IN,0
2021.0,PJM,Battery,90.0,2,0.093,IN,0
2021.0,PJM,Solar,119.0,2,0.107,IN,0
2021.0,PJM,Solar,76.0,2,3.272,MD,0
2021.0,PJM,Solar,200.0,2,3.272,KY,0
2021.0,PJM,Solar,49.3,2,0.088,OH,0
2021.0,PJM,Solar,168.3,2,3.272,OH,0
2021.0,PJM,Solar,7.5,2,1.985,PA,0
2021.0,PJM,Solar,7.5,2,1.99,PA,0
2021.0,PJM,Hybrid,130.0,2,2.53,VA,0
2021.0,PJM,Hybrid,40.0,2,3.036,OH,0
2021.0,PJM,Battery,100.0,2,3.272,PA,0
2021.0,PJM,Battery,225.0,2,0.09,IL,0
2021.0,PJM,Solar,300.0,2,0.09,IL,0
2021.0,PJM,Battery,62.5,2,3.346,VA,0
2021.0,PJM,Battery,110.0,2,0.09,IL,0
2021.0,PJM,Solar,30.0,2,3.811,OH,0
2021.0,PJM,Solar,20.0,2,3.811,OH,0
2021.0,PJM,Solar,20.0,2,3.272,DE,0
2021.0,PJM,Solar,10.0,2,3.272,DE,0
2021.0,PJM,Solar,20.0,2,3.272,DE,0
2021.0,PJM,Battery,150.0,2,3.272,OH,0
2021.0,PJM,Solar,200.0,2,0.09,OH,0
2021.0,PJM,Solar,200.0,2,3.272,KY,0
2021.0,PJM,Solar,50.0,2,3.825,WV,0
2021.0,PJM,Battery,80.0,2,3.272,VA,0
2021.0,PJM,Battery,45.0,2,3.825,WV,0
2021.0,PJM,Battery,32.0,2,3.272,WV,0
2021.0,PJM,Solar,150.0,2,3.272,IN,0
2021.0,PJM,Battery,125.0,2,3.272,IN,0
2021.0,PJM,Solar,110.0,2,3.272,OH,0
2021.0,PJM,Battery,110.0,2,3.272,OH,0
2021.0,PJM,Solar,150.0,2,0.09,IL,0
2021.0,PJM,Solar,67.7,2,3.272,IL,0
2021.0,PJM,Battery,12.0,2,3.272,PA,0
2021.0,PJM,Battery,15.0,2,3.272,PA,0
2021.0,PJM,Solar,65.0,2,3.272,WV,0
2021.0,PJM,Solar,50.0,2,3.825,WV,0
2021.0,PJM,Solar,75.0,2,3.272,VA,0
2021.0,PJM,Solar,19.2,2,3.272,NJ,0
2021.0,PJM,Solar,7.5,2,1.99,PA,0
2021.0,PJM,Battery,200.0,2,0.104,VA,0
2021.0,MISO,Battery,40.0,2,2.122,MS,0
2021.0,PJM,Wind,730.0,2,3.272,NJ,0
2021.0,PJM,Solar,10.0,2,2.908,PA,0
2021.0,PJM,Hybrid,65.0,2,3.524,VA,0
2021.0,PJM,Battery,60.0,2,3.524,VA,0
2021.0,PJM,Solar,7.5,2,1.99,PA,0
2021.0,PJM,Hybrid,180.0,2,0.09,PA,0
2021.0,PJM,Solar,56.0,2,3.272,VA,0
2021.0,PJM,Wind,730.0,2,3.272,NJ,0
2021.0,PJM,Solar,16.0,2,2.103,VA,0
2021.0,PJM,Solar,200.0,2,3.272,VA,0
2021.0,PJM,Battery,50.0,2,3.272,VA,0
2021.0,PJM,Battery,150.0,2,3.272,IN,0
2021.0,PJM,Solar,5.0,2,0.225,,0
2021.0,PJM,Hybrid,150.0,2,3.272,OH,0
2021.0,PJM,Battery,34.0,2,3.811,VA,0
2021.0,PJM,Solar,150.0,2,3.272,VA,0
2021.0,MISO,Battery,75.3,2,2.122,TX,0
2021.0,PJM,Solar,10.0,2,1.985,PA,0
2021.0,PJM,Solar,5.0,2,1.99,PA,0
2021.0,PJM,Solar,5.0,2,1.99,PA,0
2021.0,PJM,Solar,10.0,2,1.99,PA,0
2021.0,PJM,Solar,10.0,2,1.99,PA,0
2021.0,PJM,Solar,10.0,2,1.99,PA,0
2021.0,PJM,Hybrid,165.0,2,3.811,IL,0
2021.0,PJM,Battery,150.0,2,3.272,IN,0
2021.0,PJM,Solar,32.0,2,3.272,OH,0
2021.0,PJM,Hybrid,100.0,2,3.811,OH,0
2021.0,PJM,Battery,40.0,2,3.811,KY,0
2021.0,PJM,Solar,90.0,2,3.811,KY,0
2021.0,PJM,Battery,60.0,2,3.811,IN,0
2021.0,PJM,Battery,150.0,2,3.272,VA,0
2021.0,PJM,Solar,75.0,2,3.811,NC,0
2021.0,MISO,Solar,80.0,2,3.488,MS,0
2021.0,MISO,Solar,150.0,0,4.307,TX,0
2021.0,PJM,Solar,100.0,2,3.272,KY,0
2021.0,PJM,Battery,100.0,2,3.272,VA,0
2021.0,PJM,Solar,5.0,2,0.225,,0
2021.0,PJM,Solar,5.0,2,0.225,,0
2021.0,PJM,Solar,3.0,2,3.272,WV,0
2021.0,PJM,Battery,75.0,2,3.272,IN,0
2021.0,PJM,Battery,100.0,2,3.272,IN,0
2021.0,PJM,Battery,50.0,2,3.272,IN,0
2021.0,PJM,Battery,100.0,2,0.241,IN,0
2021.0,PJM,Solar,47.0,2,3.272,OH,0
2021.0,PJM,Solar,20.0,2,3.272,PA,0
2021.0,PJM,Wind,200.0,2,3.811,IL,0
2021.0,PJM,Battery,60.0,2,3.811,IL,0
2021.0,PJM,Solar,22.7,2,3.272,TN,0
2021.0,PJM,Wind,130.0,2,3.811,IL,0
2021.0,PJM,Hybrid,96.2,2,3.811,PA,0
2021.0,PJM,Solar,185.0,2,3.811,IN,0
2021.0,PJM,Solar,37.8,2,3.272,KY,0
2021.0,PJM,Solar,5.0,2,3.272,OH,0
2021.0,PJM,Hybrid,21.0,2,3.272,OH,0
2021.0,PJM,Solar,28.0,2,3.403,OH,0
2021.0,PJM,Solar,100.0,2,3.272,MI,0
2021.0,PJM,Solar,10.0,2,1.985,PA,0
2021.0,PJM,Solar,80.0,2,3.272,NC,0
2021.0,PJM,Solar,2.0,2,3.272,PA,0
2021.0,PJM,Solar,60.0,2,2.144,KY,0
2021.0,PJM,Wind,1035.0,2,3.272,DE,0
2021.0,PJM,Battery,54.0,2,3.811,OH,0
2021.0,PJM,Solar,5.0,2,3.272,PA,0
2021.0,PJM,Battery,69.0,2,3.811,OH,0
2021.0,PJM,Solar,5.0,2,3.272,PA,0
2021.0,PJM,Battery,54.0,2,3.811,OH,0
2021.0,PJM,Solar,5.0,2,0.507,PA,0
2021.0,PJM,Solar,80.0,2,3.272,VA,0
2021.0,PJM,Solar,200.0,2,3.272,OH,0
2021.0,PJM,Solar,70.0,2,3.272,OH,0
2021.0,PJM,Battery,50.0,2,3.272,VA,0
2021.0,PJM,Solar,96.0,2,2.508,OH,0
2021.0,PJM,Solar,19.0,2,3.272,PA,0
2021.0,PJM,Solar,200.0,2,0.09,OH,0
2021.0,PJM,Solar,100.0,2,3.272,WV,0
2021.0,PJM,Solar,120.0,2,3.272,OH,0
2021.0,PJM,Battery,100.0,2,3.272,OH,0
2021.0,PJM,Solar,24.0,2,3.272,KY,0
2021.0,PJM,Solar,10.0,2,1.985,PA,0
2021.0,PJM,Battery,30.0,2,3.507,MD,0
2021.0,PJM,Solar,15.0,2,3.272,PA,0
2021.0,PJM,Hybrid,20.0,2,3.272,KY,0
2021.0,PJM,Solar,15.0,2,3.272,PA,0
2021.0,PJM,Solar,15.0,2,3.272,VA,0
2021.0,PJM,Wind,1410.0,2,3.272,DE,0
2021.0,PJM,Solar,109.0,2,3.272,VA,0
2021.0,PJM,Solar,130.0,2,3.272,VA,0
2021.0,PJM,Solar,99.5,2,3.272,VA,0
2021.0,PJM,Hybrid,115.0,2,3.272,VA,0
2021.0,PJM,Solar,20.0,2,3.272,OH,0
2021.0,PJM,Solar,19.9,2,3.502,PA,0
2021.0,PJM,Solar,3.8,2,0.066,PA,0
2021.0,PJM,Battery,15.0,2,0.085,PA,0
2021.0,PJM,Solar,150.0,2,3.269,IN,0
2021.0,PJM,Solar,85.0,2,2.946,PA,0
2021.0,PJM,Battery,40.0,2,3.537,VA,0
2021.0,PJM,Solar,56.0,2,3.272,PA,0
2021.0,PJM,Battery,40.0,2,3.811,IL,0
2021.0,PJM,Solar,20.0,2,3.272,VA,0
2021.0,PJM,Solar,28.0,2,3.614,WV,0
2021.0,PJM,Solar,600.0,2,3.461,KY,0
2021.0,PJM,Battery,300.0,2,3.461,KY,0
2021.0,PJM,Battery,15.0,2,0.085,PA,0
2021.0,PJM,Solar,65.0,2,3.614,KY,0
2021.0,PJM,Battery,50.0,2,3.272,VA,0
2021.0,PJM,Battery,68.0,2,3.272,VA,0
2021.0,PJM,Battery,50.4,2,3.272,VA,0
2021.0,PJM,Solar,51.0,2,3.598,VA,0
2021.0,PJM,Hybrid,30.0,2,3.258,PA,0
2021.0,PJM,Hybrid,125.0,2,3.272,VA,0
2021.0,PJM,Battery,40.0,2,1.369,WV,0
2021.0,PJM,Solar,8.0,2,3.272,PA,0
2021.0,PJM,Solar,13.0,2,0.263,PA,0
2021.0,PJM,Solar,16.0,2,3.272,PA,0
2021.0,PJM,Solar,12.8,2,3.272,PA,0
2021.0,PJM,Solar,60.0,2,3.19,VA,0
2021.0,PJM,Hybrid,74.0,2,3.258,PA,0
2021.0,PJM,Solar,160.0,2,3.272,OH,0
2021.0,PJM,Solar,149.0,2,3.272,VA,0
2021.0,PJM,Solar,58.0,2,3.272,KY,0
2021.0,PJM,Solar,68.0,2,3.272,KY,0
2021.0,PJM,Solar,5.8,2,2.91,NJ,0
2021.0,PJM,Battery,42.0,2,3.272,OH,0
2021.0,PJM,Solar,20.0,2,3.811,IL,0
2021.0,PJM,Hybrid,20.0,2,3.025,WV,0
2021.0,PJM,Solar,20.0,2,3.272,OH,0
2021.0,PJM,Solar,8.0,2,3.272,OH,0
2021.0,PJM,Solar,16.0,2,3.001,VA,0
2021.0,PJM,Solar,2.0,2,3.272,,0
2021.0,PJM,Hybrid,50.0,2,2.869,OH,0
2021.0,PJM,Hybrid,50.0,2,3.258,KY,0
2021.0,PJM,Hybrid,20.0,2,3.272,PA,0
2021.0,PJM,Solar,175.0,2,3.272,IL,0
2021.0,PJM,Solar,20.0,2,3.272,VA,0
2021.0,PJM,Hybrid,40.0,2,3.272,OH,0
2021.0,PJM,Battery,84.0,2,3.272,IN,0
2021.0,PJM,Solar,98.0,2,0.085,OH,0
2021.0,PJM,Hybrid,20.0,2,3.272,OH,0
2021.0,PJM,Battery,82.0,2,3.272,IN,0
2021.0,PJM,Solar,20.0,2,3.258,PA,0
2021.0,PJM,Hybrid,75.0,2,0.057,MD,0
2021.0,PJM,Solar,20.0,2,3.258,PA,0
2021.0,PJM,Solar,20.0,2,3.258,PA,0
2021.0,PJM,Solar,15.0,2,2.968,VA,0
2021.0,PJM,Solar,25.0,2,2.902,VA,0
2021.0,PJM,Solar,40.0,2,3.272,PA,0
2021.0,PJM,Solar,15.0,2,2.902,VA,0
2021.0,PJM,Battery,57.0,2,3.272,OH,0
2021.0,PJM,Wind,1035.0,2,3.272,DE,0
2021.0,PJM,Battery,112.0,2,3.272,IN,0
2021.0,PJM,Battery,50.0,2,3.502,IL,0
2021.0,PJM,Solar,20.0,2,3.272,PA,0
2021.0,PJM,Solar,20.0,2,3.272,PA,0
2021.0,PJM,Battery,40.0,2,3.546,VA,0
2021.0,PJM,Hybrid,15.0,2,3.269,PA,0
2021.0,PJM,Battery,50.0,2,1.848,IN,0
2021.0,PJM,Solar,5.0,2,0.222,,0
2021.0,PJM,Battery,60.0,2,3.422,PA,0
2021.0,PJM,Solar,117.0,2,1.848,IN,0
2021.0,PJM,Solar,115.0,2,3.269,IN,0
2021.0,PJM,Battery,87.0,2,3.269,PA,0
2021.0,PJM,Battery,15.0,2,3.269,PA,0
2021.0,PJM,Solar,20.0,2,3.743,PA,0
2021.0,PJM,Solar,73.0,2,3.269,PA,0
2021.0,PJM,Solar,20.0,2,3.269,PA,0
2021.0,PJM,Solar,20.0,2,3.269,PA,0
2021.0,PJM,Solar,12.0,2,1.47,KY,0
2021.0,PJM,Solar,100.0,2,3.808,IL,0
2021.0,PJM,Solar,19.2,2,3.269,OH,0
2021.0,PJM,Solar,180.0,2,3.269,WV,0
2021.0,PJM,Solar,48.0,2,3.269,OH,0
2021.0,PJM,Hybrid,15.0,2,3.269,PA,0
2021.0,PJM,Solar,15.0,2,0.101,PA,0
2021.0,PJM,Solar,250.0,2,3.269,WV,0
2021.0,PJM,Hybrid,50.0,2,2.845,OH,0
2021.0,PJM,Solar,4.4,2,3.819,MD,0
2021.0,PJM,Hybrid,80.0,2,2.467,KY,0
2021.0,PJM,Battery,60.0,2,3.808,OH,1
2021.0,PJM,Battery,50.0,2,3.269,WV,0
2021.0,PJM,Solar,40.0,2,3.255,OH,0
2021.0,PJM,Solar,92.4,2,3.179,OH,0
2021.0,PJM,Battery,50.0,2,3.808,IN,0
2021.0,PJM,Solar,50.0,2,3.269,MD,0
2021.0,PJM,Solar,6.0,2,3.269,PA,0
2021.0,PJM,Solar,10.5,2,0.394,PA,0
2021.0,PJM,Battery,100.0,2,2.905,IN,0
2021.0,PJM,Hybrid,80.0,2,3.732,OH,0
2021.0,PJM,Solar,1.6,2,0.92,NJ,0
2021.0,PJM,Solar,288.0,2,3.264,IL,0
2021.0,West,Hybrid,130.0,0,4.298,WA,0
2021.0,PJM,Solar,200.0,2,0.099,OH,0
2021.0,PJM,Battery,200.0,2,0.099,OH,0
2021.0,PJM,Hybrid,150.0,2,3.264,OH,0
2021.0,ERCOT,Hybrid,262.2,0,4.298,TX,0
2021.0,NYISO,Hybrid,232.0,2,1.457,NY,0
2021.0,ERCOT,Solar,76.4,0,4.296,TX,0
2021.0,MISO,Solar,100.0,2,2.111,AR,0
2021.0,NYISO,Battery,200.0,2,1.708,NY,0
2021.0,MISO,Wind,39.4,2,0.077,MN,0
2021.0,MISO,Solar,198.0,0,4.296,TX,0
2021.0,ERCOT,Solar,438.8,0,4.296,TX,0
2021.0,ERCOT,Gas,518.8,0,4.296,TX,0
2021.0,PJM,Solar,80.0,2,0.079,MD,0
2021.0,PJM,Solar,80.0,2,0.082,MD,0
2021.0,NYISO,Solar,174.0,2,0.542,NY,0
2021.0,NYISO,Solar,174.0,2,0.961,NY,0
2021.0,PJM,Battery,40.0,2,3.261,VA,0
2021.0,West,Solar,5.0,2,1.366,NM,0
2021.0,West,Solar,5.0,2,1.366,NM,0
2021.0,West,Solar,5.0,2,1.366,NM,0
2021.0,MISO,Solar,50.0,0,4.293,LA,0
2021.0,NYISO,Battery,10.0,2,0.208,NY,0
2021.0,NYISO,Battery,5.5,2,0.208,NY,0
2021.0,PJM,Hybrid,450.0,2,2.524,VA,0
2021.0,ERCOT,Battery,410.9,0,4.293,TX,0
2021.0,MISO,Solar,77.5,0,4.29,MI,0
2021.0,PJM,Solar,19.9,2,2.905,PA,0
2021.0,ERCOT,Battery,100.0,0,4.29,TX,0
2021.0,Southeast,Solar,20.0,2,0.11,VA,0
2021.0,PJM,Gas,5.0,2,2.943,PA,0
2021.0,PJM,Hybrid,19.9,2,2.902,PA,0
2021.0,Southeast,Solar,10.0,2,0.11,VA,0
2021.0,ERCOT,Hybrid,666.1,0,4.277,TX,0
2021.0,ERCOT,Hybrid,100.4,0,4.277,TX,0
2021.0,ERCOT,Battery,102.6,0,4.277,TX,1
2021.0,ERCOT,Solar,160.5,0,4.277,TX,0
2021.0,ISO-NE,Hybrid,87.0,2,1.692,CT,0
2021.0,ERCOT,Solar,261.2,0,4.277,TX,0
2021.0,West,Solar,5.0,2,0.361,NM,0
2021.0,PJM,Solar,18.0,2,3.239,VA,0
2021.0,West,Hybrid,250.0,2,1.777,CO,0
2021.0,West,Hybrid,1200.0,0,4.274,OR,0
2021.0,West,Other,1800.0,0,4.274,OR,0
2021.0,West,Other,3600.0,0,4.274,OR,0
2021.0,West,Hybrid,200.0,0,4.274,OR,0
2021.0,ISO-NE,Battery,205.0,0,4.274,RI,0
2021.0,West,Other,300.0,0,4.274,OR,0
2021.0,West,Solar,3.9,2,0.747,NM,0
2021.0,NYISO,Battery,79.9,0,4.274,NY,0
2021.0,NYISO,Battery,60.0,0,4.274,NY,0
2021.0,NYISO,Battery,50.0,2,0.435,NY,0
2021.0,NYISO,Battery,50.0,2,0.189,NY,0
2021.0,ERCOT,Battery,180.7,0,4.274,TX,0
2021.0,PJM,Solar,80.0,2,1.76,VA,0
2021.0,PJM,Solar,100.0,2,3.236,IL,0
2021.0,PJM,Solar,100.0,2,3.162,VA,0
2021.0,PJM,Solar,100.0,2,3.236,IL,0
2021.0,PJM,Solar,100.0,2,3.168,OH,0
2021.0,ISO-NE,Solar,20.0,2,1.205,NH,0
2021.0,PJM,Solar,60.0,2,2.987,VA,0
2021.0,PJM,Solar,200.0,2,3.168,IN,0
2021.0,ERCOT,Other,53.0,2,2.431,TX,0
2021.0,PJM,Solar,100.0,2,3.236,IL,0
2021.0,PJM,Solar,100.0,2,2.954,VA,0
2021.0,PJM,Solar,100.0,2,2.951,VA,0
2021.0,West,Hybrid,160.0,0,4.268,MT,0
2021.0,NYISO,Battery,165.0,2,0.353,NJ,0
2021.0,NYISO,Wind,48.0,2,1.429,NY,0
2021.0,PJM,Solar,100.0,2,3.165,OH,0
2021.0,West,Hybrid,400.0,0,4.268,NV,0
2021.0,Southeast,Solar,68.0,2,2.713,AL,0
2021.0,Southeast,Solar,160.0,2,0.101,AL,0
2021.0,Southeast,Solar,80.0,2,2.713,AL,0
2021.0,ERCOT,Solar,77.6,0,4.26,TX,0
2021.0,West,Hybrid,700.0,0,4.26,AZ,0
2021.0,West,Solar,212.5,2,1.763,CO,0
2021.0,NYISO,Battery,12.0,2,0.175,NY,0
2021.0,NYISO,Hybrid,20.0,2,0.345,NY,0
2021.0,West,Other,40.0,0,4.257,NV,0
2021.0,ERCOT,Hybrid,508.7,0,4.257,TX,0
2021.0,ERCOT,Solar,407.7,0,4.257,TX,0
2021.0,Southeast,Gas,555.0,0,4.257,FL,0
2021.0,NYISO,Battery,22.8,2,0.172,NY,0
2021.0,West,Hybrid,600.0,0,4.257,NV,1
2021.0,West,Hybrid,600.0,0,4.257,NV,1
2021.0,NYISO,Battery,20.0,2,0.172,NY,0
2021.0,NYISO,Battery,20.0,2,0.172,NY,0
2021.0,West,Other,29.0,0,4.257,NV,0
2021.0,NYISO,Battery,11.6,2,0.172,NY,0
2021.0,West,Other,220.0,0,4.257,UT,0
2021.0,West,Hybrid,700.0,0,4.257,NV,0
2021.0,West,Other,241.0,0,4.257,AZ,1
2021.0,West,Hybrid,600.0,0,4.257,NV,0
2021.0,West,Hybrid,750.0,0,4.257,AZ,0
2021.0,West,Battery,200.0,0,4.257,AZ,1
2021.0,West,Hybrid,150.0,0,4.255,NM,1
2021.0,ERCOT,Battery,201.2,0,4.255,TX,0
2021.0,MISO,Hybrid,125.0,2,1.936,MI,0
2021.0,West,Hybrid,550.0,0,4.255,NV,0
2021.0,West,Battery,200.0,0,4.255,AZ,0
2021.0,West,Hybrid,300.0,0,4.255,NV,0
2021.0,West,Battery,125.0,0,4.255,AZ,0
2021.0,West,Battery,200.0,0,4.255,NV,1
2021.0,West,Battery,100.0,0,4.255,NV,1
2021.0,West,Battery,400.0,0,4.255,NV,1
2021.0,West,Hybrid,200.0,0,4.255,AZ,0
2021.0,West,Hybrid,200.0,0,4.255,NV,0
2021.0,NYISO,Battery,21.8,2,0.17,NY,0
2021.0,West,Hybrid,300.0,0,4.255,NV,0
2021.0,West,Hybrid,200.0,0,4.255,NV,0
2021.0,West,Hybrid,400.0,0,4.255,NV,0
2021.0,PJM,Solar,6.7,2,1.383,DE,0
2021.0,West,Wind,500.0,2,0.914,CO,0
2021.0,West,Battery,199.0,2,1.749,CO,1
2021.0,West,Solar,49.0,2,0.914,CO,0
2021.0,West,Wind,500.0,2,1.758,CO,0
2021.0,West,Hybrid,199.0,2,1.758,CO,0
2021.0,West,Battery,250.0,0,4.252,AZ,1
2021.0,West,Hybrid,200.0,0,4.252,AZ,0
2021.0,West,Hybrid,200.0,0,4.252,NV,1
2021.0,West,Hybrid,200.0,0,4.252,NV,1
2021.0,West,Hybrid,100.0,0,4.252,NV,1
2021.0,West,Hybrid,300.0,0,4.252,NV,0
2021.0,West,Hybrid,700.0,0,4.252,NV,0
2021.0,West,Hybrid,300.0,0,4.252,NV,0
2021.0,West,Hybrid,170.0,0,4.252,NV,0
2021.0,West,Hybrid,500.0,0,4.252,NV,0
2021.0,West,Hybrid,200.0,0,4.252,NV,0
2021.0,PJM,Battery,57.8,2,3.217,IL,1
2021.0,West,Battery,100.0,0,4.252,NV,1
2021.0,West,Hybrid,300.0,0,4.252,AZ,1
2021.0,West,Solar,5.0,2,0.386,NM,0
2021.0,West,Solar,5.0,2,1.298,NM,0
2021.0,West,Solar,5.0,2,0.381,NM,0
2021.0,West,Solar,5.0,2,1.317,NM,0
2021.0,West,Solar,5.0,2,1.298,NM,0
2021.0,ERCOT,Battery,210.6,0,4.249,TX,0
2021.0,PJM,Other,3.6,0,4.249,PA,0
2021.0,PJM,Solar,7.7,2,0.375,DE,0
2021.0,PJM,Solar,20.0,2,2.166,VA,0
2021.0,PJM,Solar,20.0,2,2.357,VA,0
2021.0,Southeast,Hybrid,80.0,2,0.794,AL,0
2021.0,PJM,Solar,20.0,2,2.48,VA,0
2021.0,PJM,Solar,80.0,0,4.246,KY,0
2021.0,PJM,Other,10.1,0,4.241,OH,0
2021.0,West,Solar,300.0,2,1.996,CO,0
2021.0,ISO-NE,Gas,8.7,2,3.691,CT,0
2021.0,ISO-NE,Solar,4.0,2,1.322,CT,0
2021.0,ERCOT,Other,101.6,2,3.091,TX,0
2021.0,ISO-NE,Battery,20.0,2,3.691,CT,0
2021.0,ERCOT,Other,101.6,2,3.091,TX,0
2021.0,ERCOT,Battery,205.4,0,4.241,TX,0
2021.0,PJM,Other,14.2,0,4.241,OH,0
2021.0,ERCOT,Solar,132.7,2,3.778,TX,0
2021.0,MISO,Other,250.0,0,4.241,IN,0
2021.0,ERCOT,Battery,207.2,0,4.238,TX,0
2021.0,Southeast,Battery,200.0,2,1.391,IN,0
2021.0,Southeast,Battery,200.0,2,1.284,KY,0
2021.0,Southeast,Solar,110.0,0,4.238,TN,0
2021.0,ERCOT,Hybrid,50.3,0,4.238,TX,0
2021.0,ERCOT,Battery,140.8,0,4.238,TX,0
2021.0,ERCOT,Battery,207.4,0,4.238,TX,0
2021.0,ERCOT,Solar,254.0,0,4.238,TX,0
2021.0,West,Hybrid,183.7,2,0.898,CO,0
2021.0,West,Hybrid,180.0,2,1.739,CO,1
2021.0,West,Hybrid,170.0,2,1.739,CO,0
2021.0,ERCOT,Solar,153.0,2,3.773,TX,0
2021.0,West,Hybrid,183.7,2,0.898,CO,0
2021.0,West,Battery,95.0,2,1.708,CO,0
2021.0,West,Battery,150.0,2,1.99,CO,0
2021.0,PJM,Solar,5.0,2,1.949,PA,0
2021.0,West,Wind,362.0,2,0.898,CO,0
2021.0,ERCOT,Battery,203.2,0,4.233,TX,0
2021.0,PJM,Solar,100.0,0,4.233,OH,0
2021.0,MISO,Wind,251.5,0,4.233,MI,0
2021.0,Southeast,Gas,1600.0,0,4.23,TN,0
2021.0,ERCOT,Solar,201.6,0,4.23,TX,0
2021.0,West,Hybrid,199.5,2,1.703,CO,0
2021.0,PJM,Solar,40.0,0,4.23,OH,0
2021.0,NYISO,Battery,100.0,2,1.81,NY,0
2021.0,PJM,Solar,100.0,2,2.144,OH,0
2021.0,ERCOT,Wind,140.3,1,3.387,TX,0
2021.0,MISO,Solar,625.0,0,4.222,AR,0
2021.0,MISO,Solar,625.0,0,4.222,AR,0
2021.0,ERCOT,Solar,72.4,2,1.462,TX,0
2021.0,MISO,Solar,88.0,2,2.037,AR,0
2021.0,ERCOT,Solar,52.9,2,3.324,TX,0
2021.0,PJM,Hybrid,16.0,0,4.219,VA,0
2021.0,PJM,Hybrid,9.9,2,0.082,VA,0
2021.0,West,Solar,5.0,2,1.281,NM,0
2021.0,West,Solar,5.0,2,0.298,NM,0
2021.0,ERCOT,Solar,98.3,0,4.211,TX,0
2021.0,West,Battery,80.0,1,1.749,ID,0
2021.0,MISO,Solar,250.0,0,4.211,AR,0
2021.0,PJM,Solar,5.0,0,4.211,PA,0
2021.0,ERCOT,Battery,50.9,0,4.211,TX,0
2021.0,ERCOT,Battery,205.4,0,4.203,TX,0
2021.0,MISO,Solar,200.0,2,4.025,MN,0
2021.0,West,Battery,500.0,0,4.203,CA,0
2021.0,ERCOT,Hybrid,33.1,0,4.203,TX,0
2021.0,MISO,Battery,100.0,2,2.954,WI,0
2021.0,MISO,Solar,200.0,2,4.068,WI,0
2021.0,West,Other,600.0,0,4.203,OR,0
2021.0,West,Gas,7.0,1,2.116,ID,0
2021.0,ERCOT,Battery,205.5,0,4.203,TX,0
2021.0,MISO,Solar,100.0,2,4.025,WI,0
2021.0,ERCOT,Hybrid,77.2,0,4.203,TX,0
2021.0,MISO,Gas,115.1,0,4.2,LA,0
2021.0,MISO,Wind,135.0,0,4.2,AR,0
2021.0,MISO,Solar,75.0,0,4.197,LA,0
2021.0,PJM,Battery,110.0,0,4.197,IL,0
2021.0,ERCOT,Other,63.7,2,0.033,TX,0
2021.0,ERCOT,Wind,163.4,1,4.063,TX,0
2021.0,MISO,Solar,90.0,0,4.197,LA,0
2021.0,West,Solar,100.0,0,4.197,OR,1
2021.0,Southeast,Solar,150.0,0,4.194,GA,0
2021.0,Southeast,Solar,120.0,0,4.194,GA,0
2021.0,Southeast,Solar,200.0,0,4.194,GA,0
2021.0,Southeast,Solar,250.0,0,4.194,MS,0
2021.0,PJM,Solar,20.0,2,1.908,PA,0
2021.0,West,Solar,500.0,2,1.949,CO,0
2021.0,MISO,Solar,210.0,2,1.733,IN,0
2021.0,NYISO,Solar,20.0,2,1.856,NY,0
2021.0,ERCOT,Battery,153.4,0,4.192,TX,1
2021.0,MISO,Solar,72.0,2,1.733,IN,0
2021.0,PJM,Solar,15.0,2,1.906,PA,0
2021.0,ISO-NE,Battery,100.0,2,1.969,MA,0
2021.0,ISO-NE,Solar,2.0,0,4.192,ME,0
2021.0,ISO-NE,Solar,1.0,2,3.611,ME,0
2021.0,West,Battery,250.0,2,1.947,CO,0
2021.0,Southeast,Wind,97.5,0,4.192,OK,0
2021.0,PJM,Solar,10.0,2,1.906,PA,0
2021.0,ISO-NE,Wind,18.3,0,4.183,ME,0
2021.0,ERCOT,Hybrid,666.1,0,4.181,TX,0
2021.0,NYISO,Solar,40.0,2,1.095,NY,0
2021.0,West,Battery,60.0,0,4.181,OR,1
2021.0,West,Battery,200.0,0,4.181,ID,0
2021.0,West,Battery,100.0,0,4.181,ID,0
2021.0,Southeast,Solar,50.0,0,4.181,SC,0
2021.0,Southeast,Solar,75.0,0,4.181,SC,0
2021.0,ERCOT,Other,125.4,1,3.017,TX,0
2021.0,Southeast,Solar,249.0,0,4.181,SC,0
2021.0,MISO,Hybrid,78.2,2,0.077,KY,0
2021.0,West,Battery,60.0,0,4.181,OR,1
2021.0,West,Battery,41.0,0,4.181,OR,1
2021.0,ERCOT,Solar,145.8,0,4.178,TX,0
2021.0,West,Hybrid,550.0,0,4.178,UT,0
2021.0,PJM,Hybrid,150.0,0,4.178,KY,0
2021.0,ISO-NE,Battery,8.0,2,3.628,MA,0
2021.0,ISO-NE,Battery,20.0,2,3.628,MA,0
2021.0,ISO-NE,Hybrid,11.0,2,3.628,MA,0
2021.0,ISO-NE,Hybrid,22.4,2,3.628,MA,0
2021.0,ISO-NE,Hybrid,5.8,2,3.628,MA,0
2021.0,ISO-NE,Hybrid,28.0,2,3.628,MA,0
2021.0,ISO-NE,Hybrid,53.1,2,2.932,NH,0
2021.0,ISO-NE,Hybrid,12.4,2,3.628,MA,0
2021.0,ISO-NE,Hybrid,27.8,2,3.628,MA,0
2021.0,ISO-NE,Hybrid,5.0,2,3.628,MA,0
2021.0,ISO-NE,Battery,14.9,2,3.628,MA,0
2021.0,ISO-NE,Hybrid,5.0,2,3.628,MA,0
2021.0,ISO-NE,Battery,10.0,2,3.628,MA,0
2021.0,ISO-NE,Hybrid,13.8,2,3.628,MA,0
2021.0,ISO-NE,Hybrid,11.7,2,3.628,MA,0
2021.0,ISO-NE,Hybrid,20.4,2,3.628,MA,0
2021.0,ISO-NE,Hybrid,35.0,2,3.628,MA,0
2021.0,ISO-NE,Battery,14.9,2,3.628,MA,0
2021.0,NYISO,Battery,20.0,2,0.09,NY,0
2021.0,ISO-NE,Solar,33.5,0,4.175,ME,0
2021.0,PJM,Solar,8.2,2,1.889,PA,0
2021.0,MISO,Solar,100.0,2,1.99,LA,0
2021.0,PJM,Solar,5.0,0,4.172,PA,0
2021.0,West,Hybrid,199.0,2,1.585,NM,0
2021.0,NYISO,Battery,20.0,2,0.838,NY,0
2021.0,MISO,Battery,200.0,0,4.172,MI,0
2021.0,ERCOT,Hybrid,150.0,0,4.172,TX,0
2021.0,ERCOT,Hybrid,75.0,0,4.172,TX,0
2021.0,MISO,Battery,200.0,2,0.088,IL,0
2021.0,NYISO,Battery,20.0,2,0.257,NY,0
2021.0,PJM,Hybrid,200.0,0,4.172,IN,0
2021.0,NYISO,Battery,20.0,2,0.088,NY,0
2021.0,PJM,Solar,3.0,0,4.17,PA,0
2021.0,West,Other,250.0,0,4.17,AZ,0
2021.0,ERCOT,Hybrid,135.4,1,2.467,TX,0
2021.0,MISO,Wind,500.0,2,3.986,ND,0
2021.0,ERCOT,Gas,181.1,2,2.034,TX,0
2021.0,MISO,Solar,40.0,2,3.986,ND,0
2021.0,MISO,Solar,45.0,2,3.986,ND,0
2021.0,MISO,Wind,200.0,0,4.164,ND,0
2021.0,PJM,Solar,20.0,0,4.162,OH,0
2021.0,PJM,Battery,72.0,2,0.079,VA,0
2021.0,PJM,Hybrid,44.0,0,4.162,OH,0
2021.0,PJM,Solar,18.0,2,1.916,OH,0
2021.0,ERCOT,Battery,58.3,1,3.417,TX,0
2021.0,MISO,Battery,25.0,0,4.162,LA,0
2021.0,NYISO,Battery,6.0,2,0.162,NY,0
2021.0,West,Other,1.6,0,4.162,MT,0
2021.0,ERCOT,Solar,72.3,2,0.914,TX,0
2021.0,ERCOT,Hybrid,94.0,0,4.159,TX,0
2021.0,ISO-NE,Other,333.0,2,0.016,MA,0
2021.0,ERCOT,Gas,50.0,1,2.453,TX,0
2021.0,MISO,Hybrid,150.0,0,4.159,MO,0
2021.0,ERCOT,Hybrid,182.0,0,4.159,TX,0
2021.0,MISO,Solar,145.0,0,4.159,TX,0
2021.0,PJM,Battery,30.0,0,4.159,WV,0
2021.0,MISO,Solar,198.0,2,1.974,LA,0
2021.0,ERCOT,Solar,261.4,0,4.159,TX,0
2021.0,PJM,Solar,90.0,0,4.159,WV,0
2021.0,ERCOT,Solar,178.0,0,4.156,TX,0
2021.0,ISO-NE,Solar,101.1,0,4.156,CT,0
2021.0,MISO,Battery,100.0,0,4.145,MI,0
2021.0,PJM,Battery,100.0,0,4.142,VA,1
2021.0,PJM,Battery,100.0,0,4.142,VA,1
2021.0,PJM,Battery,60.0,0,4.142,VA,1
2021.0,ISO-NE,Battery,325.0,2,3.554,CT,0
2021.0,PJM,Battery,60.0,0,4.142,VA,1
2021.0,West,Other,768.0,0,4.142,AZ,0
2021.0,MISO,Hybrid,400.0,0,4.14,LA,0
2021.0,ERCOT,Gas,30.0,0,4.14,TX,0
2021.0,ERCOT,Solar,773.0,0,4.14,TX,0
2021.0,NYISO,Solar,102.3,2,0.386,NY,0
2021.0,PJM,Solar,5.0,0,4.137,PA,0
2021.0,PJM,Solar,5.0,0,4.137,PA,0
2021.0,West,Hybrid,150.0,0,4.134,CO,0
2021.0,Southeast,Solar,22.0,2,0.663,GA,0
2021.0,ERCOT,Hybrid,52.0,0,4.134,TX,0
2021.0,PJM,Solar,18.9,0,4.131,WV,0
2021.0,PJM,Solar,11.5,0,4.131,WV,0
2021.0,PJM,Solar,10.8,0,4.131,WV,0
2021.0,PJM,Solar,5.8,0,4.131,WV,0
2021.0,PJM,Solar,5.5,0,4.131,WV,0
2021.0,ERCOT,Other,209.3,1,3.127,TX,0
2021.0,ERCOT,Solar,214.0,2,1.566,TX,0
2021.0,ERCOT,Gas,450.0,0,4.126,TX,0
2021.0,ERCOT,Solar,148.0,2,3.663,TX,0
2021.0,MISO,Battery,100.0,0,4.126,MI,0
2021.0,ERCOT,Other,203.0,0,4.126,TX,0
2021.0,West,Battery,125.0,0,4.126,CO,0
2021.0,ERCOT,Battery,202.9,0,4.126,TX,0
2021.0,West,Battery,125.0,0,4.126,CO,0
2021.0,ERCOT,Solar,165.0,2,3.392,TX,0
2021.0,West,Solar,4.6,2,0.214,NM,0
2021.0,ERCOT,Hybrid,61.4,0,4.123,TX,0
2021.0,ERCOT,Battery,102.8,0,4.123,TX,1
2021.0,West,Hybrid,175.0,0,4.12,CA,0
2021.0,ERCOT,Battery,169.1,2,4.082,TX,0
2021.0,West,Hybrid,90.0,0,4.12,CA,0
2021.0,West,Hybrid,75.0,0,4.12,CA,0
2021.0,West,Battery,75.0,0,4.12,CA,0
2021.0,MISO,Solar,150.0,0,4.12,AR,0
2021.0,MISO,Solar,500.0,0,4.12,AR,0
2021.0,MISO,Solar,250.0,2,3.302,AR,0
2021.0,West,Hybrid,50.0,0,4.115,MT,0
2021.0,MISO,Wind,16.1,0,4.115,MI,0
2021.0,PJM,Hybrid,200.0,0,4.115,WV,0
2021.0,ERCOT,Other,103.0,1,2.341,TX,0
2021.0,MISO,Wind,200.0,0,4.107,IA,0
2021.0,ERCOT,Solar,210.8,1,3.948,TX,0
2021.0,MISO,Battery,100.0,2,1.878,WI,0
2021.0,Southeast,Hybrid,120.0,2,3.661,GA,0
2021.0,West,Solar,448.0,0,4.104,OR,0
2021.0,West,Solar,300.0,0,4.104,OR,0
2021.0,MISO,Solar,190.0,2,1.878,WI,0
2021.0,West,Solar,5.0,2,0.189,NM,0
2021.0,ERCOT,Solar,56.3,0,4.104,TX,0
2021.0,MISO,Battery,50.0,2,1.963,AR,0
2021.0,MISO,Solar,200.0,0,4.104,AR,0
2021.0,West,Wind,300.0,0,4.101,UT,0
2021.0,MISO,Solar,56.0,2,2.872,KY,0
2021.0,MISO,Solar,100.0,2,3.283,LA,0
2021.0,ERCOT,Solar,265.1,0,4.101,TX,0
2021.0,MISO,Solar,121.0,2,1.903,MS,0
2021.0,MISO,Battery,75.0,2,1.514,WI,0
2021.0,MISO,Hybrid,91.5,2,4.052,KY,0
2021.0,MISO,Battery,25.0,2,2.839,WI,0
2021.0,MISO,Solar,50.0,0,4.088,WI,0
2021.0,MISO,Battery,75.0,2,1.514,WI,0
2021.0,MISO,Solar,150.0,2,2.839,WI,0
2021.0,MISO,Battery,25.0,2,1.903,TX,0
2021.0,MISO,Hybrid,50.0,2,4.052,KY,0
2021.0,West,Solar,100.0,0,4.088,OR,1
2021.0,MISO,Solar,90.0,2,1.903,MS,0
2021.0,MISO,Solar,150.0,2,2.839,WI,0
2021.0,MISO,Solar,240.0,0,4.085,AR,0
2021.0,MISO,Solar,185.0,0,4.085,LA,0
2021.0,MISO,Solar,62.5,0,4.085,MI,0
2021.0,MISO,Hybrid,100.0,0,4.085,MI,0
2021.0,MISO,Battery,52.9,2,1.9,LA,0
2021.0,MISO,Battery,20.0,2,1.9,LA,0
2021.0,MISO,Solar,200.0,0,4.085,AR,0
2021.0,MISO,Solar,45.0,2,4.049,KY,0
2021.0,MISO,Solar,440.0,0,4.085,AR,0
2021.0,MISO,Solar,200.0,0,4.085,AR,0
2021.0,MISO,Wind,250.0,2,3.907,ND,0
2021.0,MISO,Solar,50.0,2,1.9,LA,0
2021.0,MISO,Battery,25.0,0,4.085,MI,0
2021.0,MISO,Hybrid,100.0,0,4.085,WI,0
2021.0,MISO,Battery,45.0,2,1.511,WI,0
2021.0,MISO,Solar,100.0,2,1.9,LA,0
2021.0,MISO,Battery,60.0,2,1.9,LA,0
2021.0,MISO,Hybrid,50.0,2,2.836,WI,0
2021.0,MISO,Battery,60.0,2,1.9,LA,0
2021.0,MISO,Battery,50.0,2,3.266,AR,0
2021.0,MISO,Wind,40.0,0,4.085,WI,0
2021.0,PJM,Solar,5.0,0,4.085,PA,0
2021.0,MISO,Solar,200.0,0,4.085,TX,0
2021.0,MISO,Solar,99.0,2,2.88,WI,0
2021.0,Southeast,Solar,200.0,0,4.082,GA,0
2021.0,Southeast,Solar,150.0,0,4.082,GA,0
2021.0,MISO,Solar,99.0,0,4.082,WI,0
2021.0,MISO,Solar,115.0,2,3.264,TX,0
2021.0,MISO,Hybrid,140.0,2,3.264,TX,0
2021.0,West,Hybrid,150.0,0,4.079,WA,0
2021.0,ERCOT,Wind,14.0,2,0.112,TX,0
2021.0,ERCOT,Wind,19.3,1,2.368,TX,0
2021.0,West,Hybrid,400.0,0,4.079,OR,0
2021.0,West,Hybrid,400.0,0,4.079,OR,0
2021.0,ERCOT,Solar,37.8,2,2.7,TX,0
2021.0,ERCOT,Battery,40.0,2,3.346,TX,0
2021.0,MISO,Battery,400.0,0,4.079,WI,0
2021.0,MISO,Solar,200.0,0,4.077,MI,0
2021.0,MISO,Solar,200.0,0,4.077,MI,0
2021.0,ERCOT,Battery,152.9,0,4.077,TX,0
2021.0,MISO,Solar,150.0,0,4.077,IL,0
2021.0,MISO,Solar,23.4,0,4.077,IA,0
2021.0,ERCOT,Battery,204.4,0,4.077,TX,0
2021.0,Southeast,Hybrid,80.0,0,4.077,AL,0
2021.0,Southeast,Hybrid,80.0,2,2.894,AL,0
2021.0,Southeast,Hybrid,80.0,0,4.077,AL,0
2021.0,MISO,Solar,116.0,2,1.618,IL,0
2021.0,MISO,Battery,50.0,2,2.752,IL,0
2021.0,ERCOT,Battery,82.4,0,4.077,TX,0
2021.0,MISO,Wind,200.0,0,4.077,IL,0
2021.0,ERCOT,Hybrid,125.6,0,4.077,TX,0
2021.0,Southeast,Hybrid,80.0,0,4.077,AL,0
2021.0,MISO,Solar,150.0,0,4.077,IN,0
2021.0,MISO,Solar,150.0,0,4.077,MI,0
2021.0,ERCOT,Wind,16.0,0,4.077,TX,0
2021.0,MISO,Solar,160.0,2,2.752,IN,0
2021.0,MISO,Solar,200.0,0,4.077,MI,0
2021.0,ERCOT,Solar,236.2,0,4.071,TX,0
2021.0,West,Battery,75.0,0,4.066,WA,0
2021.0,NYISO,Battery,48.7,2,0.312,NY,0
2021.0,West,Solar,5.0,2,1.133,NM,0
2021.0,West,Solar,5.0,2,1.133,NM,0
2021.0,MISO,Hybrid,200.0,2,4.03,IN,0
2021.0,MISO,Solar,100.0,0,4.063,AR,0
2021.0,West,Other,400.0,0,4.063,AZ,0
2021.0,ERCOT,Hybrid,162.3,0,4.063,TX,0
2021.0,West,Other,19.8,0,4.063,NV,0
2021.0,Southeast,Solar,80.0,0,4.063,GA,0
2021.0,West,Other,320.0,0,4.063,AZ,0
2021.0,Southeast,Solar,78.0,0,4.06,GA,0
2021.0,Southeast,Solar,120.0,0,4.06,GA,0
2021.0,West,Solar,5.0,2,0.528,NM,0
2021.0,West,Solar,5.0,2,0.32,NM,0
2021.0,Southeast,Gas,1689.0,0,4.06,TN,0
2021.0,MISO,Solar,150.0,2,1.873,LA,0
2021.0,Southeast,Solar,80.0,2,1.446,AL,0
2021.0,West,Battery,100.0,0,4.057,CA,0
2021.0,NYISO,Battery,15.0,2,0.219,NY,0
2021.0,West,Solar,5.0,2,1.125,NM,0
2021.0,ERCOT,Solar,712.0,2,2.062,TX,0
2021.0,ERCOT,Hybrid,84.0,0,4.049,TX,0
2021.0,West,Solar,5.0,2,1.117,NM,0
2021.0,ERCOT,Hybrid,242.3,0,4.049,TX,0
2021.0,ERCOT,Hybrid,124.6,0,4.049,TX,0
2021.0,ERCOT,Hybrid,666.1,0,4.049,TX,0
2021.0,West,Solar,5.0,2,1.114,NM,0
2021.0,West,Wind,290.0,0,4.047,WY,0
2021.0,ISO-NE,Battery,99.9,2,0.23,MA,0
2021.0,MISO,Hybrid,500.0,0,4.047,AR,0
2021.0,Southeast,Solar,100.0,0,4.047,GA,0
2021.0,NYISO,Solar,0.5,2,0.29,NY,0
2021.0,ERCOT,Battery,205.5,0,4.044,TX,0
2021.0,Southeast,Hybrid,150.0,0,4.041,GA,0
2021.0,PJM,Hybrid,40.0,0,4.041,VA,0
2021.0,PJM,Solar,20.0,0,4.041,VA,0
2021.0,West,Solar,5.0,2,1.114,NM,0
2021.0,MISO,Gas,126.0,0,4.041,TX,0
2021.0,West,Solar,5.0,2,1.106,NM,0
2021.0,ERCOT,Solar,56.0,0,4.036,TX,0
2021.0,PJM,Battery,20.0,0,4.033,VA,0
2021.0,ERCOT,Other,414.1,2,0.704,TX,0
2021.0,PJM,Battery,20.0,0,4.03,MD,0
2021.0,ISO-NE,Battery,150.0,2,3.808,MA,0
2021.0,ERCOT,Battery,201.0,0,4.03,TX,0
2021.0,ERCOT,Hybrid,505.4,0,4.03,TX,0
2021.0,West,Solar,5.0,2,0.29,NM,0
2021.0,ERCOT,Battery,402.4,0,4.03,TX,0
2021.0,ERCOT,Solar,104.9,0,4.03,TX,0
2021.0,ERCOT,Solar,106.5,0,4.03,TX,0
2021.0,PJM,Battery,200.0,0,4.03,DE,0
2021.0,PJM,Battery,20.0,0,4.03,VA,0
2021.0,ERCOT,Battery,411.3,0,4.03,TX,0
2021.0,ERCOT,Battery,170.8,0,4.03,TX,0
2021.0,ERCOT,Battery,409.9,0,4.03,TX,0
2021.0,PJM,Solar,2.0,0,4.027,MD,0
2021.0,MISO,Solar,100.0,2,3.209,LA,0
2021.0,PJM,Solar,2.0,0,4.027,MD,0
2021.0,MISO,Battery,100.0,2,1.878,AR,0
2021.0,West,Other,200.0,0,4.027,AZ,0
2021.0,MISO,Solar,200.0,0,4.027,LA,0
2021.0,MISO,Solar,200.0,2,1.886,LA,0
2021.0,West,Other,200.0,0,4.027,AZ,0
2021.0,MISO,Solar,144.0,0,4.027,LA,0
2021.0,MISO,Battery,100.0,2,1.878,LA,0
2021.0,MISO,Solar,225.0,0,4.027,LA,0
2021.0,MISO,Solar,185.0,0,4.027,AR,0
2021.0,West,Other,1.3,0,4.027,NV,0
2021.0,West,Other,200.0,0,4.027,AZ,0
2021.0,MISO,Battery,50.0,2,1.886,AR,0
2021.0,MISO,Solar,144.0,2,3.209,AR,0
2021.0,MISO,Battery,62.0,2,3.209,LA,0
2021.0,NYISO,Battery,13.0,2,0.189,NY,0
2021.0,MISO,Solar,120.0,2,3.209,AR,0
2021.0,NYISO,Battery,12.9,2,0.112,NY,0
2021.0,MISO,Battery,50.0,2,3.209,LA,0
2021.0,PJM,Solar,1.0,0,4.025,MD,0
2021.0,West,Wind,13.6,0,4.025,WA,0
2021.0,MISO,Hybrid,500.0,0,4.025,AR,0
2021.0,PJM,Solar,2.0,0,4.025,MD,0
2021.0,MISO,Solar,100.0,2,3.986,MO,0
2021.0,NYISO,Battery,100.0,2,2.021,NY,0
2021.0,PJM,Battery,55.0,0,4.022,VA,1
2021.0,PJM,Solar,29.9,0,4.022,VA,0
2021.0,West,Battery,170.0,0,4.022,WA,0
2021.0,Southeast,Hybrid,150.0,0,4.022,GA,0
2021.0,PJM,Battery,30.0,0,4.019,VA,1
2021.0,ERCOT,Hybrid,110.0,0,4.019,TX,0
2021.0,PJM,Battery,30.0,0,4.019,VA,1
2021.0,PJM,Battery,55.0,0,4.019,VA,1
2021.0,ISO-NE,Solar,1.8,2,3.458,CT,0
2021.0,ISO-NE,Solar,1.9,2,3.458,CT,0
2021.0,ISO-NE,Solar,4.0,2,3.458,CT,0
2021.0,ISO-NE,Solar,4.0,2,3.458,CT,0
2021.0,West,Solar,3.0,2,0.446,NM,0
2021.0,ISO-NE,Solar,2.0,2,3.458,CT,0
2021.0,ISO-NE,Solar,4.0,2,3.458,CT,0
2021.0,ERCOT,Battery,207.0,0,4.005,TX,0
2021.0,ERCOT,Hybrid,78.8,0,4.005,TX,0
2021.0,ERCOT,Hybrid,144.0,0,4.005,TX,0
2021.0,ISO-NE,Battery,170.0,2,0.186,RI,0
2021.0,SPP,Battery,100.0,2,3.181,OK,0
2021.0,ISO-NE,Battery,160.0,2,0.186,CT,0
2021.0,ISO-NE,Battery,200.0,2,0.079,MA,0
2021.0,ISO-NE,Battery,200.0,2,0.186,MA,0
2021.0,ISO-NE,Battery,241.8,2,3.737,MA,0
2021.0,PJM,Solar,20.0,0,4.003,PA,0
2021.0,ISO-NE,Solar,2.0,2,3.452,CT,0
2021.0,West,Battery,85.0,1,3.214,ID,0
2021.0,PJM,Solar,5.0,0,4.0,PA,0
2021.0,PJM,Solar,10.0,0,4.0,PA,0
2021.0,PJM,Solar,2.0,0,4.0,MD,0
2022.0,PJM,Solar,5.0,0,3.989,PA,0
2022.0,ERCOT,Solar,150.0,2,1.227,TX,0
2022.0,ERCOT,Solar,41.7,2,0.742,TX,0
2022.0,ERCOT,Hybrid,201.0,0,3.984,TX,0
2022.0,ERCOT,Battery,163.4,0,3.984,TX,0
2022.0,MISO,Gas,12.0,2,1.457,WI,0
2022.0,ISO-NE,Wind,500.0,2,3.759,ME,0
2022.0,ERCOT,Solar,146.1,0,3.981,TX,0
2022.0,ISO-NE,Wind,500.0,2,3.751,ME,0
2022.0,West,Wind,750.0,0,3.973,MT,0
2022.0,West,Hybrid,53.0,0,3.973,NV,0
2022.0,MISO,Solar,100.0,0,3.97,IN,0
2022.0,Southeast,Hybrid,68.0,2,0.482,AL,0
2022.0,Southeast,Solar,80.0,2,1.503,AL,0
2022.0,MISO,Battery,250.0,0,3.97,MS,1
2022.0,Southeast,Solar,80.0,2,1.503,AL,0
2022.0,ERCOT,Solar,45.0,2,0.225,TX,1
2022.0,ERCOT,Other,100.0,2,2.297,TX,0
2022.0,Southeast,Hybrid,250.0,0,3.967,GA,0
2022.0,PJM,Solar,2.0,2,0.151,IL,1
2022.0,Southeast,Solar,38.0,2,0.846,GA,0
2022.0,ERCOT,Battery,103.5,0,3.964,TX,0
2022.0,ERCOT,Wind,396.8,0,3.964,TX,0
2022.0,West,Hybrid,313.0,0,3.964,AZ,1
2022.0,PJM,Solar,250.0,0,3.964,VA,0
2022.0,PJM,Solar,100.0,0,3.964,OH,0
2022.0,ISO-NE,Hybrid,3.9,2,2.029,MA,0
2022.0,ISO-NE,Battery,5.0,2,3.411,MA,0
2022.0,ISO-NE,Hybrid,17.5,2,3.411,MA,0
2022.0,ISO-NE,Hybrid,7.7,2,3.411,MA,0
2022.0,ISO-NE,Hybrid,7.7,2,3.411,MA,0
2022.0,West,Battery,200.0,0,3.962,ID,0
2022.0,ISO-NE,Hybrid,9.9,2,3.411,MA,0
2022.0,ISO-NE,Hybrid,8.9,2,3.411,MA,0
2022.0,ISO-NE,Hybrid,7.0,2,3.411,MA,0
2022.0,ISO-NE,Hybrid,5.0,2,3.411,MA,0
2022.0,West,Battery,300.0,0,3.962,ID,0
2022.0,ISO-NE,Hybrid,8.5,2,3.411,MA,0
2022.0,ISO-NE,Hybrid,2.5,2,3.411,MA,0
2022.0,West,Solar,5.0,2,0.383,NM,0
2022.0,West,Solar,5.0,2,0.277,NM,0
2022.0,West,Solar,5.0,2,0.277,NM,0
2022.0,West,Solar,5.0,2,0.383,NM,0
2022.0,ISO-NE,Battery,10.0,2,0.153,MA,0
2022.0,MISO,Hybrid,50.0,2,3.121,MI,0
2022.0,West,Solar,1.7,2,0.208,NM,0
2022.0,PJM,Solar,2.0,0,3.948,MD,0
2022.0,PJM,Solar,2.0,0,3.948,MD,0
2022.0,ERCOT,Solar,151.8,2,1.892,TX,0
2022.0,West,Solar,3.8,2,1.013,NM,0
2022.0,West,Solar,1.8,2,1.013,NM,0
2022.0,ERCOT,Hybrid,628.3,0,3.945,TX,0
2022.0,NYISO,Battery,170.0,2,0.274,PA,0
2022.0,PJM,Battery,29.1,0,3.943,VA,0
2022.0,Southeast,Solar,80.0,0,3.943,NC,0
2022.0,MISO,Battery,100.0,2,2.732,TX,0
2022.0,West,Battery,204.0,0,3.943,CA,0
2022.0,PJM,Battery,62.1,0,3.943,VA,0
2022.0,West,Other,250.0,0,3.943,AZ,0
2022.0,Southeast,Solar,33.5,2,0.726,AL,0
2022.0,PJM,Solar,10.0,2,3.532,OH,0
2022.0,PJM,Solar,10.0,2,3.532,OH,0
2022.0,West,Solar,15.0,0,3.934,OR,0
2022.0,West,Battery,220.0,0,3.932,NV,1
2022.0,MISO,Wind,175.0,2,3.754,ND,0
2022.0,ISO-NE,Hybrid,1.0,2,0.635,MA,0
2022.0,West,Battery,13.0,0,3.932,ID,0
2022.0,PJM,Hybrid,52.5,0,3.929,KY,0
2022.0,MISO,Other,200.0,0,3.929,,0
2022.0,West,Battery,280.0,0,3.929,OR,0
2022.0,PJM,Battery,140.0,0,3.926,VA,0
2022.0,ERCOT,Other,103.5,2,2.407,TX,0
2022.0,PJM,Battery,150.0,0,3.926,DE,0
2022.0,ERCOT,Solar,122.7,2,1.799,TX,0
2022.0,PJM,Solar,99.7,0,3.926,VA,0
2022.0,PJM,Solar,33.2,0,3.926,OH,0
2022.0,Southeast,Hybrid,200.0,0,3.926,GA,0
2022.0,PJM,Solar,35.5,0,3.926,OH,0
2022.0,ERCOT,Battery,101.4,0,3.923,TX,0
2022.0,ERCOT,Hybrid,175.9,0,3.923,TX,0
2022.0,PJM,Battery,125.0,0,3.923,VA,1
2022.0,PJM,Solar,145.3,0,3.923,IL,0
2022.0,West,Solar,5.0,2,0.991,NM,0
2022.0,ERCOT,Solar,70.0,0,3.923,TX,0
2022.0,ERCOT,Hybrid,351.8,0,3.923,TX,0
2022.0,ERCOT,Battery,309.8,0,3.923,TX,0
2022.0,PJM,Solar,69.0,2,0.085,VA,0
2022.0,Southeast,Solar,230.0,0,3.923,GA,0
2022.0,Southeast,Solar,150.0,0,3.923,GA,0
2022.0,Southeast,Hybrid,80.0,2,0.435,GA,0
2022.0,Southeast,Hybrid,125.0,0,3.923,GA,0
2022.0,West,Battery,100.0,0,3.923,CA,0
2022.0,West,Hybrid,250.0,0,3.923,AZ,0
2022.0,PJM,Solar,52.6,0,3.923,VA,0
2022.0,PJM,Solar,5.0,0,3.915,PA,0
2022.0,PJM,Hybrid,32.0,0,3.915,OH,0
2022.0,PJM,Solar,3.3,0,3.915,PA,0
2022.0,PJM,Solar,20.0,0,3.915,VA,0
2022.0,PJM,Solar,5.0,0,3.915,VA,0
2022.0,PJM,Battery,200.0,0,3.915,VA,0
2022.0,PJM,Solar,19.5,0,3.912,MD,0
2022.0,PJM,Battery,200.0,0,3.912,PA,0
2022.0,West,Solar,5.0,2,0.474,NM,1
2022.0,ISO-NE,Wind,1200.0,2,3.655,MA,0
2022.0,PJM,Solar,16.0,0,3.904,VA,0
2022.0,Southeast,Solar,80.0,2,1.484,AL,0
2022.0,PJM,Gas,69.0,0,3.904,OH,0
2022.0,MISO,Wind,205.9,0,3.904,ND,0
2022.0,PJM,Hybrid,72.0,0,3.904,VA,0
2022.0,West,Hybrid,420.0,0,3.904,OR,0
2022.0,ERCOT,Solar,203.5,0,3.899,TX,0
2022.0,ERCOT,Solar,502.0,2,0.148,TX,0
2022.0,West,Other,1000.0,0,3.896,ID,0
2022.0,ERCOT,Solar,226.8,0,3.896,TX,0
2022.0,West,Battery,150.0,0,3.896,ID,0
2022.0,West,Battery,150.0,0,3.896,ID,0
2022.0,ERCOT,Hybrid,154.0,0,3.896,TX,0
2022.0,ERCOT,Hybrid,402.0,0,3.896,TX,0
2022.0,Southeast,Hybrid,75.0,0,3.896,FL,0
2022.0,ERCOT,Hybrid,203.5,0,3.896,TX,0
2022.0,Southeast,Solar,250.0,2,0.783,GA,0
2022.0,Southeast,Hybrid,80.0,2,0.824,AL,0
2022.0,West,Solar,300.0,0,3.888,MT,0
2022.0,West,Hybrid,600.0,2,0.838,UT,0
2022.0,West,Solar,5.0,2,0.956,NM,0
2022.0,West,Solar,5.0,2,0.326,NM,0
2022.0,West,Hybrid,200.0,0,3.885,MT,0
2022.0,MISO,Solar,74.0,2,1.426,KY,0
2022.0,MISO,Solar,150.0,0,3.885,MN,0
2022.0,MISO,Solar,150.0,0,3.885,KY,0
2022.0,PJM,Solar,35.0,2,0.096,PA,0
2022.0,NYISO,Hybrid,20.0,0,3.885,NY,0
2022.0,Southeast,Solar,80.0,2,0.381,MS,0
2022.0,PJM,Battery,69.0,0,3.882,VA,0
2022.0,MISO,Other,423.1,0,3.88,,0
2022.0,West,Solar,5.0,2,0.315,NM,0
2022.0,West,Solar,5.0,2,0.813,NM,0
2022.0,West,Solar,1.8,2,0.813,NM,0
2022.0,Southeast,Solar,74.5,0,3.874,FL,0
2022.0,MISO,Other,212.0,0,3.874,IA,0
2022.0,West,Solar,149.0,0,3.871,ID,0
2022.0,PJM,Solar,1.5,0,3.871,NJ,0
2022.0,NYISO,Solar,117.8,2,1.533,NY,0
2022.0,MISO,Hybrid,200.0,0,3.869,IN,0
2022.0,NYISO,Wind,1600.0,2,0.197,NY,0
2022.0,MISO,Hybrid,130.0,2,1.684,LA,0
2022.0,NYISO,Wind,1600.0,2,0.197,NY,0
2022.0,MISO,Other,124.4,0,3.866,,0
2022.0,Southeast,Hybrid,74.0,2,2.894,MS,0
2022.0,PJM,Solar,5.0,2,0.063,PA,0
2022.0,PJM,Gas,20.0,0,3.863,OH,0
2022.0,ERCOT,Other,178.2,2,0.052,TX,0
2022.0,ERCOT,Solar,201.5,0,3.86,TX,0
2022.0,ERCOT,Other,160.0,2,2.059,TX,1
2022.0,ERCOT,Battery,210.8,0,3.858,TX,0
2022.0,ERCOT,Hybrid,101.0,0,3.858,TX,0
2022.0,ERCOT,Battery,200.9,0,3.858,TX,0
2022.0,ERCOT,Battery,125.9,0,3.858,TX,0
2022.0,ERCOT,Gas,18.0,0,3.858,TX,0
2022.0,ERCOT,Battery,200.0,0,3.858,TX,0
2022.0,ISO-NE,Hybrid,3.0,2,0.559,MA,0
2022.0,PJM,Hybrid,250.0,0,3.855,IL,0
2022.0,West,Hybrid,100.0,0,3.855,CA,0
2022.0,MISO,Solar,300.0,0,3.855,WI,0
2022.0,MISO,Solar,150.0,2,1.328,WI,0
2022.0,PJM,Hybrid,250.0,0,3.855,IN,0
2022.0,MISO,Other,280.0,2,2.045,IA,0
2022.0,PJM,Hybrid,100.0,2,1.875,MD,0
2022.0,PJM,Solar,85.0,0,3.852,PA,0
2022.0,PJM,Solar,85.0,0,3.852,PA,0
2022.0,PJM,Solar,30.0,0,3.852,KY,0
2022.0,NYISO,Solar,20.0,2,1.514,NY,0
2022.0,West,Solar,4.2,2,0.348,NM,0
2022.0,NYISO,Wind,2100.0,2,0.342,NY,0
2022.0,West,Battery,200.0,0,3.847,ID,0
2022.0,PJM,Solar,15.0,0,3.847,PA,0
2022.0,PJM,Battery,18.0,0,3.847,NJ,0
2022.0,Southeast,Solar,24.5,1,2.932,FL,1
2022.0,Southeast,Solar,79.9,2,0.11,AL,0
2022.0,PJM,Battery,100.0,0,3.847,OH,0
2022.0,PJM,Battery,100.0,0,3.844,KY,0
2022.0,PJM,Battery,100.0,0,3.844,IL,0
2022.0,PJM,Battery,100.0,0,3.844,IL,0
2022.0,PJM,Battery,100.0,0,3.844,IL,0
2022.0,PJM,Battery,100.0,0,3.844,IL,0
2022.0,PJM,Battery,100.0,0,3.844,IL,0
2022.0,ERCOT,Solar,660.0,2,1.711,TX,0
2022.0,ERCOT,Solar,150.5,2,3.127,TX,0
2022.0,ERCOT,Battery,201.6,0,3.841,TX,0
2022.0,ERCOT,Battery,203.0,2,3.732,TX,0
2022.0,ERCOT,Solar,256.2,0,3.838,TX,0
2022.0,ERCOT,Battery,31.1,0,3.838,TX,0
2022.0,ERCOT,Solar,451.5,0,3.838,TX,0
2022.0,ERCOT,Solar,207.0,0,3.838,TX,0
2022.0,ERCOT,Hybrid,206.0,0,3.838,TX,0
2022.0,ERCOT,Battery,201.9,0,3.838,TX,0
2022.0,MISO,Solar,160.0,2,0.923,WI,0
2022.0,PJM,Hybrid,35.0,0,3.838,VA,0
2022.0,PJM,Hybrid,150.0,0,3.838,MI,0
2022.0,PJM,Solar,8.0,0,3.838,PA,0
2022.0,PJM,Battery,50.0,2,0.123,VA,0
2022.0,PJM,Hybrid,152.0,2,3.882,OH,0
2022.0,PJM,Solar,85.0,0,3.838,KY,0
2022.0,PJM,Battery,103.7,0,3.838,NJ,0
2022.0,PJM,Solar,50.0,0,3.838,PA,0
2022.0,ERCOT,Battery,152.0,0,3.838,TX,0
2022.0,PJM,Solar,10.0,0,3.838,VA,0
2022.0,PJM,Solar,10.0,2,3.102,VA,0
2022.0,PJM,Solar,20.0,2,3.072,VA,0
2022.0,PJM,Hybrid,87.2,0,3.838,OH,0
2022.0,PJM,Battery,50.0,2,0.123,VA,0
2022.0,PJM,Hybrid,150.0,0,3.838,IN,0
2022.0,PJM,Hybrid,180.0,0,3.838,IN,0
2022.0,PJM,Battery,52.3,0,3.838,VA,0
2022.0,PJM,Battery,150.0,0,3.838,VA,0
2022.0,PJM,Battery,50.0,2,0.123,VA,0
2022.0,PJM,Battery,50.0,2,0.123,VA,0
2022.0,PJM,Battery,50.0,2,0.123,VA,0
2022.0,ERCOT,Battery,231.9,0,3.838,TX,1
2022.0,PJM,Solar,5.0,2,0.055,WV,0
2022.0,PJM,Battery,300.0,0,3.836,VA,0
2022.0,PJM,Battery,117.0,0,3.836,NJ,0
2022.0,PJM,Hybrid,119.0,2,1.35,OH,0
2022.0,PJM,Solar,36.0,0,3.836,PA,0
2022.0,Southeast,Hybrid,90.0,2,0.504,GA,0
2022.0,PJM,Hybrid,44.8,2,2.489,PA,0
2022.0,Southeast,Solar,74.5,0,3.833,FL,0
2022.0,PJM,Solar,40.0,0,3.833,OH,0
2022.0,Southeast,Solar,74.5,0,3.833,FL,0
2022.0,Southeast,Solar,74.5,0,3.833,FL,0
2022.0,PJM,Solar,95.0,0,3.833,OH,0
2022.0,Southeast,Solar,74.5,0,3.833,FL,0
2022.0,Southeast,Solar,74.5,0,3.833,FL,0
2022.0,Southeast,Solar,74.5,0,3.833,FL,0
2022.0,Southeast,Solar,74.5,0,3.833,FL,0
2022.0,PJM,Solar,20.0,0,3.833,OH,0
2022.0,Southeast,Solar,74.5,0,3.833,FL,0
2022.0,PJM,Solar,49.0,0,3.833,OH,0
2022.0,PJM,Solar,80.0,0,3.833,PA,0
2022.0,Southeast,Solar,74.5,0,3.833,FL,0
2022.0,Southeast,Solar,74.5,0,3.833,FL,0
2022.0,PJM,Solar,12.0,0,3.833,PA,0
2022.0,Southeast,Solar,74.5,0,3.833,FL,0
2022.0,MISO,Solar,200.0,0,3.83,LA,0
2022.0,Southeast,Solar,80.0,2,0.928,MS,0
2022.0,ISO-NE,Solar,5.0,0,3.828,NH,0
2022.0,PJM,Solar,85.0,0,3.828,OH,0
2022.0,ISO-NE,Battery,27.4,2,2.639,RI,0
2022.0,PJM,Solar,19.8,0,3.828,PA,0
2022.0,PJM,Battery,200.0,2,3.425,MD,0
2022.0,PJM,Solar,18.8,2,2.445,PA,0
2022.0,PJM,Other,6.6,2,0.17,PA,0
2022.0,ERCOT,Battery,203.8,0,3.822,TX,0
2022.0,ERCOT,Battery,507.8,0,3.822,TX,0
2022.0,ERCOT,Battery,252.3,0,3.822,TX,0
2022.0,ERCOT,Battery,203.8,0,3.822,TX,1
2022.0,ERCOT,Battery,203.8,0,3.822,TX,0
2022.0,ERCOT,Other,103.1,1,2.658,TX,0
2022.0,PJM,Solar,2.0,2,1.826,PA,0
2022.0,PJM,Hybrid,2.0,2,1.958,PA,0
2022.0,PJM,Solar,140.0,2,2.861,IL,0
2022.0,PJM,Solar,200.0,2,2.861,IL,0
2022.0,PJM,Solar,200.0,2,2.861,IL,0
2022.0,ERCOT,Hybrid,101.5,0,3.819,TX,0
2022.0,PJM,Hybrid,3.0,2,1.826,VA,0
2022.0,ERCOT,Solar,110.9,0,3.819,TX,0
2022.0,West,Solar,111.0,0,3.819,WY,0
2022.0,PJM,Solar,150.0,2,2.861,IL,0
2022.0,ERCOT,Battery,153.3,0,3.819,TX,1
2022.0,ERCOT,Battery,100.8,0,3.819,TX,0
2022.0,ERCOT,Battery,103.0,0,3.819,TX,0
2022.0,West,Solar,237.0,0,3.819,WY,0
2022.0,West,Solar,250.0,0,3.819,WY,0
2022.0,West,Solar,250.0,0,3.819,WY,0
2022.0,ERCOT,Solar,150.6,0,3.819,TX,0
2022.0,ERCOT,Hybrid,65.0,0,3.819,TX,0
2022.0,West,Solar,240.0,0,3.819,WY,0
2022.0,PJM,Solar,74.7,0,3.817,MD,0
2022.0,PJM,Hybrid,51.7,0,3.817,IL,0
2022.0,PJM,Wind,1600.0,2,0.082,NJ,0
2022.0,PJM,Solar,65.0,0,3.817,PA,0
2022.0,PJM,Hybrid,70.0,2,3.619,WV,0
2022.0,PJM,Hybrid,95.0,2,3.619,WV,0
2022.0,NYISO,Battery,100.0,2,1.144,NY,0
2022.0,PJM,Hybrid,95.0,2,3.619,WV,0
2022.0,PJM,Hybrid,50.0,0,3.817,IL,0
2022.0,PJM,Solar,185.0,0,3.817,OH,0
2022.0,PJM,Solar,45.0,0,3.817,OH,0
2022.0,PJM,Hybrid,2.0,2,1.955,,0
2022.0,PJM,Hybrid,3.0,2,1.829,,0
2022.0,PJM,Hybrid,3.0,2,1.829,,0
2022.0,PJM,Hybrid,3.0,0,3.817,PA,0
2022.0,PJM,Solar,80.0,0,3.817,OH,0
2022.0,PJM,Hybrid,3.0,2,1.829,,0
2022.0,PJM,Hybrid,3.0,2,1.823,IL,0
2022.0,PJM,Solar,80.0,0,3.817,OH,0
2022.0,PJM,Hybrid,5.0,2,1.829,,0
2022.0,PJM,Battery,200.0,0,3.814,MD,0
2022.0,PJM,Hybrid,100.0,0,3.814,PA,0
2022.0,PJM,Solar,25.8,0,3.814,KY,0
2022.0,PJM,Solar,70.0,2,2.995,WV,0
2022.0,PJM,Battery,172.0,0,3.814,IL,0
2022.0,PJM,Hybrid,172.0,0,3.814,IL,0
2022.0,PJM,Solar,400.0,0,3.814,IN,0
2022.0,Southeast,Solar,125.0,2,2.877,MS,0
2022.0,PJM,Solar,115.0,0,3.814,OH,0
2022.0,MISO,Other,49.9,0,3.814,,0
2022.0,PJM,Hybrid,85.0,2,3.617,WV,0
2022.0,PJM,Hybrid,5.0,2,1.821,NJ,0
2022.0,PJM,Battery,50.0,2,3.655,PA,0
2022.0,PJM,Battery,150.0,0,3.814,OH,0
2022.0,PJM,Battery,75.0,0,3.814,IN,0
2022.0,PJM,Battery,175.0,2,2.856,VA,0
2022.0,PJM,Hybrid,3.0,2,2.084,NJ,0
2022.0,PJM,Battery,125.0,2,0.597,VA,0
2022.0,PJM,Battery,50.0,2,2.853,KY,0
2022.0,PJM,Hybrid,95.0,2,3.617,WV,0
2022.0,PJM,Battery,100.0,2,0.063,OH,0
2022.0,PJM,Battery,100.0,2,0.063,OH,0
2022.0,PJM,Hybrid,5.0,2,1.821,NJ,0
2022.0,PJM,Battery,100.0,2,2.91,OH,0
2022.0,PJM,Hybrid,78.0,2,3.299,IN,0
2022.0,PJM,Battery,170.0,0,3.814,IL,0
2022.0,PJM,Solar,60.0,2,2.853,KY,0
2022.0,PJM,Battery,100.0,0,3.814,OH,0
2022.0,PJM,Hybrid,110.0,2,3.299,IN,0
2022.0,PJM,Solar,200.0,2,0.063,OH,0
2022.0,PJM,Solar,50.0,0,3.814,IN,0
2022.0,PJM,Battery,10.0,0,3.814,IL,1
2022.0,PJM,Solar,200.0,2,2.91,OH,0
2022.0,PJM,Solar,100.0,2,0.063,OH,0
2022.0,PJM,Solar,115.0,2,2.91,OH,0
2022.0,PJM,Solar,140.0,2,2.91,IN,0
2022.0,PJM,Solar,12.0,0,3.814,PA,0
2022.0,PJM,Solar,12.0,0,3.814,PA,0
2022.0,PJM,Solar,20.0,0,3.814,PA,0
2022.0,PJM,Hybrid,50.0,0,3.814,PA,0
2022.0,PJM,Hybrid,70.0,2,0.096,WV,0
2022.0,PJM,Hybrid,5.0,2,0.063,NJ,0
2022.0,PJM,Battery,10.0,0,3.814,IL,1
2022.0,PJM,Solar,150.0,2,3.357,KY,0
2022.0,PJM,Battery,100.0,2,2.91,OH,0
2022.0,PJM,Wind,83.3,0,3.814,PA,0
2022.0,PJM,Wind,83.3,0,3.814,PA,0
2022.0,PJM,Battery,100.0,0,3.814,VA,0
2022.0,PJM,Battery,25.0,0,3.814,PA,0
2022.0,PJM,Solar,35.0,2,0.235,PA,0
2022.0,PJM,Battery,25.0,0,3.814,PA,0
2022.0,PJM,Hybrid,2.0,2,1.821,OH,0
2022.0,PJM,Hybrid,45.0,0,3.814,OH,0
2022.0,PJM,Hybrid,3.0,2,1.826,,0
2022.0,PJM,Solar,125.0,2,2.861,IN,0
2022.0,PJM,Battery,100.0,2,3.655,PA,0
2022.0,PJM,Battery,125.0,2,3.655,PA,0
2022.0,PJM,Battery,100.0,2,3.655,IL,0
2022.0,PJM,Battery,100.0,0,3.814,IN,0
2022.0,PJM,Battery,25.0,2,0.101,VA,0
2022.0,PJM,Battery,75.0,2,3.655,PA,0
2022.0,PJM,Solar,20.0,2,0.189,VA,0
2022.0,PJM,Solar,43.0,2,2.478,IN,0
2022.0,PJM,Hybrid,45.0,2,0.022,VA,0
2022.0,PJM,Hybrid,20.0,0,3.811,KY,0
2022.0,PJM,Hybrid,30.0,0,3.811,KY,0
2022.0,PJM,Battery,200.0,0,3.811,IN,0
2022.0,PJM,Hybrid,365.0,0,3.811,IN,0
2022.0,PJM,Solar,700.0,0,3.811,IN,0
2022.0,PJM,Solar,142.0,0,3.811,VA,0
2022.0,PJM,Solar,7.5,2,1.495,PA,0
2022.0,PJM,Solar,150.0,0,3.811,VA,0
2022.0,PJM,Solar,1000.0,0,3.811,KY,0
2022.0,PJM,Solar,400.0,0,3.811,IN,0
2022.0,PJM,Solar,7.4,0,3.811,NJ,0
2022.0,PJM,Solar,1000.0,0,3.811,KY,0
2022.0,PJM,Solar,30.0,2,0.386,MD,0
2022.0,PJM,Hybrid,210.0,0,3.811,IN,0
2022.0,PJM,Hybrid,100.0,0,3.811,MI,0
2022.0,PJM,Battery,450.0,0,3.811,IL,0
2022.0,Southeast,Hybrid,150.0,2,0.323,GA,0
2022.0,PJM,Battery,300.0,0,3.811,IL,0
2022.0,PJM,Battery,50.0,0,3.811,PA,0
2022.0,PJM,Battery,230.0,0,3.811,IL,0
2022.0,PJM,Solar,20.0,0,3.811,VA,0
2022.0,PJM,Hybrid,49.9,0,3.811,OH,0
2022.0,PJM,Wind,191.5,0,3.811,WV,0
2022.0,PJM,Hybrid,10.0,0,3.811,NC,0
2022.0,PJM,Hybrid,44.0,2,2.982,IL,1
2022.0,PJM,Solar,28.3,0,3.811,MD,0
2022.0,PJM,Battery,200.0,0,3.811,NJ,0
2022.0,PJM,Battery,100.0,0,3.811,VA,0
2022.0,PJM,Solar,10.0,2,3.162,PA,0
2022.0,PJM,Battery,150.0,0,3.811,IL,0
2022.0,PJM,Battery,106.0,0,3.811,IL,0
2022.0,PJM,Battery,84.0,0,3.811,OH,0
2022.0,PJM,Hybrid,180.0,0,3.811,MI,0
2022.0,PJM,Battery,52.0,0,3.811,IL,0
2022.0,PJM,Battery,50.0,0,3.811,IN,0
2022.0,MISO,Solar,100.0,0,3.811,IN,0
2022.0,PJM,Battery,153.0,0,3.811,IL,0
2022.0,PJM,Solar,10.0,2,1.495,PA,0
2022.0,PJM,Solar,6.0,0,3.811,PA,0
2022.0,PJM,Solar,8.0,2,3.162,PA,0
2022.0,PJM,Hybrid,34.5,2,0.088,DE,0
2022.0,PJM,Solar,10.0,2,1.495,PA,0
2022.0,PJM,Battery,34.5,2,0.088,DE,0
2022.0,PJM,Solar,5.0,2,1.495,PA,0
2022.0,PJM,Solar,10.0,2,1.495,PA,0
2022.0,PJM,Solar,5.0,2,1.495,PA,0
2022.0,PJM,Solar,7.0,2,3.162,PA,0
2022.0,PJM,Solar,5.0,2,1.495,PA,0
2022.0,PJM,Hybrid,35.0,0,3.811,VA,0
2022.0,PJM,Wind,83.3,0,3.811,PA,0
2022.0,PJM,Solar,20.0,0,3.811,VA,0
2022.0,PJM,Solar,80.0,2,3.332,VA,0
2022.0,PJM,Solar,200.0,0,3.811,PA,0
2022.0,PJM,Solar,6.3,0,3.811,PA,0
2022.0,PJM,Hybrid,200.0,0,3.811,IL,0
2022.0,PJM,Hybrid,47.5,0,3.811,OH,0
2022.0,PJM,Battery,83.0,0,3.811,PA,0
2022.0,PJM,Solar,120.0,0,3.811,OH,0
2022.0,PJM,Battery,100.0,2,3.614,WV,0
2022.0,PJM,Battery,150.0,2,3.663,PA,0
2022.0,PJM,Solar,26.0,2,3.044,VA,0
2022.0,PJM,Hybrid,75.0,2,1.651,IN,0
2022.0,PJM,Battery,50.0,2,0.09,OH,0
2022.0,PJM,Hybrid,49.9,2,2.762,OH,0
2022.0,PJM,Wind,600.0,2,0.079,NJ,0
2022.0,PJM,Battery,150.0,0,3.811,VA,0
2022.0,PJM,Wind,77.0,0,3.811,PA,0
2022.0,PJM,Solar,40.0,0,3.811,PA,0
2022.0,PJM,Solar,5.0,2,2.412,PA,0
2022.0,PJM,Solar,10.0,2,2.412,PA,0
2022.0,PJM,Solar,10.0,2,3.855,PA,0
2022.0,PJM,Solar,7.5,2,2.412,PA,0
2022.0,PJM,Solar,10.0,0,3.811,PA,0
2022.0,PJM,Hybrid,60.0,2,3.614,VA,0
2022.0,PJM,Solar,5.0,2,2.412,PA,0
2022.0,PJM,Hybrid,40.0,2,3.614,KY,0
2022.0,PJM,Battery,100.0,2,2.853,VA,0
2022.0,SPP,Battery,200.0,2,1.659,ND,0
2022.0,PJM,Battery,100.0,2,3.652,VA,0
2022.0,PJM,Hybrid,49.0,0,3.811,OH,0
2022.0,PJM,Wind,1493.0,2,0.06,NJ,0
2022.0,PJM,Battery,45.0,0,3.811,VA,0
2022.0,PJM,Solar,9.2,2,2.371,PA,0
2022.0,PJM,Hybrid,2.0,0,3.811,,0
2022.0,PJM,Hybrid,70.0,0,3.811,PA,0
2022.0,PJM,Battery,28.0,2,2.992,WV,0
2022.0,PJM,Solar,25.0,0,3.811,MD,0
2022.0,PJM,Hybrid,37.0,0,3.811,VA,0
2022.0,PJM,Battery,100.0,0,3.811,NJ,0
2022.0,PJM,Gas,45.0,0,3.811,MD,0
2022.0,PJM,Wind,300.0,0,3.811,IL,0
2022.0,PJM,Solar,150.0,2,2.853,VA,0
2022.0,PJM,Solar,100.0,2,2.869,OH,0
2022.0,PJM,Hybrid,100.0,2,3.291,OH,0
2022.0,PJM,Hybrid,17.0,0,3.811,MD,0
2022.0,PJM,Hybrid,100.0,0,3.811,MD,0
2022.0,PJM,Battery,300.0,0,3.811,NJ,0
2022.0,PJM,Hybrid,70.0,2,0.099,MD,0
2022.0,PJM,Solar,160.0,0,3.811,IL,0
2022.0,PJM,Battery,115.0,0,3.811,MD,0
2022.0,PJM,Battery,130.0,0,3.811,PA,0
2022.0,PJM,Hybrid,45.0,0,3.811,OH,0
2022.0,PJM,Solar,350.0,0,3.811,IL,0
2022.0,PJM,Solar,280.0,0,3.811,IL,0
2022.0,PJM,Hybrid,70.0,0,3.808,KY,0
2022.0,PJM,Hybrid,75.0,0,3.808,VA,0
2022.0,PJM,Solar,290.0,0,3.808,VA,0
2022.0,PJM,Wind,1400.0,2,0.077,NJ,0
2022.0,PJM,Battery,350.0,0,3.808,IN,0
2022.0,PJM,Solar,40.0,2,2.76,IL,0
2022.0,PJM,Hybrid,50.0,2,1.087,NJ,0
2022.0,PJM,Battery,180.0,0,3.808,MD,0
2022.0,Southeast,Hybrid,150.0,2,3.075,MS,0
2022.0,PJM,Solar,15.3,2,1.049,PA,0
2022.0,PJM,Solar,150.0,2,2.847,OH,0
2022.0,NYISO,Battery,191.1,2,0.304,NY,0
2022.0,PJM,Battery,100.0,0,3.808,VA,0
2022.0,PJM,Battery,100.0,2,2.847,OH,0
2022.0,PJM,Solar,100.0,0,3.808,PA,0
2022.0,PJM,Hybrid,2.0,2,1.815,VA,0
2022.0,PJM,Hybrid,30.1,0,3.808,OH,0
2022.0,PJM,Solar,120.0,2,0.225,IN,0
2022.0,PJM,Battery,415.0,0,3.808,NJ,0
2022.0,West,Solar,5.0,2,0.246,NM,0
2022.0,West,Hybrid,400.0,0,3.808,WA,0
2022.0,PJM,Hybrid,120.0,2,0.027,WV,0
2022.0,ERCOT,Battery,231.9,0,3.806,TX,0
2022.0,ERCOT,Battery,203.9,0,3.803,TX,0
2022.0,ERCOT,Battery,102.0,0,3.803,TX,0
2022.0,ERCOT,Battery,100.8,0,3.803,TX,0
2022.0,ERCOT,Other,308.4,1,2.669,TX,0
2022.0,ERCOT,Solar,370.5,0,3.8,TX,0
2022.0,ERCOT,Battery,310.6,0,3.8,TX,0
2022.0,ISO-NE,Battery,20.0,2,0.411,MA,0
2022.0,ISO-NE,Battery,20.0,2,0.411,MA,0
2022.0,ISO-NE,Battery,20.0,2,0.411,MA,0
2022.0,ERCOT,Battery,210.7,0,3.8,TX,0
2022.0,ERCOT,Solar,153.4,0,3.8,TX,0
2022.0,West,Battery,20.0,0,3.797,WA,0
2022.0,West,Battery,30.0,0,3.797,WA,0
2022.0,Southeast,Battery,200.0,2,0.189,GA,0
2022.0,Southeast,Hybrid,102.0,0,3.795,GA,0
2022.0,West,Solar,2.2,2,0.86,NM,0
2022.0,MISO,Solar,180.0,2,2.47,IN,0
2022.0,MISO,Solar,300.0,0,3.792,WI,0
2022.0,West,Solar,5.0,2,0.684,NM,0
2022.0,MISO,Solar,135.0,0,3.792,AR,0
2022.0,West,Hybrid,200.0,0,3.781,AZ,0
2022.0,ERCOT,Hybrid,200.3,0,3.781,TX,0
2022.0,West,Hybrid,300.0,0,3.781,AZ,0
2022.0,West,Hybrid,500.0,0,3.778,NV,0
2022.0,West,Wind,100.0,0,3.778,WY,0
2022.0,West,Gas,52.0,0,3.778,CO,0
2022.0,West,Hybrid,199.0,2,1.517,CO,1
2022.0,West,Wind,200.0,0,3.778,WY,0
2022.0,West,Battery,199.0,2,1.273,CO,0
2022.0,West,Battery,199.0,2,1.273,CO,0
2022.0,West,Solar,300.0,2,1.281,CO,1
2022.0,MISO,Wind,250.0,0,3.778,IL,0
2022.0,ISO-NE,Battery,300.0,0,3.778,MA,0
2022.0,West,Hybrid,199.0,2,1.281,CO,1
2022.0,West,Battery,80.0,0,3.775,UT,0
2022.0,MISO,Wind,200.0,2,3.74,IN,0
2022.0,West,Battery,80.0,0,3.775,UT,0
2022.0,MISO,Solar,160.0,2,3.74,IL,0
2022.0,MISO,Battery,70.0,2,3.74,IN,0
2022.0,MISO,Battery,100.0,2,2.546,KY,0
2022.0,MISO,Solar,160.0,2,3.74,IL,0
2022.0,West,Battery,80.0,0,3.775,UT,0
2022.0,MISO,Battery,25.0,2,2.546,IN,0
2022.0,MISO,Battery,100.0,2,3.74,MO,0
2022.0,MISO,Wind,200.0,0,3.775,IL,0
2022.0,MISO,Battery,40.0,2,3.74,IN,0
2022.0,MISO,Battery,65.0,2,3.74,MO,0
2022.0,MISO,Battery,40.0,2,3.74,IL,0
2022.0,MISO,Battery,40.0,2,3.74,IL,0
2022.0,NYISO,Battery,20.0,2,0.775,NY,0
2022.0,MISO,Solar,100.0,2,2.546,IN,0
2022.0,West,Battery,80.0,0,3.775,UT,0
2022.0,MISO,Solar,110.0,2,3.74,IN,0
2022.0,MISO,Solar,195.0,0,3.775,MO,0
2022.0,West,Battery,50.0,0,3.775,UT,0
2022.0,MISO,Solar,190.9,0,3.775,IL,0
2022.0,MISO,Solar,150.0,2,3.74,MO,0
2022.0,West,Battery,80.0,0,3.775,UT,0
2022.0,West,Battery,80.0,0,3.775,UT,0
2022.0,MISO,Battery,35.0,2,3.74,IN,0
2022.0,MISO,Solar,130.0,0,3.775,IN,0
2022.0,West,Battery,400.0,0,3.773,NV,1
2022.0,West,Battery,300.0,0,3.773,NV,1
2022.0,MISO,Wind,150.0,0,3.773,IL,0
2022.0,NYISO,Solar,100.0,2,1.018,NY,0
2022.0,MISO,Solar,100.0,0,3.773,IN,0
2022.0,West,Hybrid,60.0,0,3.773,AZ,0
2022.0,MISO,Hybrid,250.0,0,3.773,IL,0
2022.0,MISO,Solar,200.0,0,3.773,IN,0
2022.0,MISO,Other,500.0,0,3.77,IL,0
2022.0,MISO,Battery,200.0,2,3.734,KY,0
2022.0,NYISO,Battery,130.0,2,0.602,NY,0
2022.0,NYISO,Battery,100.0,2,1.098,NY,0
2022.0,West,Hybrid,300.0,0,3.77,NV,0
2022.0,MISO,Wind,178.0,0,3.77,IL,0
2022.0,MISO,Wind,200.0,0,3.77,IL,0
2022.0,MISO,Battery,250.0,2,3.734,MO,0
2022.0,ISO-NE,Hybrid,129.0,2,3.524,ME,0
2022.0,MISO,Wind,100.0,0,3.77,IN,0
2022.0,West,Hybrid,300.0,0,3.77,NV,0
2022.0,MISO,Battery,300.0,0,3.77,IN,0
2022.0,ISO-NE,Battery,62.8,2,2.582,RI,0
2022.0,MISO,Battery,150.0,0,3.77,IL,0
2022.0,MISO,Battery,200.0,0,3.77,IN,0
2022.0,MISO,Solar,180.0,2,2.541,IN,0
2022.0,MISO,Solar,208.4,0,3.762,MO,0
2022.0,MISO,Solar,175.0,0,3.762,IL,0
2022.0,MISO,Battery,50.0,0,3.762,IN,0
2022.0,MISO,Solar,150.0,0,3.762,MO,0
2022.0,MISO,Solar,100.0,2,2.533,IN,0
2022.0,MISO,Battery,198.0,0,3.762,IN,0
2022.0,MISO,Battery,45.0,0,3.762,IN,0
2022.0,West,Other,100.0,0,3.762,AZ,0
2022.0,West,Battery,150.0,0,3.762,NV,1
2022.0,MISO,Solar,124.0,0,3.762,IN,0
2022.0,West,Hybrid,250.0,0,3.762,AZ,1
2022.0,West,Battery,250.0,0,3.762,NV,1
2022.0,MISO,Hybrid,100.0,2,2.533,KY,0
2022.0,MISO,Battery,45.0,0,3.762,IL,0
2022.0,MISO,Hybrid,100.0,2,3.726,IL,0
2022.0,MISO,Solar,140.0,2,3.726,IN,0
2022.0,MISO,Battery,45.0,2,2.533,IN,0
2022.0,ISO-NE,Hybrid,52.5,2,3.211,ME,0
2022.0,MISO,Hybrid,60.0,2,2.533,IL,0
2022.0,West,Battery,550.0,0,3.762,NV,0
2022.0,West,Hybrid,400.0,0,3.762,NV,0
2022.0,West,Wind,715.0,0,3.762,CA,0
2022.0,MISO,Hybrid,75.0,2,2.533,IN,0
2022.0,ISO-NE,Hybrid,21.2,2,3.211,ME,0
2022.0,MISO,Hybrid,100.0,0,3.762,IN,0
2022.0,West,Hybrid,400.0,0,3.762,NV,0
2022.0,MISO,Solar,150.0,2,3.726,IN,0
2022.0,ERCOT,Solar,160.0,2,0.578,TX,0
2022.0,West,Hybrid,300.0,0,3.759,NV,0
2022.0,MISO,Solar,100.0,0,3.759,IN,0
2022.0,ERCOT,Battery,100.8,1,3.74,TX,0
2022.0,West,Battery,100.0,0,3.759,NV,1
2022.0,West,Battery,300.0,0,3.759,NV,1
2022.0,West,Battery,200.0,0,3.759,NV,1
2022.0,West,Battery,100.0,0,3.759,NV,1
2022.0,West,Battery,100.0,0,3.759,NV,1
2022.0,West,Wind,300.0,0,3.759,NV,0
2022.0,West,Hybrid,350.0,0,3.759,NV,0
2022.0,West,Hybrid,600.0,0,3.759,NV,1
2022.0,West,Other,100.0,0,3.759,AZ,0
2022.0,ERCOT,Solar,351.8,0,3.756,TX,0
2022.0,ERCOT,Battery,200.8,0,3.756,TX,0
2022.0,West,Wind,250.0,2,0.55,NM,0
2022.0,West,Wind,242.2,0,3.756,AZ,0
2022.0,ERCOT,Battery,101.2,0,3.756,TX,0
2022.0,ERCOT,Battery,221.0,0,3.756,TX,0
2022.0,ERCOT,Battery,152.3,0,3.756,TX,0
2022.0,West,Battery,200.0,0,3.756,NV,0
2022.0,ERCOT,Battery,310.7,0,3.756,TX,0
2022.0,West,Wind,300.0,0,3.754,NM,0
2022.0,West,Hybrid,1000.0,0,3.754,AZ,0
2022.0,West,Hybrid,250.0,0,3.754,AZ,1
2022.0,West,Other,1000.0,0,3.754,AZ,1
2022.0,West,Battery,1000.0,0,3.754,AZ,1
2022.0,West,Hybrid,150.0,0,3.754,AZ,1
2022.0,Southeast,Solar,150.0,2,1.437,GA,0
2022.0,ISO-NE,Solar,75.0,2,0.624,ME,0
2022.0,ISO-NE,Solar,150.0,0,3.754,CT,0
2022.0,ISO-NE,Solar,150.0,2,1.317,NH,0
2022.0,ERCOT,Gas,524.0,1,1.396,TX,0
2022.0,West,Hybrid,300.0,0,3.754,AZ,1
2022.0,NYISO,Battery,20.0,2,0.753,NY,0
2022.0,West,Hybrid,480.0,0,3.754,NV,0
2022.0,West,Wind,190.0,0,3.754,NV,0
2022.0,ISO-NE,Solar,300.0,2,3.532,ME,0
2022.0,West,Battery,300.0,0,3.754,AZ,1
2022.0,PJM,Solar,100.0,2,0.145,WV,0
2022.0,PJM,Solar,320.0,2,0.145,VA,0
2022.0,West,Solar,80.0,0,3.751,OR,0
2022.0,PJM,Battery,300.0,0,3.751,VA,0
2022.0,PJM,Battery,300.0,0,3.751,VA,0
2022.0,West,Hybrid,80.0,0,3.751,OR,0
2022.0,West,Hybrid,80.0,0,3.751,OR,0
2022.0,West,Hybrid,80.0,0,3.751,OR,0
2022.0,West,Gas,199.9,0,3.751,UT,0
2022.0,PJM,Hybrid,50.0,0,3.751,KY,0
2022.0,PJM,Solar,105.0,0,3.751,VA,0
2022.0,PJM,Battery,450.0,0,3.751,IN,0
2022.0,PJM,Battery,200.0,0,3.751,IL,0
2022.0,PJM,Battery,300.0,0,3.751,IL,0
2022.0,West,Hybrid,800.0,0,3.751,UT,0
2022.0,West,Hybrid,500.0,0,3.751,CA,0
2022.0,West,Hybrid,1000.0,0,3.751,NV,1
2022.0,PJM,Solar,19.8,2,0.09,PA,0
2022.0,PJM,Solar,5.0,0,3.751,PA,0
2022.0,PJM,Battery,200.0,0,3.751,VA,0
2022.0,PJM,Solar,46.0,0,3.751,VA,0
2022.0,PJM,Battery,100.0,2,2.24,VA,0
2022.0,PJM,Battery,200.0,2,0.104,VA,0
2022.0,West,Battery,199.9,0,3.751,OR,0
2022.0,West,Gas,199.9,0,3.751,UT,0
2022.0,PJM,Hybrid,100.0,0,3.751,IN,0
2022.0,PJM,Battery,200.0,2,2.24,VA,1
2022.0,PJM,Wind,103.0,0,3.751,WV,0
2022.0,PJM,Wind,170.0,0,3.751,IN,0
2022.0,West,Other,300.0,0,3.751,WY,0
2022.0,West,Other,300.0,0,3.751,WY,0
2022.0,PJM,Solar,5.0,0,3.748,,0
2022.0,PJM,Solar,2.0,0,3.748,,0
2022.0,PJM,Wind,2100.0,0,3.748,NJ,0
2022.0,West,Hybrid,100.0,0,3.743,NM,0
2022.0,West,Wind,300.0,0,3.743,AZ,0
2022.0,West,Other,500.0,0,3.74,UT,1
2022.0,PJM,Solar,8.0,0,3.74,NJ,0
2022.0,ISO-NE,Solar,25.0,0,3.74,CT,0
2022.0,West,Other,1.5,1,0.238,ID,0
2022.0,MISO,Solar,149.5,0,3.74,IL,0
2022.0,MISO,Battery,150.0,0,3.74,IL,0
2022.0,MISO,Solar,200.0,2,1.555,LA,0
2022.0,MISO,Solar,300.0,2,3.704,MO,0
2022.0,West,Wind,300.0,0,3.74,AZ,0
2022.0,Southeast,Solar,74.5,0,3.737,FL,0
2022.0,Southeast,Solar,74.5,0,3.737,FL,0
2022.0,MISO,Battery,74.7,2,2.412,IN,0
2022.0,West,Wind,6.6,0,3.737,WY,0
2022.0,West,Wind,42.0,0,3.737,WY,0
2022.0,West,Wind,30.0,0,3.737,WY,0
2022.0,West,Wind,26.0,0,3.737,WY,0
2022.0,Southeast,Solar,74.5,0,3.737,FL,0
2022.0,West,Battery,199.5,2,1.24,CO,0
2022.0,West,Wind,28.0,0,3.737,WY,0
2022.0,Southeast,Solar,74.5,0,3.737,FL,0
2022.0,Southeast,Solar,74.5,0,3.737,FL,0
2022.0,Southeast,Solar,74.5,0,3.737,FL,0
2022.0,Southeast,Solar,74.5,0,3.737,FL,0
2022.0,Southeast,Solar,74.9,0,3.737,FL,0
2022.0,Southeast,Solar,74.5,0,3.737,FL,0
2022.0,MISO,Solar,150.5,0,3.737,WI,0
2022.0,MISO,Solar,149.7,0,3.737,MI,0
2022.0,MISO,Solar,292.9,0,3.737,IN,0
2022.0,Southeast,Solar,74.5,0,3.737,FL,0
2022.0,Southeast,Solar,74.5,0,3.737,FL,0
2022.0,Southeast,Solar,74.5,0,3.737,FL,0
2022.0,Southeast,Solar,74.5,0,3.737,FL,0
2022.0,Southeast,Solar,74.5,0,3.737,FL,0
2022.0,Southeast,Solar,74.5,0,3.737,FL,0
2022.0,Southeast,Solar,74.5,0,3.737,FL,0
2022.0,ISO-NE,Battery,154.7,2,3.515,MA,0
2022.0,West,Hybrid,400.0,2,1.229,CO,0
2022.0,West,Hybrid,199.0,2,1.229,CO,0
2022.0,West,Hybrid,199.0,2,1.229,CO,0
2022.0,West,Hybrid,300.0,2,1.229,CO,0
2022.0,West,Hybrid,199.0,2,1.229,CO,0
2022.0,PJM,Solar,13.0,2,1.446,PA,0
2022.0,West,Battery,100.0,0,3.732,NM,1
2022.0,West,Battery,50.0,0,3.732,NM,0
2022.0,West,Solar,50.0,2,0.457,NM,0
2022.0,West,Hybrid,330.0,2,1.224,CO,0
2022.0,Southeast,Solar,74.9,1,3.261,FL,0
2022.0,MISO,Solar,100.0,2,3.696,IN,0
2022.0,MISO,Other,39.5,0,3.723,MN,0
2022.0,MISO,Other,100.0,0,3.723,,0
2022.0,MISO,Other,55.0,0,3.723,MI,0
2022.0,ISO-NE,Battery,60.0,2,0.375,CT,0
2022.0,PJM,Solar,95.8,0,3.721,PA,0
2022.0,ERCOT,Other,62.5,1,0.537,TX,1
2022.0,ISO-NE,Battery,50.7,2,1.092,ME,0
2022.0,West,Battery,150.0,0,3.715,OR,1
2022.0,NYISO,Solar,20.0,2,0.463,NY,0
2022.0,NYISO,Battery,40.0,2,0.961,NY,0
2022.0,Southeast,Solar,74.9,0,3.713,FL,0
2022.0,MISO,Other,25.0,0,3.713,,0
2022.0,Southeast,Solar,74.9,0,3.713,FL,0
2022.0,ERCOT,Battery,120.7,1,3.685,TX,0
2022.0,ERCOT,Other,122.9,1,2.678,TX,1
2022.0,ERCOT,Solar,455.0,2,2.842,TX,0
2022.0,ERCOT,Other,98.0,2,1.429,TX,0
2022.0,ERCOT,Solar,204.1,0,3.707,TX,0
2022.0,ERCOT,Battery,172.4,2,2.842,TX,0
2022.0,ERCOT,Hybrid,120.0,0,3.704,TX,0
2022.0,West,Battery,199.0,0,3.704,UT,1
2022.0,West,Battery,100.0,0,3.704,OR,0
2022.0,ERCOT,Battery,207.2,0,3.704,TX,0
2022.0,ERCOT,Solar,211.2,0,3.704,TX,0
2022.0,ERCOT,Battery,141.2,0,3.704,TX,0
2022.0,ERCOT,Battery,124.1,0,3.704,TX,0
2022.0,ERCOT,Battery,231.9,0,3.704,TX,1
2022.0,PJM,Hybrid,200.0,0,3.702,PA,0
2022.0,NYISO,Battery,90.0,2,0.616,NY,0
2022.0,ISO-NE,Battery,16.0,2,0.939,CT,0
2022.0,NYISO,Wind,1100.0,2,0.446,NY,0
2022.0,NYISO,Wind,1100.0,2,1.363,NY,0
2022.0,MISO,Other,75.0,0,3.699,,0
2022.0,Southeast,Solar,74.5,0,3.696,FL,0
2022.0,Southeast,Solar,74.5,0,3.696,FL,0
2022.0,Southeast,Solar,74.5,0,3.696,FL,0
2022.0,Southeast,Solar,74.5,0,3.696,FL,0
2022.0,West,Hybrid,270.0,0,3.696,AZ,0
2022.0,ISO-NE,Battery,314.7,2,3.671,MA,0
2022.0,Southeast,Solar,74.5,0,3.696,FL,0
2022.0,Southeast,Solar,74.5,0,3.696,FL,0
2022.0,Southeast,Solar,74.5,0,3.696,FL,0
2022.0,Southeast,Solar,74.5,0,3.693,FL,0
2022.0,West,Hybrid,100.0,0,3.693,CO,0
2022.0,NYISO,Wind,210.0,2,1.352,NY,0
2022.0,NYISO,Wind,210.0,2,1.602,NY,0
2022.0,NYISO,Wind,210.0,2,0.435,NY,0
2022.0,MISO,Other,100.0,0,3.685,MI,0
2022.0,MISO,Other,50.0,0,3.685,,0
2022.0,MISO,Other,80.0,0,3.685,MI,0
2022.0,West,Nuclear,500.0,0,3.682,WY,0
2022.0,West,Hybrid,85.0,0,3.682,OR,0
2022.0,West,Solar,5.0,2,0.747,NM,0
2022.0,West,Hybrid,225.0,0,3.68,AZ,0
2022.0,West,Hybrid,225.0,0,3.68,AZ,0
2022.0,West,Hybrid,300.0,0,3.677,UT,0
2022.0,West,Hybrid,600.0,0,3.677,ID,0
2022.0,PJM,Solar,250.0,0,3.674,PA,0
2022.0,West,Solar,5.0,2,0.331,NM,0
2022.0,West,Solar,5.0,2,0.331,NM,0
2022.0,MISO,Other,3.0,0,3.666,IN,0
2022.0,ISO-NE,Hybrid,7.9,2,3.116,ME,0
2022.0,ISO-NE,Hybrid,57.7,2,3.116,ME,0
2022.0,West,Wind,200.0,0,3.666,AZ,0
2022.0,West,Solar,300.0,0,3.663,SD,0
2022.0,West,Hybrid,130.0,0,3.663,ID,0
2022.0,Southeast,Solar,74.5,0,3.663,FL,0
2022.0,ISO-NE,Wind,905.0,2,3.441,ME,0
2022.0,ISO-NE,Solar,319.2,2,3.441,ME,0
2022.0,West,Gas,48.0,0,3.663,WY,0
2022.0,West,Hybrid,299.0,0,3.658,CO,0
2022.0,West,Wind,150.0,0,3.658,WY,0
2022.0,NYISO,Battery,25.2,2,0.572,NY,0
2022.0,MISO,Solar,148.1,0,3.655,WI,0
2022.0,ISO-NE,Hybrid,2.8,2,0.32,MA,0
2022.0,West,Hybrid,199.0,0,3.655,UT,1
2022.0,West,Hybrid,199.9,0,3.655,ID,0
2022.0,West,Hybrid,199.0,0,3.655,UT,1
2022.0,West,Hybrid,199.0,0,3.655,UT,1
2022.0,West,Hybrid,199.0,0,3.655,UT,1
2022.0,ERCOT,Battery,101.0,0,3.647,TX,0
2022.0,West,Hybrid,237.0,0,3.647,CO,0
2022.0,ERCOT,Wind,228.4,0,3.647,TX,0
2022.0,Southeast,Solar,100.0,0,3.647,GA,0
2022.0,ERCOT,Other,155.5,1,2.261,TX,0
2022.0,ERCOT,Other,18.0,2,2.127,TX,0
2022.0,ERCOT,Battery,201.0,0,3.644,TX,0
2022.0,ERCOT,Battery,201.9,0,3.644,TX,0
2022.0,West,Hybrid,325.0,0,3.644,ID,0
2022.0,ERCOT,Wind,225.6,0,3.644,TX,0
2022.0,ERCOT,Hybrid,183.8,0,3.644,TX,0
2022.0,ERCOT,Hybrid,52.3,0,3.644,TX,0
2022.0,ERCOT,Battery,151.0,0,3.644,TX,0
2022.0,West,Hybrid,300.0,0,3.644,UT,0
2022.0,ERCOT,Battery,306.3,0,3.644,TX,0
2022.0,ERCOT,Hybrid,258.8,0,3.644,TX,0
2022.0,ERCOT,Gas,102.0,1,0.118,TX,0
2022.0,West,Battery,145.0,0,3.641,OR,0
2022.0,ERCOT,Solar,183.0,0,3.641,TX,0
2022.0,West,Wind,206.0,0,3.639,ID,0
2022.0,West,Wind,153.0,0,3.639,ID,0
2022.0,West,Hybrid,300.0,0,3.639,ID,0
2022.0,West,Hybrid,300.0,0,3.636,ID,0
2022.0,West,Hybrid,199.0,0,3.636,UT,1
2022.0,West,Hybrid,199.0,0,3.636,OR,0
2022.0,West,Hybrid,199.0,0,3.636,UT,1
2022.0,West,Battery,199.0,0,3.636,UT,1
2022.0,Southeast,Solar,74.5,1,2.637,FL,0
2022.0,PJM,Solar,7.5,2,1.35,PA,0
2022.0,West,Wind,400.0,0,3.636,WY,0
2022.0,West,Battery,199.0,0,3.636,UT,1
2022.0,West,Hybrid,166.0,0,3.636,UT,0
2022.0,West,Hybrid,199.0,0,3.633,UT,0
2022.0,West,Hybrid,80.0,0,3.63,OR,0
2022.0,West,Other,40.0,0,3.63,UT,0
2022.0,West,Battery,199.0,0,3.63,OR,0
2022.0,West,Hybrid,80.0,0,3.63,OR,0
2022.0,West,Hybrid,80.0,0,3.63,OR,0
2022.0,West,Hybrid,320.0,0,3.63,OR,0
2022.0,West,Hybrid,320.0,0,3.63,OR,0
2022.0,ERCOT,Solar,101.0,2,2.538,TX,0
2022.0,West,Battery,100.0,0,3.63,WA,0
2022.0,West,Hybrid,320.0,0,3.63,OR,0
2022.0,West,Battery,20.0,0,3.63,UT,0
2022.0,West,Hybrid,80.0,0,3.63,OR,0
2022.0,West,Hybrid,400.0,0,3.63,OR,0
2022.0,West,Hybrid,199.0,0,3.63,OR,0
2022.0,West,Battery,199.0,0,3.63,OR,0
2022.0,West,Battery,199.0,0,3.63,OR,0
2022.0,West,Solar,99.0,0,3.63,UT,0
2022.0,West,Solar,70.0,0,3.63,UT,0
2022.0,West,Solar,125.0,0,3.63,UT,0
2022.0,West,Hybrid,86.0,0,3.63,WA,0
2022.0,West,Hybrid,199.0,0,3.63,OR,0
2022.0,West,Hybrid,175.0,0,3.63,OR,0
2022.0,West,Hybrid,320.0,0,3.63,OR,0
2022.0,ERCOT,Battery,241.3,0,3.63,TX,1
2022.0,ERCOT,Other,100.0,2,0.887,TX,0
2022.0,ERCOT,Battery,50.4,0,3.628,TX,0
2022.0,MISO,Hybrid,180.0,2,0.857,MS,0
2022.0,ERCOT,Solar,252.3,0,3.628,TX,0
2022.0,MISO,Other,25.0,0,3.628,WI,0
2022.0,MISO,Other,50.0,0,3.628,WI,0
2022.0,West,Battery,150.0,1,3.044,ID,0
2022.0,ERCOT,Solar,213.8,0,3.628,TX,0
2022.0,ERCOT,Solar,213.8,0,3.628,TX,0
2022.0,MISO,Other,25.0,0,3.628,WI,0
2022.0,ERCOT,Solar,50.0,0,3.628,TX,0
2022.0,ISO-NE,Battery,80.9,2,2.286,CT,0
2022.0,ISO-NE,Hybrid,160.0,0,3.625,ME,0
2022.0,SPP,Solar,150.0,2,1.47,TX,0
2022.0,Southeast,Solar,80.0,0,3.619,AL,0
2022.0,Southeast,Solar,150.0,0,3.619,GA,0
2022.0,Southeast,Solar,120.0,0,3.619,GA,0
2022.0,West,Battery,150.0,0,3.617,AZ,1
2022.0,ISO-NE,Battery,51.7,2,0.096,CT,0
2022.0,West,Battery,200.0,0,3.617,AZ,1
2022.0,ERCOT,Other,146.0,2,1.908,TX,0
2022.0,ISO-NE,Battery,100.0,2,2.267,CT,0
2022.0,ERCOT,Solar,296.1,2,1.908,TX,0
2022.0,Southeast,Solar,80.0,0,3.608,AL,0
2022.0,Southeast,Solar,150.0,0,3.608,TN,0
2022.0,SPP,Solar,125.0,2,1.454,OK,0
2022.0,West,Hybrid,400.0,0,3.606,WA,1
2022.0,SPP,Solar,135.0,2,1.454,KS,0
2022.0,West,Hybrid,299.0,0,3.606,CO,0
2022.0,PJM,Wind,1600.0,2,3.387,NJ,0
2022.0,West,Hybrid,200.0,0,3.603,WA,0
2022.0,SPP,Solar,200.0,2,3.332,KS,0
2022.0,SPP,Solar,200.0,0,3.603,KS,0
2022.0,West,Solar,80.0,0,3.6,,0
2022.0,SPP,Solar,33.0,0,3.6,KS,0
2022.0,MISO,Other,50.0,0,3.6,IN,0
2022.0,SPP,Solar,135.0,0,3.6,KS,0
2022.0,SPP,Other,250.0,0,3.6,ND,0
2022.0,MISO,Other,50.0,0,3.6,IN,0
2022.0,SPP,Other,125.0,0,3.6,ND,0
2022.0,West,Wind,199.0,0,3.598,CO,0
2022.0,West,Hybrid,398.0,0,3.598,CO,0
2022.0,West,Hybrid,90.0,0,3.598,CO,0
2022.0,West,Hybrid,299.0,0,3.587,CO,0
2022.0,West,Hybrid,299.0,0,3.587,CO,0
2022.0,West,Hybrid,299.0,0,3.587,CO,0
2022.0,MISO,Other,60.0,0,3.587,IN,0
2022.0,West,Hybrid,225.0,0,3.587,CO,0
2022.0,West,Wind,49.6,0,3.587,CO,0
2022.0,West,Wind,199.9,0,3.587,CO,0
2022.0,ERCOT,Solar,594.0,0,3.584,TX,0
2022.0,ERCOT,Battery,597.1,0,3.584,TX,0
2022.0,Southeast,Battery,4.6,0,3.584,SC,0
2022.0,West,Hybrid,400.0,0,3.584,OR,0
2022.0,ERCOT,Solar,198.0,2,1.144,TX,0
2022.0,ERCOT,Other,152.7,1,2.489,TX,0
2022.0,Southeast,Battery,2.7,0,3.584,NC,0
2022.0,ERCOT,Battery,60.1,1,3.581,TX,0
2022.0,ERCOT,Other,305.5,1,1.96,TX,0
2022.0,ERCOT,Other,100.0,2,2.535,TX,0
2022.0,ERCOT,Other,500.0,2,1.144,TX,0
2022.0,ERCOT,Battery,257.3,0,3.581,TX,1
2022.0,ERCOT,Battery,150.0,0,3.581,TX,0
2022.0,ERCOT,Gas,66.0,0,3.581,TX,0
2022.0,ERCOT,Solar,105.5,0,3.581,TX,0
2022.0,ERCOT,Battery,150.0,0,3.581,TX,0
2022.0,ERCOT,Hybrid,200.8,0,3.581,TX,0
2022.0,ERCOT,Battery,207.8,0,3.581,TX,0
2022.0,ERCOT,Hybrid,208.8,0,3.581,TX,0
2022.0,ERCOT,Battery,156.9,0,3.581,TX,0
2022.0,ERCOT,Battery,154.2,0,3.581,TX,0
2022.0,CAISO,Battery,254.3,2,0.189,CA,0
2022.0,Southeast,Battery,115.0,0,3.578,NC,0
2022.0,SPP,Solar,374.0,2,2.757,OK,0
2022.0,West,Hybrid,250.0,0,3.57,AZ,1
2022.0,Southeast,Hybrid,160.0,0,3.567,GA,0
2022.0,ISO-NE,Hybrid,5.0,2,3.014,MA,0
2022.0,ISO-NE,Hybrid,4.6,2,3.014,MA,0
2022.0,ISO-NE,Hybrid,1.5,2,3.014,MA,0
2022.0,ISO-NE,Hybrid,18.5,2,3.014,MA,0
2022.0,ISO-NE,Hybrid,10.0,2,3.014,MA,0
2022.0,ISO-NE,Hybrid,4.6,2,3.014,MA,0
2022.0,ISO-NE,Hybrid,4.0,2,3.014,MA,0
2022.0,ISO-NE,Hybrid,5.0,2,3.014,MA,0
2022.0,ISO-NE,Hybrid,3.7,2,3.014,MA,0
2022.0,ISO-NE,Hybrid,16.5,2,3.014,MA,0
2022.0,ISO-NE,Hybrid,4.1,2,3.014,MA,0
2022.0,ISO-NE,Hybrid,3.0,2,3.014,MA,0
2022.0,SPP,Battery,175.0,2,1.413,NM,0
2022.0,SPP,Solar,400.0,2,1.413,NM,0
2022.0,ISO-NE,Hybrid,7.0,2,3.014,MA,0
2022.0,ISO-NE,Hybrid,3.5,2,3.014,MA,0
2022.0,ISO-NE,Hybrid,15.0,2,3.014,MA,0
2022.0,ISO-NE,Hybrid,6.8,2,3.014,MA,0
2022.0,ISO-NE,Hybrid,1.7,2,3.014,MA,0
2022.0,SPP,Solar,200.0,2,2.743,KS,0
2022.0,SPP,Solar,200.0,2,2.743,KS,0
2022.0,ISO-NE,Hybrid,5.0,2,3.014,MA,0
2022.0,SPP,Solar,355.0,2,1.413,SD,0
2022.0,SPP,Battery,150.0,0,3.565,OK,0
2022.0,SPP,Solar,186.0,2,1.413,ND,0
2022.0,ISO-NE,Battery,45.0,0,3.565,MA,0
2022.0,SPP,Battery,100.0,2,2.743,OK,0
2022.0,SPP,Battery,100.0,0,3.565,OK,0
2022.0,SPP,Solar,300.0,2,1.413,NM,0
2022.0,SPP,Battery,100.0,2,2.743,OK,0
2022.0,SPP,Solar,270.0,0,3.565,KS,0
2022.0,SPP,Solar,300.0,0,3.565,KS,0
2022.0,SPP,Solar,288.0,0,3.565,OK,0
2022.0,ERCOT,Other,203.8,2,2.196,TX,0
2022.0,ERCOT,Solar,203.0,0,3.562,TX,0
2022.0,ERCOT,Battery,600.0,0,3.562,TX,0
2022.0,ERCOT,Solar,443.0,0,3.562,TX,0
2022.0,NYISO,Battery,20.1,2,0.227,NY,0
2022.0,ERCOT,Hybrid,200.9,0,3.559,TX,0
2022.0,ERCOT,Battery,201.6,0,3.559,TX,0
2022.0,ERCOT,Hybrid,201.3,0,3.559,TX,0
2022.0,ERCOT,Hybrid,101.3,0,3.559,TX,0
2022.0,ERCOT,Hybrid,305.0,0,3.559,TX,0
2022.0,ERCOT,Hybrid,50.9,0,3.559,TX,0
2022.0,ERCOT,Hybrid,34.3,0,3.559,TX,0
2022.0,ERCOT,Hybrid,188.5,0,3.559,TX,0
2022.0,ERCOT,Hybrid,101.0,0,3.559,TX,0
2022.0,NYISO,Solar,20.0,2,0.559,NY,0
2022.0,PJM,Other,6.6,0,3.559,PA,0
2022.0,SPP,Battery,200.0,0,3.559,KS,0
2022.0,ERCOT,Battery,100.4,0,3.559,TX,1
2022.0,ERCOT,Battery,100.0,0,3.559,TX,0
2022.0,SPP,Hybrid,250.0,2,1.407,NM,0
2022.0,SPP,Hybrid,250.0,2,1.407,NM,0
2022.0,SPP,Battery,55.0,2,1.399,TX,0
2022.0,SPP,Hybrid,125.0,2,0.903,NE,0
2022.0,CAISO,Battery,122.6,2,0.181,CA,0
2022.0,MISO,Solar,300.0,2,2.319,IN,0
2022.0,MISO,Solar,100.0,0,3.548,IL,0
2022.0,Southeast,Battery,56.0,0,3.548,NC,1
2022.0,MISO,Wind,99.9,2,3.513,IL,0
2022.0,MISO,Solar,200.0,2,3.513,IN,0
2022.0,ISO-NE,Battery,20.0,2,3.129,MA,0
2022.0,MISO,Solar,200.0,2,1.314,ND,0
2022.0,ERCOT,Solar,598.0,0,3.543,TX,0
2022.0,ERCOT,Battery,600.0,0,3.543,TX,0
2022.0,West,Hybrid,300.0,0,3.543,AZ,1
2022.0,West,Hybrid,1000.0,0,3.543,ID,0
2022.0,West,Hybrid,199.0,0,3.543,CO,0
2022.0,West,Hybrid,1000.0,0,3.543,WY,0
2022.0,ERCOT,Other,150.7,2,2.483,TX,0
2022.0,West,Other,1650.0,0,3.543,ID,0
2022.0,West,Other,1650.0,0,3.543,ID,0
2022.0,West,Hybrid,670.0,0,3.543,OR,1
2022.0,West,Other,346.0,0,3.543,CA,0
2022.0,West,Other,1365.0,0,3.543,OR,0
2022.0,West,Hybrid,515.0,0,3.543,WA,1
2022.0,West,Hybrid,990.0,0,3.543,WA,1
2022.0,West,Hybrid,1650.0,0,3.532,CA,0
2022.0,Southeast,Solar,200.0,0,3.529,GA,0
2022.0,Southeast,Gas,660.0,0,3.529,KY,0
2022.0,West,Solar,5.0,2,0.597,NM,0
2022.0,PJM,Solar,15.0,2,1.243,PA,0
2022.0,Southeast,Gas,660.0,2,0.381,KY,0
2022.0,MISO,Solar,399.0,0,3.526,WI,0
2022.0,SPP,Solar,155.0,2,1.002,NE,0
2022.0,MISO,Solar,399.0,0,3.526,WI,0
2022.0,MISO,Solar,145.0,2,3.348,IN,0
2022.0,MISO,Solar,399.0,0,3.526,WI,0
2022.0,MISO,Solar,820.6,0,3.526,IL,0
2022.0,SPP,Battery,100.0,2,1.374,MO,0
2022.0,Southeast,Solar,80.0,0,3.526,NC,0
2022.0,SPP,Wind,250.0,2,2.702,OK,0
2022.0,SPP,Wind,300.0,2,1.372,SD,0
2022.0,SPP,Battery,80.0,2,1.372,NE,0
2022.0,SPP,Battery,200.0,2,1.372,AR,0
2022.0,SPP,Solar,200.0,2,1.372,TX,0
2022.0,SPP,Hybrid,200.0,2,1.432,NM,0
2022.0,SPP,Battery,150.0,2,1.372,NE,0
2022.0,SPP,Solar,200.0,2,1.372,AR,0
2022.0,SPP,Wind,300.0,2,1.372,TX,0
2022.0,SPP,Solar,1000.0,2,1.372,TX,0
2022.0,SPP,Wind,181.0,2,1.372,ND,0
2022.0,SPP,Wind,185.0,2,1.372,NE,0
2022.0,SPP,Solar,250.0,2,1.372,OK,0
2022.0,SPP,Solar,174.0,2,2.702,OK,0
2022.0,SPP,Wind,272.0,2,1.372,NE,0
2022.0,SPP,Solar,180.0,0,3.524,TX,0
2022.0,PJM,Solar,7.5,2,1.238,PA,0
2022.0,SPP,Battery,150.0,2,1.372,AR,0
2022.0,SPP,Solar,200.0,0,3.524,OK,0
2022.0,SPP,Solar,300.0,2,1.372,TX,0
2022.0,SPP,Solar,87.0,2,1.372,NE,0
2022.0,SPP,Solar,180.0,2,2.702,AR,0
2022.0,SPP,Solar,200.0,0,3.524,KS,0
2022.0,SPP,Battery,325.0,2,1.372,LA,0
2022.0,SPP,Solar,137.5,2,0.936,MO,0
2022.0,PJM,Solar,7.5,2,1.238,PA,0
2022.0,West,Wind,290.0,0,3.524,WA,1
2022.0,SPP,Battery,55.0,2,1.372,OK,0
2022.0,SPP,Solar,850.0,2,1.372,LA,0
2022.0,SPP,Wind,500.0,2,1.372,KS,0
2022.0,West,Gas,199.9,0,3.521,UT,0
2022.0,Southeast,Solar,76.0,0,3.521,SC,0
2022.0,West,Battery,199.9,0,3.521,OR,0
2022.0,West,Gas,199.9,0,3.521,UT,0
2022.0,Southeast,Solar,70.7,0,3.521,SC,0
2022.0,West,Solar,255.0,0,3.521,WY,0
2022.0,ERCOT,Solar,432.0,2,1.522,TX,0
2022.0,Southeast,Solar,80.0,0,3.513,NC,0
2022.0,ERCOT,Hybrid,192.0,0,3.513,TX,0
2022.0,ERCOT,Battery,231.9,0,3.513,TX,0
2022.0,ERCOT,Hybrid,310.0,0,3.513,TX,0
2022.0,ERCOT,Battery,226.3,0,3.513,TX,0
2022.0,ERCOT,Battery,203.0,0,3.513,TX,0
2022.0,ERCOT,Solar,85.7,0,3.513,TX,0
2022.0,ERCOT,Solar,101.0,0,3.513,TX,0
2022.0,ERCOT,Hybrid,502.5,0,3.513,TX,0
2022.0,Southeast,Other,6.3,0,3.51,NC,0
2022.0,MISO,Solar,150.0,0,3.51,IL,0
2022.0,Southeast,Battery,197.0,0,3.51,NC,0
2022.0,Southeast,Solar,72.0,0,3.51,SC,0
2022.0,West,Hybrid,1000.0,0,3.51,AZ,0
2022.0,Southeast,Solar,75.0,0,3.51,SC,0
2022.0,Southeast,Solar,74.9,0,3.507,SC,0
2022.0,Southeast,Solar,74.9,0,3.507,SC,0
2022.0,Southeast,Solar,74.9,0,3.507,SC,0
2022.0,Southeast,Solar,80.0,0,3.507,NC,0
2022.0,Southeast,Hybrid,170.0,0,3.507,AL,0
2022.0,Southeast,Solar,80.0,0,3.507,NC,0
2022.0,Southeast,Solar,74.9,0,3.507,SC,0
2022.0,Southeast,Solar,60.0,0,3.507,SC,0
2022.0,SPP,Solar,100.0,2,2.686,KS,0
2022.0,Southeast,Solar,28.2,0,3.507,SC,0
2022.0,Southeast,Solar,54.0,0,3.507,SC,0
2022.0,Southeast,Solar,74.9,0,3.507,SC,0
2022.0,Southeast,Solar,73.0,0,3.507,NC,0
2022.0,Southeast,Solar,75.0,0,3.507,SC,0
2022.0,Southeast,Solar,74.9,0,3.507,SC,0
2022.0,Southeast,Solar,48.0,0,3.504,SC,0
2022.0,PJM,Solar,20.0,2,1.218,PA,0
2022.0,NYISO,Battery,103.0,2,0.747,NY,0
2022.0,ISO-NE,Battery,18.9,2,1.032,MA,0
2022.0,ERCOT,Solar,152.2,2,3.422,TX,0
2022.0,ERCOT,Other,431.3,2,1.5,TX,0
2022.0,ERCOT,Other,152.8,2,1.227,TX,0
2022.0,ERCOT,Battery,90.8,0,3.491,TX,0
2022.0,ERCOT,Battery,150.0,0,3.491,TX,0
2022.0,ERCOT,Battery,317.2,0,3.491,TX,0
2022.0,ERCOT,Solar,81.0,0,3.491,TX,0
2022.0,West,Hybrid,300.0,0,3.491,AZ,1
2022.0,PJM,Hybrid,120.0,0,3.491,OH,0
2022.0,ERCOT,Solar,120.6,0,3.491,TX,0
2022.0,ERCOT,Battery,135.2,0,3.491,TX,0
2022.0,ERCOT,Battery,150.0,0,3.491,TX,0
2022.0,Southeast,Solar,500.0,0,3.488,GA,0
2022.0,MISO,Gas,1005.0,0,3.485,MS,1
2022.0,MISO,Hybrid,100.0,0,3.485,LA,0
2022.0,West,Hybrid,550.0,0,3.485,CA,0
2022.0,West,Solar,200.0,0,3.485,WA,1
2022.0,Southeast,Battery,200.0,2,0.821,GA,1
2022.0,West,Hybrid,150.0,0,3.483,AZ,1
2022.0,SPP,Solar,200.0,2,2.661,KS,0
2022.0,PJM,Solar,19.8,0,3.474,PA,0
2022.0,Southeast,Hybrid,200.0,0,3.474,GA,0
2022.0,ISO-NE,Battery,95.0,2,0.802,MA,0
2022.0,MISO,Solar,200.0,2,2.65,LA,0
2022.0,MISO,Solar,250.0,0,3.469,LA,0
2022.0,MISO,Solar,200.0,0,3.469,AR,0
2022.0,MISO,Solar,300.0,2,1.32,AR,0
2022.0,MISO,Solar,400.0,0,3.469,AR,0
2022.0,MISO,Solar,300.0,0,3.469,AR,0
2022.0,SPP,Solar,350.0,2,1.317,TX,0
2022.0,West,Battery,150.0,0,3.466,AZ,0
2022.0,West,Battery,160.0,0,3.463,CA,0
2022.0,West,Gas,13.0,0,3.463,OR,0
2022.0,PJM,Solar,15.8,0,3.463,IL,0
2022.0,West,Solar,200.0,0,3.461,UT,1
2022.0,West,Battery,199.0,0,3.461,UT,1
2022.0,West,Battery,199.0,0,3.461,UT,1
2022.0,West,Solar,150.0,0,3.461,UT,1
2022.0,ERCOT,Other,63.2,2,1.251,TX,0
2022.0,ERCOT,Solar,514.0,0,3.458,TX,0
2022.0,ERCOT,Solar,30.2,0,3.455,TX,0
2022.0,ERCOT,Battery,75.4,0,3.455,TX,0
2022.0,ERCOT,Solar,308.9,0,3.455,TX,0
2022.0,ERCOT,Hybrid,100.4,0,3.455,TX,0
2022.0,ERCOT,Battery,154.2,0,3.455,TX,0
2022.0,ERCOT,Battery,25.1,0,3.455,TX,0
2022.0,ERCOT,Hybrid,25.3,0,3.455,TX,0
2022.0,ERCOT,Battery,203.8,0,3.455,TX,0
2022.0,ERCOT,Battery,120.0,0,3.455,TX,1
2022.0,Southeast,Solar,100.0,0,3.455,AL,0
2022.0,ERCOT,Gas,102.0,0,3.455,TX,0
2022.0,SPP,Solar,180.0,2,1.303,NE,0
2022.0,Southeast,Solar,150.0,0,3.45,GA,0
2022.0,Southeast,Solar,74.5,0,3.45,FL,0
2022.0,Southeast,Solar,74.5,0,3.45,FL,0
2022.0,Southeast,Solar,74.5,0,3.45,FL,0
2022.0,West,Hybrid,365.0,0,3.45,WY,0
2022.0,Southeast,Solar,74.5,0,3.45,FL,0
2022.0,Southeast,Solar,74.5,0,3.45,FL,0
2022.0,Southeast,Solar,74.5,0,3.45,FL,0
2022.0,Southeast,Solar,74.5,0,3.45,FL,0
2022.0,Southeast,Solar,74.5,0,3.45,FL,0
2022.0,MISO,Solar,264.6,2,1.265,LA,0
2022.0,Southeast,Gas,460.0,0,3.447,OK,0
2022.0,Southeast,Gas,460.0,0,3.447,OK,0
2022.0,Southeast,Gas,75.0,0,3.447,MO,0
2022.0,Southeast,Gas,460.0,0,3.447,MO,0
2022.0,SPP,Battery,80.0,2,1.292,OK,0
2022.0,NYISO,Battery,19.9,2,1.024,NY,0
2022.0,Southeast,Solar,140.0,0,3.444,TN,0
2022.0,Southeast,Hybrid,110.0,2,0.131,MS,0
2022.0,NYISO,Battery,19.9,2,1.276,NY,0
2022.0,ERCOT,Solar,204.1,2,1.851,TX,0
2022.0,ERCOT,Battery,71.8,2,3.368,TX,0
2022.0,ERCOT,Other,203.4,2,1.624,TX,0
2022.0,ERCOT,Battery,50.5,2,2.724,TX,0
2022.0,ERCOT,Solar,203.4,2,1.624,TX,0
2022.0,West,Other,250.0,0,3.436,CO,0
2022.0,West,Solar,250.0,0,3.436,SD,0
2022.0,ERCOT,Battery,155.3,0,3.436,TX,0
2022.0,West,Hybrid,200.0,0,3.436,CO,0
2022.0,NYISO,Battery,57.0,2,0.682,NY,0
2022.0,West,Battery,50.0,0,3.436,CO,0
2022.0,ERCOT,Hybrid,100.0,0,3.436,TX,0
2022.0,ERCOT,Hybrid,200.5,0,3.436,TX,0
2022.0,ERCOT,Battery,100.5,0,3.436,TX,1
2022.0,SPP,Solar,145.0,0,3.436,KS,0
2022.0,ERCOT,Battery,150.0,0,3.436,TX,0
2022.0,MISO,Other,479.0,0,3.433,ND,0
2022.0,PJM,Hybrid,100.0,0,3.433,IN,0
2022.0,Southeast,Hybrid,1400.0,2,0.928,IN,0
2022.0,PJM,Hybrid,64.8,0,3.433,KY,0
2022.0,PJM,Hybrid,125.0,0,3.433,IN,0
2022.0,PJM,Hybrid,200.0,2,3.198,IN,0
2022.0,MISO,Solar,30.0,0,3.431,IL,0
2022.0,ISO-NE,Solar,75.3,2,0.86,ME,0
2022.0,PJM,Solar,15.0,0,3.428,PA,0
2022.0,PJM,Solar,290.0,0,3.425,IN,0
2022.0,PJM,Battery,50.0,0,3.425,VA,0
2022.0,PJM,Solar,150.0,2,2.68,KY,0
2022.0,PJM,Battery,50.0,0,3.425,VA,0
2022.0,PJM,Battery,50.0,0,3.425,VA,0
2022.0,PJM,Battery,100.0,0,3.425,VA,0
2022.0,NYISO,Battery,62.5,2,0.663,NY,0
2022.0,West,Hybrid,1000.0,0,3.414,UT,0
2022.0,West,Other,600.0,0,3.414,OR,1
2022.0,PJM,Solar,49.9,0,3.409,OH,0
2022.0,ERCOT,Solar,160.6,2,1.432,TX,0
2022.0,PJM,Solar,49.9,0,3.409,OH,0
2022.0,ERCOT,Battery,47.3,2,3.373,TX,0
2022.0,ERCOT,Solar,61.9,2,1.333,TX,0
2022.0,ERCOT,Hybrid,100.7,0,3.406,TX,0
2022.0,SPP,Solar,85.0,2,1.254,SD,0
2022.0,SPP,Solar,150.0,2,1.254,SD,0
2022.0,ERCOT,Other,1232.0,0,3.406,TX,0
2022.0,ERCOT,Battery,203.8,0,3.406,TX,0
2022.0,ERCOT,Hybrid,65.0,0,3.406,TX,0
2022.0,ERCOT,Hybrid,88.0,0,3.406,TX,0
2022.0,ERCOT,Solar,702.6,0,3.406,TX,0
2022.0,ERCOT,Hybrid,150.0,0,3.406,TX,0
2022.0,ERCOT,Battery,150.0,0,3.406,TX,0
2022.0,ERCOT,Hybrid,508.0,0,3.406,TX,0
2022.0,West,Hybrid,150.0,0,3.395,CO,0
2022.0,Southeast,Solar,74.5,0,3.395,FL,0
2022.0,ISO-NE,Hybrid,205.0,2,2.012,ME,0
2022.0,NYISO,Solar,100.0,2,0.14,NY,0
2022.0,NYISO,Battery,20.0,2,0.553,NY,0
2022.0,ISO-NE,Battery,125.0,2,2.335,CT,0
2022.0,West,Other,600.0,0,3.389,NV,0
2022.0,SPP,Wind,250.0,2,2.568,SD,0
2022.0,SPP,Wind,250.0,2,1.303,SD,0
2022.0,NYISO,Battery,22.5,2,0.389,NY,0
2022.0,West,Hybrid,150.0,0,3.389,AZ,1
2022.0,SPP,Wind,250.0,2,1.303,SD,0
2022.0,West,Other,600.0,0,3.389,NV,1
2022.0,SPP,Solar,90.8,0,3.387,OK,0
2022.0,SPP,Solar,181.0,2,2.565,OK,0
2022.0,ISO-NE,Wind,1200.0,2,0.079,MA,0
2022.0,ERCOT,Other,150.5,2,2.338,TX,0
2022.0,ERCOT,Battery,108.4,0,3.379,TX,0
2022.0,NYISO,Battery,162.5,2,0.539,NY,0
2022.0,MISO,Other,33.0,0,3.379,WI,0
2022.0,ERCOT,Wind,19.9,1,1.867,TX,0
2022.0,PJM,Battery,24.0,2,3.058,PA,0
2022.0,MISO,Other,25.0,0,3.379,WI,0
2022.0,ERCOT,Battery,204.3,0,3.376,TX,0
2022.0,ERCOT,Hybrid,203.5,0,3.376,TX,0
2022.0,ERCOT,Battery,205.6,0,3.376,TX,0
2022.0,West,Hybrid,400.0,0,3.376,ID,0
2022.0,ERCOT,Gas,445.0,0,3.376,TX,0
2022.0,ERCOT,Battery,113.9,0,3.376,TX,0
2022.0,West,Hybrid,200.0,0,3.376,ID,0
2022.0,PJM,Battery,24.0,2,3.055,PA,0
2022.0,ISO-NE,Battery,157.9,2,1.791,MA,0
2022.0,West,Battery,100.0,0,3.373,CA,0
2022.0,Southeast,Solar,74.5,0,3.373,FL,0
2022.0,West,Hybrid,400.0,0,3.373,ID,0
2022.0,Southeast,Solar,74.5,0,3.373,FL,0
2022.0,West,Battery,650.0,0,3.37,OR,0
2022.0,West,Hybrid,1300.0,0,3.37,OR,0
2022.0,West,Hybrid,1300.0,0,3.37,OR,0
2022.0,West,Hybrid,1300.0,0,3.37,OR,0
2022.0,West,Battery,650.0,0,3.37,OR,0
2022.0,West,Battery,650.0,0,3.37,OR,0
2022.0,West,Other,1200.0,0,3.37,OR,0
2022.0,West,Hybrid,1300.0,0,3.37,OR,0
2022.0,West,Other,160.0,0,3.37,OR,0
2022.0,West,Battery,650.0,0,3.37,OR,0
2022.0,West,Hybrid,1300.0,0,3.37,OR,0
2022.0,ISO-NE,Solar,54.1,2,2.757,ME,0
2022.0,West,Other,160.0,0,3.37,OR,0
2022.0,MISO,Other,90.0,0,3.368,MI,0
2022.0,MISO,Other,90.0,0,3.368,MI,0
2022.0,PJM,Solar,14.0,0,3.368,PA,0
2022.0,ISO-NE,Hybrid,0.0,2,0.126,MA,0
2022.0,Southeast,Solar,80.0,0,3.362,AL,0
2022.0,West,Wind,200.0,0,3.357,SD,0
2022.0,Southeast,Solar,200.0,0,3.357,MS,0
2022.0,MISO,Solar,90.0,0,3.357,IL,0
2022.0,PJM,Hybrid,42.0,2,3.121,WV,0
2022.0,MISO,Battery,270.0,2,0.58,IL,1
2022.0,Southeast,Battery,200.0,0,3.354,AL,0
2022.0,MISO,Battery,100.0,0,3.351,MI,0
2022.0,MISO,Battery,150.0,0,3.351,MI,0
2022.0,Southeast,Solar,67.0,0,3.351,TN,0
2022.0,Southeast,Hybrid,80.0,0,3.348,AL,0
2022.0,Southeast,Hybrid,80.0,0,3.348,AL,0
2022.0,Southeast,Solar,200.0,0,3.348,GA,0
2022.0,PJM,Hybrid,7.0,2,2.012,OH,0
2022.0,Southeast,Hybrid,80.0,0,3.348,AL,0
2022.0,West,Hybrid,200.0,0,3.34,ID,0
2022.0,PJM,Hybrid,40.0,2,2.001,OH,0
2022.0,PJM,Hybrid,150.0,0,3.337,OH,0
2022.0,PJM,Solar,100.0,0,3.337,PA,0
2022.0,PJM,Battery,100.0,0,3.337,VA,0
2022.0,PJM,Solar,200.0,0,3.337,OH,0
2022.0,MISO,Solar,140.0,0,3.337,MI,0
2022.0,PJM,Solar,60.0,0,3.337,PA,0
2022.0,PJM,Solar,135.0,2,2.971,OH,0
2022.0,MISO,Battery,37.0,2,3.157,IL,0
2022.0,PJM,Hybrid,9.9,0,3.335,VA,0
2022.0,MISO,Solar,85.0,0,3.335,MI,0
2022.0,PJM,Hybrid,38.5,2,2.62,VA,0
2022.0,MISO,Solar,150.0,2,0.561,LA,0
2022.0,NYISO,Hybrid,20.0,2,0.663,NY,0
2022.0,NYISO,Hybrid,19.8,2,0.58,NY,0
2022.0,NYISO,Hybrid,20.0,2,0.663,NY,0
2022.0,PJM,Hybrid,85.0,0,3.335,OH,0
2022.0,NYISO,Battery,19.8,2,1.248,NY,0
2022.0,NYISO,Battery,19.8,2,0.58,NY,0
2022.0,NYISO,Battery,20.0,2,0.58,NY,0
2022.0,PJM,Battery,100.0,2,1.823,VA,0
2022.0,ERCOT,Battery,301.6,2,2.587,TX,0
2022.0,NYISO,Battery,45.7,2,0.578,NY,0
2022.0,ERCOT,Battery,36.8,2,3.296,TX,1
2022.0,MISO,Other,100.0,0,3.332,WI,0
2022.0,ERCOT,Battery,100.9,0,3.332,TX,0
2022.0,PJM,Wind,1310.0,0,3.332,NJ,0
2022.0,PJM,Wind,1310.0,0,3.332,NJ,0
2022.0,PJM,Wind,1310.0,0,3.332,NJ,0
2022.0,MISO,Gas,51.0,0,3.332,MN,0
2022.0,ERCOT,Battery,203.9,0,3.329,TX,0
2022.0,PJM,Hybrid,9.9,0,3.329,PA,0
2022.0,ERCOT,Solar,150.7,0,3.329,TX,0
2022.0,ERCOT,Hybrid,103.6,0,3.329,TX,0
2022.0,ERCOT,Hybrid,281.7,0,3.329,TX,0
2022.0,ERCOT,Solar,451.7,0,3.329,TX,0
2022.0,PJM,Hybrid,74.9,2,1.374,NC,0
2022.0,ERCOT,Battery,101.4,0,3.329,TX,0
2022.0,West,Gas,77.0,0,3.329,AZ,1
2022.0,ERCOT,Hybrid,205.4,0,3.329,TX,0
2022.0,Southeast,Solar,50.0,0,3.329,MS,0
2022.0,ERCOT,Hybrid,460.0,0,3.329,TX,0
2022.0,ERCOT,Hybrid,460.0,0,3.329,TX,0
2022.0,ERCOT,Battery,157.7,0,3.329,TX,0
2022.0,ERCOT,Battery,304.0,0,3.329,TX,0
2022.0,ERCOT,Battery,200.8,0,3.329,TX,0
2022.0,ERCOT,Hybrid,200.9,0,3.329,TX,0
2022.0,ERCOT,Solar,225.6,0,3.329,TX,0
2022.0,MISO,Solar,160.0,2,0.556,AR,0
2022.0,PJM,Hybrid,9.9,0,3.329,PA,0
2022.0,SPP,Battery,300.0,0,3.329,MO,0
2022.0,Southeast,Hybrid,50.0,2,1.139,AL,0
2022.0,Southeast,Hybrid,420.0,0,3.329,AL,0
2022.0,ERCOT,Solar,196.3,0,3.329,TX,0
2022.0,SPP,Solar,175.0,0,3.329,KS,0
2022.0,ERCOT,Solar,110.5,0,3.329,TX,0
2022.0,ERCOT,Battery,257.0,0,3.329,TX,0
2022.0,MISO,Solar,70.0,2,3.151,IL,0
2022.0,MISO,Hybrid,50.0,0,3.321,IA,0
2022.0,West,Hybrid,35.0,0,3.318,CA,0
2022.0,West,Hybrid,65.0,0,3.318,CA,0
2022.0,ISO-NE,Battery,10.0,2,0.257,MA,0
2022.0,MISO,Solar,130.0,0,3.318,MN,0
2022.0,West,Hybrid,50.0,0,3.318,CA,0
2022.0,West,Battery,60.0,0,3.318,CA,0
2022.0,West,Hybrid,400.0,0,3.318,WY,0
2022.0,PJM,Solar,28.8,0,3.318,IL,0
2022.0,PJM,Solar,70.0,2,3.121,WV,0
2022.0,West,Hybrid,50.0,0,3.318,CA,0
2022.0,PJM,Solar,60.0,2,3.121,WV,0
2022.0,West,Hybrid,65.0,0,3.318,MT,0
2022.0,PJM,Solar,37.6,0,3.318,NJ,0
2022.0,West,Hybrid,50.0,0,3.318,MT,0
2022.0,West,Hybrid,50.0,0,3.318,MT,0
2022.0,SPP,Wind,220.9,2,2.497,OK,0
2022.0,West,Hybrid,65.0,0,3.318,MT,0
2022.0,SPP,Solar,500.0,2,2.494,KS,0
2022.0,Southeast,Hybrid,80.0,2,0.159,AL,0
2022.0,Southeast,Hybrid,80.0,0,3.316,AL,0
2022.0,Southeast,Hybrid,45.0,2,1.018,VA,0
2022.0,Southeast,Hybrid,80.0,0,3.316,AL,0
2022.0,PJM,Solar,51.6,0,3.316,NJ,0
2022.0,PJM,Solar,5.8,0,3.316,NJ,0
2022.0,PJM,Battery,90.0,2,1.396,OH,0
2022.0,MISO,Solar,220.0,0,3.316,MI,0
2022.0,MISO,Hybrid,33.0,2,3.138,IN,0
2022.0,MISO,Hybrid,38.0,2,3.138,IN,0
2022.0,MISO,Hybrid,35.0,2,3.138,IN,0
2022.0,MISO,Hybrid,15.0,2,3.138,IN,0
2022.0,MISO,Hybrid,35.0,2,0.537,IN,0
2022.0,MISO,Hybrid,10.0,2,0.537,IN,0
2022.0,West,Solar,250.0,0,3.316,CA,0
2022.0,PJM,Hybrid,200.0,0,3.313,IN,0
2022.0,PJM,Solar,59.0,0,3.313,VA,0
2022.0,MISO,Hybrid,35.0,2,2.891,IL,0
2022.0,MISO,Solar,100.0,0,3.313,LA,0
2022.0,MISO,Other,4.0,0,3.313,MN,0
2022.0,PJM,Solar,22.0,2,2.598,VA,0
2022.0,MISO,Battery,200.0,0,3.313,MI,0
2022.0,MISO,Hybrid,35.0,2,3.135,KY,0
2022.0,MISO,Hybrid,30.0,2,3.135,KY,0
2022.0,MISO,Battery,200.0,0,3.313,MI,0
2022.0,MISO,Hybrid,40.0,2,3.135,IN,0
2022.0,PJM,Hybrid,300.0,2,2.24,NC,0
2022.0,MISO,Solar,450.0,0,3.313,MS,0
2022.0,MISO,Battery,125.0,2,2.913,IN,0
2022.0,PJM,Hybrid,200.0,2,1.358,VA,0
2022.0,PJM,Hybrid,4.5,0,3.313,PA,0
2022.0,MISO,Solar,10.0,0,3.313,IN,0
2022.0,PJM,Solar,10.0,0,3.313,VA,0
2022.0,PJM,Hybrid,83.0,0,3.313,KY,0
2022.0,PJM,Hybrid,50.0,0,3.313,KY,0
2022.0,PJM,Solar,125.0,0,3.313,VA,0
2022.0,PJM,Hybrid,5.0,0,3.313,PA,0
2022.0,PJM,Hybrid,4.5,0,3.313,PA,0
2022.0,West,Hybrid,270.0,0,3.313,CA,0
2022.0,PJM,Hybrid,49.9,0,3.31,OH,0
2022.0,PJM,Hybrid,10.0,2,3.258,PA,0
2022.0,PJM,Hybrid,7.1,2,3.258,PA,0
2022.0,MISO,Solar,180.0,2,3.132,IL,0
2022.0,PJM,Hybrid,8.3,2,3.258,PA,0
2022.0,PJM,Battery,230.0,0,3.31,IL,0
2022.0,PJM,Hybrid,20.0,0,3.31,PA,0
2022.0,PJM,Hybrid,9.8,2,3.258,PA,0
2022.0,PJM,Battery,250.0,0,3.31,IL,0
2022.0,PJM,Solar,164.0,0,3.31,IL,0
2022.0,PJM,Hybrid,19.9,0,3.31,PA,0
2022.0,PJM,Hybrid,100.0,0,3.31,OH,0
2022.0,PJM,Hybrid,10.0,2,3.258,PA,0
2022.0,PJM,Hybrid,19.5,0,3.31,OH,0
2022.0,PJM,Hybrid,118.0,0,3.31,IL,0
2022.0,PJM,Hybrid,150.0,2,2.595,NC,0
2022.0,PJM,Wind,200.0,0,3.31,OH,0
2022.0,PJM,Battery,250.0,0,3.31,OH,0
2022.0,PJM,Battery,150.0,0,3.31,MI,0
2022.0,PJM,Battery,300.0,2,1.525,PA,0
2022.0,PJM,Hybrid,85.0,0,3.31,KY,0
2022.0,PJM,Solar,7.5,2,0.994,PA,0
2022.0,PJM,Battery,100.0,2,2.502,PA,0
2022.0,PJM,Battery,110.0,0,3.31,IL,1
2022.0,PJM,Solar,1.4,0,3.31,PA,0
2022.0,PJM,Battery,170.0,0,3.31,IL,1
2022.0,PJM,Hybrid,35.0,0,3.31,KY,0
2022.0,PJM,Solar,10.0,2,0.994,PA,0
2022.0,PJM,Solar,64.0,0,3.31,IL,0
2022.0,PJM,Battery,200.0,2,2.234,OH,0
2022.0,PJM,Hybrid,100.0,0,3.31,PA,0
2022.0,PJM,Hybrid,10.0,2,3.258,PA,0
2022.0,PJM,Hybrid,10.0,2,3.258,PA,0
2022.0,PJM,Gas,40.0,0,3.31,WV,0
2022.0,PJM,Wind,200.0,0,3.31,IL,0
2022.0,PJM,Battery,110.0,0,3.31,MD,0
2022.0,PJM,Battery,130.0,0,3.31,PA,0
2022.0,PJM,Hybrid,80.0,0,3.31,VA,0
2022.0,PJM,Battery,280.0,0,3.31,NJ,0
2022.0,PJM,Battery,210.0,0,3.31,VA,0
2022.0,PJM,Battery,110.0,0,3.31,VA,0
2022.0,PJM,Battery,130.0,0,3.31,VA,0
2022.0,PJM,Battery,80.0,2,1.317,IL,1
2022.0,PJM,Battery,140.0,0,3.31,PA,0
2022.0,PJM,Hybrid,100.0,0,3.31,KY,0
2022.0,PJM,Battery,140.0,0,3.31,VA,0
2022.0,PJM,Solar,125.0,0,3.31,VA,0
2022.0,PJM,Hybrid,40.0,2,2.795,IN,0
2022.0,PJM,Solar,19.9,0,3.31,PA,0
2022.0,PJM,Battery,75.0,0,3.31,MD,0
2022.0,MISO,Other,400.0,0,3.31,IL,0
2022.0,MISO,Solar,120.0,2,2.891,TX,0
2022.0,MISO,Solar,200.0,0,3.31,AR,0
2022.0,MISO,Battery,200.0,2,3.132,IN,0
2022.0,PJM,Hybrid,10.0,2,3.258,PA,0
2022.0,ISO-NE,Battery,7.0,2,2.76,MA,0
2022.0,ISO-NE,Battery,4.9,2,2.76,MA,0
2022.0,PJM,Battery,75.0,0,3.31,MD,0
2022.0,MISO,Solar,100.0,0,3.31,IL,0
2022.0,ISO-NE,Hybrid,1.5,2,2.76,MA,0
2022.0,MISO,Solar,105.8,0,3.31,AR,0
2022.0,ISO-NE,Battery,5.0,2,2.76,MA,0
2022.0,MISO,Solar,105.0,2,0.528,MS,0
2022.0,MISO,Solar,200.0,0,3.31,LA,0
2022.0,MISO,Hybrid,100.0,2,2.891,MS,0
2022.0,MISO,Hybrid,150.0,2,2.891,LA,0
2022.0,MISO,Hybrid,130.0,2,2.891,MS,0
2022.0,ISO-NE,Battery,4.9,2,2.76,MA,0
2022.0,Southeast,Solar,110.5,0,3.31,GA,0
2022.0,PJM,Solar,54.4,2,2.943,IL,0
2022.0,PJM,Solar,10.0,2,0.994,PA,0
2022.0,PJM,Hybrid,20.0,2,2.795,MI,0
2022.0,PJM,Battery,80.0,2,2.943,IL,0
2022.0,PJM,Solar,14.8,0,3.31,OH,0
2022.0,Southeast,Solar,80.0,0,3.31,AL,0
2022.0,Southeast,Solar,150.0,2,0.799,AL,0
2022.0,MISO,Solar,42.0,0,3.31,KY,0
2022.0,PJM,Solar,155.0,0,3.31,NJ,0
2022.0,PJM,Other,450.0,2,2.585,WV,0
2022.0,PJM,Solar,300.0,0,3.307,VA,0
2022.0,PJM,Solar,16.0,0,3.307,IL,0
2022.0,PJM,Hybrid,17.0,0,3.307,PA,0
2022.0,PJM,Hybrid,250.0,0,3.307,IL,0
2022.0,PJM,Solar,100.0,0,3.307,IL,0
2022.0,PJM,Hybrid,100.0,0,3.307,IL,0
2022.0,MISO,Solar,64.5,2,0.534,AR,0
2022.0,PJM,Hybrid,20.0,0,3.307,PA,0
2022.0,PJM,Solar,53.2,0,3.307,OH,0
2022.0,PJM,Hybrid,20.0,0,3.307,PA,0
2022.0,MISO,Solar,90.0,2,2.886,AR,0
2022.0,PJM,Hybrid,68.0,0,3.307,WV,0
2022.0,PJM,Hybrid,182.0,0,3.307,PA,0
2022.0,PJM,Hybrid,174.0,0,3.307,PA,0
2022.0,PJM,Hybrid,5.0,2,3.255,PA,0
2022.0,PJM,Battery,300.0,2,0.2,IL,0
2022.0,PJM,Battery,300.0,2,0.2,IL,0
2022.0,PJM,Hybrid,20.0,0,3.307,PA,0
2022.0,MISO,Hybrid,200.0,2,0.433,ND,0
2022.0,PJM,Battery,300.0,2,0.197,IL,0
2022.0,MISO,Battery,300.0,2,3.124,MN,0
2022.0,MISO,Solar,165.0,2,2.883,LA,0
2022.0,MISO,Gas,13.4,0,3.302,MI,0
2022.0,MISO,Battery,300.0,0,3.302,IA,1
2022.0,MISO,Solar,200.0,2,3.124,IA,0
2022.0,MISO,Solar,95.0,2,3.124,MN,0
2022.0,MISO,Solar,150.0,2,2.88,MS,0
2022.0,MISO,Wind,300.0,0,3.302,IA,0
2022.0,MISO,Battery,50.0,2,2.88,WI,0
2022.0,MISO,Wind,300.0,2,3.124,IA,0
2022.0,MISO,Battery,100.0,2,0.537,IA,0
2022.0,MISO,Battery,200.0,2,3.124,IL,0
2022.0,MISO,Solar,200.0,2,3.124,IL,0
2022.0,MISO,Battery,200.0,2,0.528,IL,0
2022.0,MISO,Solar,100.0,2,0.528,MS,0
2022.0,MISO,Battery,250.0,2,0.528,IN,0
2022.0,MISO,Battery,300.0,2,3.124,IL,0
2022.0,MISO,Solar,50.0,0,3.302,WI,0
2022.0,MISO,Solar,300.0,0,3.302,WI,0
2022.0,MISO,Battery,100.0,0,3.302,MI,0
2022.0,MISO,Wind,200.0,2,3.124,IL,0
2022.0,MISO,Battery,125.0,2,3.124,WI,0
2022.0,MISO,Hybrid,70.0,2,2.883,MS,0
2022.0,MISO,Wind,145.0,2,0.528,ND,0
2022.0,MISO,Solar,300.0,2,3.124,WI,0
2022.0,MISO,Solar,150.0,0,3.302,LA,0
2022.0,MISO,Battery,50.0,2,2.883,LA,0
2022.0,MISO,Hybrid,45.0,2,3.124,KY,0
2022.0,MISO,Wind,252.0,0,3.302,IL,0
2022.0,MISO,Solar,50.0,2,2.88,AR,0
2022.0,MISO,Solar,200.0,2,2.88,LA,0
2022.0,West,Hybrid,125.0,0,3.302,CA,0
2022.0,MISO,Solar,58.0,2,0.528,AR,0
2022.0,MISO,Solar,78.5,2,0.528,AR,0
2022.0,MISO,Wind,150.0,2,2.88,WI,0
2022.0,MISO,Solar,105.8,0,3.302,AR,0
2022.0,MISO,Solar,150.0,2,2.88,AR,0
2022.0,MISO,Hybrid,40.0,2,2.88,WI,0
2022.0,MISO,Wind,226.0,2,3.124,IA,0
2022.0,MISO,Battery,115.0,2,2.88,WI,0
2022.0,MISO,Solar,160.0,2,2.88,WI,0
2022.0,MISO,Solar,50.0,0,3.302,MN,0
2022.0,MISO,Wind,130.0,2,3.124,IA,0
2022.0,MISO,Battery,250.0,2,3.124,IL,0
2022.0,MISO,Battery,100.0,2,0.528,IN,0
2022.0,MISO,Solar,375.0,0,3.299,AR,0
2022.0,MISO,Solar,80.0,2,0.526,LA,0
2022.0,MISO,Solar,50.0,2,3.121,IN,0
2022.0,MISO,Solar,165.0,0,3.299,MS,0
2022.0,MISO,Solar,200.0,2,3.121,IL,0
2022.0,MISO,Battery,150.0,2,2.877,AR,0
2022.0,MISO,Wind,150.0,2,3.121,IL,0
2022.0,MISO,Solar,225.0,0,3.299,MS,0
2022.0,MISO,Solar,50.0,2,3.121,IL,0
2022.0,MISO,Solar,147.0,0,3.299,MN,0
2022.0,MISO,Battery,100.0,2,0.528,AR,0
2022.0,MISO,Solar,150.0,2,0.526,AR,0
2022.0,MISO,Battery,200.0,2,3.121,IA,0
2022.0,MISO,Solar,140.0,0,3.299,AR,0
2022.0,MISO,Battery,70.0,2,0.526,MS,0
2022.0,MISO,Wind,150.0,2,3.121,IA,0
2022.0,MISO,Solar,375.0,0,3.299,AR,0
2022.0,MISO,Hybrid,50.0,2,3.121,IN,0
2022.0,MISO,Battery,150.0,2,0.526,MO,0
2022.0,MISO,Solar,125.0,2,3.102,MN,0
2022.0,MISO,Solar,375.0,0,3.299,AR,0
2022.0,MISO,Hybrid,50.0,2,3.121,IN,0
2022.0,MISO,Solar,150.0,2,0.526,AR,0
2022.0,MISO,Solar,195.0,2,0.526,MI,0
2022.0,MISO,Hybrid,200.0,2,2.88,MS,0
2022.0,MISO,Battery,75.0,2,2.877,LA,0
2022.0,MISO,Solar,150.0,2,3.121,IL,0
2022.0,MISO,Battery,150.0,2,3.121,IL,0
2022.0,MISO,Solar,80.0,2,2.877,LA,0
2022.0,MISO,Battery,200.0,2,2.834,LA,0
2022.0,MISO,Solar,200.0,0,3.299,LA,0
2022.0,MISO,Solar,300.0,2,2.877,AR,0
2022.0,MISO,Solar,150.0,0,3.299,MS,0
2022.0,MISO,Solar,100.0,2,2.88,MS,0
2022.0,MISO,Solar,100.0,0,3.299,AR,0
2022.0,MISO,Wind,145.0,2,3.121,IA,0
2022.0,MISO,Battery,175.0,2,0.528,LA,0
2022.0,MISO,Battery,150.0,0,3.299,WI,0
2022.0,MISO,Hybrid,50.0,2,3.121,IN,0
2022.0,MISO,Wind,300.0,2,3.066,ND,0
2022.0,MISO,Battery,90.0,2,3.121,IN,0
2022.0,MISO,Hybrid,100.0,2,2.877,LA,0
2022.0,MISO,Wind,200.0,2,3.066,ND,0
2022.0,MISO,Solar,75.0,2,2.877,AR,0
2022.0,MISO,Hybrid,125.0,2,2.877,LA,0
2022.0,MISO,Battery,300.0,0,3.299,WI,0
2022.0,MISO,Gas,262.7,0,3.299,LA,0
2022.0,MISO,Solar,200.0,2,3.121,IN,0
2022.0,MISO,Solar,200.0,2,2.88,LA,0
2022.0,MISO,Battery,100.0,2,2.877,LA,0
2022.0,MISO,Solar,200.0,0,3.299,MO,0
2022.0,MISO,Solar,150.0,2,3.121,MO,0
2022.0,MISO,Hybrid,100.0,2,2.88,MS,0
2022.0,MISO,Battery,100.0,2,3.121,IN,0
2022.0,MISO,Battery,140.0,2,0.528,LA,0
2022.0,MISO,Battery,50.0,2,2.88,MS,0
2022.0,MISO,Solar,365.0,0,3.299,AR,0
2022.0,MISO,Hybrid,300.0,2,3.121,IA,0
2022.0,MISO,Battery,100.0,2,0.528,AR,0
2022.0,MISO,Wind,150.0,0,3.299,ND,0
2022.0,MISO,Solar,150.0,0,3.299,MN,0
2022.0,MISO,Battery,75.0,2,3.121,KY,0
2022.0,MISO,Solar,200.0,0,3.299,MN,0
2022.0,MISO,Battery,100.0,2,0.528,AR,0
2022.0,MISO,Battery,400.0,0,3.299,IN,0
2022.0,MISO,Solar,200.0,0,3.299,MN,0
2022.0,MISO,Solar,150.0,2,2.877,AR,0
2022.0,MISO,Battery,100.0,2,0.526,MO,0
2022.0,MISO,Solar,150.0,2,2.88,AR,0
2022.0,MISO,Hybrid,100.0,2,3.121,IN,0
2022.0,MISO,Hybrid,150.0,2,2.877,MS,0
2022.0,MISO,Solar,100.0,0,3.299,MN,0
2022.0,MISO,Solar,200.0,0,3.299,IL,0
2022.0,MISO,Battery,50.0,2,0.528,AR,0
2022.0,MISO,Solar,61.0,2,0.526,AR,0
2022.0,MISO,Solar,80.0,0,3.299,WI,0
2022.0,MISO,Solar,100.0,2,2.88,LA,0
2022.0,MISO,Hybrid,200.0,2,2.877,LA,0
2022.0,MISO,Solar,250.0,2,2.877,LA,0
2022.0,MISO,Battery,200.0,2,3.066,ND,0
2022.0,MISO,Solar,200.0,2,0.526,LA,0
2022.0,MISO,Solar,170.0,2,0.526,AR,0
2022.0,MISO,Solar,600.0,0,3.299,LA,0
2022.0,MISO,Solar,200.0,0,3.299,WI,0
2022.0,MISO,Solar,105.0,2,2.88,LA,0
2022.0,MISO,Solar,180.0,0,3.299,MI,0
2022.0,MISO,Solar,600.0,0,3.299,AR,0
2022.0,MISO,Solar,150.0,2,3.121,IL,0
2022.0,MISO,Battery,140.0,2,0.528,LA,0
2022.0,MISO,Battery,100.0,2,2.88,MI,1
2022.0,MISO,Battery,110.0,0,3.296,IL,0
2022.0,MISO,Battery,80.0,0,3.296,IL,0
2022.0,MISO,Solar,300.0,0,3.296,IL,0
2022.0,MISO,Battery,100.0,2,2.875,WI,0
2022.0,MISO,Battery,250.0,2,0.479,IL,0
2022.0,MISO,Solar,210.0,0,3.296,IA,0
2022.0,MISO,Solar,220.0,0,3.296,IL,0
2022.0,MISO,Solar,200.0,0,3.296,MI,0
2022.0,MISO,Battery,300.0,2,0.493,IL,0
2022.0,MISO,Solar,398.0,2,3.118,IL,0
2022.0,MISO,Battery,75.0,0,3.296,MN,0
2022.0,MISO,Solar,150.0,0,3.296,MI,0
2022.0,MISO,Solar,200.0,0,3.296,MI,0
2022.0,MISO,Solar,225.0,2,2.875,LA,0
2022.0,MISO,Solar,40.0,2,2.88,MI,0
2022.0,MISO,Solar,200.0,0,3.296,MI,0
2022.0,MISO,Solar,170.0,0,3.296,MI,0
2022.0,MISO,Solar,200.0,2,2.88,MI,0
2022.0,MISO,Solar,225.0,0,3.296,MI,0
2022.0,MISO,Solar,225.0,0,3.296,MI,0
2022.0,MISO,Battery,130.0,0,3.296,IN,0
2022.0,MISO,Solar,200.0,0,3.296,MI,0
2022.0,MISO,Solar,150.0,2,2.88,MI,0
2022.0,MISO,Wind,185.0,2,3.118,SD,0
2022.0,MISO,Solar,43.0,2,3.118,IN,0
2022.0,MISO,Solar,200.0,2,2.877,LA,0
2022.0,MISO,Solar,223.0,0,3.296,MI,0
2022.0,MISO,Solar,140.0,0,3.296,MI,0
2022.0,MISO,Battery,75.0,2,0.523,MO,0
2022.0,MISO,Solar,120.0,2,2.877,MS,0
2022.0,MISO,Solar,150.0,2,0.523,MS,0
2022.0,MISO,Solar,133.0,0,3.296,IL,0
2022.0,MISO,Hybrid,150.0,2,2.877,MS,0
2022.0,MISO,Hybrid,100.0,2,3.118,IN,0
2022.0,MISO,Hybrid,140.0,0,3.296,MO,0
2022.0,MISO,Hybrid,198.0,2,3.118,MN,0
2022.0,MISO,Solar,245.0,2,3.118,MN,0
2022.0,MISO,Solar,250.0,0,3.296,MS,1
2022.0,MISO,Solar,175.0,0,3.296,TX,0
2022.0,MISO,Solar,160.0,0,3.296,MN,0
2022.0,MISO,Solar,215.0,0,3.296,MI,0
2022.0,MISO,Battery,450.0,2,0.523,MN,0
2022.0,MISO,Battery,100.0,2,3.118,IL,0
2022.0,MISO,Solar,125.0,2,2.877,AR,0
2022.0,MISO,Solar,107.0,2,2.877,AR,0
2022.0,MISO,Solar,150.0,0,3.296,MI,0
2022.0,MISO,Solar,175.0,0,3.296,MI,0
2022.0,MISO,Solar,200.0,0,3.296,MI,0
2022.0,MISO,Solar,200.0,0,3.296,MI,0
2022.0,MISO,Battery,80.0,0,3.296,MN,0
2022.0,MISO,Hybrid,150.0,0,3.296,AR,0
2022.0,MISO,Solar,125.0,0,3.296,AR,0
2022.0,MISO,Hybrid,410.0,2,2.877,LA,0
2022.0,MISO,Battery,150.0,2,2.875,MN,0
2022.0,MISO,Battery,200.0,0,3.296,SD,0
2022.0,MISO,Battery,200.0,0,3.296,KY,0
2022.0,MISO,Battery,50.0,2,2.88,MI,0
2022.0,MISO,Solar,200.0,0,3.296,WI,0
2022.0,MISO,Solar,130.0,2,2.877,MS,0
2022.0,MISO,Hybrid,18.9,2,3.118,IN,0
2022.0,MISO,Solar,100.0,2,0.523,MI,0
2022.0,MISO,Solar,100.0,0,3.296,IL,0
2022.0,MISO,Solar,100.0,0,3.296,MI,0
2022.0,MISO,Battery,100.0,2,0.523,IA,0
2022.0,MISO,Solar,210.0,0,3.296,IA,0
2022.0,MISO,Solar,140.0,0,3.296,MI,0
2022.0,MISO,Solar,265.0,0,3.296,IL,0
2022.0,MISO,Solar,200.0,0,3.296,IN,0
2022.0,MISO,Solar,200.0,2,3.118,IN,0
2022.0,MISO,Hybrid,172.0,2,2.877,AR,0
2022.0,MISO,Solar,100.0,2,2.877,LA,0
2022.0,MISO,Hybrid,236.0,2,1.394,IN,0
2022.0,MISO,Solar,50.0,2,2.88,MI,0
2022.0,MISO,Hybrid,110.0,2,2.877,LA,0
2022.0,MISO,Battery,300.0,0,3.296,IL,0
2022.0,MISO,Hybrid,50.0,2,2.875,WI,0
2022.0,MISO,Battery,130.0,2,2.877,LA,0
2022.0,MISO,Wind,500.0,2,2.877,MS,0
2022.0,MISO,Solar,250.0,0,3.296,IL,0
2022.0,MISO,Hybrid,100.0,0,3.296,MS,0
2022.0,MISO,Battery,100.0,2,0.526,AR,0
2022.0,MISO,Solar,70.0,2,3.118,IL,0
2022.0,MISO,Solar,162.0,0,3.296,LA,0
2022.0,MISO,Solar,120.0,0,3.296,LA,0
2022.0,MISO,Battery,300.0,0,3.296,MN,0
2022.0,MISO,Hybrid,276.0,2,2.877,LA,0
2022.0,MISO,Solar,300.0,0,3.296,AR,0
2022.0,MISO,Solar,100.0,0,3.296,MI,0
2022.0,MISO,Solar,200.0,0,3.296,MI,0
2022.0,MISO,Solar,200.0,0,3.296,MI,0
2022.0,MISO,Battery,500.0,2,3.118,IN,0
2022.0,MISO,Solar,200.0,2,0.523,MI,0
2022.0,MISO,Battery,140.0,2,0.526,LA,0
2022.0,MISO,Solar,125.0,0,3.296,MI,0
2022.0,MISO,Solar,150.0,2,0.523,MN,0
2022.0,MISO,Solar,100.0,2,2.88,MI,0
2022.0,MISO,Solar,184.0,2,2.88,MI,0
2022.0,MISO,Solar,178.0,2,0.523,MI,0
2022.0,MISO,Battery,100.0,2,0.526,LA,0
2022.0,MISO,Solar,234.0,2,3.118,IN,0
2022.0,MISO,Solar,150.0,2,0.523,MI,0
2022.0,MISO,Solar,220.0,0,3.296,MI,0
2022.0,MISO,Solar,47.6,2,3.118,IL,0
2022.0,MISO,Solar,550.0,0,3.296,AR,0
2022.0,MISO,Solar,100.0,2,2.88,MI,0
2022.0,MISO,Solar,100.8,2,3.118,IL,0
2022.0,MISO,Solar,100.0,0,3.296,LA,0
2022.0,MISO,Battery,100.0,2,0.211,IL,0
2022.0,MISO,Battery,100.0,2,2.877,AR,0
2022.0,MISO,Battery,100.0,2,2.877,AR,0
2022.0,MISO,Battery,100.0,2,2.877,AR,0
2022.0,MISO,Solar,500.0,0,3.296,LA,0
2022.0,MISO,Hybrid,100.0,0,3.296,AR,0
2022.0,MISO,Solar,170.0,2,2.877,LA,0
2022.0,MISO,Solar,58.1,2,2.877,LA,0
2022.0,MISO,Wind,500.0,2,2.877,MS,0
2022.0,MISO,Battery,150.0,0,3.296,MI,0
2022.0,MISO,Solar,500.0,2,2.877,LA,0
2022.0,MISO,Solar,500.0,0,3.296,LA,0
2022.0,MISO,Solar,228.0,2,0.523,IN,0
2022.0,MISO,Solar,100.0,2,2.88,MI,0
2022.0,MISO,Solar,122.0,2,3.118,IN,0
2022.0,MISO,Solar,75.0,2,3.118,IN,0
2022.0,MISO,Solar,105.0,0,3.296,LA,0
2022.0,MISO,Battery,200.0,2,0.493,IL,0
2022.0,MISO,Other,500.0,2,2.877,MS,0
2022.0,MISO,Battery,200.0,2,3.118,IN,0
2022.0,MISO,Solar,179.0,2,2.875,LA,0
2022.0,MISO,Hybrid,115.0,0,3.296,MO,0
2022.0,MISO,Solar,200.0,2,2.875,LA,0
2022.0,MISO,Battery,100.0,2,3.118,KY,0
2022.0,MISO,Battery,200.0,0,3.296,IL,0
2022.0,MISO,Solar,250.0,0,3.296,LA,0
2022.0,MISO,Wind,300.0,0,3.296,IA,0
2022.0,MISO,Wind,250.0,2,3.118,ND,0
2022.0,MISO,Solar,100.0,0,3.296,KY,0
2022.0,MISO,Wind,250.0,2,3.118,ND,0
2022.0,MISO,Solar,200.0,0,3.296,LA,0
2022.0,MISO,Wind,175.0,2,0.523,IA,0
2022.0,MISO,Solar,200.0,2,2.877,LA,0
2022.0,MISO,Battery,170.0,2,3.118,IN,0
2022.0,MISO,Battery,140.0,2,0.526,LA,0
2022.0,MISO,Solar,100.0,2,2.877,LA,0
2022.0,MISO,Solar,120.0,2,2.877,TX,0
2022.0,MISO,Solar,125.0,0,3.296,MS,0
2022.0,MISO,Solar,250.0,0,3.296,AR,0
2022.0,MISO,Solar,100.0,2,2.875,MS,0
2022.0,MISO,Solar,500.0,0,3.296,AR,0
2022.0,MISO,Solar,200.0,0,3.296,LA,0
2022.0,MISO,Solar,300.0,2,2.877,LA,0
2022.0,MISO,Solar,85.0,2,2.877,AR,0
2022.0,MISO,Battery,140.0,2,3.118,IN,0
2022.0,MISO,Solar,173.0,2,3.118,IN,0
2022.0,MISO,Solar,220.0,2,3.118,IN,0
2022.0,MISO,Battery,100.0,2,3.118,IN,0
2022.0,MISO,Solar,300.0,2,2.877,AR,0
2022.0,MISO,Solar,300.0,2,2.877,AR,0
2022.0,MISO,Solar,50.0,2,3.118,MO,0
2022.0,MISO,Solar,200.0,2,2.88,MI,0
2022.0,MISO,Battery,150.0,2,2.875,AR,0
2022.0,MISO,Solar,198.0,2,3.118,IN,0
2022.0,MISO,Solar,200.0,2,2.875,MS,0
2022.0,MISO,Solar,150.0,0,3.296,MS,0
2022.0,MISO,Battery,100.0,2,2.916,IN,0
2022.0,MISO,Wind,249.0,2,3.118,IN,0
2022.0,MISO,Battery,300.0,2,3.118,IL,0
2022.0,MISO,Hybrid,140.0,2,2.877,MS,0
2022.0,MISO,Battery,150.0,0,3.296,MN,0
2022.0,MISO,Solar,250.0,2,3.118,IN,0
2022.0,MISO,Wind,180.0,0,3.296,IN,0
2022.0,MISO,Solar,164.0,2,2.877,AR,0
2022.0,MISO,Solar,100.0,0,3.296,AR,0
2022.0,MISO,Other,3.0,0,3.296,MN,0
2022.0,MISO,Battery,150.0,2,2.875,AR,0
2022.0,MISO,Solar,100.0,2,2.875,MS,0
2022.0,MISO,Solar,60.0,2,0.523,MN,0
2022.0,MISO,Solar,200.0,2,2.875,TX,0
2022.0,MISO,Battery,400.0,2,0.523,AR,0
2022.0,MISO,Solar,80.0,2,3.118,IA,0
2022.0,MISO,Hybrid,185.0,2,3.118,IA,0
2022.0,MISO,Hybrid,100.0,2,2.875,LA,0
2022.0,ERCOT,Battery,100.8,0,3.296,TX,0
2022.0,MISO,Wind,194.0,2,3.118,IA,0
2022.0,MISO,Solar,80.0,2,2.875,MS,0
2022.0,MISO,Battery,200.0,2,0.526,AR,0
2022.0,MISO,Battery,200.0,2,2.875,WI,0
2022.0,MISO,Solar,188.0,2,3.118,MN,0
2022.0,MISO,Solar,131.0,2,3.118,IA,0
2022.0,MISO,Wind,109.0,2,3.118,IL,0
2022.0,MISO,Solar,300.0,0,3.296,AR,0
2022.0,MISO,Solar,235.0,0,3.296,MN,0
2022.0,ERCOT,Battery,201.1,2,3.201,TX,0
2022.0,MISO,Battery,400.0,2,0.523,IA,0
2022.0,MISO,Hybrid,100.0,0,3.296,MS,0
2022.0,MISO,Hybrid,200.0,0,3.296,AR,0
2022.0,MISO,Hybrid,140.0,0,3.296,MO,0
2022.0,MISO,Solar,150.0,0,3.296,IN,0
2022.0,MISO,Battery,204.6,2,0.523,TX,0
2022.0,MISO,Battery,253.0,2,0.523,TX,0
2022.0,MISO,Solar,150.0,0,3.296,IN,0
2022.0,MISO,Solar,26.0,2,2.88,MI,0
2022.0,MISO,Solar,80.0,2,2.88,MI,0
2022.0,ERCOT,Wind,304.6,0,3.296,TX,0
2022.0,MISO,Solar,200.0,2,3.118,IN,0
2022.0,MISO,Solar,50.0,2,3.118,IN,0
2022.0,MISO,Solar,195.0,0,3.296,IL,0
2022.0,MISO,Hybrid,120.0,2,0.531,MS,0
2022.0,MISO,Battery,175.0,2,2.877,LA,0
2022.0,MISO,Wind,190.0,0,3.296,WI,0
2022.0,MISO,Solar,220.0,2,2.875,AR,0
2022.0,ERCOT,Wind,200.2,0,3.296,TX,0
2022.0,MISO,Battery,140.0,2,0.526,LA,0
2022.0,MISO,Solar,50.0,2,3.118,MO,0
2022.0,MISO,Solar,50.0,2,3.118,IL,0
2022.0,MISO,Solar,35.0,0,3.296,IL,0
2022.0,MISO,Solar,300.0,0,3.296,TX,0
2022.0,MISO,Solar,200.0,2,3.118,IL,0
2022.0,ERCOT,Wind,101.5,0,3.296,TX,0
2022.0,ERCOT,Wind,100.5,0,3.296,TX,0
2022.0,MISO,Solar,160.0,0,3.296,MS,0
2022.0,MISO,Battery,200.0,2,3.118,IL,0
2022.0,MISO,Battery,80.0,2,0.523,MS,0
2022.0,MISO,Hybrid,450.0,0,3.296,AR,0
2022.0,MISO,Battery,200.0,0,3.296,IL,0
2022.0,MISO,Battery,100.0,0,3.296,MN,0
2022.0,MISO,Solar,500.0,2,2.877,LA,0
2022.0,MISO,Gas,300.0,2,2.88,MI,0
2022.0,ERCOT,Wind,100.5,0,3.296,TX,0
2022.0,MISO,Hybrid,300.0,0,3.296,IL,0
2022.0,MISO,Battery,100.0,0,3.296,IA,0
2022.0,MISO,Battery,100.0,0,3.296,IA,0
2022.0,MISO,Battery,100.0,0,3.296,WI,0
2022.0,MISO,Battery,100.0,2,2.875,WI,0
2022.0,MISO,Solar,148.0,2,2.875,MS,0
2022.0,MISO,Battery,100.0,2,3.118,IN,0
2022.0,MISO,Battery,100.0,0,3.296,WI,0
2022.0,MISO,Battery,100.0,2,2.875,AR,0
2022.0,MISO,Solar,100.0,0,3.296,KY,0
2022.0,MISO,Battery,100.0,0,3.296,IN,0
2022.0,MISO,Battery,120.0,0,3.296,MI,0
2022.0,MISO,Hybrid,100.0,0,3.296,MS,0
2022.0,MISO,Solar,120.0,0,3.296,IN,0
2022.0,MISO,Battery,200.0,0,3.296,TX,0
2022.0,MISO,Solar,300.0,2,2.875,AR,0
2022.0,MISO,Wind,165.0,2,3.118,MN,0
2022.0,MISO,Battery,50.0,0,3.296,IN,0
2022.0,MISO,Hybrid,115.0,2,2.875,MS,0
2022.0,MISO,Solar,287.0,0,3.296,IL,0
2022.0,MISO,Hybrid,180.0,2,2.877,LA,0
2022.0,MISO,Solar,400.0,2,2.877,LA,0
2022.0,MISO,Battery,100.0,2,3.118,IL,0
2022.0,MISO,Solar,60.0,2,3.118,IN,0
2022.0,ERCOT,Battery,200.8,0,3.296,TX,1
2022.0,MISO,Hybrid,450.0,0,3.296,LA,0
2022.0,MISO,Battery,80.0,2,3.118,IN,0
2022.0,MISO,Solar,100.0,2,2.877,MS,0
2022.0,MISO,Solar,30.0,2,3.118,MO,0
2022.0,MISO,Solar,35.0,0,3.296,IL,0
2022.0,MISO,Battery,115.0,2,3.118,WI,0
2022.0,MISO,Battery,200.0,0,3.296,IL,0
2022.0,MISO,Wind,303.0,2,0.517,TX,0
2022.0,MISO,Solar,200.0,2,0.531,AR,0
2022.0,MISO,Battery,160.0,0,3.296,MI,0
2022.0,MISO,Solar,200.0,0,3.296,IN,0
2022.0,MISO,Solar,200.0,2,2.875,MS,0
2022.0,MISO,Battery,200.0,0,3.296,MI,0
2022.0,MISO,Hybrid,440.0,2,2.877,LA,0
2022.0,MISO,Wind,289.0,2,3.118,MN,0
2022.0,MISO,Solar,120.0,0,3.296,MI,0
2022.0,MISO,Solar,22.8,2,3.118,IN,0
2022.0,MISO,Wind,200.0,0,3.296,IL,0
2022.0,MISO,Battery,200.0,0,3.296,MI,1
2022.0,MISO,Wind,200.0,0,3.296,IA,0
2022.0,MISO,Wind,200.0,0,3.296,IA,0
2022.0,MISO,Hybrid,250.0,0,3.296,LA,0
2022.0,MISO,Battery,150.0,2,0.523,TX,0
2022.0,MISO,Hybrid,200.0,0,3.296,AR,0
2022.0,MISO,Wind,175.0,0,3.296,IA,0
2022.0,MISO,Battery,80.0,2,0.523,ND,0
2022.0,MISO,Hybrid,100.0,2,3.118,IL,0
2022.0,MISO,Battery,75.0,2,3.118,KY,0
2022.0,MISO,Solar,80.0,0,3.296,LA,0
2022.0,MISO,Solar,200.0,2,0.523,KY,0
2022.0,MISO,Wind,200.0,0,3.296,KY,0
2022.0,MISO,Solar,400.0,0,3.296,KY,0
2022.0,MISO,Battery,100.0,2,0.523,KY,0
2022.0,MISO,Solar,200.0,2,0.523,MI,0
2022.0,MISO,Solar,200.0,2,2.88,MI,0
2022.0,MISO,Solar,200.0,2,2.88,MI,0
2022.0,MISO,Hybrid,400.0,2,2.877,TX,0
2022.0,MISO,Solar,100.0,0,3.296,TX,0
2022.0,MISO,Battery,300.0,2,0.523,IA,0
2022.0,MISO,Solar,150.0,2,2.877,MS,0
2022.0,MISO,Solar,100.0,2,0.523,MS,0
2022.0,MISO,Solar,100.0,2,0.523,AR,0
2022.0,MISO,Battery,140.0,2,0.526,LA,0
2022.0,MISO,Battery,100.0,0,3.296,IA,0
2022.0,MISO,Solar,100.0,0,3.296,AR,0
2022.0,MISO,Solar,200.0,2,3.118,KY,0
2022.0,MISO,Solar,150.0,2,3.118,SD,0
2022.0,MISO,Solar,100.0,2,0.531,AR,0
2022.0,ERCOT,Wind,305.0,0,3.296,TX,0
2022.0,MISO,Solar,75.0,2,2.88,MI,0
2022.0,MISO,Solar,97.0,0,3.296,IL,0
2022.0,MISO,Wind,142.6,2,3.118,IN,0
2022.0,MISO,Solar,85.0,2,2.875,MS,0
2022.0,MISO,Hybrid,400.0,0,3.296,IL,0
2022.0,MISO,Solar,250.0,0,3.296,IL,0
2022.0,MISO,Solar,75.0,2,2.875,LA,0
2022.0,MISO,Hybrid,150.0,2,3.118,IN,0
2022.0,ERCOT,Solar,233.4,0,3.296,TX,0
2022.0,MISO,Solar,250.0,0,3.294,MS,0
2022.0,MISO,Other,500.0,0,3.294,IL,0
2022.0,MISO,Other,250.0,0,3.294,MO,0
2022.0,MISO,Other,500.0,2,3.116,IL,0
2022.0,MISO,Hybrid,180.0,0,3.294,IL,0
2022.0,MISO,Hybrid,142.0,0,3.294,IL,0
2022.0,MISO,Wind,153.0,2,3.222,MN,0
2022.0,MISO,Hybrid,130.0,2,2.875,TX,0
2022.0,MISO,Hybrid,288.0,0,3.294,MN,0
2022.0,MISO,Battery,50.0,2,2.875,AR,0
2022.0,MISO,Battery,50.0,2,2.875,AR,0
2022.0,MISO,Solar,280.0,0,3.294,LA,0
2022.0,MISO,Solar,500.0,0,3.294,AR,0
2022.0,MISO,Hybrid,150.0,2,3.116,IL,0
2022.0,MISO,Hybrid,500.0,0,3.294,IL,0
2022.0,MISO,Solar,20.0,0,3.294,MI,0
2022.0,MISO,Solar,100.0,0,3.294,AR,0
2022.0,MISO,Hybrid,180.0,2,2.872,MS,0
2022.0,MISO,Hybrid,500.0,2,0.52,MO,0
2022.0,MISO,Solar,394.5,2,2.872,AR,0
2022.0,MISO,Wind,200.0,0,3.294,AR,0
2022.0,MISO,Hybrid,400.0,2,2.872,MS,0
2022.0,MISO,Hybrid,500.0,2,0.52,MO,0
2022.0,MISO,Solar,199.0,2,2.924,IL,0
2022.0,MISO,Other,20.0,2,0.742,MS,0
2022.0,MISO,Hybrid,135.0,0,3.294,IL,0
2022.0,MISO,Hybrid,250.0,2,0.52,AR,0
2022.0,MISO,Hybrid,115.0,2,3.116,IN,0
2022.0,MISO,Solar,160.0,0,3.294,LA,0
2022.0,MISO,Battery,100.0,0,3.294,MS,0
2022.0,MISO,Battery,197.0,2,3.116,MN,0
2022.0,MISO,Battery,170.0,0,3.294,IA,1
2022.0,MISO,Solar,160.0,2,0.52,AR,0
2022.0,MISO,Gas,696.0,2,3.116,KY,0
2022.0,MISO,Hybrid,120.0,0,3.294,AR,0
2022.0,MISO,Battery,170.0,0,3.294,IA,1
2022.0,MISO,Hybrid,400.0,2,2.872,AR,0
2022.0,MISO,Hybrid,100.0,0,3.294,AR,0
2022.0,MISO,Hybrid,100.0,2,3.116,MO,0
2022.0,MISO,Solar,300.0,2,3.116,IL,0
2022.0,MISO,Battery,150.0,0,3.294,IL,0
2022.0,MISO,Hybrid,50.0,2,0.52,IN,0
2022.0,MISO,Hybrid,200.0,0,3.294,AR,0
2022.0,MISO,Battery,250.0,0,3.294,MI,0
2022.0,MISO,Hybrid,350.0,2,0.225,IN,0
2022.0,MISO,Solar,100.0,2,2.856,AR,0
2022.0,MISO,Solar,250.0,2,2.856,AR,0
2022.0,MISO,Solar,100.0,2,2.856,LA,0
2022.0,MISO,Hybrid,160.0,0,3.294,LA,0
2022.0,MISO,Hybrid,200.0,2,2.872,AR,0
2022.0,MISO,Hybrid,200.0,2,2.872,AR,0
2022.0,MISO,Hybrid,216.0,2,2.872,MS,0
2022.0,MISO,Battery,50.0,2,0.52,LA,0
2022.0,MISO,Solar,52.0,2,0.52,IL,0
2022.0,MISO,Hybrid,300.0,2,0.225,IN,0
2022.0,MISO,Hybrid,100.0,0,3.294,AR,0
2022.0,MISO,Solar,100.0,2,2.875,AR,0
2022.0,MISO,Solar,180.0,0,3.294,IL,0
2022.0,MISO,Battery,150.0,2,0.517,IL,0
2022.0,MISO,Hybrid,100.0,2,2.872,MS,0
2022.0,MISO,Hybrid,100.0,2,2.872,AR,0
2022.0,MISO,Solar,200.0,2,3.116,IL,0
2022.0,MISO,Solar,175.0,0,3.294,MI,0
2022.0,MISO,Hybrid,75.0,2,2.872,LA,0
2022.0,MISO,Solar,150.0,2,0.52,MO,0
2022.0,MISO,Solar,169.0,0,3.294,MS,0
2022.0,MISO,Solar,500.0,2,0.46,AR,0
2022.0,MISO,Solar,150.0,0,3.294,MI,0
2022.0,MISO,Solar,200.0,2,3.116,IL,0
2022.0,MISO,Solar,188.0,0,3.294,MS,0
2022.0,MISO,Solar,300.0,2,2.872,AR,0
2022.0,MISO,Gas,263.0,0,3.294,IA,0
2022.0,MISO,Wind,150.0,0,3.294,IA,0
2022.0,MISO,Hybrid,300.0,2,3.116,IN,0
2022.0,MISO,Solar,150.0,0,3.294,LA,0
2022.0,MISO,Solar,105.0,2,2.875,AR,0
2022.0,MISO,Battery,143.0,0,3.294,IL,0
2022.0,MISO,Battery,138.0,0,3.294,IN,0
2022.0,MISO,Solar,157.0,0,3.294,IL,0
2022.0,MISO,Solar,50.0,0,3.294,MI,0
2022.0,MISO,Battery,150.0,2,0.517,IL,0
2022.0,MISO,Solar,200.0,2,3.116,IL,0
2022.0,MISO,Solar,250.0,0,3.294,IL,0
2022.0,MISO,Solar,75.0,2,3.116,MO,0
2022.0,MISO,Battery,200.0,0,3.294,IN,0
2022.0,MISO,Solar,200.0,2,3.116,IN,0
2022.0,MISO,Hybrid,347.0,2,2.869,ND,0
2022.0,MISO,Solar,100.0,2,2.872,LA,0
2022.0,MISO,Hybrid,135.0,0,3.294,LA,0
2022.0,MISO,Hybrid,200.0,0,3.294,IL,0
2022.0,MISO,Hybrid,250.0,0,3.294,IN,0
2022.0,MISO,Hybrid,500.0,0,3.294,IL,0
2022.0,MISO,Hybrid,560.0,0,3.294,IN,0
2022.0,MISO,Solar,250.0,0,3.294,IL,0
2022.0,MISO,Hybrid,140.0,2,2.872,AR,0
2022.0,MISO,Wind,100.0,0,3.294,ND,0
2022.0,MISO,Hybrid,110.0,2,2.872,LA,0
2022.0,MISO,Battery,80.0,2,0.52,AR,0
2022.0,MISO,Battery,40.0,2,0.52,AR,0
2022.0,MISO,Solar,500.0,2,2.875,LA,0
2022.0,MISO,Battery,160.0,2,2.875,MS,0
2022.0,MISO,Solar,100.0,2,2.875,LA,0
2022.0,MISO,Solar,250.0,2,2.875,AR,0
2022.0,MISO,Solar,250.0,2,0.52,IN,0
2022.0,MISO,Solar,200.0,2,2.875,AR,0
2022.0,MISO,Solar,100.0,2,0.556,LA,0
2022.0,MISO,Gas,350.0,0,3.294,WI,0
2022.0,MISO,Hybrid,100.0,2,2.875,LA,0
2022.0,MISO,Wind,200.0,0,3.294,IL,0
2022.0,MISO,Solar,186.0,0,3.294,IL,0
2022.0,MISO,Solar,500.0,2,0.46,AR,0
2022.0,MISO,Solar,100.0,2,3.116,IL,0
2022.0,MISO,Solar,100.0,2,3.116,IL,0
2022.0,MISO,Solar,150.0,2,3.116,IL,0
2022.0,MISO,Hybrid,222.0,0,3.294,AR,0
2022.0,MISO,Hybrid,125.0,0,3.294,IN,0
2022.0,MISO,Gas,350.0,0,3.294,IA,0
2022.0,MISO,Hybrid,240.0,2,2.875,AR,0
2022.0,MISO,Gas,160.0,0,3.294,IA,0
2022.0,MISO,Hybrid,170.0,0,3.294,MI,0
2022.0,MISO,Solar,200.0,2,2.875,TX,0
2022.0,MISO,Solar,350.0,0,3.294,LA,0
2022.0,MISO,Solar,50.0,2,3.116,IA,0
2022.0,MISO,Gas,594.0,2,0.52,IN,0
2022.0,MISO,Battery,300.0,0,3.294,IL,0
2022.0,MISO,Hybrid,100.0,2,2.875,MS,0
2022.0,MISO,Hybrid,200.0,2,3.116,ND,0
2022.0,MISO,Hybrid,100.0,0,3.294,AR,0
2022.0,MISO,Solar,49.0,2,2.872,LA,0
2022.0,MISO,Hybrid,88.0,0,3.294,IL,0
2022.0,MISO,Hybrid,150.0,0,3.294,IL,0
2022.0,MISO,Hybrid,150.0,2,0.222,IN,0
2022.0,MISO,Hybrid,130.0,2,3.116,IN,0
2022.0,MISO,Wind,200.0,2,3.135,IL,0
2022.0,MISO,Solar,500.0,2,2.875,AR,0
2022.0,MISO,Solar,200.0,2,0.528,AR,0
2022.0,MISO,Hybrid,100.0,2,2.875,LA,0
2022.0,MISO,Hybrid,50.0,2,2.875,AR,0
2022.0,MISO,Other,36.0,2,2.875,LA,0
2022.0,MISO,Solar,125.0,2,2.875,AR,0
2022.0,MISO,Solar,200.0,2,2.875,LA,0
2022.0,MISO,Hybrid,810.0,2,2.875,LA,0
2022.0,MISO,Hybrid,400.0,0,3.294,AR,0
2022.0,MISO,Battery,200.0,0,3.294,MI,0
2022.0,MISO,Hybrid,400.0,2,2.875,MS,0
2022.0,MISO,Solar,46.2,0,3.294,WI,0
2022.0,MISO,Hybrid,150.0,0,3.294,MS,0
2022.0,MISO,Solar,243.6,0,3.294,WI,0
2022.0,MISO,Hybrid,200.0,2,2.875,MS,0
2022.0,MISO,Hybrid,150.0,0,3.294,TX,0
2022.0,MISO,Hybrid,120.0,2,2.927,IN,0
2022.0,MISO,Hybrid,200.0,0,3.294,MS,0
2022.0,MISO,Wind,200.0,2,2.99,IA,0
2022.0,MISO,Hybrid,347.0,2,3.116,ND,0
2022.0,MISO,Solar,110.0,2,2.875,LA,0
2022.0,MISO,Hybrid,30.0,2,3.116,IN,0
2022.0,MISO,Hybrid,150.0,2,2.875,MS,0
2022.0,MISO,Battery,90.0,0,3.294,ND,0
2022.0,ERCOT,Hybrid,210.1,0,3.294,TX,0
2022.0,MISO,Solar,250.0,0,3.294,MI,0
2022.0,MISO,Solar,92.0,0,3.294,LA,0
2022.0,MISO,Solar,200.0,2,2.875,LA,0
2022.0,MISO,Battery,200.0,0,3.294,MN,0
2022.0,MISO,Wind,500.0,0,3.294,AR,0
2022.0,MISO,Battery,200.0,2,0.52,IL,0
2022.0,MISO,Wind,110.0,2,3.116,IN,0
2022.0,MISO,Solar,700.0,0,3.294,IN,0
2022.0,MISO,Solar,180.0,0,3.294,IN,0
2022.0,MISO,Solar,245.0,0,3.294,IN,0
2022.0,MISO,Solar,250.0,2,2.815,AR,0
2022.0,MISO,Solar,250.0,2,0.233,TX,0
2022.0,MISO,Wind,223.0,2,3.116,MO,0
2022.0,MISO,Hybrid,150.0,2,2.875,AR,0
2022.0,MISO,Hybrid,500.0,2,2.875,MS,0
2022.0,MISO,Battery,80.0,2,0.52,AR,0
2022.0,MISO,Solar,100.0,0,3.294,MS,0
2022.0,MISO,Solar,500.0,2,0.452,AR,0
2022.0,MISO,Hybrid,100.0,2,2.875,LA,0
2022.0,MISO,Hybrid,100.0,0,3.294,MS,0
2022.0,MISO,Hybrid,100.0,0,3.294,LA,0
2022.0,MISO,Solar,49.3,2,2.872,LA,0
2022.0,MISO,Wind,299.3,2,3.116,IA,0
2022.0,MISO,Hybrid,600.0,2,1.103,AR,0
2022.0,MISO,Gas,75.0,0,3.294,IA,0
2022.0,MISO,Gas,205.0,0,3.294,WI,0
2022.0,MISO,Hybrid,115.0,0,3.294,IL,0
2022.0,MISO,Solar,50.0,2,3.116,IN,0
2022.0,MISO,Gas,150.0,0,3.294,WI,0
2022.0,MISO,Gas,160.0,0,3.294,IA,0
2022.0,MISO,Gas,160.0,0,3.294,IA,0
2022.0,MISO,Gas,150.0,0,3.294,WI,0
2022.0,MISO,Gas,100.0,0,3.294,WI,0
2022.0,MISO,Hybrid,200.0,2,3.116,IN,0
2022.0,MISO,Wind,199.8,0,3.294,IA,0
2022.0,MISO,Hybrid,150.0,2,3.116,IN,0
2022.0,MISO,Hybrid,150.0,2,3.116,IL,0
2022.0,MISO,Solar,80.0,0,3.294,AR,0
2022.0,MISO,Solar,135.0,0,3.294,AR,0
2022.0,MISO,Solar,150.0,2,2.875,AR,0
2022.0,MISO,Solar,140.0,0,3.294,AR,0
2022.0,MISO,Hybrid,50.0,2,2.875,TX,0
2022.0,MISO,Hybrid,44.1,2,2.875,TX,0
2022.0,MISO,Battery,50.0,0,3.294,IL,0
2022.0,MISO,Solar,250.0,0,3.294,IL,0
2022.0,MISO,Solar,140.0,0,3.294,IL,0
2022.0,MISO,Solar,280.0,2,0.52,MS,0
2022.0,MISO,Solar,250.0,0,3.294,IN,0
2022.0,MISO,Solar,220.0,2,2.875,LA,0
2022.0,MISO,Wind,180.0,0,3.294,LA,0
2022.0,MISO,Wind,220.0,2,2.875,MS,0
2022.0,MISO,Solar,165.0,2,2.875,LA,0
2022.0,MISO,Hybrid,100.0,2,3.116,IN,0
2022.0,MISO,Hybrid,68.0,2,3.116,MN,0
2022.0,MISO,Solar,180.0,0,3.294,IL,0
2022.0,MISO,Solar,248.0,2,3.116,MO,0
2022.0,MISO,Solar,160.0,0,3.294,IN,0
2022.0,MISO,Solar,150.0,2,3.061,MN,0
2022.0,MISO,Solar,150.0,0,3.294,MN,0
2022.0,MISO,Solar,100.0,2,2.872,AR,0
2022.0,MISO,Solar,198.0,2,0.452,TX,0
2022.0,MISO,Solar,200.0,2,0.452,AR,0
2022.0,MISO,Solar,100.0,2,0.452,IN,0
2022.0,MISO,Solar,250.0,2,0.52,LA,0
2022.0,MISO,Hybrid,80.0,0,3.294,WI,0
2022.0,MISO,Hybrid,300.0,0,3.294,MO,0
2022.0,MISO,Solar,120.0,2,3.116,MO,0
2022.0,MISO,Solar,110.0,0,3.294,MS,0
2022.0,MISO,Solar,170.0,0,3.294,TX,0
2022.0,MISO,Solar,100.0,2,2.856,AR,0
2022.0,MISO,Solar,150.0,2,0.52,MI,0
2022.0,MISO,Solar,70.0,2,0.52,IN,0
2022.0,MISO,Solar,100.0,2,2.877,MI,0
2022.0,MISO,Solar,90.0,2,2.875,MS,0
2022.0,MISO,Solar,175.0,2,2.875,LA,0
2022.0,MISO,Battery,50.0,2,0.52,LA,0
2022.0,MISO,Battery,150.0,0,3.294,MN,0
2022.0,MISO,Battery,150.0,0,3.294,MN,0
2022.0,MISO,Hybrid,250.0,2,2.877,MI,0
2022.0,MISO,Solar,110.0,2,2.872,LA,0
2022.0,MISO,Solar,80.0,2,0.225,LA,0
2022.0,MISO,Hybrid,100.0,2,2.875,MS,0
2022.0,MISO,Hybrid,128.0,0,3.294,IL,0
2022.0,MISO,Hybrid,100.0,0,3.294,IL,0
2022.0,MISO,Hybrid,125.0,2,3.116,SD,0
2022.0,MISO,Hybrid,145.0,0,3.294,IL,0
2022.0,MISO,Hybrid,150.0,0,3.294,IL,0
2022.0,MISO,Hybrid,100.0,0,3.294,MS,0
2022.0,MISO,Solar,100.0,2,2.872,AR,0
2022.0,MISO,Solar,500.0,0,3.294,AR,0
2022.0,MISO,Solar,50.0,2,2.875,MS,0
2022.0,MISO,Hybrid,347.0,2,3.116,ND,0
2022.0,MISO,Gas,160.0,0,3.294,WI,0
2022.0,MISO,Battery,100.0,0,3.294,MI,0
2022.0,MISO,Solar,200.0,2,2.875,AR,0
2022.0,MISO,Battery,100.0,0,3.294,IN,0
2022.0,MISO,Battery,200.0,2,2.875,AR,0
2022.0,MISO,Solar,100.0,2,2.872,LA,0
2022.0,MISO,Solar,50.0,2,0.52,IA,0
2022.0,MISO,Solar,84.0,2,3.116,IN,0
2022.0,MISO,Solar,250.0,2,2.872,LA,0
2022.0,MISO,Wind,100.0,0,3.294,IN,0
2022.0,MISO,Wind,175.0,0,3.294,AR,0
2022.0,MISO,Battery,100.0,2,0.52,AR,0
2022.0,MISO,Wind,300.0,2,3.116,IA,0
2022.0,MISO,Battery,38.8,0,3.294,LA,0
2022.0,MISO,Solar,200.0,0,3.294,IL,0
2022.0,MISO,Battery,200.0,0,3.294,IL,0
2022.0,MISO,Solar,150.0,0,3.294,IL,0
2022.0,MISO,Solar,120.0,2,2.872,LA,0
2022.0,MISO,Solar,500.0,2,0.52,AR,0
2022.0,MISO,Hybrid,160.0,2,0.52,AR,0
2022.0,MISO,Hybrid,160.0,0,3.294,AR,0
2022.0,MISO,Solar,500.0,2,2.875,AR,0
2022.0,MISO,Solar,400.0,0,3.294,AR,0
2022.0,MISO,Solar,100.0,2,3.116,IL,0
2022.0,MISO,Battery,40.0,0,3.294,LA,0
2022.0,MISO,Battery,200.0,2,3.116,IL,0
2022.0,MISO,Battery,210.0,2,2.875,LA,0
2022.0,MISO,Solar,100.0,2,2.877,MI,0
2022.0,MISO,Battery,200.0,0,3.294,IL,0
2022.0,MISO,Solar,175.0,2,0.523,LA,0
2022.0,MISO,Solar,200.0,0,3.294,MO,0
2022.0,MISO,Solar,350.0,2,2.875,AR,0
2022.0,MISO,Wind,200.0,0,3.294,IN,0
2022.0,MISO,Battery,100.0,2,3.116,MO,0
2022.0,MISO,Solar,250.0,2,2.875,LA,0
2022.0,MISO,Battery,300.0,2,0.523,IL,0
2022.0,MISO,Battery,175.0,2,2.875,LA,0
2022.0,MISO,Battery,300.0,2,3.061,MN,0
2022.0,MISO,Hybrid,150.0,2,3.116,IL,0
2022.0,MISO,Battery,200.0,0,3.294,MI,0
2022.0,MISO,Hybrid,100.0,0,3.294,IL,0
2022.0,MISO,Battery,150.0,0,3.294,IN,0
2022.0,MISO,Battery,200.0,0,3.294,IN,0
2022.0,MISO,Battery,130.0,2,0.52,AR,0
2022.0,MISO,Battery,92.0,0,3.294,WI,0
2022.0,MISO,Battery,100.0,2,2.872,WI,0
2022.0,MISO,Hybrid,200.0,2,0.52,AR,0
2022.0,MISO,Hybrid,350.0,0,3.294,IL,0
2022.0,MISO,Wind,200.0,0,3.294,MN,0
2022.0,MISO,Wind,230.0,0,3.294,IA,0
2022.0,MISO,Solar,125.0,2,2.872,LA,0
2022.0,MISO,Wind,200.0,2,3.061,SD,0
2022.0,MISO,Battery,100.0,2,2.867,MO,0
2022.0,ERCOT,Hybrid,300.0,0,3.294,TX,0
2022.0,ERCOT,Hybrid,150.0,0,3.294,TX,0
2022.0,ERCOT,Solar,201.2,0,3.294,TX,0
2022.0,MISO,Hybrid,140.0,0,3.294,MI,0
2022.0,MISO,Wind,200.0,2,3.061,SD,0
2022.0,MISO,Wind,200.0,0,3.294,MN,0
2022.0,MISO,Solar,127.0,2,0.52,IL,0
2022.0,MISO,Solar,200.0,0,3.294,MS,0
2022.0,ERCOT,Solar,201.4,0,3.294,TX,0
2022.0,ERCOT,Battery,100.3,0,3.294,TX,0
2022.0,ERCOT,Battery,201.1,0,3.294,TX,0
2022.0,ERCOT,Solar,250.0,0,3.294,TX,0
2022.0,ERCOT,Battery,152.0,0,3.294,TX,0
2022.0,ERCOT,Hybrid,252.0,0,3.294,TX,0
2022.0,MISO,Solar,200.0,2,3.116,IL,0
2022.0,MISO,Battery,100.0,0,3.294,MI,0
2022.0,MISO,Solar,115.5,0,3.294,AR,0
2022.0,MISO,Wind,118.0,2,3.061,IA,0
2022.0,MISO,Hybrid,150.0,0,3.294,IL,0
2022.0,MISO,Hybrid,200.0,0,3.294,IL,0
2022.0,MISO,Solar,50.0,2,3.116,MO,0
2022.0,MISO,Solar,125.0,0,3.294,IL,0
2022.0,MISO,Battery,100.0,0,3.294,IL,0
2022.0,MISO,Battery,152.0,0,3.294,MI,0
2022.0,MISO,Battery,60.0,0,3.294,IL,0
2022.0,MISO,Battery,100.0,0,3.294,IL,0
2022.0,MISO,Solar,200.0,0,3.294,MI,0
2022.0,MISO,Other,40.0,2,0.361,LA,0
2022.0,MISO,Battery,200.0,2,0.52,IL,0
2022.0,MISO,Solar,100.0,2,2.872,MS,0
2022.0,MISO,Solar,105.0,2,0.515,AR,0
2022.0,MISO,Battery,58.5,2,2.872,MS,0
2022.0,MISO,Solar,114.0,2,2.872,MS,0
2022.0,MISO,Battery,200.0,2,2.872,LA,0
2022.0,MISO,Hybrid,200.0,2,0.52,AR,0
2022.0,MISO,Solar,65.0,2,2.872,WI,0
2022.0,MISO,Solar,190.0,0,3.294,IN,0
2022.0,MISO,Solar,200.0,0,3.294,AR,0
2022.0,MISO,Solar,150.0,2,3.116,IN,0
2022.0,MISO,Solar,100.0,0,3.294,LA,0
2022.0,MISO,Battery,200.0,2,2.875,LA,0
2022.0,MISO,Solar,362.0,2,0.482,IL,0
2022.0,MISO,Wind,200.0,0,3.294,AR,0
2022.0,MISO,Wind,164.1,0,3.294,IA,0
2022.0,MISO,Battery,198.0,0,3.294,IL,0
2022.0,MISO,Battery,200.0,0,3.294,IN,0
2022.0,MISO,Wind,176.6,0,3.294,MS,0
2022.0,MISO,Solar,153.0,0,3.294,MN,0
2022.0,MISO,Solar,80.0,2,2.875,AR,0
2022.0,MISO,Hybrid,240.0,2,2.877,MI,0
2022.0,MISO,Solar,100.0,2,3.116,IL,0
2022.0,MISO,Solar,650.0,2,2.875,MS,0
2022.0,MISO,Battery,300.0,2,3.116,MN,0
2022.0,MISO,Wind,339.0,2,3.116,ND,0
2022.0,MISO,Battery,120.0,2,0.52,LA,0
2022.0,MISO,Wind,200.0,0,3.294,IL,0
2022.0,MISO,Hybrid,100.0,2,2.875,LA,0
2022.0,MISO,Battery,361.0,2,3.116,ND,0
2022.0,MISO,Battery,200.0,0,3.294,IL,0
2022.0,MISO,Battery,240.0,0,3.294,MI,0
2022.0,MISO,Wind,300.0,0,3.294,AR,0
2022.0,MISO,Wind,200.0,0,3.294,MN,0
2022.0,MISO,Battery,75.0,2,3.116,KY,0
2022.0,MISO,Battery,250.0,0,3.294,IN,0
2022.0,MISO,Hybrid,145.0,2,3.116,IN,0
2022.0,MISO,Solar,100.0,2,0.52,IN,0
2022.0,MISO,Solar,216.0,0,3.294,MN,0
2022.0,MISO,Battery,500.0,0,3.294,MI,0
2022.0,MISO,Battery,200.0,0,3.294,MN,0
2022.0,MISO,Battery,100.0,2,3.116,IN,0
2022.0,MISO,Battery,150.0,0,3.294,MI,0
2022.0,MISO,Battery,175.0,2,2.875,LA,0
2022.0,MISO,Battery,120.0,0,3.294,MI,0
2022.0,MISO,Battery,100.0,2,0.52,AR,0
2022.0,MISO,Solar,320.0,0,3.294,IL,0
2022.0,MISO,Battery,200.0,0,3.294,IL,0
2022.0,MISO,Solar,200.0,2,0.52,AR,0
2022.0,MISO,Battery,200.0,0,3.294,IN,0
2022.0,MISO,Solar,95.0,2,2.872,WI,0
2022.0,MISO,Battery,200.0,0,3.294,IA,0
2022.0,MISO,Solar,150.0,2,3.116,KY,0
2022.0,MISO,Battery,240.0,2,0.52,IN,0
2022.0,MISO,Solar,650.0,2,0.52,MS,0
2022.0,West,Battery,600.0,0,3.291,OR,0
2022.0,West,Battery,200.0,0,3.291,OR,0
2022.0,West,Battery,600.0,0,3.291,OR,0
2022.0,West,Other,600.0,0,3.291,OR,0
2022.0,West,Other,600.0,0,3.291,OR,0
2022.0,West,Battery,200.0,0,3.291,OR,0
2022.0,West,Other,600.0,0,3.291,OR,0
2022.0,Southeast,Hybrid,124.0,0,3.28,GA,0
2022.0,ERCOT,Other,201.2,2,1.128,TX,0
2022.0,ERCOT,Battery,201.1,0,3.277,TX,0
2022.0,ERCOT,Battery,125.6,0,3.277,TX,0
2022.0,SPP,Solar,180.0,2,1.125,ND,0
2022.0,ERCOT,Hybrid,61.0,0,3.277,TX,0
2022.0,ERCOT,Battery,125.6,0,3.277,TX,0
2022.0,SPP,Solar,255.0,2,2.511,NE,0
2022.0,ERCOT,Hybrid,120.9,0,3.277,TX,0
2022.0,West,Battery,200.0,0,3.277,CO,1
2022.0,ERCOT,Battery,100.6,0,3.277,TX,0
2022.0,ERCOT,Battery,201.1,0,3.277,TX,0
2022.0,ERCOT,Solar,150.6,0,3.277,TX,0
2022.0,SPP,Battery,218.0,2,2.453,KS,0
2022.0,NYISO,Other,11.0,2,0.602,NY,0
2022.0,ISO-NE,Battery,11.9,2,0.671,MA,0
2022.0,ISO-NE,Battery,9.1,2,0.501,MA,0
2022.0,SPP,Solar,192.0,2,2.453,MO,0
2022.0,SPP,Battery,96.0,2,2.453,MO,0
2022.0,West,Hybrid,275.0,0,3.274,CA,0
2022.0,SPP,Solar,180.0,2,2.453,TX,0
2022.0,West,Hybrid,600.0,0,3.274,NV,0
2022.0,West,Hybrid,300.0,0,3.274,NV,0
2022.0,Southeast,Solar,67.0,0,3.272,MS,0
2022.0,ISO-NE,Battery,118.8,2,1.207,MA,0
2022.0,ERCOT,Battery,203.9,0,3.264,TX,0
2022.0,ERCOT,Battery,100.0,0,3.264,TX,0
2022.0,ERCOT,Solar,202.7,0,3.264,TX,0
2022.0,West,Battery,165.0,0,3.261,AZ,1
2022.0,West,Other,600.0,0,3.261,NV,0
2022.0,ERCOT,Battery,202.6,0,3.261,TX,0
2022.0,ERCOT,Battery,201.1,0,3.261,TX,0
2022.0,ISO-NE,Wind,470.0,2,2.048,MA,0
2022.0,Southeast,Solar,336.0,0,3.261,AL,0
2022.0,ERCOT,Wind,276.8,0,3.261,TX,0
2022.0,West,Other,600.0,0,3.261,NV,0
2022.0,ERCOT,Solar,807.6,0,3.261,TX,0
2022.0,ERCOT,Solar,347.0,0,3.261,TX,0
2022.0,West,Hybrid,300.0,0,3.261,NV,1
2022.0,West,Other,600.0,0,3.261,NV,0
2022.0,ERCOT,Battery,100.6,0,3.261,TX,0
2022.0,West,Battery,250.0,0,3.258,NV,0
2022.0,West,Battery,400.0,0,3.258,NV,1
2022.0,West,Hybrid,400.0,0,3.258,AZ,0
2022.0,West,Battery,380.0,0,3.258,NV,1
2022.0,West,Hybrid,400.0,0,3.255,AZ,0
2022.0,ISO-NE,Battery,107.0,2,2.01,CT,0
2022.0,West,Gas,222.0,0,3.255,NV,1
2022.0,West,Hybrid,350.0,0,3.255,NV,0
2022.0,West,Hybrid,200.0,0,3.255,NV,0
2022.0,West,Gas,222.0,0,3.255,NV,1
2022.0,West,Solar,50.0,0,3.253,TX,0
2022.0,West,Solar,100.0,0,3.253,TX,0
2022.0,West,Hybrid,75.0,0,3.253,NM,0
2022.0,ISO-NE,Hybrid,102.0,2,0.901,NH,0
2022.0,NYISO,Hybrid,20.0,2,0.665,NY,0
2022.0,West,Hybrid,600.0,0,3.253,AZ,1
2022.0,PJM,Battery,150.0,0,3.25,VA,0
2022.0,PJM,Battery,150.0,0,3.25,VA,0
2022.0,West,Hybrid,325.0,0,3.244,WA,0
2022.0,Southeast,Hybrid,80.0,2,1.61,AL,0
2022.0,Southeast,Hybrid,80.0,0,3.242,AL,0
2022.0,ERCOT,Solar,715.0,2,0.153,TX,0
2022.0,Southeast,Solar,110.5,0,3.239,GA,0
2022.0,Southeast,Solar,80.0,0,3.239,AL,0
2022.0,West,Solar,20.0,0,3.239,SD,0
2022.0,ERCOT,Solar,116.0,0,3.239,TX,0
2022.0,ERCOT,Other,356.0,2,0.153,TX,0
2022.0,ERCOT,Wind,200.2,0,3.236,TX,0
2022.0,ERCOT,Wind,301.7,0,3.236,TX,0
2022.0,ERCOT,Hybrid,296.4,0,3.236,TX,0
2022.0,ERCOT,Hybrid,144.0,0,3.236,TX,0
2022.0,ERCOT,Battery,122.6,0,3.236,TX,0
2022.0,ISO-NE,Battery,141.6,0,3.233,CT,0
2022.0,West,Hybrid,400.0,0,3.233,,0
2022.0,ISO-NE,Battery,203.9,0,3.233,MA,0
2022.0,Southeast,Solar,80.0,2,3.181,AL,0
2022.0,NYISO,Battery,150.0,2,1.221,NY,0
2022.0,PJM,Hybrid,80.0,0,3.214,VA,0
2022.0,SPP,Wind,400.0,2,1.117,MT,0
2022.0,West,Battery,150.0,0,3.203,CA,0
2022.0,ERCOT,Solar,217.3,0,3.203,TX,0
2022.0,Southeast,Hybrid,80.0,2,0.909,AL,0
2022.0,ERCOT,Solar,105.5,0,3.203,TX,0
2022.0,ERCOT,Battery,222.8,0,3.203,TX,0
2022.0,ERCOT,Battery,100.9,0,3.203,TX,0
2022.0,ERCOT,Hybrid,298.1,0,3.203,TX,0
2022.0,SPP,Solar,11.4,2,0.621,MO,0
2022.0,ERCOT,Battery,202.6,0,3.203,TX,0
2022.0,ERCOT,Hybrid,316.2,0,3.203,TX,0
2022.0,ERCOT,Solar,301.8,0,3.203,TX,0
2022.0,ISO-NE,Battery,55.0,2,2.015,RI,0
2022.0,ISO-NE,Battery,305.0,2,1.615,RI,0
2022.0,ISO-NE,Battery,40.0,2,0.983,RI,0
2022.0,ISO-NE,Battery,270.0,2,0.32,MA,0
2022.0,Southeast,Hybrid,80.0,2,0.646,AL,0
2022.0,ERCOT,Battery,9.9,0,3.195,TX,0
2022.0,West,Wind,250.0,0,3.195,NM,0
2022.0,SPP,Gas,250.0,0,3.195,ND,0
2022.0,MISO,Other,64.0,2,2.557,IA,1
2022.0,ERCOT,Hybrid,42.7,0,3.187,TX,0
2022.0,ERCOT,Hybrid,81.6,0,3.187,TX,0
2022.0,ERCOT,Hybrid,158.6,0,3.187,TX,0
2022.0,ERCOT,Solar,204.1,0,3.187,TX,0
2022.0,ISO-NE,Solar,54.4,2,0.567,NH,0
2022.0,ERCOT,Battery,201.1,0,3.187,TX,0
2022.0,ISO-NE,Solar,21.4,2,0.507,NH,0
2022.0,ERCOT,Gas,11.3,0,3.187,TX,1
2022.0,PJM,Battery,100.0,0,3.187,VA,0
2022.0,NYISO,Solar,20.0,2,0.512,NY,0
2022.0,NYISO,Battery,20.0,2,0.345,NY,0
2022.0,Southeast,Solar,80.0,2,2.47,AL,0
2022.0,Southeast,Solar,225.0,2,0.457,AL,0
2022.0,Southeast,Solar,80.0,0,3.181,AL,0
2022.0,Southeast,Solar,470.0,0,3.181,GA,0
2022.0,MISO,Other,50.4,2,0.402,,0
2022.0,Southeast,Solar,80.0,2,2.467,AL,0
2022.0,Southeast,Solar,80.0,2,0.805,AL,0
2022.0,Southeast,Gas,660.0,2,0.893,KY,0
2022.0,MISO,Wind,300.0,2,1.793,IN,0
2022.0,NYISO,Battery,114.8,2,0.663,NY,0
2022.0,ISO-NE,Solar,46.5,2,0.123,NH,0
2022.0,West,Hybrid,400.0,0,3.162,WA,1
2022.0,Southeast,Hybrid,80.0,0,3.162,AL,0
2022.0,Southeast,Hybrid,80.0,0,3.162,AL,0
2022.0,ISO-NE,Battery,300.0,2,1.128,MA,0
2022.0,West,Wind,200.0,0,3.162,WA,1
2022.0,West,Battery,150.0,0,3.157,OR,0
2022.0,West,Hybrid,800.0,0,3.157,MT,0
2022.0,MISO,Solar,100.0,2,0.381,LA,0
2022.0,MISO,Battery,50.0,2,0.381,LA,0
2022.0,SPP,Hybrid,225.0,2,1.005,TX,0
2022.0,SPP,Solar,700.0,2,1.002,KS,0
2022.0,SPP,Wind,241.4,2,2.333,OK,0
2022.0,ERCOT,Solar,146.5,1,2.157,TX,0
2022.0,ERCOT,Solar,61.0,2,1.328,TX,0
2022.0,ERCOT,Battery,16.6,0,3.151,TX,0
2022.0,ERCOT,Battery,204.9,0,3.151,TX,0
2022.0,ERCOT,Hybrid,150.6,0,3.149,TX,0
2022.0,ERCOT,Battery,120.3,0,3.149,TX,0
2022.0,ERCOT,Battery,201.8,0,3.149,TX,0
2022.0,ERCOT,Hybrid,401.6,0,3.149,TX,0
2022.0,ERCOT,Solar,203.5,0,3.149,TX,0
2022.0,ERCOT,Hybrid,178.2,0,3.149,TX,0
2022.0,ERCOT,Battery,238.2,0,3.149,TX,0
2022.0,ERCOT,Hybrid,55.0,0,3.149,TX,0
2022.0,ERCOT,Hybrid,207.4,0,3.149,TX,0
2022.0,ERCOT,Battery,300.9,0,3.149,TX,0
2022.0,ERCOT,Battery,201.2,0,3.149,TX,0
2022.0,ERCOT,Hybrid,105.8,0,3.149,TX,0
2022.0,ERCOT,Solar,50.7,0,3.149,TX,0
2022.0,Southeast,Solar,200.0,0,3.149,GA,0
2022.0,West,Solar,4.8,2,0.233,NM,0
2022.0,West,Solar,110.0,0,3.146,SD,0
2022.0,ERCOT,Battery,10.0,1,3.11,TX,0
2022.0,Southeast,Solar,125.0,2,2.919,MS,0
2022.0,ERCOT,Other,9.9,1,1.607,TX,1
2022.0,ISO-NE,Battery,205.8,2,1.911,MA,0
2022.0,PJM,Battery,40.0,0,3.14,IL,1
2022.0,ISO-NE,Battery,93.2,2,1.911,CT,0
2022.0,NYISO,Solar,250.0,2,0.383,NY,0
2022.0,NYISO,Solar,20.0,2,1.051,NY,0
2022.0,NYISO,Battery,430.0,2,0.632,NY,0
2022.0,ERCOT,Battery,41.1,2,2.667,TX,0
2022.0,ERCOT,Solar,41.1,2,2.667,TX,0
2022.0,West,Hybrid,4000.0,0,3.129,WA,0
2022.0,ERCOT,Other,355.2,2,0.756,TX,0
2022.0,ERCOT,Solar,152.5,2,1.467,TX,0
2022.0,ERCOT,Hybrid,138.4,0,3.127,TX,0
2022.0,ERCOT,Battery,94.0,0,3.127,TX,0
2022.0,ERCOT,Hybrid,503.6,0,3.127,TX,0
2022.0,ERCOT,Hybrid,203.1,0,3.127,TX,0
2022.0,NYISO,Solar,20.0,2,0.211,NY,0
2022.0,NYISO,Battery,220.7,2,0.372,NY,0
2022.0,SPP,Wind,225.0,2,0.975,KS,0
2022.0,SPP,Wind,250.0,2,2.305,KS,0
2022.0,SPP,Solar,83.0,2,2.305,AR,0
2022.0,SPP,Wind,250.0,2,0.975,KS,0
2022.0,ERCOT,Battery,151.4,0,3.127,TX,0
2022.0,West,Battery,200.0,0,3.127,AZ,0
2022.0,Southeast,Hybrid,40.0,2,0.367,AL,0
2022.0,ERCOT,Battery,164.5,0,3.127,TX,0
2022.0,SPP,Wind,299.2,2,2.305,OK,0
2022.0,SPP,Solar,150.0,2,2.357,OK,0
2022.0,SPP,Battery,75.0,2,2.305,AR,0
2022.0,SPP,Solar,75.0,2,2.357,AR,0
2022.0,SPP,Battery,150.0,2,2.305,OK,0
2022.0,NYISO,Battery,1200.0,2,0.205,NY,0
2022.0,NYISO,Battery,20.0,2,0.205,NY,0
2022.0,ERCOT,Gas,456.0,0,3.121,TX,0
2022.0,Southeast,Battery,300.0,0,3.121,AL,0
2022.0,West,Battery,58.0,0,3.118,UT,0
2022.0,West,Solar,150.0,0,3.118,,0
2022.0,West,Battery,80.0,0,3.118,UT,0
2022.0,Southeast,Hybrid,80.0,2,1.388,AL,0
2022.0,West,Hybrid,150.0,0,3.118,,0
2022.0,West,Battery,100.0,0,3.118,UT,0
2022.0,Southeast,Hybrid,80.0,2,0.778,AL,0
2022.0,West,Hybrid,800.0,0,3.113,OR,0
2022.0,West,Hybrid,560.0,0,3.113,OR,0
2022.0,ERCOT,Other,355.2,2,1.205,TX,0
2022.0,Southeast,Solar,50.0,2,1.388,GA,0
2022.0,Southeast,Solar,200.0,0,3.107,GA,0
2022.0,ERCOT,Other,201.1,2,1.725,TX,0
2022.0,ISO-NE,Battery,130.0,2,1.12,MA,0
2022.0,ISO-NE,Battery,130.0,2,0.986,MA,0
2022.0,ERCOT,Battery,102.4,0,3.105,TX,0
2022.0,ERCOT,Battery,156.7,0,3.105,TX,0
2022.0,PJM,Battery,20.0,0,3.105,VA,0
2022.0,ERCOT,Hybrid,75.0,0,3.105,TX,1
2022.0,ERCOT,Hybrid,190.0,0,3.105,TX,0
2022.0,ERCOT,Battery,154.2,0,3.105,TX,0
2022.0,ERCOT,Battery,100.8,0,3.105,TX,0
2022.0,West,Gas,115.0,0,3.105,WY,0
2022.0,Southeast,Hybrid,80.0,2,0.542,AL,0
2022.0,ERCOT,Hybrid,125.6,0,3.105,TX,0
2022.0,Southeast,Solar,200.0,0,3.099,GA,0
2022.0,Southeast,Solar,225.0,0,3.099,GA,0
2022.0,NYISO,Battery,245.0,2,0.334,NY,0
2022.0,ERCOT,Battery,9.8,0,3.088,TX,0
2022.0,Southeast,Hybrid,150.0,0,3.088,GA,0
2022.0,Southeast,Hybrid,150.0,0,3.088,GA,0
2022.0,Southeast,Solar,150.0,0,3.088,GA,0
2022.0,ERCOT,Battery,9.8,0,3.088,TX,0
2022.0,Southeast,Solar,150.0,0,3.086,GA,0
2022.0,West,Hybrid,800.0,0,3.086,CA,0
2022.0,NYISO,Wind,120.0,2,0.413,NY,0
2022.0,PJM,Solar,24.1,0,3.086,IL,0
2022.0,PJM,Solar,37.9,0,3.086,IL,0
2022.0,NYISO,Hybrid,35.0,2,0.578,NY,0
2022.0,NYISO,Hybrid,19.9,2,0.082,NY,0
2022.0,NYISO,Hybrid,19.9,2,0.082,NY,0
2022.0,NYISO,Hybrid,18.6,2,0.082,NY,0
2022.0,West,Battery,200.0,0,3.08,UT,0
2022.0,West,Wind,25.0,0,3.08,OR,0
2022.0,Southeast,Battery,5.0,1,2.073,FL,0
2022.0,ERCOT,Other,76.5,2,1.3,TX,0
2022.0,ERCOT,Solar,184.0,0,3.069,TX,0
2022.0,ISO-NE,Battery,275.1,2,1.648,MA,0
2022.0,SPP,Solar,200.0,0,3.069,OK,0
2022.0,ERCOT,Other,201.1,2,0.668,TX,0
2022.0,ISO-NE,Battery,257.1,2,0.151,MA,0
2022.0,Southeast,Hybrid,150.0,0,3.069,AL,0
2022.0,ISO-NE,Battery,117.3,2,0.151,MA,0
2022.0,ISO-NE,Battery,292.5,2,0.151,MA,0
2022.0,ERCOT,Wind,173.0,0,3.066,TX,0
2022.0,ERCOT,Hybrid,195.8,0,3.066,TX,0
2022.0,ERCOT,Battery,200.0,0,3.066,TX,0
2022.0,ERCOT,Battery,510.0,0,3.066,TX,0
2022.0,West,Other,70.0,0,3.066,MT,0
2022.0,ERCOT,Battery,100.0,0,3.066,TX,0
2022.0,ERCOT,Solar,76.2,0,3.066,TX,0
2022.0,ERCOT,Gas,143.7,0,3.066,TX,0
2022.0,ERCOT,Hybrid,171.9,0,3.066,TX,0
2022.0,ERCOT,Hybrid,50.5,0,3.066,TX,0
2022.0,ERCOT,Hybrid,201.6,0,3.066,TX,0
2022.0,ERCOT,Hybrid,30.7,0,3.066,TX,0
2022.0,ERCOT,Battery,153.7,0,3.066,TX,0
2022.0,West,Battery,100.0,0,3.064,WA,1
2022.0,PJM,Solar,5.0,0,3.061,PA,0
2022.0,PJM,Solar,4.0,0,3.061,PA,0
2022.0,PJM,Solar,5.0,0,3.061,PA,0
2022.0,West,Battery,20.0,0,3.061,WA,1
2022.0,PJM,Gas,19.0,0,3.058,VA,0
2022.0,Southeast,Solar,74.9,0,3.053,FL,0
2022.0,Southeast,Solar,74.9,0,3.053,FL,0
2022.0,Southeast,Battery,400.0,0,3.053,AL,0
2022.0,West,Hybrid,156.0,0,3.053,CA,0
2022.0,MISO,Other,37.0,0,3.053,,0
2022.0,West,Hybrid,300.0,0,3.047,AZ,0
2022.0,ERCOT,Gas,520.0,2,0.728,TX,0
2022.0,West,Battery,20.0,0,3.047,WA,0
2022.0,ERCOT,Hybrid,202.7,0,3.044,TX,0
2022.0,ERCOT,Battery,200.0,0,3.044,TX,0
2022.0,ERCOT,Hybrid,162.4,0,3.044,TX,0
2022.0,West,Hybrid,700.0,0,3.044,UT,0
2022.0,ERCOT,Hybrid,60.0,0,3.044,TX,0
2022.0,ERCOT,Battery,143.1,0,3.044,TX,0
2022.0,ERCOT,Battery,256.8,0,3.044,TX,0
2022.0,Southeast,Solar,74.9,0,3.042,FL,0
2022.0,MISO,Other,135.0,0,3.042,IL,0
2022.0,Southeast,Solar,74.9,1,2.96,FL,0
2022.0,West,Battery,150.0,0,3.034,AZ,0
2022.0,ISO-NE,Wind,1200.0,2,2.809,MA,0
2022.0,West,Battery,175.0,0,3.034,AZ,0
2022.0,PJM,Battery,200.0,2,2.073,IN,0
2022.0,PJM,Gas,60.0,0,3.031,PA,0
2022.0,PJM,Solar,60.0,0,3.025,OH,0
2022.0,PJM,Solar,100.0,2,1.741,VA,0
2022.0,West,Battery,25.0,0,3.025,WA,0
2022.0,PJM,Battery,50.0,2,2.867,VA,0
2022.0,West,Battery,75.0,0,3.025,UT,0
2022.0,Southeast,Hybrid,64.0,0,3.025,GA,0
2022.0,West,Solar,80.0,0,3.023,UT,0
2022.0,PJM,Other,10.0,0,3.023,DE,0
2022.0,MISO,Other,710.0,0,3.009,MN,0
2022.0,West,Battery,330.0,0,3.009,ID,0
2022.0,PJM,Solar,160.0,0,3.006,OH,0
2022.0,West,Hybrid,300.0,0,3.006,NM,0
2022.0,West,Hybrid,199.0,0,3.003,NM,0
2022.0,PJM,Solar,70.0,0,3.001,OH,0
2023.0,ERCOT,Battery,205.4,2,2.541,TX,1
2023.0,ERCOT,Battery,148.6,0,2.992,TX,0
2023.0,West,Battery,200.0,0,2.992,NM,0
2023.0,West,Hybrid,200.0,0,2.992,NM,1
2023.0,West,Hybrid,200.0,0,2.992,NM,1
2023.0,West,Solar,300.0,0,2.992,NM,0
2023.0,West,Hybrid,298.0,2,0.841,NM,0
2023.0,West,Battery,500.0,0,2.992,NM,0
2023.0,ERCOT,Hybrid,100.5,0,2.992,TX,0
2023.0,ERCOT,Hybrid,200.9,0,2.992,TX,0
2023.0,ERCOT,Wind,523.7,0,2.992,TX,0
2023.0,West,Other,210.0,0,2.992,NM,0
2023.0,ERCOT,Wind,146.4,0,2.992,TX,0
2023.0,Southeast,Solar,80.0,2,0.611,AL,0
2023.0,Southeast,Solar,80.0,2,0.611,AL,0
2023.0,ERCOT,Battery,401.9,0,2.992,TX,0
2023.0,ERCOT,Hybrid,209.0,0,2.992,TX,0
2023.0,ERCOT,Solar,201.2,0,2.992,TX,0
2023.0,Southeast,Solar,80.0,2,0.611,AL,0
2023.0,ERCOT,Hybrid,308.0,0,2.992,TX,0
2023.0,ERCOT,Solar,148.2,0,2.992,TX,0
2023.0,Southeast,Solar,80.0,2,0.611,AL,0
2023.0,Southeast,Solar,80.0,2,0.611,AL,0
2023.0,CAISO,Battery,46.3,2,1.897,CA,0
2023.0,West,Wind,250.0,0,2.987,MT,0
2023.0,Southeast,Solar,74.5,0,2.984,FL,0
2023.0,Southeast,Solar,74.5,0,2.984,FL,0
2023.0,Southeast,Solar,74.5,0,2.984,FL,0
2023.0,Southeast,Solar,74.5,0,2.984,FL,0
2023.0,Southeast,Solar,74.5,0,2.984,FL,0
2023.0,Southeast,Solar,74.5,0,2.984,FL,0
2023.0,Southeast,Solar,74.5,0,2.984,FL,0
2023.0,Southeast,Solar,74.5,0,2.984,FL,0
2023.0,Southeast,Solar,74.5,0,2.984,FL,0
2023.0,Southeast,Solar,74.5,0,2.984,FL,0
2023.0,Southeast,Solar,74.5,0,2.984,FL,0
2023.0,Southeast,Solar,74.5,0,2.984,FL,0
2023.0,Southeast,Solar,74.5,0,2.984,FL,0
2023.0,Southeast,Solar,74.5,0,2.984,FL,0
2023.0,Southeast,Solar,74.5,0,2.984,FL,0
2023.0,Southeast,Solar,74.5,0,2.984,FL,0
2023.0,Southeast,Solar,74.5,0,2.984,FL,0
2023.0,Southeast,Solar,74.5,0,2.984,FL,0
2023.0,Southeast,Solar,74.5,0,2.984,FL,0
2023.0,Southeast,Solar,74.5,0,2.984,FL,0
2023.0,Southeast,Solar,74.5,0,2.984,FL,0
2023.0,Southeast,Solar,74.5,0,2.984,FL,0
2023.0,Southeast,Solar,74.5,0,2.984,FL,0
2023.0,Southeast,Solar,74.5,0,2.984,FL,0
2023.0,Southeast,Solar,74.5,0,2.984,FL,0
2023.0,Southeast,Solar,74.5,0,2.984,FL,0
2023.0,SPP,Battery,100.0,2,0.832,MO,0
2023.0,SPP,Battery,100.0,0,2.984,MO,0
2023.0,SPP,Solar,150.0,2,2.163,NM,0
2023.0,Southeast,Solar,74.5,0,2.984,FL,0
2023.0,Southeast,Solar,74.5,0,2.984,FL,0
2023.0,Southeast,Solar,74.5,0,2.984,FL,0
2023.0,Southeast,Solar,74.5,0,2.984,FL,0
2023.0,Southeast,Solar,74.5,0,2.984,FL,0
2023.0,Southeast,Solar,74.5,0,2.984,FL,0
2023.0,Southeast,Solar,74.5,0,2.984,FL,0
2023.0,Southeast,Solar,74.5,0,2.984,FL,0
2023.0,Southeast,Solar,74.5,0,2.984,FL,0
2023.0,Southeast,Solar,74.5,0,2.984,FL,0
2023.0,Southeast,Solar,74.5,0,2.984,FL,0
2023.0,Southeast,Solar,74.5,0,2.984,FL,0
2023.0,Southeast,Solar,74.5,0,2.984,FL,0
2023.0,Southeast,Solar,74.5,0,2.984,FL,0
2023.0,Southeast,Solar,74.5,0,2.984,FL,0
2023.0,Southeast,Solar,74.5,0,2.984,FL,0
2023.0,Southeast,Solar,74.5,0,2.984,FL,0
2023.0,Southeast,Solar,74.5,0,2.984,FL,0
2023.0,Southeast,Solar,74.5,0,2.984,FL,0
2023.0,Southeast,Solar,74.5,0,2.984,FL,0
2023.0,Southeast,Solar,74.5,0,2.984,FL,0
2023.0,Southeast,Solar,74.5,0,2.984,FL,0
2023.0,Southeast,Solar,74.5,0,2.984,FL,0
2023.0,Southeast,Solar,74.5,0,2.984,FL,0
2023.0,Southeast,Solar,74.5,0,2.984,FL,0
2023.0,Southeast,Hybrid,80.0,2,0.605,AL,0
2023.0,Southeast,Solar,74.5,0,2.984,FL,0
2023.0,Southeast,Solar,74.5,0,2.984,FL,0
2023.0,Southeast,Solar,74.5,0,2.984,FL,0
2023.0,Southeast,Hybrid,80.0,2,0.605,AL,0
2023.0,Southeast,Solar,74.5,0,2.984,FL,0
2023.0,Southeast,Solar,74.5,0,2.984,FL,0
2023.0,Southeast,Solar,74.5,0,2.984,FL,0
2023.0,Southeast,Solar,74.5,0,2.984,FL,0
2023.0,Southeast,Solar,74.5,0,2.984,FL,0
2023.0,Southeast,Hybrid,80.0,2,1.238,AL,0
2023.0,SPP,Solar,100.0,2,2.157,LA,0
2023.0,Southeast,Solar,200.0,0,2.976,MS,0
2023.0,West,Battery,250.0,0,2.976,NV,1
2023.0,SPP,Solar,300.0,2,2.155,OK,0
2023.0,SPP,Solar,400.0,2,2.155,OK,0
2023.0,SPP,Solar,300.0,2,2.155,OK,0
2023.0,West,Hybrid,380.0,0,2.976,NV,0
2023.0,West,Hybrid,200.0,0,2.976,NV,0
2023.0,West,Hybrid,450.0,0,2.976,NV,0
2023.0,West,Hybrid,50.0,0,2.976,CA,0
2023.0,ISO-NE,Battery,75.0,2,2.752,CT,0
2023.0,Southeast,Gas,951.0,1,2.127,AL,0
2023.0,West,Hybrid,500.0,0,2.973,NV,0
2023.0,West,Battery,500.0,0,2.973,NV,0
2023.0,West,Hybrid,400.0,0,2.973,NV,0
2023.0,West,Hybrid,600.0,0,2.973,NV,0
2023.0,West,Battery,100.0,0,2.973,CA,0
2023.0,CAISO,Battery,254.3,2,0.23,CA,0
2023.0,ISO-NE,Battery,196.5,2,1.741,CT,0
2023.0,West,Gas,90.0,0,2.968,AZ,1
2023.0,ERCOT,Solar,100.9,0,2.957,TX,0
2023.0,ERCOT,Solar,76.7,2,0.367,TX,0
2023.0,ERCOT,Solar,200.6,0,2.954,TX,0
2023.0,ERCOT,Hybrid,147.0,0,2.954,TX,0
2023.0,ERCOT,Hybrid,146.0,0,2.954,TX,0
2023.0,West,Hybrid,500.0,0,2.954,NV,0
2023.0,West,Battery,500.0,0,2.954,NV,0
2023.0,West,Hybrid,500.0,0,2.954,NV,0
2023.0,ERCOT,Hybrid,201.0,0,2.954,TX,0
2023.0,ERCOT,Wind,261.3,0,2.954,TX,0
2023.0,ERCOT,Hybrid,201.3,0,2.954,TX,0
2023.0,ERCOT,Battery,100.8,0,2.954,TX,0
2023.0,West,Battery,500.0,0,2.954,NV,0
2023.0,ERCOT,Battery,407.6,0,2.954,TX,0
2023.0,PJM,Hybrid,50.0,0,2.951,OH,0
2023.0,West,Other,346.0,2,2.773,CA,0
2023.0,West,Hybrid,1000.0,0,2.949,NV,0
2023.0,ERCOT,Other,180.8,1,1.602,TX,0
2023.0,ERCOT,Battery,200.8,0,2.938,TX,0
2023.0,ERCOT,Battery,100.6,0,2.938,TX,0
2023.0,ERCOT,Other,10.0,1,1.101,TX,0
2023.0,PJM,Solar,20.0,2,2.782,VA,0
2023.0,PJM,Solar,40.0,2,2.782,VA,0
2023.0,PJM,Solar,20.0,2,2.782,VA,0
2023.0,ERCOT,Other,9.9,1,1.437,TX,0
2023.0,ERCOT,Other,10.0,1,1.062,TX,0
2023.0,PJM,Solar,150.0,0,2.932,VA,0
2023.0,West,Gas,12.0,0,2.932,MT,0
2023.0,West,Hybrid,4.6,0,2.932,MT,0
2023.0,PJM,Solar,142.0,0,2.932,VA,0
2023.0,PJM,Solar,150.0,0,2.932,OH,0
2023.0,PJM,Solar,20.0,2,2.779,VA,0
2023.0,PJM,Solar,100.0,0,2.932,VA,0
2023.0,ISO-NE,Battery,5.1,2,2.379,CT,0
2023.0,ISO-NE,Hybrid,18.8,2,2.379,CT,0
2023.0,ISO-NE,Hybrid,5.2,2,2.379,CT,0
2023.0,SPP,Solar,113.1,0,2.93,OK,0
2023.0,West,Hybrid,213.8,0,2.927,AZ,1
2023.0,ERCOT,Battery,254.8,0,2.921,TX,0
2023.0,ERCOT,Other,265.6,2,1.405,TX,0
2023.0,ERCOT,Battery,251.2,0,2.919,TX,0
2023.0,SPP,Battery,75.0,2,2.097,MO,0
2023.0,ERCOT,Hybrid,203.0,0,2.919,TX,0
2023.0,ERCOT,Solar,150.0,0,2.919,TX,0
2023.0,ERCOT,Battery,163.9,0,2.919,TX,0
2023.0,ERCOT,Hybrid,200.8,0,2.919,TX,0
2023.0,Southeast,Solar,80.0,2,0.066,GA,0
2023.0,ERCOT,Wind,195.4,0,2.919,TX,0
2023.0,ERCOT,Wind,196.1,0,2.919,TX,0
2023.0,ERCOT,Battery,102.4,0,2.919,TX,0
2023.0,PJM,Solar,5.0,0,2.916,VA,0
2023.0,CAISO,Battery,254.3,2,0.175,CA,0
2023.0,Southeast,Battery,100.0,0,2.916,GA,0
2023.0,PJM,Battery,150.0,0,2.913,VA,0
2023.0,PJM,Battery,100.0,0,2.913,VA,0
2023.0,PJM,Battery,75.0,0,2.913,VA,0
2023.0,PJM,Battery,150.0,0,2.913,VA,0
2023.0,PJM,Battery,50.0,0,2.913,VA,0
2023.0,PJM,Battery,75.0,0,2.913,VA,0
2023.0,West,Hybrid,500.0,0,2.908,AZ,0
2023.0,West,Gas,130.0,0,2.908,AZ,1
2023.0,Southeast,Battery,500.0,2,0.493,GA,1
2023.0,West,Hybrid,230.0,0,2.908,OR,0
2023.0,West,Hybrid,230.0,0,2.908,OR,0
2023.0,SPP,Other,370.0,2,0.753,TX,0
2023.0,ISO-NE,Battery,156.2,2,2.675,CT,0
2023.0,ISO-NE,Battery,262.7,2,2.675,CT,0
2023.0,ISO-NE,Battery,289.3,2,2.675,CT,0
2023.0,ISO-NE,Battery,289.3,2,0.181,CT,0
2023.0,ISO-NE,Battery,136.3,2,2.675,CT,0
2023.0,West,Hybrid,600.0,0,2.897,WA,1
2023.0,West,Hybrid,500.0,0,2.897,CA,0
2023.0,NYISO,Solar,20.0,2,0.474,NY,0
2023.0,NYISO,Battery,50.0,2,0.055,NY,0
2023.0,NYISO,Battery,50.0,2,0.055,NY,0
2023.0,West,Hybrid,800.0,0,2.894,AZ,1
2023.0,ERCOT,Battery,154.8,0,2.891,TX,0
2023.0,Southeast,Solar,150.0,2,0.627,AL,0
2023.0,ERCOT,Battery,205.1,0,2.891,TX,0
2023.0,ERCOT,Battery,75.0,0,2.891,TX,0
2023.0,ERCOT,Battery,406.0,0,2.891,TX,0
2023.0,ERCOT,Solar,201.2,0,2.891,TX,0
2023.0,ERCOT,Battery,200.8,0,2.891,TX,0
2023.0,ISO-NE,Wind,38.8,2,1.678,MA,0
2023.0,NYISO,Solar,100.0,2,0.049,NY,0
2023.0,West,Gas,4.8,1,0.339,ID,0
2023.0,SPP,Battery,150.0,2,2.125,OK,0
2023.0,SPP,Hybrid,150.0,0,2.888,TX,0
2023.0,NYISO,Battery,20.0,2,0.375,NY,0
2023.0,West,Hybrid,100.0,0,2.88,AZ,1
2023.0,Southeast,Solar,74.9,0,2.88,FL,0
2023.0,NYISO,Solar,130.0,2,0.041,NY,0
2023.0,Southeast,Battery,200.0,2,0.178,GA,0
2023.0,NYISO,Solar,40.0,2,0.036,NY,0
2023.0,West,Hybrid,600.0,0,2.875,OR,0
2023.0,SPP,Wind,250.0,2,2.051,OK,0
2023.0,SPP,Wind,250.0,2,0.72,TX,0
2023.0,SPP,Wind,250.0,2,0.72,TX,0
2023.0,SPP,Wind,250.0,2,0.72,TX,0
2023.0,SPP,Wind,250.0,2,0.72,TX,0
2023.0,SPP,Wind,250.0,2,0.72,TX,0
2023.0,SPP,Wind,250.0,2,0.72,TX,0
2023.0,SPP,Wind,250.0,2,0.72,TX,0
2023.0,ISO-NE,Solar,5.0,0,2.872,CT,0
2023.0,SPP,Wind,250.0,2,0.72,OK,0
2023.0,SPP,Solar,200.0,2,2.051,MO,0
2023.0,SPP,Battery,250.0,2,0.621,MO,0
2023.0,SPP,Wind,75.0,2,0.717,OK,0
2023.0,SPP,Solar,305.0,2,0.717,NE,0
2023.0,SPP,Wind,215.0,0,2.869,OK,0
2023.0,PJM,Battery,70.0,0,2.869,NJ,0
2023.0,ERCOT,Other,301.4,2,1.005,TX,0
2023.0,ERCOT,Solar,130.0,2,1.728,TX,0
2023.0,ERCOT,Battery,11.3,0,2.864,TX,0
2023.0,SPP,Battery,75.0,2,0.709,MO,0
2023.0,Southeast,Solar,74.5,0,2.861,FL,0
2023.0,ERCOT,Hybrid,209.0,0,2.861,TX,0
2023.0,ERCOT,Hybrid,281.0,0,2.861,TX,0
2023.0,ERCOT,Hybrid,287.2,0,2.861,TX,0
2023.0,SPP,Wind,250.0,2,0.709,TX,0
2023.0,SPP,Solar,305.2,2,0.709,OK,0
2023.0,ERCOT,Solar,129.8,0,2.861,TX,0
2023.0,SPP,Solar,200.0,2,0.709,KS,0
2023.0,ERCOT,Solar,251.3,0,2.861,TX,0
2023.0,ERCOT,Hybrid,205.5,0,2.861,TX,0
2023.0,ERCOT,Hybrid,150.0,0,2.861,TX,0
2023.0,SPP,Solar,200.0,2,0.709,KS,0
2023.0,West,Wind,200.0,0,2.861,WY,0
2023.0,West,Wind,150.0,0,2.861,WY,0
2023.0,ERCOT,Hybrid,150.0,0,2.861,TX,0
2023.0,SPP,Battery,150.0,2,2.037,NM,0
2023.0,SPP,Battery,250.0,2,0.706,TX,0
2023.0,SPP,Gas,203.0,0,2.858,TX,0
2023.0,SPP,Battery,180.0,0,2.858,OK,0
2023.0,SPP,Battery,300.0,2,2.037,OK,0
2023.0,SPP,Battery,200.0,2,2.037,MO,0
2023.0,SPP,Battery,150.0,2,2.037,NM,0
2023.0,SPP,Battery,200.0,2,2.037,OK,0
2023.0,SPP,Battery,200.0,0,2.858,OK,0
2023.0,SPP,Battery,200.0,0,2.858,MO,0
2023.0,SPP,Battery,250.0,2,0.706,TX,0
2023.0,SPP,Battery,300.0,0,2.858,TX,0
2023.0,SPP,Battery,200.0,0,2.858,MO,0
2023.0,SPP,Battery,200.0,0,2.858,AR,0
2023.0,SPP,Battery,180.0,0,2.858,OK,0
2023.0,SPP,Battery,200.0,2,2.037,OK,0
2023.0,ISO-NE,Battery,100.0,2,2.637,CT,0
2023.0,SPP,Battery,300.0,2,2.037,OK,0
2023.0,ISO-NE,Other,1.8,2,2.305,CT,0
2023.0,West,Hybrid,420.0,0,2.856,WA,0
2023.0,West,Hybrid,180.0,0,2.856,WA,0
2023.0,ISO-NE,Battery,10.0,2,2.305,CT,0
2023.0,PJM,Solar,6.6,0,2.853,PA,0
2023.0,PJM,Solar,40.7,0,2.853,IL,0
2023.0,PJM,Solar,82.5,0,2.853,PA,0
2023.0,SPP,Battery,80.0,2,2.031,NE,0
2023.0,SPP,Battery,115.0,2,0.701,TX,0
2023.0,SPP,Battery,150.0,2,2.031,TX,0
2023.0,SPP,Battery,100.0,0,2.85,OK,0
2023.0,SPP,Battery,90.0,2,0.698,MO,0
2023.0,SPP,Wind,360.0,0,2.85,KS,0
2023.0,SPP,Battery,100.0,0,2.85,OK,0
2023.0,SPP,Wind,280.0,2,2.029,NM,0
2023.0,ISO-NE,Battery,301.3,2,2.626,MA,0
2023.0,SPP,Battery,100.0,2,0.698,NE,0
2023.0,SPP,Wind,280.0,2,2.029,NM,0
2023.0,SPP,Wind,118.0,2,2.029,NE,0
2023.0,SPP,Solar,200.0,2,0.723,KS,0
2023.0,ISO-NE,Wind,882.0,2,0.537,MA,0
2023.0,SPP,Battery,200.0,0,2.85,OK,1
2023.0,PJM,Battery,150.0,0,2.85,NJ,0
2023.0,PJM,Wind,100.0,2,1.985,OH,0
2023.0,SPP,Solar,200.0,2,0.723,OK,0
2023.0,SPP,Solar,370.0,2,0.701,SD,0
2023.0,PJM,Solar,17.6,0,2.85,PA,0
2023.0,West,Solar,150.0,0,2.85,WA,0
2023.0,PJM,Battery,250.0,0,2.85,NJ,0
2023.0,SPP,Battery,150.0,2,0.698,,0
2023.0,PJM,Battery,150.0,0,2.85,NJ,0
2023.0,SPP,Battery,90.0,2,0.698,OK,0
2023.0,PJM,Battery,250.0,0,2.85,NJ,0
2023.0,NYISO,Battery,5.0,2,0.093,NY,0
2023.0,ERCOT,Battery,261.0,2,2.407,TX,1
2023.0,SPP,Battery,200.0,2,2.023,OK,0
2023.0,SPP,Battery,200.0,2,0.693,MO,0
2023.0,SPP,Battery,200.0,2,0.693,TX,0
2023.0,SPP,Hybrid,220.0,2,0.693,SD,0
2023.0,SPP,Solar,250.0,2,2.023,OK,1
2023.0,SPP,Hybrid,184.0,2,0.693,NE,0
2023.0,SPP,Hybrid,140.0,2,0.693,NE,0
2023.0,SPP,Hybrid,99.0,2,0.693,NM,0
2023.0,SPP,Wind,200.0,2,2.023,NM,0
2023.0,SPP,Solar,150.0,2,0.331,OK,0
2023.0,SPP,Solar,380.0,2,2.078,MO,0
2023.0,ERCOT,Hybrid,251.3,0,2.842,TX,0
2023.0,ERCOT,Battery,200.0,0,2.842,TX,0
2023.0,PJM,Solar,271.0,0,2.842,OH,0
2023.0,PJM,Solar,40.7,0,2.842,VA,1
2023.0,ERCOT,Solar,74.9,0,2.842,TX,0
2023.0,SPP,Solar,225.0,2,0.753,OK,0
2023.0,SPP,Battery,225.0,2,0.753,OK,0
2023.0,SPP,Solar,225.0,2,0.753,OK,0
2023.0,SPP,Hybrid,400.0,2,0.756,KS,0
2023.0,SPP,Battery,225.0,2,0.753,OK,0
2023.0,ERCOT,Battery,101.2,0,2.842,TX,0
2023.0,SPP,Solar,200.0,2,0.753,OK,0
2023.0,SPP,Solar,200.0,2,0.753,OK,0
2023.0,ERCOT,Solar,125.8,0,2.842,TX,0
2023.0,SPP,Solar,150.0,2,2.018,OK,0
2023.0,SPP,Battery,200.0,2,0.687,NM,0
2023.0,SPP,Battery,150.0,0,2.839,OK,0
2023.0,SPP,Solar,350.0,2,2.018,AR,0
2023.0,SPP,Battery,200.0,2,2.018,AR,0
2023.0,SPP,Battery,200.0,2,2.018,AR,0
2023.0,SPP,Solar,299.0,2,0.687,TX,0
2023.0,SPP,Battery,150.0,0,2.839,OK,0
2023.0,SPP,Wind,200.0,2,0.252,KS,0
2023.0,SPP,Solar,200.0,2,0.687,NM,0
2023.0,SPP,Battery,200.0,2,0.255,OK,0
2023.0,SPP,Battery,200.0,2,0.255,OK,0
2023.0,SPP,Solar,335.0,2,0.255,OK,0
2023.0,SPP,Solar,244.0,2,0.687,TX,0
2023.0,SPP,Battery,200.0,2,0.342,OK,0
2023.0,SPP,Solar,325.0,2,0.342,OK,0
2023.0,SPP,Battery,200.0,2,0.687,TX,0
2023.0,SPP,Battery,200.0,2,0.687,TX,0
2023.0,SPP,Solar,350.0,2,0.687,TX,0
2023.0,SPP,Battery,200.0,2,0.342,OK,0
2023.0,SPP,Wind,300.0,2,0.252,KS,0
2023.0,SPP,Solar,112.0,2,0.687,TX,0
2023.0,SPP,Wind,145.0,2,0.687,KS,0
2023.0,SPP,Wind,200.0,2,0.252,KS,0
2023.0,PJM,Solar,20.0,0,2.839,VA,0
2023.0,SPP,Gas,46.0,2,0.69,LA,1
2023.0,SPP,Wind,215.0,2,2.018,OK,0
2023.0,West,Other,800.0,2,2.36,NV,0
2023.0,SPP,Solar,300.0,2,0.687,NE,0
2023.0,SPP,Wind,300.0,2,0.687,TX,0
2023.0,SPP,Wind,300.0,2,0.687,NE,0
2023.0,SPP,Wind,300.0,2,0.252,TX,0
2023.0,SPP,Solar,684.0,2,2.018,KS,0
2023.0,SPP,Wind,120.0,2,0.687,NE,0
2023.0,PJM,Solar,12.0,0,2.839,WV,0
2023.0,SPP,Wind,200.0,2,0.252,KS,0
2023.0,SPP,Solar,200.0,2,0.687,KS,0
2023.0,SPP,Solar,100.0,2,0.687,KS,0
2023.0,SPP,Wind,200.0,2,0.252,KS,0
2023.0,SPP,Wind,200.0,2,0.252,TX,0
2023.0,PJM,Solar,48.0,0,2.839,IL,0
2023.0,PJM,Solar,44.4,0,2.839,IN,0
2023.0,PJM,Solar,30.4,0,2.839,VA,0
2023.0,PJM,Solar,36.0,0,2.839,MI,0
2023.0,PJM,Solar,24.0,0,2.839,IL,0
2023.0,PJM,Solar,84.0,0,2.839,IN,0
2023.0,SPP,Wind,290.0,2,0.687,NE,0
2023.0,PJM,Solar,24.0,0,2.836,MI,0
2023.0,PJM,Solar,69.9,0,2.836,PA,0
2023.0,PJM,Wind,78.0,0,2.836,IL,0
2023.0,PJM,Battery,100.0,0,2.836,VA,0
2023.0,PJM,Solar,72.0,0,2.836,OH,0
2023.0,West,Hybrid,800.0,0,2.836,CA,0
2023.0,PJM,Wind,68.8,0,2.836,IL,0
2023.0,PJM,Solar,48.0,0,2.836,IN,0
2023.0,Southeast,Solar,79.9,2,0.23,AL,0
2023.0,Southeast,Solar,79.9,2,0.23,AL,0
2023.0,Southeast,Solar,79.9,0,2.836,AL,0
2023.0,Southeast,Solar,79.9,0,2.836,AL,0
2023.0,PJM,Solar,48.0,0,2.836,IN,0
2023.0,PJM,Solar,43.5,0,2.836,OH,0
2023.0,PJM,Solar,32.0,0,2.836,VA,0
2023.0,PJM,Solar,28.8,0,2.836,IN,0
2023.0,West,Hybrid,800.0,0,2.836,CA,0
2023.0,PJM,Solar,24.0,0,2.836,PA,0
2023.0,ISO-NE,Battery,301.3,2,2.612,MA,0
2023.0,SPP,Hybrid,175.0,2,0.75,NE,0
2023.0,SPP,Hybrid,600.0,2,2.015,MO,0
2023.0,SPP,Wind,400.0,2,2.015,MO,0
2023.0,SPP,Hybrid,300.0,2,0.75,KS,0
2023.0,SPP,Wind,250.0,2,2.015,KS,0
2023.0,SPP,Wind,250.0,2,2.015,KS,0
2023.0,SPP,Wind,250.0,2,2.015,KS,0
2023.0,SPP,Hybrid,225.0,2,0.75,NE,0
2023.0,ISO-NE,Battery,401.7,2,1.873,NH,0
2023.0,SPP,Hybrid,240.0,2,0.75,NE,0
2023.0,PJM,Solar,15.2,0,2.834,VA,0
2023.0,PJM,Battery,120.0,0,2.834,VA,0
2023.0,PJM,Battery,30.0,0,2.834,VA,0
2023.0,PJM,Battery,30.0,0,2.834,VA,0
2023.0,PJM,Battery,45.0,0,2.834,VA,0
2023.0,PJM,Solar,55.2,0,2.834,IL,0
2023.0,PJM,Solar,43.2,0,2.834,IN,0
2023.0,PJM,Solar,50.3,0,2.834,VA,0
2023.0,PJM,Solar,55.0,0,2.834,VA,0
2023.0,PJM,Wind,77.0,0,2.834,VA,0
2023.0,PJM,Battery,120.0,0,2.834,VA,1
2023.0,PJM,Solar,18.1,0,2.834,MI,0
2023.0,PJM,Solar,51.5,0,2.834,PA,0
2023.0,PJM,Solar,17.4,0,2.834,OH,0
2023.0,PJM,Solar,40.0,0,2.834,KY,0
2023.0,PJM,Solar,34.9,0,2.834,KY,0
2023.0,PJM,Solar,34.9,0,2.834,KY,0
2023.0,PJM,Solar,34.6,0,2.834,OH,0
2023.0,PJM,Solar,18.0,0,2.834,VA,0
2023.0,PJM,Solar,29.2,0,2.834,VA,0
2023.0,PJM,Solar,20.0,0,2.834,OH,0
2023.0,PJM,Solar,26.8,0,2.834,WV,0
2023.0,PJM,Solar,23.1,0,2.834,MI,0
2023.0,PJM,Solar,22.8,0,2.834,OH,0
2023.0,PJM,Solar,15.4,0,2.834,KY,0
2023.0,PJM,Solar,17.0,0,2.834,VA,0
2023.0,SPP,Solar,59.4,2,0.586,NM,0
2023.0,PJM,Solar,30.0,0,2.834,OH,0
2023.0,PJM,Solar,9.6,0,2.834,OH,0
2023.0,SPP,Solar,120.0,2,0.682,MO,0
2023.0,PJM,Solar,12.0,0,2.834,IN,0
2023.0,PJM,Solar,12.0,0,2.834,IN,0
2023.0,PJM,Solar,43.2,0,2.834,IN,0
2023.0,PJM,Solar,24.0,0,2.834,IN,0
2023.0,PJM,Solar,48.0,0,2.834,IL,0
2023.0,PJM,Solar,50.0,0,2.834,VA,0
2023.0,PJM,Solar,20.3,0,2.834,PA,0
2023.0,PJM,Solar,100.0,0,2.834,OH,0
2023.0,PJM,Solar,12.5,0,2.834,PA,0
2023.0,PJM,Solar,12.0,0,2.834,IN,0
2023.0,PJM,Solar,12.0,0,2.834,IN,0
2023.0,PJM,Solar,28.5,0,2.834,IL,0
2023.0,PJM,Solar,72.0,0,2.834,IL,0
2023.0,PJM,Solar,12.0,0,2.834,KY,0
2023.0,PJM,Solar,19.5,0,2.834,IL,0
2023.0,PJM,Solar,28.0,0,2.834,IN,0
2023.0,PJM,Wind,25.0,0,2.834,IL,0
2023.0,PJM,Solar,83.5,0,2.834,OH,0
2023.0,PJM,Solar,11.9,0,2.834,MD,0
2023.0,PJM,Solar,4.4,0,2.834,PA,0
2023.0,SPP,Solar,239.0,0,2.834,KS,0
2023.0,SPP,Solar,154.0,2,0.682,KS,0
2023.0,SPP,Wind,250.0,2,0.682,TX,0
2023.0,PJM,Solar,7.3,0,2.834,PA,0
2023.0,PJM,Solar,26.4,0,2.834,OH,1
2023.0,PJM,Battery,30.0,0,2.834,MD,0
2023.0,PJM,Solar,5.5,0,2.834,PA,0
2023.0,PJM,Battery,12.8,0,2.834,VA,0
2023.0,PJM,Solar,100.0,0,2.834,OH,0
2023.0,SPP,Wind,275.0,2,0.682,TX,0
2023.0,SPP,Solar,95.0,2,0.931,AR,0
2023.0,SPP,Solar,350.0,2,2.012,MT,0
2023.0,SPP,Solar,250.0,2,0.682,ND,0
2023.0,PJM,Solar,40.0,0,2.834,IN,0
2023.0,PJM,Solar,19.2,0,2.834,OH,0
2023.0,PJM,Solar,11.0,0,2.834,KY,0
2023.0,PJM,Battery,60.0,0,2.834,VA,0
2023.0,West,Hybrid,1000.0,0,2.834,CA,0
2023.0,CAISO,Battery,126.0,2,1.741,CA,0
2023.0,West,Hybrid,1500.0,0,2.834,CA,0
2023.0,West,Hybrid,1000.0,0,2.834,CA,0
2023.0,Southeast,Hybrid,79.9,2,0.225,AL,0
2023.0,Southeast,Solar,79.9,0,2.831,AL,0
2023.0,West,Wind,250.0,0,2.831,OR,0
2023.0,PJM,Solar,40.0,0,2.831,WV,0
2023.0,Southeast,Hybrid,79.9,2,0.225,AL,0
2023.0,West,Other,750.0,0,2.831,OR,0
2023.0,West,Wind,250.0,0,2.831,OR,0
2023.0,PJM,Battery,60.5,0,2.831,MD,0
2023.0,West,Battery,400.0,0,2.831,OR,1
2023.0,Southeast,Solar,79.9,0,2.831,AL,0
2023.0,Southeast,Battery,150.0,2,0.129,GA,0
2023.0,PJM,Solar,20.6,0,2.831,KY,0
2023.0,West,Wind,250.0,0,2.831,OR,0
2023.0,PJM,Wind,134.2,0,2.828,IL,0
2023.0,PJM,Solar,22.0,2,1.314,PA,0
2023.0,West,Wind,250.0,0,2.828,OR,0
2023.0,Southeast,Battery,225.0,0,2.823,FL,0
2023.0,Southeast,Hybrid,90.0,0,2.82,MS,0
2023.0,NYISO,Battery,17.3,2,0.233,NY,0
2023.0,PJM,Battery,13.4,0,2.82,OH,1
2023.0,ERCOT,Hybrid,203.0,0,2.817,TX,0
2023.0,ERCOT,Hybrid,203.0,0,2.817,TX,0
2023.0,ERCOT,Solar,306.8,2,1.911,TX,0
2023.0,ERCOT,Battery,202.6,0,2.817,TX,0
2023.0,ERCOT,Other,10.0,0,2.817,TX,0
2023.0,ERCOT,Battery,156.0,0,2.817,TX,1
2023.0,ERCOT,Battery,156.0,0,2.817,TX,1
2023.0,PJM,Solar,70.0,0,2.817,MI,0
2023.0,ISO-NE,Solar,2.0,2,2.267,ME,0
2023.0,ERCOT,Battery,101.2,0,2.817,TX,0
2023.0,ERCOT,Hybrid,150.7,0,2.817,TX,0
2023.0,ERCOT,Hybrid,156.6,0,2.817,TX,0
2023.0,ERCOT,Hybrid,156.6,0,2.817,TX,0
2023.0,ERCOT,Solar,84.0,0,2.817,TX,0
2023.0,ERCOT,Battery,125.3,0,2.817,TX,0
2023.0,ERCOT,Hybrid,301.6,0,2.817,TX,0
2023.0,ERCOT,Wind,606.5,0,2.815,TX,0
2023.0,ERCOT,Battery,9.9,1,1.873,TX,0
2023.0,PJM,Hybrid,20.0,0,2.815,PA,0
2023.0,PJM,Hybrid,20.0,0,2.815,PA,0
2023.0,PJM,Hybrid,20.0,0,2.815,PA,0
2023.0,ISO-NE,Battery,250.0,0,2.815,MA,0
2023.0,PJM,Solar,11.0,0,2.815,IN,0
2023.0,ISO-NE,Battery,240.8,2,0.093,MA,0
2023.0,ISO-NE,Battery,271.4,2,0.728,MA,0
2023.0,ISO-NE,Battery,200.8,2,1.448,CT,0
2023.0,PJM,Hybrid,59.5,0,2.812,WV,0
2023.0,PJM,Solar,150.0,2,2.316,OH,0
2023.0,PJM,Hybrid,148.0,0,2.812,WV,0
2023.0,PJM,Hybrid,20.0,0,2.812,PA,0
2023.0,PJM,Hybrid,20.0,0,2.812,PA,0
2023.0,PJM,Hybrid,20.0,0,2.812,PA,0
2023.0,PJM,Hybrid,150.0,0,2.812,PA,0
2023.0,PJM,Hybrid,20.0,0,2.812,PA,0
2023.0,PJM,Hybrid,300.0,0,2.812,PA,0
2023.0,PJM,Solar,14.5,0,2.812,PA,0
2023.0,SPP,Solar,200.0,2,0.66,TX,0
2023.0,SPP,Solar,200.0,2,0.66,TX,0
2023.0,SPP,Battery,250.0,2,0.66,TX,0
2023.0,PJM,Wind,97.2,0,2.812,IL,0
2023.0,PJM,Wind,97.2,0,2.812,IL,0
2023.0,PJM,Solar,14.0,0,2.812,PA,0
2023.0,PJM,Solar,14.0,0,2.812,PA,0
2023.0,PJM,Solar,5.8,0,2.812,PA,0
2023.0,PJM,Solar,29.5,0,2.812,PA,0
2023.0,PJM,Solar,40.6,0,2.812,PA,0
2023.0,PJM,Solar,5.8,0,2.812,PA,0
2023.0,PJM,Solar,29.0,0,2.812,PA,0
2023.0,PJM,Wind,2138.8,0,2.812,NJ,0
2023.0,PJM,Solar,20.0,0,2.812,NJ,0
2023.0,PJM,Solar,34.8,0,2.812,PA,0
2023.0,PJM,Battery,1122.0,0,2.809,MD,0
2023.0,PJM,Solar,5.8,0,2.809,PA,0
2023.0,PJM,Solar,5.8,0,2.809,PA,0
2023.0,PJM,Solar,5.8,0,2.809,PA,0
2023.0,PJM,Solar,5.8,0,2.809,PA,0
2023.0,PJM,Battery,150.0,0,2.809,VA,0
2023.0,PJM,Solar,5.8,0,2.809,PA,0
2023.0,ERCOT,Other,75.8,2,0.066,TX,0
2023.0,ERCOT,Battery,254.8,0,2.806,TX,0
2023.0,ERCOT,Battery,205.5,0,2.804,TX,1
2023.0,West,Battery,350.0,0,2.804,NV,1
2023.0,ERCOT,Battery,176.1,0,2.804,TX,0
2023.0,ERCOT,Hybrid,371.7,0,2.804,TX,0
2023.0,ERCOT,Wind,197.8,0,2.804,TX,0
2023.0,ERCOT,Battery,31.2,0,2.804,TX,0
2023.0,ERCOT,Battery,303.7,0,2.804,TX,0
2023.0,ERCOT,Wind,197.8,0,2.804,TX,0
2023.0,ERCOT,Hybrid,260.3,0,2.804,TX,0
2023.0,ERCOT,Hybrid,304.4,0,2.804,TX,0
2023.0,ERCOT,Hybrid,439.4,0,2.804,TX,0
2023.0,ERCOT,Battery,153.6,0,2.804,TX,0
2023.0,ERCOT,Battery,101.9,0,2.804,TX,0
2023.0,West,Wind,252.0,0,2.801,NM,0
2023.0,ISO-NE,Battery,140.5,2,2.574,MA,0
2023.0,NYISO,Battery,20.0,2,0.279,NY,0
2023.0,NYISO,Battery,2.0,2,0.197,NY,0
2023.0,West,Wind,300.0,0,2.782,AZ,0
2023.0,Southeast,Battery,100.0,2,0.079,GA,0
2023.0,Southeast,Solar,80.0,2,0.047,AL,0
2023.0,West,Hybrid,800.0,0,2.779,OR,0
2023.0,Southeast,Battery,125.0,2,0.153,KY,0
2023.0,West,Hybrid,800.0,0,2.779,OR,0
2023.0,West,Hybrid,600.0,0,2.776,AZ,0
2023.0,West,Hybrid,200.0,0,2.776,NV,0
2023.0,SPP,Solar,342.0,2,0.621,ND,0
2023.0,West,Hybrid,600.0,0,2.773,WA,1
2023.0,Southeast,Solar,80.0,0,2.773,AL,0
2023.0,West,Hybrid,140.0,0,2.773,NV,0
2023.0,SPP,Hybrid,80.0,0,2.773,MO,0
2023.0,SPP,Hybrid,80.0,2,0.189,AR,0
2023.0,West,Hybrid,200.0,0,2.773,ID,0
2023.0,SPP,Solar,375.0,2,0.621,ND,0
2023.0,ERCOT,Other,91.1,2,0.953,TX,0
2023.0,ERCOT,Solar,90.3,2,2.034,TX,0
2023.0,ERCOT,Gas,102.0,1,0.233,TX,0
2023.0,ERCOT,Solar,238.7,2,0.643,TX,0
2023.0,ERCOT,Battery,200.0,2,2.697,TX,0
2023.0,ERCOT,Battery,461.6,2,2.037,TX,0
2023.0,ERCOT,Hybrid,364.1,0,2.765,TX,0
2023.0,ERCOT,Battery,185.6,0,2.765,TX,0
2023.0,ERCOT,Battery,150.8,0,2.765,TX,0
2023.0,ERCOT,Battery,153.7,0,2.765,TX,0
2023.0,ERCOT,Battery,101.2,0,2.765,TX,0
2023.0,ERCOT,Battery,176.1,0,2.765,TX,0
2023.0,West,Hybrid,150.0,0,2.765,ID,0
2023.0,ERCOT,Hybrid,75.0,0,2.765,TX,0
2023.0,ISO-NE,Battery,226.0,2,2.541,NH,0
2023.0,West,Hybrid,460.0,0,2.762,NV,1
2023.0,Southeast,Solar,73.0,2,1.188,AL,0
2023.0,NYISO,Wind,2620.0,2,0.427,NY,0
2023.0,West,Hybrid,300.0,0,2.762,NV,0
2023.0,NYISO,Wind,1310.0,2,0.427,NY,0
2023.0,West,Other,500.0,0,2.762,NV,1
2023.0,West,Other,500.0,0,2.762,NV,1
2023.0,West,Battery,200.0,0,2.762,NV,1
2023.0,West,Hybrid,200.0,0,2.762,NV,0
2023.0,Southeast,Solar,250.0,0,2.762,KY,0
2023.0,Southeast,Hybrid,150.0,0,2.762,TN,0
2023.0,NYISO,Battery,20.0,2,0.427,NY,0
2023.0,ISO-NE,Battery,325.7,2,1.53,CT,0
2023.0,ISO-NE,Wind,217.0,2,2.538,ME,0
2023.0,West,Battery,70.0,0,2.757,AZ,0
2023.0,NYISO,Solar,250.0,2,0.337,NY,0
2023.0,West,Hybrid,500.0,0,2.757,AZ,0
2023.0,West,Solar,300.0,0,2.754,NM,0
2023.0,West,Hybrid,400.0,0,2.754,AZ,1
2023.0,West,Gas,350.0,0,2.754,AZ,1
2023.0,West,Battery,199.9,0,2.746,OR,0
2023.0,ISO-NE,Battery,105.0,2,0.693,VT,0
2023.0,ISO-NE,Battery,180.0,2,0.693,VT,0
2023.0,West,Hybrid,60.0,0,2.743,AZ,0
2023.0,Southeast,Solar,80.0,2,0.449,AL,0
2023.0,West,Battery,387.0,0,2.743,CA,0
2023.0,Southeast,Hybrid,153.0,0,2.738,GA,0
2023.0,ISO-NE,Solar,218.4,2,2.516,ME,0
2023.0,ERCOT,Other,100.6,0,2.738,TX,0
2023.0,ERCOT,Hybrid,80.4,0,2.735,TX,0
2023.0,ERCOT,Battery,100.0,0,2.735,TX,0
2023.0,ERCOT,Solar,201.2,0,2.735,TX,0
2023.0,West,Hybrid,100.0,2,0.69,WA,0
2023.0,West,Battery,199.9,0,2.735,OR,0
2023.0,ERCOT,Other,9.9,1,1.621,TX,0
2023.0,ERCOT,Battery,508.3,0,2.735,TX,0
2023.0,ERCOT,Battery,227.9,0,2.735,TX,0
2023.0,ERCOT,Hybrid,410.2,0,2.735,TX,0
2023.0,ERCOT,Solar,100.6,0,2.735,TX,0
2023.0,West,Other,600.0,0,2.724,OR,0
2023.0,ISO-NE,Hybrid,139.0,2,0.674,ME,0
2023.0,West,Hybrid,1000.0,0,2.716,CA,0
2023.0,West,Hybrid,1000.0,0,2.716,CA,0
2023.0,Southeast,Solar,105.0,0,2.716,GA,0
2023.0,West,Battery,130.0,0,2.716,WA,1
2023.0,West,Battery,90.0,0,2.716,CA,0
2023.0,West,Wind,300.0,2,0.364,WA,0
2023.0,West,Wind,220.5,0,2.716,WA,0
2023.0,Southeast,Gas,660.0,0,2.716,KY,0
2023.0,CAISO,Battery,609.3,2,2.631,CA,1
2023.0,CAISO,Battery,204.8,2,1.629,CA,0
2023.0,CAISO,Battery,1029.0,0,2.708,CA,0
2023.0,CAISO,Battery,12.6,0,2.708,CA,0
2023.0,CAISO,Battery,505.1,2,2.023,NV,1
2023.0,CAISO,Battery,514.4,0,2.708,CA,0
2023.0,CAISO,Battery,515.5,2,1.629,CA,0
2023.0,CAISO,Solar,204.6,0,2.708,NV,0
2023.0,CAISO,Battery,304.0,0,2.708,CA,0
2023.0,CAISO,Battery,105.8,2,1.629,CA,0
2023.0,CAISO,Battery,257.0,0,2.708,CA,0
2023.0,CAISO,Battery,205.0,2,2.634,CA,1
2023.0,CAISO,Battery,516.0,2,2.631,CA,0
2023.0,CAISO,Battery,501.6,2,2.609,CA,0
2023.0,CAISO,Other,516.8,0,2.708,CA,0
2023.0,CAISO,Battery,514.1,0,2.708,CA,0
2023.0,CAISO,Battery,154.6,2,2.021,CA,0
2023.0,CAISO,Battery,157.6,2,2.656,CA,0
2023.0,CAISO,Battery,22.2,2,2.656,CA,0
2023.0,CAISO,Battery,10.1,2,2.656,CA,0
2023.0,CAISO,Solar,552.9,2,1.629,CA,0
2023.0,CAISO,Battery,500.0,2,1.629,CA,0
2023.0,CAISO,Battery,206.0,2,1.629,CA,0
2023.0,CAISO,Solar,552.9,2,1.629,CA,0
2023.0,CAISO,Battery,1029.0,0,2.708,CA,0
2023.0,CAISO,Other,518.1,2,1.629,CA,1
2023.0,MISO,Other,50.0,0,2.708,IN,0
2023.0,CAISO,Battery,502.4,2,1.629,CA,0
2023.0,CAISO,Battery,350.0,2,2.067,CA,0
2023.0,CAISO,Battery,500.0,2,2.626,CA,0
2023.0,CAISO,Other,11.4,2,2.65,CA,0
2023.0,CAISO,Hybrid,400.0,0,2.708,CA,0
2023.0,CAISO,Hybrid,2030.8,2,2.111,AZ,0
2023.0,CAISO,Battery,255.3,2,1.629,CA,0
2023.0,CAISO,Hybrid,811.9,0,2.708,CA,0
2023.0,CAISO,Hybrid,406.6,0,2.708,CA,0
2023.0,CAISO,Hybrid,1434.6,2,2.628,AZ,0
2023.0,CAISO,Hybrid,206.3,2,2.634,CA,0
2023.0,CAISO,Hybrid,412.1,2,2.634,CA,0
2023.0,CAISO,Hybrid,311.7,0,2.708,CA,0
2023.0,CAISO,Hybrid,309.7,2,2.634,CA,0
2023.0,CAISO,Battery,504.7,2,1.629,CA,0
2023.0,CAISO,Hybrid,1790.0,2,2.04,NV,0
2023.0,CAISO,Hybrid,1267.7,2,2.04,CA,0
2023.0,CAISO,Hybrid,1121.9,2,2.595,CA,0
2023.0,CAISO,Hybrid,600.0,0,2.708,CA,0
2023.0,CAISO,Battery,105.4,0,2.708,CA,0
2023.0,MISO,Other,50.0,0,2.708,IN,0
2023.0,CAISO,Hybrid,921.1,0,2.708,NV,0
2023.0,CAISO,Hybrid,1308.2,0,2.708,CA,0
2023.0,CAISO,Hybrid,1000.0,0,2.708,AZ,0
2023.0,CAISO,Hybrid,398.0,0,2.708,CA,0
2023.0,CAISO,Hybrid,1200.0,0,2.708,CA,0
2023.0,CAISO,Battery,199.7,2,1.629,CA,0
2023.0,CAISO,Battery,150.0,2,1.629,CA,0
2023.0,CAISO,Battery,510.9,2,1.629,CA,0
2023.0,CAISO,Battery,253.8,2,1.629,CA,0
2023.0,CAISO,Solar,153.0,2,1.629,CA,0
2023.0,CAISO,Battery,514.6,2,2.576,AZ,0
2023.0,CAISO,Battery,128.6,2,1.629,CA,0
2023.0,CAISO,Battery,300.0,2,1.629,CA,0
2023.0,CAISO,Solar,454.6,2,1.629,CA,0
2023.0,CAISO,Solar,151.3,2,1.629,CA,0
2023.0,CAISO,Battery,513.2,2,1.629,CA,0
2023.0,CAISO,Battery,565.9,2,1.629,CA,0
2023.0,CAISO,Battery,102.2,2,1.629,CA,0
2023.0,CAISO,Battery,102.2,2,1.629,CA,0
2023.0,CAISO,Battery,310.8,2,1.629,CA,0
2023.0,CAISO,Battery,102.2,2,1.629,CA,0
2023.0,CAISO,Battery,353.4,2,1.629,CA,0
2023.0,CAISO,Battery,155.2,2,1.629,CA,0
2023.0,CAISO,Battery,206.9,2,1.629,CA,0
2023.0,CAISO,Battery,367.5,2,1.629,CA,0
2023.0,CAISO,Battery,307.6,2,1.629,CA,1
2023.0,CAISO,Battery,204.7,2,1.629,CA,0
2023.0,CAISO,Solar,413.3,2,1.629,CA,0
2023.0,CAISO,Battery,300.0,2,1.629,CA,0
2023.0,CAISO,Battery,100.4,2,1.629,CA,0
2023.0,CAISO,Battery,300.0,2,1.629,CA,0
2023.0,CAISO,Battery,257.2,2,1.629,CA,0
2023.0,CAISO,Solar,56.0,2,1.629,CA,0
2023.0,CAISO,Battery,100.4,2,1.629,CA,0
2023.0,CAISO,Battery,308.1,2,1.629,CA,0
2023.0,CAISO,Battery,205.8,2,1.629,CA,1
2023.0,CAISO,Battery,198.4,2,1.629,CA,0
2023.0,CAISO,Battery,198.4,2,1.629,CA,0
2023.0,CAISO,Battery,102.8,2,1.629,CA,0
2023.0,CAISO,Battery,615.3,2,1.629,CA,0
2023.0,CAISO,Battery,400.0,2,1.629,CA,0
2023.0,CAISO,Battery,78.6,2,1.629,CA,0
2023.0,CAISO,Battery,240.0,2,1.629,CA,0
2023.0,CAISO,Battery,354.0,2,1.629,CA,0
2023.0,CAISO,Battery,102.8,2,1.629,CA,0
2023.0,CAISO,Battery,504.9,0,2.708,CA,0
2023.0,CAISO,Battery,259.4,2,2.042,CA,0
2023.0,CAISO,Battery,257.3,2,1.629,CA,0
2023.0,CAISO,Solar,562.4,0,2.708,CA,0
2023.0,CAISO,Solar,15.6,2,2.574,CA,0
2023.0,CAISO,Battery,405.3,2,2.092,CA,0
2023.0,CAISO,Battery,199.0,2,1.629,CA,0
2023.0,CAISO,Battery,220.0,2,1.629,CA,0
2023.0,CAISO,Battery,400.0,2,1.629,CA,0
2023.0,CAISO,Battery,142.0,2,1.629,CA,0
2023.0,CAISO,Battery,310.0,2,1.629,CA,0
2023.0,CAISO,Solar,305.2,2,1.629,CA,0
2023.0,CAISO,Battery,206.5,2,1.629,CA,0
2023.0,CAISO,Battery,193.4,2,1.629,CA,0
2023.0,CAISO,Battery,506.8,2,1.629,CA,0
2023.0,CAISO,Battery,154.2,2,1.629,CA,0
2023.0,CAISO,Battery,434.2,2,1.629,CA,0
2023.0,CAISO,Battery,150.0,2,1.629,CA,0
2023.0,CAISO,Battery,199.0,2,1.629,CA,0
2023.0,CAISO,Battery,50.2,2,1.629,CA,0
2023.0,CAISO,Battery,500.0,2,1.629,CA,0
2023.0,CAISO,Battery,216.1,2,1.629,CA,0
2023.0,CAISO,Battery,102.8,2,1.629,CA,0
2023.0,CAISO,Battery,306.0,2,1.629,CA,0
2023.0,CAISO,Battery,102.8,2,1.629,CA,0
2023.0,CAISO,Battery,306.0,2,1.629,CA,0
2023.0,CAISO,Battery,253.7,2,1.629,CA,0
2023.0,CAISO,Battery,308.7,2,2.631,CA,1
2023.0,CAISO,Battery,206.2,0,2.708,CA,0
2023.0,CAISO,Battery,171.1,2,2.031,CA,0
2023.0,CAISO,Hybrid,2339.0,0,2.708,CA,0
2023.0,CAISO,Battery,61.8,2,2.631,CA,1
2023.0,CAISO,Battery,51.5,2,2.609,CA,0
2023.0,CAISO,Solar,156.5,0,2.708,CA,0
2023.0,CAISO,Battery,405.5,2,2.119,CA,0
2023.0,CAISO,Solar,103.7,0,2.708,NV,0
2023.0,CAISO,Solar,155.8,0,2.708,CA,0
2023.0,CAISO,Battery,205.5,0,2.708,CA,0
2023.0,CAISO,Battery,205.4,0,2.708,CA,0
2023.0,CAISO,Battery,102.2,0,2.708,CA,0
2023.0,CAISO,Battery,514.0,0,2.708,CA,0
2023.0,CAISO,Solar,151.3,2,2.595,CA,0
2023.0,CAISO,Solar,507.0,0,2.708,CA,0
2023.0,CAISO,Battery,1064.7,0,2.708,CA,0
2023.0,CAISO,Solar,304.6,0,2.708,CA,0
2023.0,CAISO,Battery,202.3,0,2.708,CA,0
2023.0,CAISO,Battery,317.5,0,2.708,CA,0
2023.0,CAISO,Battery,518.1,0,2.708,CA,0
2023.0,CAISO,Battery,258.2,0,2.708,CA,0
2023.0,CAISO,Hybrid,205.1,2,1.629,CA,0
2023.0,CAISO,Hybrid,2347.0,2,2.648,CA,0
2023.0,CAISO,Wind,309.1,0,2.708,MX,0
2023.0,CAISO,Solar,129.0,0,2.708,CA,0
2023.0,CAISO,Solar,204.6,0,2.708,NV,0
2023.0,CAISO,Solar,353.0,0,2.708,CA,0
2023.0,CAISO,Battery,352.7,0,2.708,CA,0
2023.0,CAISO,Battery,359.8,2,2.034,NV,1
2023.0,CAISO,Solar,352.0,0,2.708,CA,0
2023.0,CAISO,Hybrid,153.0,2,1.629,CA,0
2023.0,CAISO,Hybrid,204.7,2,1.629,CA,0
2023.0,CAISO,Hybrid,252.7,2,1.629,CA,0
2023.0,CAISO,Hybrid,131.0,2,1.629,CA,0
2023.0,CAISO,Hybrid,1056.6,2,1.629,CA,0
2023.0,CAISO,Battery,105.0,0,2.708,CA,0
2023.0,CAISO,Hybrid,811.2,2,1.629,CA,0
2023.0,CAISO,Hybrid,601.0,2,1.629,CA,0
2023.0,CAISO,Hybrid,156.6,2,1.629,CA,0
2023.0,CAISO,Hybrid,156.2,2,1.629,CA,0
2023.0,CAISO,Hybrid,207.0,2,1.629,CA,0
2023.0,CAISO,Solar,305.4,0,2.708,NV,0
2023.0,CAISO,Solar,63.4,0,2.708,CA,0
2023.0,CAISO,Battery,153.7,0,2.708,CA,0
2023.0,CAISO,Battery,205.7,0,2.708,CA,1
2023.0,CAISO,Battery,128.4,0,2.708,CA,0
2023.0,CAISO,Solar,306.7,0,2.708,CA,0
2023.0,CAISO,Solar,414.4,0,2.708,CA,0
2023.0,CAISO,Battery,307.6,0,2.708,CA,1
2023.0,CAISO,Hybrid,718.8,2,1.629,CA,0
2023.0,CAISO,Battery,352.7,0,2.708,CA,0
2023.0,CAISO,Battery,565.8,2,2.031,CA,0
2023.0,CAISO,Battery,514.4,0,2.708,CA,0
2023.0,CAISO,Solar,353.8,0,2.708,NV,0
2023.0,CAISO,Battery,204.9,2,2.612,CA,0
2023.0,CAISO,Solar,204.6,0,2.708,NV,0
2023.0,CAISO,Battery,404.3,0,2.708,CA,1
2023.0,CAISO,Battery,306.6,2,2.119,CA,0
2023.0,CAISO,Battery,3.7,2,1.629,CA,1
2023.0,CAISO,Battery,6.7,2,1.629,CA,0
2023.0,CAISO,Battery,3.8,2,1.629,CA,0
2023.0,CAISO,Hybrid,106.0,2,1.629,CA,0
2023.0,CAISO,Hybrid,259.4,2,1.629,CA,0
2023.0,CAISO,Hybrid,206.6,2,1.629,CA,0
2023.0,CAISO,Hybrid,32.0,2,1.629,CA,0
2023.0,CAISO,Hybrid,12.3,2,1.629,CA,0
2023.0,CAISO,Hybrid,241.0,2,1.629,CA,0
2023.0,CAISO,Hybrid,87.8,2,1.629,CA,0
2023.0,CAISO,Hybrid,104.8,2,1.629,CA,0
2023.0,CAISO,Hybrid,509.2,2,1.629,CA,0
2023.0,CAISO,Hybrid,102.6,2,1.629,CA,0
2023.0,CAISO,Hybrid,419.9,2,1.629,CA,0
2023.0,CAISO,Hybrid,525.4,2,1.629,CA,0
2023.0,CAISO,Hybrid,368.2,2,1.629,CA,0
2023.0,CAISO,Hybrid,205.0,2,1.629,CA,0
2023.0,CAISO,Hybrid,891.9,2,1.629,CA,0
2023.0,CAISO,Hybrid,525.4,2,1.629,CA,0
2023.0,CAISO,Solar,192.2,0,2.708,CA,0
2023.0,CAISO,Solar,407.3,2,2.626,CA,0
2023.0,CAISO,Hybrid,1198.1,2,1.629,CA,0
2023.0,CAISO,Hybrid,51.0,2,1.629,CA,1
2023.0,CAISO,Hybrid,663.3,2,1.629,CA,1
2023.0,CAISO,Hybrid,371.2,2,1.629,CA,0
2023.0,CAISO,Battery,204.9,0,2.708,CA,0
2023.0,CAISO,Hybrid,508.7,2,1.629,CA,0
2023.0,CAISO,Battery,3.7,2,1.629,CA,0
2023.0,CAISO,Battery,304.2,2,2.628,CA,1
2023.0,CAISO,Battery,304.0,2,2.628,CA,1
2023.0,CAISO,Battery,123.4,0,2.708,CA,0
2023.0,CAISO,Battery,102.9,0,2.708,CA,0
2023.0,CAISO,Battery,200.0,2,2.631,CA,0
2023.0,CAISO,Battery,620.6,2,2.626,CA,0
2023.0,CAISO,Battery,400.0,2,2.631,CA,0
2023.0,CAISO,Battery,270.0,2,2.631,CA,0
2023.0,CAISO,Wind,108.0,0,2.708,CA,0
2023.0,CAISO,Battery,1167.7,0,2.708,CA,0
2023.0,CAISO,Battery,514.9,2,2.111,CA,0
2023.0,CAISO,Battery,3.7,2,1.629,CA,0
2023.0,CAISO,Battery,458.7,2,2.116,CA,0
2023.0,CAISO,Battery,490.7,2,2.626,CA,0
2023.0,CAISO,Hybrid,408.3,2,1.629,CA,0
2023.0,CAISO,Hybrid,44.4,2,1.629,CA,0
2023.0,CAISO,Hybrid,386.8,2,1.629,CA,0
2023.0,CAISO,Battery,505.6,0,2.708,CA,0
2023.0,CAISO,Hybrid,587.7,2,1.629,CA,0
2023.0,CAISO,Hybrid,408.0,2,1.629,CA,0
2023.0,Southeast,Battery,100.0,0,2.708,TN,0
2023.0,CAISO,Solar,252.3,2,2.626,CA,0
2023.0,CAISO,Hybrid,945.9,2,1.629,CA,0
2023.0,CAISO,Battery,3.7,2,1.629,CA,0
2023.0,CAISO,Battery,103.7,2,2.092,CA,0
2023.0,CAISO,Battery,258.5,0,2.708,CA,0
2023.0,CAISO,Other,68.9,0,2.708,CA,0
2023.0,CAISO,Hybrid,499.0,0,2.708,CA,0
2023.0,CAISO,Battery,101.9,0,2.708,CA,0
2023.0,CAISO,Battery,518.7,0,2.708,CA,0
2023.0,CAISO,Hybrid,613.7,0,2.708,CA,0
2023.0,CAISO,Hybrid,150.7,2,2.631,CA,0
2023.0,CAISO,Battery,437.1,2,2.018,CA,0
2023.0,CAISO,Battery,204.9,0,2.708,CA,0
2023.0,CAISO,Hybrid,831.7,0,2.708,CA,0
2023.0,CAISO,Battery,199.0,0,2.708,CA,0
2023.0,CAISO,Battery,215.8,2,2.628,CA,0
2023.0,CAISO,Battery,103.0,0,2.708,CA,0
2023.0,CAISO,Battery,565.8,2,2.031,NV,1
2023.0,CAISO,Battery,63.1,0,2.708,CA,0
2023.0,CAISO,Battery,204.9,0,2.708,CA,0
2023.0,CAISO,Battery,105.0,2,2.078,CA,0
2023.0,CAISO,Hybrid,411.2,2,2.59,CA,0
2023.0,CAISO,Hybrid,205.4,0,2.708,CA,0
2023.0,CAISO,Hybrid,516.9,2,2.59,CA,0
2023.0,CAISO,Other,1217.8,0,2.708,CA,0
2023.0,CAISO,Hybrid,267.6,0,2.708,CA,0
2023.0,CAISO,Hybrid,206.5,0,2.708,CA,0
2023.0,CAISO,Hybrid,100.9,2,2.612,CA,1
2023.0,CAISO,Battery,507.0,2,2.119,CA,0
2023.0,CAISO,Battery,64.4,2,2.631,CA,0
2023.0,CAISO,Battery,461.1,0,2.708,CA,0
2023.0,CAISO,Hybrid,371.3,0,2.708,CA,0
2023.0,CAISO,Hybrid,206.2,0,2.708,CA,0
2023.0,CAISO,Hybrid,1430.2,0,2.708,CA,0
2023.0,CAISO,Hybrid,576.0,0,2.708,CA,0
2023.0,CAISO,Hybrid,2071.0,0,2.708,AZ,1
2023.0,CAISO,Hybrid,408.0,0,2.708,CA,0
2023.0,CAISO,Hybrid,408.2,0,2.708,CA,0
2023.0,CAISO,Hybrid,1211.3,0,2.708,CA,0
2023.0,CAISO,Hybrid,200.0,0,2.708,CA,0
2023.0,CAISO,Solar,559.4,0,2.708,AZ,1
2023.0,CAISO,Hybrid,2044.7,0,2.708,CA,0
2023.0,CAISO,Hybrid,706.0,2,2.034,NV,1
2023.0,CAISO,Hybrid,744.3,0,2.708,CA,0
2023.0,CAISO,Hybrid,2049.1,2,2.023,NV,0
2023.0,CAISO,Hybrid,813.2,2,2.111,NV,0
2023.0,CAISO,Hybrid,269.5,0,2.708,CA,0
2023.0,CAISO,Hybrid,509.2,0,2.708,CA,0
2023.0,CAISO,Hybrid,1879.8,0,2.708,CA,0
2023.0,CAISO,Hybrid,608.7,0,2.708,CA,0
2023.0,CAISO,Hybrid,513.2,0,2.708,CA,0
2023.0,CAISO,Hybrid,378.0,0,2.708,CA,0
2023.0,CAISO,Hybrid,835.5,0,2.708,CA,0
2023.0,CAISO,Hybrid,1018.5,2,2.023,NV,0
2023.0,CAISO,Hybrid,382.0,0,2.708,CA,0
2023.0,CAISO,Hybrid,1110.6,0,2.708,CA,0
2023.0,CAISO,Hybrid,721.5,2,2.034,NV,0
2023.0,CAISO,Hybrid,309.0,0,2.708,AZ,1
2023.0,CAISO,Hybrid,317.5,0,2.708,CA,0
2023.0,CAISO,Hybrid,555.7,0,2.708,CA,0
2023.0,CAISO,Hybrid,749.9,0,2.708,CA,0
2023.0,CAISO,Hybrid,1046.5,0,2.708,CA,0
2023.0,West,Wind,120.0,2,0.654,WA,0
2023.0,ERCOT,Battery,101.2,2,2.595,TX,0
2023.0,ERCOT,Wind,304.3,0,2.705,TX,0
2023.0,ERCOT,Hybrid,200.6,0,2.702,TX,0
2023.0,ERCOT,Hybrid,155.7,0,2.702,TX,0
2023.0,ERCOT,Battery,251.3,0,2.702,TX,0
2023.0,ERCOT,Wind,259.2,0,2.702,TX,0
2023.0,ERCOT,Gas,228.0,0,2.702,TX,0
2023.0,ERCOT,Solar,512.6,0,2.702,TX,0
2023.0,ERCOT,Battery,50.2,0,2.702,TX,0
2023.0,ERCOT,Gas,228.0,0,2.702,TX,0
2023.0,ERCOT,Battery,260.2,0,2.702,TX,0
2023.0,ERCOT,Battery,200.8,0,2.702,TX,0
2023.0,ERCOT,Battery,176.1,0,2.702,TX,0
2023.0,ERCOT,Hybrid,204.9,0,2.702,TX,0
2023.0,ERCOT,Battery,220.7,0,2.702,TX,0
2023.0,Southeast,Battery,125.0,0,2.7,KY,0
2023.0,PJM,Battery,100.0,0,2.697,VA,0
2023.0,PJM,Battery,50.0,0,2.697,VA,0
2023.0,PJM,Battery,100.0,0,2.697,VA,0
2023.0,West,Hybrid,300.0,2,1.027,WA,0
2023.0,West,Hybrid,180.0,2,1.027,WA,0
2023.0,West,Solar,150.0,0,2.697,CA,0
2023.0,West,Hybrid,225.0,0,2.689,AZ,0
2023.0,West,Hybrid,225.0,0,2.689,AZ,0
2023.0,Southeast,Solar,74.5,0,2.689,FL,0
2023.0,West,Wind,500.0,0,2.686,OR,0
2023.0,ISO-NE,Battery,200.0,2,1.259,MA,0
2023.0,ISO-NE,Battery,300.0,2,1.259,MA,0
2023.0,ISO-NE,Battery,100.0,2,1.443,MA,0
2023.0,Southeast,Hybrid,100.0,2,1.489,GA,0
2023.0,West,Solar,199.0,2,0.63,WA,0
2023.0,West,Other,12.1,2,0.339,ID,0
2023.0,West,Battery,39.9,2,0.238,WA,0
2023.0,West,Hybrid,100.0,0,2.68,CA,0
2023.0,West,Solar,40.0,0,2.678,WA,0
2023.0,West,Other,157.0,0,2.678,CA,0
2023.0,West,Hybrid,39.2,0,2.678,CA,0
2023.0,West,Hybrid,930.0,2,2.198,AZ,0
2023.0,West,Hybrid,150.0,0,2.678,CA,0
2023.0,West,Hybrid,150.0,0,2.678,CA,0
2023.0,West,Other,157.0,0,2.678,CA,0
2023.0,West,Other,33.0,0,2.672,CA,0
2023.0,West,Hybrid,100.0,2,0.624,WA,0
2023.0,West,Battery,199.0,0,2.669,WA,0
2023.0,West,Solar,40.0,0,2.669,WA,0
2023.0,ERCOT,Wind,152.3,0,2.667,TX,0
2023.0,West,Hybrid,150.0,0,2.667,AZ,0
2023.0,Southeast,Solar,170.0,2,0.079,GA,0
2023.0,Southeast,Solar,107.0,0,2.667,GA,0
2023.0,ERCOT,Battery,103.6,2,2.53,TX,0
2023.0,ERCOT,Battery,102.6,0,2.667,TX,0
2023.0,ERCOT,Solar,54.4,2,0.214,TX,0
2023.0,ERCOT,Solar,100.5,0,2.667,TX,0
2023.0,ERCOT,Solar,187.0,2,0.214,TX,0
2023.0,Southeast,Solar,74.9,0,2.664,FL,0
2023.0,Southeast,Gas,26.0,0,2.664,MO,0
2023.0,Southeast,Gas,46.0,0,2.664,MO,0
2023.0,Southeast,Solar,74.9,0,2.664,FL,0
2023.0,ISO-NE,Gas,233.0,2,0.364,CT,0
2023.0,ERCOT,Battery,100.3,0,2.664,TX,0
2023.0,ISO-NE,Battery,53.7,2,2.393,CT,0
2023.0,West,Battery,50.0,0,2.664,CO,0
2023.0,ERCOT,Battery,150.4,0,2.664,TX,0
2023.0,West,Battery,50.0,0,2.664,CO,0
2023.0,ERCOT,Solar,121.6,0,2.664,TX,0
2023.0,West,Solar,51.3,0,2.664,AZ,1
2023.0,ISO-NE,Battery,284.0,2,2.437,CT,0
2023.0,NYISO,Wind,200.0,2,0.156,NY,0
2023.0,Southeast,Battery,100.0,0,2.658,FL,0
2023.0,ISO-NE,Battery,100.2,2,2.428,MA,0
2023.0,ISO-NE,Battery,102.0,2,2.428,RI,0
2023.0,ISO-NE,Battery,20.0,2,0.047,MA,0
2023.0,ISO-NE,Battery,102.0,2,1.574,MA,0
2023.0,Southeast,Hybrid,150.0,2,0.928,GA,0
2023.0,West,Solar,160.0,0,2.65,WY,0
2023.0,West,Hybrid,400.0,0,2.65,OR,0
2023.0,West,Hybrid,199.0,0,2.65,WY,0
2023.0,West,Hybrid,500.0,0,2.65,UT,0
2023.0,PJM,Hybrid,800.0,0,2.65,OH,0
2023.0,West,Other,1304.0,0,2.642,OR,0
2023.0,West,Hybrid,199.0,0,2.642,OR,0
2023.0,West,Battery,400.0,0,2.642,OR,0
2023.0,West,Battery,500.0,0,2.642,OR,0
2023.0,West,Solar,19.9,0,2.639,OR,0
2023.0,West,Solar,19.9,0,2.639,OR,0
2023.0,West,Gas,40.5,2,0.394,CO,0
2023.0,West,Hybrid,150.0,2,0.11,CO,0
2023.0,West,Hybrid,19.9,0,2.639,OR,0
2023.0,West,Hybrid,19.9,0,2.639,OR,0
2023.0,ERCOT,Solar,156.1,2,1.922,TX,0
2023.0,ERCOT,Battery,125.7,2,1.927,TX,0
2023.0,ERCOT,Solar,54.3,2,0.181,TX,0
2023.0,ERCOT,Solar,177.2,2,2.497,TX,0
2023.0,ERCOT,Battery,227.9,2,1.774,TX,0
2023.0,ERCOT,Gas,150.0,2,1.103,TX,0
2023.0,ERCOT,Hybrid,105.6,0,2.631,TX,0
2023.0,ERCOT,Battery,101.2,0,2.631,TX,0
2023.0,ERCOT,Battery,201.1,0,2.631,TX,0
2023.0,ERCOT,Battery,207.0,0,2.631,TX,0
2023.0,West,Hybrid,199.0,0,2.631,UT,0
2023.0,ERCOT,Battery,100.3,0,2.631,TX,0
2023.0,ERCOT,Battery,200.8,0,2.631,TX,0
2023.0,ERCOT,Hybrid,503.9,0,2.631,TX,0
2023.0,ERCOT,Battery,71.3,0,2.631,TX,0
2023.0,West,Solar,3.0,0,2.631,OR,0
2023.0,ERCOT,Hybrid,301.6,0,2.631,TX,0
2023.0,ERCOT,Hybrid,150.8,0,2.631,TX,0
2023.0,ERCOT,Battery,252.0,0,2.631,TX,1
2023.0,ERCOT,Battery,204.8,0,2.631,TX,0
2023.0,ERCOT,Solar,221.2,0,2.631,TX,0
2023.0,ERCOT,Battery,362.0,0,2.631,TX,0
2023.0,West,Battery,199.0,0,2.631,OR,1
2023.0,ERCOT,Battery,200.8,0,2.631,TX,0
2023.0,ERCOT,Hybrid,150.4,0,2.631,TX,0
2023.0,ERCOT,Battery,120.7,0,2.631,TX,0
2023.0,West,Hybrid,75.0,0,2.631,UT,0
2023.0,West,Battery,199.9,0,2.631,UT,0
2023.0,West,Wind,400.0,0,2.628,WY,0
2023.0,ERCOT,Battery,10.0,0,2.626,TX,0
2023.0,West,Hybrid,175.0,2,0.361,CO,0
2023.0,West,Solar,310.0,2,0.367,CO,0
2023.0,West,Battery,100.0,2,0.118,CO,0
2023.0,West,Hybrid,250.0,2,0.361,CO,0
2023.0,ISO-NE,Battery,92.4,2,2.401,MA,0
2023.0,ISO-NE,Battery,102.0,2,2.393,CT,0
2023.0,West,Hybrid,250.0,2,0.361,CO,0
2023.0,PJM,Battery,60.0,2,2.464,NJ,0
2023.0,West,Solar,200.0,0,2.62,CO,0
2023.0,West,Battery,100.0,0,2.62,CO,0
2023.0,West,Wind,200.0,0,2.62,CO,0
2023.0,MISO,Other,135.0,0,2.62,IL,0
2023.0,West,Hybrid,198.0,2,0.208,CO,0
2023.0,West,Battery,199.0,2,0.208,CO,0
2023.0,Southeast,Hybrid,200.0,0,2.617,GA,0
2023.0,West,Wind,150.0,0,2.612,WY,0
2023.0,ERCOT,Battery,241.5,0,2.612,TX,0
2023.0,West,Wind,150.0,0,2.612,WY,0
2023.0,West,Wind,150.0,0,2.612,WY,0
2023.0,ERCOT,Hybrid,100.5,0,2.612,TX,0
2023.0,West,Solar,199.0,0,2.612,CO,0
2023.0,ERCOT,Battery,132.6,0,2.612,TX,0
2023.0,West,Hybrid,199.0,2,0.35,CO,1
2023.0,West,Hybrid,199.0,2,0.35,CO,1
2023.0,West,Wind,400.5,2,0.353,CO,0
2023.0,West,Hybrid,170.0,2,0.35,CO,0
2023.0,ERCOT,Battery,104.4,0,2.612,TX,0
2023.0,PJM,Solar,35.0,2,2.628,WV,0
2023.0,West,Solar,52.0,2,0.364,CO,0
2023.0,West,Wind,400.0,0,2.612,CO,0
2023.0,ERCOT,Other,10.0,1,0.526,TX,0
2023.0,PJM,Battery,328.0,0,2.606,IL,0
2023.0,PJM,Battery,354.4,0,2.606,IL,0
2023.0,PJM,Battery,250.0,0,2.606,IL,0
2023.0,PJM,Battery,260.0,0,2.606,IL,0
2023.0,ERCOT,Other,9.8,1,1.188,TX,0
2023.0,Southeast,Battery,175.0,2,0.074,GA,0
2023.0,ERCOT,Battery,300.8,2,2.486,TX,0
2023.0,ERCOT,Battery,50.5,2,1.854,TX,0
2023.0,West,Hybrid,150.0,0,2.604,ID,0
2023.0,NYISO,Battery,140.0,2,0.181,NY,0
2023.0,West,Solar,199.0,0,2.601,CO,0
2023.0,ERCOT,Solar,154.4,0,2.601,TX,0
2023.0,West,Wind,150.0,0,2.601,CO,0
2023.0,ERCOT,Solar,9.7,1,1.889,TX,0
2023.0,ERCOT,Battery,150.5,0,2.601,TX,0
2023.0,ERCOT,Hybrid,290.0,0,2.601,TX,0
2023.0,SPP,Solar,230.0,2,2.251,NM,0
2023.0,ERCOT,Battery,102.2,0,2.601,TX,0
2023.0,Southeast,Hybrid,200.0,2,0.695,MS,0
2023.0,Southeast,Solar,183.0,0,2.59,GA,0
2023.0,West,Solar,222.3,0,2.587,CO,0
2023.0,West,Hybrid,199.0,0,2.587,CO,0
2023.0,West,Hybrid,750.0,2,0.167,CO,0
2023.0,West,Hybrid,300.0,2,0.167,CO,0
2023.0,West,Hybrid,199.0,2,0.167,CO,0
2023.0,West,Solar,206.0,0,2.587,CO,0
2023.0,Southeast,Gas,209.0,0,2.585,SC,0
2023.0,Southeast,Solar,55.0,0,2.585,SC,0
2023.0,Southeast,Solar,75.0,0,2.585,SC,0
2023.0,Southeast,Battery,75.0,0,2.585,SC,0
2023.0,Southeast,Gas,18.0,0,2.585,SC,0
2023.0,Southeast,Gas,18.0,0,2.585,SC,0
2023.0,Southeast,Gas,20.0,0,2.585,SC,0
2023.0,Southeast,Battery,74.9,0,2.585,SC,0
2023.0,Southeast,Battery,74.5,0,2.585,SC,0
2023.0,Southeast,Battery,74.5,0,2.585,SC,0
2023.0,Southeast,Gas,7.0,0,2.585,SC,0
2023.0,Southeast,Solar,74.8,0,2.585,SC,0
2023.0,Southeast,Gas,7.0,0,2.585,SC,0
2023.0,West,Hybrid,100.0,0,2.585,ID,0
2023.0,Southeast,Solar,74.9,0,2.585,SC,0
2023.0,West,Hybrid,169.0,0,2.585,NV,1
2023.0,Southeast,Hybrid,198.0,0,2.585,SC,0
2023.0,West,Hybrid,100.0,0,2.585,ID,0
2023.0,Southeast,Gas,7.0,0,2.585,SC,0
2023.0,Southeast,Solar,200.0,0,2.585,SC,0
2023.0,Southeast,Gas,18.0,0,2.585,SC,0
2023.0,Southeast,Gas,18.0,0,2.585,SC,0
2023.0,PJM,Wind,1342.0,0,2.582,NJ,0
2023.0,West,Wind,100.0,0,2.582,OR,0
2023.0,West,Solar,300.0,0,2.582,OR,0
2023.0,West,Hybrid,300.0,0,2.582,OR,0
2023.0,West,Gas,300.0,0,2.574,UT,1
2023.0,West,Solar,199.0,0,2.574,UT,1
2023.0,Southeast,Battery,3.6,0,2.574,NC,0
2023.0,West,Solar,199.0,0,2.574,UT,1
2023.0,ERCOT,Battery,51.8,0,2.568,TX,0
2023.0,ERCOT,Battery,301.0,0,2.568,TX,0
2023.0,PJM,Battery,100.0,0,2.568,PA,0
2023.0,ERCOT,Battery,256.6,0,2.568,TX,0
2023.0,ERCOT,Hybrid,104.5,0,2.568,TX,0
2023.0,Southeast,Gas,172.0,0,2.568,FL,0
2023.0,ERCOT,Battery,201.0,0,2.568,TX,0
2023.0,ERCOT,Gas,306.3,0,2.568,TX,0
2023.0,ERCOT,Hybrid,85.5,0,2.568,TX,0
2023.0,ISO-NE,Battery,171.6,2,2.346,MA,0
2023.0,ERCOT,Battery,150.5,0,2.568,TX,0
2023.0,ERCOT,Battery,201.5,0,2.568,TX,0
2023.0,ERCOT,Hybrid,150.5,0,2.568,TX,0
2023.0,ERCOT,Battery,150.9,0,2.568,TX,1
2023.0,West,Hybrid,1200.0,0,2.565,UT,0
2023.0,West,Hybrid,800.0,0,2.565,UT,0
2023.0,West,Battery,100.0,0,2.563,ID,0
2023.0,West,Battery,100.0,0,2.563,ID,0
2023.0,Southeast,Solar,156.0,0,2.563,MS,0
2023.0,Southeast,Battery,260.0,0,2.563,GA,0
2023.0,ISO-NE,Battery,304.7,2,1.599,CT,0
2023.0,ERCOT,Other,9.9,1,0.942,TX,0
2023.0,West,Hybrid,175.0,0,2.554,ID,0
2023.0,ERCOT,Other,10.0,1,0.695,TX,0
2023.0,ERCOT,Other,10.0,1,0.698,TX,0
2023.0,ERCOT,Battery,268.4,2,1.593,TX,0
2023.0,ERCOT,Other,10.0,1,0.698,TX,0
2023.0,ISO-NE,Battery,2.0,2,2.001,MA,0
2023.0,ISO-NE,Hybrid,28.9,2,2.001,MA,0
2023.0,ISO-NE,Hybrid,9.1,2,2.001,MA,0
2023.0,ISO-NE,Hybrid,4.0,2,2.001,MA,0
2023.0,ISO-NE,Battery,5.0,2,2.001,MA,0
2023.0,ISO-NE,Hybrid,2.2,2,2.001,MA,0
2023.0,ISO-NE,Hybrid,7.0,2,2.001,MA,0
2023.0,ERCOT,Battery,9.9,0,2.549,TX,0
2023.0,ERCOT,Battery,9.9,1,1.689,TX,1
2023.0,Southeast,Battery,260.0,0,2.543,NC,0
2023.0,ISO-NE,Hybrid,4.0,2,1.985,MA,0
2023.0,ISO-NE,Other,4.1,2,1.985,MA,0
2023.0,Southeast,Gas,620.0,0,2.533,MS,0
2023.0,ISO-NE,Battery,261.9,2,1.27,MA,0
2023.0,ISO-NE,Battery,168.0,0,2.533,MA,0
2023.0,West,Hybrid,500.0,0,2.53,,0
2023.0,PJM,Hybrid,39.0,0,2.527,MD,0
2023.0,Southeast,Solar,170.0,0,2.524,MS,0
2023.0,ISO-NE,Battery,196.0,2,0.118,MA,0
2023.0,ISO-NE,Battery,300.0,2,1.462,CT,0
2023.0,Southeast,Solar,500.0,0,2.516,GA,0
2023.0,Southeast,Other,30.5,0,2.513,NC,0
2023.0,Southeast,Other,10.0,0,2.513,NC,0
2023.0,ERCOT,Solar,344.7,2,2.475,TX,0
2023.0,Southeast,Other,2.0,0,2.513,NC,1
2023.0,Southeast,Battery,199.9,0,2.513,NC,0
2023.0,ERCOT,Battery,43.1,0,2.513,TX,0
2023.0,ERCOT,Battery,149.6,2,2.475,TX,0
2023.0,West,Hybrid,800.0,0,2.513,OR,0
2023.0,West,Hybrid,800.0,0,2.513,OR,0
2023.0,Southeast,Gas,19.9,0,2.513,NC,0
2023.0,Southeast,Gas,19.9,0,2.513,NC,0
2023.0,ERCOT,Other,200.7,2,0.966,TX,0
2023.0,ISO-NE,Battery,108.7,2,0.427,RI,0
2023.0,ERCOT,Battery,9.8,1,1.607,TX,0
2023.0,ERCOT,Battery,175.6,0,2.511,TX,0
2023.0,ERCOT,Battery,150.0,0,2.511,TX,0
2023.0,ERCOT,Wind,12.4,0,2.511,TX,0
2023.0,ERCOT,Battery,251.0,0,2.511,TX,0
2023.0,ERCOT,Hybrid,77.3,0,2.511,TX,0
2023.0,Southeast,Gas,313.0,0,2.511,NC,0
2023.0,Southeast,Other,6.3,0,2.511,NC,0
2023.0,Southeast,Gas,20.0,0,2.511,NC,0
2023.0,Southeast,Gas,46.8,0,2.511,NC,0
2023.0,ISO-NE,Battery,108.7,2,0.69,MA,0
2023.0,Southeast,Gas,26.0,0,2.511,NC,0
2023.0,ERCOT,Battery,101.0,0,2.511,TX,0
2023.0,ERCOT,Gas,453.0,0,2.511,TX,0
2023.0,ERCOT,Wind,1542.0,0,2.511,TX,0
2023.0,ERCOT,Wind,306.6,0,2.511,TX,0
2023.0,ERCOT,Solar,352.2,0,2.511,TX,0
2023.0,ERCOT,Hybrid,150.8,0,2.511,TX,0
2023.0,ERCOT,Hybrid,522.8,0,2.511,TX,0
2023.0,ERCOT,Battery,9.9,0,2.511,TX,0
2023.0,PJM,Battery,100.0,0,2.511,VA,0
2023.0,ERCOT,Wind,8.0,0,2.511,TX,0
2023.0,ERCOT,Wind,11.0,0,2.511,TX,0
2023.0,ERCOT,Battery,110.0,0,2.511,TX,0
2023.0,ERCOT,Solar,108.5,0,2.511,TX,0
2023.0,Southeast,Other,1.5,0,2.511,NC,0
2023.0,Southeast,Gas,136.0,0,2.511,NC,0
2023.0,Southeast,Other,1.8,0,2.511,NC,0
2023.0,Southeast,Battery,120.0,0,2.511,NC,0
2023.0,Southeast,Other,2.0,0,2.511,NC,0
2023.0,Southeast,Battery,199.9,0,2.511,NC,0
2023.0,ERCOT,Hybrid,153.3,0,2.511,TX,0
2023.0,ERCOT,Battery,200.9,0,2.511,TX,0
2023.0,ERCOT,Wind,1029.4,0,2.511,TX,0
2023.0,ERCOT,Battery,150.6,0,2.511,TX,0
2023.0,ERCOT,Battery,501.9,0,2.511,TX,0
2023.0,ERCOT,Solar,116.0,0,2.511,TX,0
2023.0,West,Other,500.0,2,1.131,CA,0
2023.0,ERCOT,Hybrid,101.6,0,2.511,TX,0
2023.0,ERCOT,Hybrid,76.0,0,2.511,TX,0
2023.0,ERCOT,Wind,1029.4,0,2.511,TX,0
2023.0,ERCOT,Solar,265.0,0,2.511,TX,0
2023.0,PJM,Battery,33.0,0,2.508,VA,0
2023.0,West,Battery,75.0,0,2.508,CA,0
2023.0,SPP,Hybrid,100.0,2,0.337,KS,0
2023.0,ISO-NE,Battery,175.1,2,2.286,CT,0
2023.0,West,Hybrid,400.0,0,2.505,OR,0
2023.0,West,Wind,500.0,0,2.505,OR,0
2023.0,West,Wind,300.0,0,2.505,WA,0
2023.0,West,Other,400.0,0,2.505,OR,0
2023.0,PJM,Gas,70.0,0,2.505,OH,0
2023.0,West,Other,400.0,0,2.505,OR,0
2023.0,West,Other,80.0,0,2.505,OR,0
2023.0,PJM,Solar,49.0,0,2.505,VA,0
2023.0,PJM,Solar,16.2,0,2.505,VA,0
2023.0,West,Solar,80.0,0,2.505,OR,0
2023.0,PJM,Solar,86.4,0,2.505,VA,0
2023.0,West,Other,400.0,0,2.505,OR,0
2023.0,ERCOT,Battery,9.9,1,2.045,TX,0
2023.0,West,Hybrid,400.0,0,2.505,OR,0
2023.0,West,Other,80.0,0,2.505,OR,0
2023.0,West,Battery,80.0,0,2.505,OR,0
2023.0,West,Hybrid,400.0,0,2.505,OR,0
2023.0,West,Other,400.0,0,2.505,OR,0
2023.0,West,Other,400.0,0,2.505,OR,0
2023.0,West,Other,400.0,0,2.505,OR,0
2023.0,West,Hybrid,400.0,0,2.505,OR,0
2023.0,West,Other,400.0,0,2.505,OR,0
2023.0,West,Battery,200.0,0,2.505,OR,0
2023.0,West,Hybrid,160.0,0,2.505,OR,0
2023.0,West,Other,400.0,0,2.505,OR,0
2023.0,West,Wind,500.0,0,2.505,OR,0
2023.0,West,Other,80.0,0,2.505,OR,0
2023.0,West,Other,160.0,0,2.505,OR,0
2023.0,ERCOT,Gas,3.1,0,2.489,TX,0
2023.0,West,Battery,2.4,1,1.084,MT,0
2023.0,ISO-NE,Battery,175.7,2,0.559,MA,0
2023.0,West,Solar,2.0,1,0.49,MT,0
2023.0,ISO-NE,Battery,326.0,2,1.802,CT,0
2023.0,PJM,Battery,300.0,2,1.832,MD,0
2023.0,ERCOT,Solar,359.0,0,2.48,TX,0
2023.0,ERCOT,Wind,256.6,0,2.48,TX,0
2023.0,ERCOT,Other,168.6,2,0.296,TX,1
2023.0,ERCOT,Solar,180.2,0,2.48,TX,0
2023.0,ERCOT,Battery,201.4,0,2.478,TX,0
2023.0,ERCOT,Wind,205.9,0,2.478,TX,0
2023.0,West,Hybrid,250.0,0,2.478,AZ,0
2023.0,ERCOT,Hybrid,82.1,0,2.478,TX,0
2023.0,ERCOT,Hybrid,51.4,0,2.478,TX,0
2023.0,West,Hybrid,250.0,0,2.478,AZ,0
2023.0,ERCOT,Battery,50.2,0,2.478,TX,0
2023.0,ERCOT,Battery,150.5,0,2.478,TX,0
2023.0,ISO-NE,Battery,151.6,2,1.155,MA,0
2023.0,ISO-NE,Battery,41.2,2,0.099,MA,0
2023.0,ISO-NE,Battery,121.6,2,1.155,MA,0
2023.0,ERCOT,Solar,206.0,0,2.478,TX,0
2023.0,ERCOT,Hybrid,205.8,0,2.478,TX,0
2023.0,ERCOT,Battery,164.6,0,2.478,TX,0
2023.0,NYISO,Battery,17.1,2,0.307,NY,0
2023.0,West,Hybrid,200.0,0,2.475,AZ,1
2023.0,ERCOT,Other,9.9,1,1.325,TX,0
2023.0,NYISO,Hybrid,20.0,2,0.216,NY,0
2023.0,Southeast,Gas,115.0,1,1.035,FL,0
2023.0,West,Battery,100.0,2,1.418,CA,0
2023.0,Southeast,Solar,250.0,0,2.467,GA,0
2023.0,ERCOT,Other,9.8,1,0.931,TX,0
2023.0,Southeast,Solar,60.0,0,2.467,GA,0
2023.0,ISO-NE,Battery,528.8,2,1.41,MA,0
2023.0,ERCOT,Solar,533.7,2,1.498,TX,0
2023.0,West,Hybrid,500.0,0,2.459,OR,0
2023.0,Southeast,Hybrid,80.0,2,0.405,AL,0
2023.0,ERCOT,Other,227.9,2,0.274,TX,1
2023.0,Southeast,Hybrid,80.0,2,0.487,AL,0
2023.0,West,Hybrid,400.0,0,2.456,OR,0
2023.0,West,Hybrid,400.0,0,2.456,OR,0
2023.0,West,Hybrid,400.0,0,2.456,OR,0
2023.0,Southeast,Solar,150.0,0,2.456,GA,0
2023.0,Southeast,Solar,200.0,0,2.456,GA,0
2023.0,ERCOT,Wind,709.0,0,2.456,TX,0
2023.0,ERCOT,Solar,1124.2,0,2.456,TX,0
2023.0,ERCOT,Solar,184.0,0,2.456,TX,0
2023.0,ERCOT,Battery,50.3,0,2.453,TX,0
2023.0,Southeast,Hybrid,80.0,2,1.478,AL,0
2023.0,Southeast,Battery,50.0,2,1.131,GA,0
2023.0,ISO-NE,Solar,180.0,0,2.448,ME,0
2023.0,Southeast,Gas,84.0,0,2.448,FL,0
2023.0,West,Battery,500.0,0,2.439,WA,1
2023.0,West,Battery,500.0,0,2.439,WA,1
2023.0,West,Battery,1000.0,0,2.439,WA,1
2023.0,SPP,Wind,200.6,2,0.663,OK,0
2023.0,Southeast,Solar,74.5,0,2.437,FL,0
2023.0,Southeast,Solar,74.5,0,2.437,FL,0
2023.0,Southeast,Solar,74.5,0,2.437,FL,0
2023.0,Southeast,Solar,74.5,0,2.437,FL,0
2023.0,Southeast,Solar,74.5,0,2.437,FL,0
2023.0,Southeast,Solar,74.5,0,2.437,FL,0
2023.0,Southeast,Solar,74.5,0,2.437,FL,0
2023.0,Southeast,Solar,74.5,0,2.437,FL,0
2023.0,Southeast,Solar,74.5,0,2.437,FL,0
2023.0,Southeast,Solar,74.5,0,2.437,FL,0
2023.0,Southeast,Solar,74.5,0,2.437,FL,0
2023.0,Southeast,Solar,74.5,0,2.437,FL,0
2023.0,Southeast,Solar,74.5,0,2.437,FL,0
2023.0,Southeast,Solar,74.5,0,2.437,FL,0
2023.0,ISO-NE,Solar,100.0,0,2.437,NH,0
2023.0,Southeast,Gas,72.0,1,1.005,FL,0
2023.0,Southeast,Solar,74.5,0,2.437,FL,0
2023.0,Southeast,Solar,74.5,0,2.437,FL,0
2023.0,Southeast,Solar,74.5,0,2.437,FL,0
2023.0,SPP,Hybrid,200.0,2,0.427,KS,0
2023.0,Southeast,Solar,150.0,2,0.435,GA,0
2023.0,Southeast,Solar,80.0,2,1.276,AL,0
2023.0,ERCOT,Solar,359.0,0,2.428,TX,0
2023.0,ERCOT,Gas,16.1,0,2.423,TX,0
2023.0,ERCOT,Solar,101.2,2,1.517,TX,0
2023.0,ERCOT,Battery,200.9,0,2.423,TX,0
2023.0,ERCOT,Solar,100.0,2,0.608,TX,0
2023.0,ERCOT,Battery,151.2,0,2.42,TX,0
2023.0,ERCOT,Hybrid,125.5,0,2.42,TX,0
2023.0,ERCOT,Hybrid,1025.6,0,2.42,TX,0
2023.0,ERCOT,Battery,150.6,0,2.42,TX,0
2023.0,ERCOT,Solar,175.5,0,2.42,TX,0
2023.0,ERCOT,Battery,204.5,0,2.42,TX,0
2023.0,ERCOT,Hybrid,200.8,0,2.42,TX,0
2023.0,ERCOT,Battery,147.4,0,2.42,TX,0
2023.0,Southeast,Gas,403.1,0,2.418,AL,0
2023.0,ERCOT,Other,9.9,1,1.383,TX,1
2023.0,Southeast,Gas,685.0,0,2.418,AL,0
2023.0,Southeast,Gas,403.1,0,2.418,AL,0
2023.0,West,Wind,90.3,0,2.415,OR,1
2023.0,Southeast,Solar,100.0,2,0.416,GA,0
2023.0,Southeast,Solar,100.0,0,2.412,AL,0
2023.0,Southeast,Solar,125.0,0,2.412,GA,0
2023.0,Southeast,Solar,110.0,2,0.86,MS,0
2023.0,ERCOT,Other,9.9,1,1.38,TX,0
2023.0,Southeast,Solar,200.0,2,0.805,AL,0
2023.0,ERCOT,Other,9.9,1,0.799,TX,0
2023.0,MISO,Solar,200.0,0,2.409,IN,0
2023.0,Southeast,Solar,200.0,0,2.409,GA,0
2023.0,ISO-NE,Wind,197.4,2,2.177,ME,0
2023.0,West,Battery,50.0,0,2.398,CO,0
2023.0,ISO-NE,Battery,7.0,2,1.845,CT,0
2023.0,ISO-NE,Battery,237.5,2,2.174,MA,0
2023.0,Southeast,Solar,150.0,0,2.393,GA,0
2023.0,Southeast,Gas,411.0,0,2.39,GA,0
2023.0,ISO-NE,Battery,256.5,2,1.013,CT,0
2023.0,Southeast,Gas,411.0,0,2.39,GA,0
2023.0,Southeast,Gas,411.0,0,2.39,GA,0
2023.0,ERCOT,Other,200.6,2,0.337,TX,0
2023.0,ERCOT,Solar,160.5,0,2.385,TX,0
2023.0,ERCOT,Battery,32.5,0,2.385,TX,0
2023.0,ERCOT,Wind,225.6,0,2.385,TX,0
2023.0,ERCOT,Battery,200.6,0,2.382,TX,0
2023.0,ERCOT,Hybrid,42.4,0,2.382,TX,0
2023.0,ERCOT,Battery,200.6,0,2.382,TX,0
2023.0,ERCOT,Wind,621.6,0,2.382,TX,0
2023.0,ERCOT,Hybrid,100.5,0,2.382,TX,0
2023.0,ERCOT,Hybrid,201.0,0,2.382,TX,0
2023.0,ERCOT,Hybrid,511.0,0,2.382,TX,0
2023.0,ERCOT,Solar,108.7,0,2.382,TX,0
2023.0,ISO-NE,Battery,160.0,2,0.846,MA,0
2023.0,ISO-NE,Battery,100.0,2,0.846,MA,0
2023.0,Southeast,Hybrid,200.0,2,0.63,AL,0
2023.0,West,Hybrid,928.0,0,2.374,AZ,1
2023.0,ERCOT,Other,9.8,1,1.224,TX,0
2023.0,West,Gas,425.0,0,2.371,AZ,1
2023.0,ERCOT,Other,101.4,2,0.865,TX,0
2023.0,ERCOT,Battery,200.6,0,2.363,TX,0
2023.0,ERCOT,Battery,50.2,0,2.363,TX,0
2023.0,ERCOT,Solar,252.0,0,2.363,TX,0
2023.0,ERCOT,Hybrid,241.0,0,2.363,TX,0
2023.0,ERCOT,Hybrid,202.7,0,2.363,TX,0
2023.0,MISO,Battery,190.0,2,2.327,IN,0
2023.0,ERCOT,Battery,78.0,0,2.363,TX,0
2023.0,ERCOT,Hybrid,50.5,0,2.363,TX,0
2023.0,ERCOT,Battery,200.9,0,2.363,TX,0
2023.0,Southeast,Solar,138.0,0,2.363,KY,0
2023.0,ERCOT,Battery,10.0,1,1.659,TX,0
2023.0,ERCOT,Hybrid,81.6,0,2.363,TX,0
2023.0,ERCOT,Solar,252.0,0,2.363,TX,0
2023.0,ERCOT,Battery,251.5,0,2.363,TX,0
2023.0,West,Hybrid,100.0,0,2.36,CA,0
2023.0,Southeast,Battery,500.0,0,2.36,GA,1
2023.0,NYISO,Solar,100.0,2,0.356,NY,0
2023.0,West,Wind,300.0,0,2.355,OR,0
2023.0,West,Nuclear,270.0,0,2.355,WA,0
2023.0,MISO,Solar,164.0,2,2.174,IL,0
2023.0,MISO,Battery,100.0,0,2.344,MI,0
2023.0,West,Hybrid,800.0,0,2.344,WA,0
2023.0,ISO-NE,Battery,300.0,2,2.119,CT,0
2023.0,ERCOT,Other,9.9,1,0.813,TX,0
2023.0,West,Hybrid,300.0,0,2.338,AZ,0
2023.0,West,Hybrid,100.0,0,2.335,OR,0
2023.0,ISO-NE,Battery,103.3,2,2.084,CT,0
2023.0,NYISO,Battery,500.0,2,0.167,NY,0
2023.0,West,Hybrid,718.0,0,2.333,WA,0
2023.0,West,Other,300.0,0,2.322,WA,0
2023.0,West,Battery,100.0,0,2.322,WA,0
2023.0,Southeast,Hybrid,80.0,2,0.027,AL,0
2023.0,West,Other,300.0,0,2.322,WA,0
2023.0,West,Other,300.0,0,2.322,WA,0
2023.0,NYISO,Battery,255.0,2,0.153,NY,0
2023.0,ERCOT,Wind,225.6,0,2.319,TX,0
2023.0,NYISO,Battery,101.1,2,0.23,NY,0
2023.0,ERCOT,Hybrid,200.8,0,2.316,TX,0
2023.0,West,Hybrid,150.0,0,2.316,NM,1
2023.0,West,Hybrid,400.0,0,2.316,AZ,1
2023.0,MISO,Solar,150.0,2,1.897,MS,0
2023.0,ERCOT,Hybrid,150.5,0,2.316,TX,0
2023.0,ERCOT,Hybrid,603.6,0,2.316,TX,0
2023.0,ERCOT,Solar,105.8,0,2.316,TX,0
2023.0,ERCOT,Solar,208.0,0,2.316,TX,0
2023.0,ERCOT,Battery,102.3,2,1.572,TX,0
2023.0,West,Hybrid,800.0,0,2.316,WA,0
2023.0,West,Hybrid,800.0,0,2.316,WA,0
2023.0,ERCOT,Battery,240.6,0,2.313,TX,0
2023.0,ERCOT,Battery,104.5,0,2.313,TX,0
2023.0,ERCOT,Battery,225.1,0,2.313,TX,0
2023.0,ERCOT,Battery,251.5,0,2.313,TX,0
2023.0,Southeast,Solar,127.5,0,2.313,GA,0
2023.0,ERCOT,Battery,125.7,0,2.313,TX,0
2023.0,MISO,Solar,130.0,0,2.305,AR,0
2023.0,SPP,Other,200.0,0,2.305,TX,0
2023.0,West,Wind,499.5,0,2.303,AZ,0
2023.0,MISO,Solar,125.0,2,1.884,LA,0
2023.0,West,Wind,499.5,0,2.303,AZ,0
2023.0,MISO,Solar,170.0,0,2.303,AR,0
2023.0,West,Solar,225.0,0,2.3,WA,0
2023.0,Southeast,Solar,61.2,0,2.294,FL,0
2023.0,West,Wind,150.0,0,2.286,WA,0
2023.0,ISO-NE,Battery,103.0,2,0.123,MA,0
2023.0,ISO-NE,Battery,151.6,2,1.558,MA,0
2023.0,ISO-NE,Battery,151.3,2,1.114,MA,0
2023.0,ISO-NE,Battery,151.6,2,0.964,MA,0
2023.0,West,Battery,15.0,0,2.283,CO,0
2023.0,Southeast,Hybrid,200.0,2,0.698,AL,0
2023.0,Southeast,Solar,225.0,0,2.283,GA,0
2023.0,Southeast,Hybrid,183.0,0,2.281,GA,0
2023.0,West,Gas,218.3,0,2.281,NV,0
2023.0,West,Gas,218.3,0,2.281,NV,0
2023.0,NYISO,Battery,11.6,2,0.027,NY,0
2023.0,Southeast,Solar,120.0,0,2.281,GA,0
2023.0,ISO-NE,Battery,200.0,2,0.167,NH,0
2023.0,Southeast,Solar,90.0,0,2.281,GA,0
2023.0,ERCOT,Solar,355.2,0,2.278,TX,0
2023.0,ISO-NE,Solar,51.5,2,0.233,ME,0
2023.0,ISO-NE,Battery,250.0,2,0.126,MA,0
2023.0,ERCOT,Solar,137.3,2,0.244,TX,0
2023.0,ERCOT,Hybrid,100.4,0,2.275,TX,0
2023.0,ERCOT,Battery,211.5,0,2.275,TX,0
2023.0,ERCOT,Battery,228.0,0,2.275,TX,0
2023.0,ERCOT,Gas,188.4,0,2.275,TX,0
2023.0,ERCOT,Hybrid,150.8,0,2.275,TX,0
2023.0,ERCOT,Hybrid,613.9,0,2.275,TX,0
2023.0,West,Hybrid,300.0,0,2.275,WA,1
2023.0,ERCOT,Hybrid,60.0,0,2.275,TX,0
2023.0,West,Solar,280.0,0,2.275,ID,0
2023.0,ERCOT,Hybrid,145.0,0,2.275,TX,0
2023.0,ERCOT,Hybrid,100.8,0,2.272,TX,0
2023.0,ERCOT,Battery,185.6,0,2.272,TX,0
2023.0,ERCOT,Battery,174.1,0,2.272,TX,0
2023.0,ERCOT,Hybrid,50.9,0,2.272,TX,0
2023.0,SPP,Solar,256.0,2,1.916,TX,0
2023.0,West,Hybrid,600.0,0,2.267,NV,0
2023.0,West,Hybrid,500.0,0,2.267,NV,0
2023.0,West,Hybrid,600.0,0,2.267,NV,0
2023.0,ERCOT,Battery,200.0,0,2.267,TX,0
2023.0,West,Battery,199.9,0,2.267,NV,0
2023.0,ERCOT,Wind,0.3,0,2.267,TX,0
2023.0,Southeast,Solar,125.0,2,0.501,MS,0
2023.0,West,Battery,800.0,0,2.264,NV,1
2023.0,MISO,Wind,258.4,0,2.264,ND,0
2023.0,Southeast,Solar,80.0,0,2.264,NC,0
2023.0,Southeast,Solar,68.5,0,2.264,GA,0
2023.0,ERCOT,Hybrid,306.9,0,2.264,TX,0
2023.0,Southeast,Battery,200.0,2,0.726,AL,0
2023.0,Southeast,Gas,547.0,1,0.679,GA,0
2023.0,Southeast,Solar,100.0,0,2.261,NC,1
2023.0,West,Solar,199.0,0,2.261,NM,0
2023.0,West,Battery,150.0,0,2.261,NM,0
2023.0,Southeast,Solar,63.9,0,2.261,SC,0
2023.0,West,Battery,488.0,0,2.261,OR,1
2023.0,Southeast,Solar,275.0,0,2.261,NC,0
2023.0,Southeast,Solar,160.0,2,0.682,AL,0
2023.0,ERCOT,Wind,9.9,0,2.259,TX,0
2023.0,Southeast,Solar,65.0,0,2.259,SC,0
2023.0,West,Other,38.5,0,2.259,NV,0
2023.0,Southeast,Solar,75.0,0,2.259,SC,0
2023.0,Southeast,Solar,40.0,0,2.259,NC,0
2023.0,West,Hybrid,104.0,0,2.259,NV,1
2023.0,West,Hybrid,200.0,0,2.259,NM,0
2023.0,Southeast,Solar,80.0,0,2.259,NC,0
2023.0,Southeast,Solar,115.0,0,2.259,GA,0
2023.0,Southeast,Solar,100.0,0,2.259,GA,0
2023.0,West,Hybrid,300.0,0,2.259,WA,1
2023.0,Southeast,Solar,65.0,0,2.259,SC,0
2023.0,ISO-NE,Solar,5.0,2,1.706,ME,0
2023.0,ISO-NE,Solar,2.0,2,1.706,ME,0
2023.0,ISO-NE,Solar,5.0,2,1.706,ME,0
2023.0,ISO-NE,Solar,1.6,2,1.276,ME,0
2023.0,West,Hybrid,250.0,0,2.256,NM,0
2023.0,West,Battery,20.0,0,2.256,WA,0
2023.0,West,Hybrid,100.0,0,2.256,AZ,0
2023.0,West,Hybrid,250.0,0,2.256,TX,0
2023.0,ISO-NE,Solar,9.9,2,1.706,ME,0
2023.0,Southeast,Solar,70.0,0,2.253,SC,0
2023.0,Southeast,Solar,44.0,0,2.253,NC,0
2023.0,Southeast,Solar,67.0,0,2.253,NC,0
2023.0,SPP,Battery,125.0,2,1.897,MO,0
2023.0,SPP,Battery,175.0,2,1.897,OK,1
2023.0,SPP,Hybrid,300.0,2,0.471,ND,0
2023.0,SPP,Battery,74.9,0,2.248,OK,0
2023.0,SPP,Battery,150.0,2,1.897,OK,1
2023.0,SPP,Battery,210.0,2,1.897,OK,0
2023.0,SPP,Battery,210.0,2,1.897,OK,0
2023.0,SPP,Solar,150.0,2,0.465,MO,0
2023.0,SPP,Hybrid,100.0,2,0.465,OK,0
2023.0,SPP,Battery,150.0,0,2.248,MO,0
2023.0,SPP,Battery,250.0,2,1.897,OK,1
2023.0,SPP,Battery,150.0,0,2.248,MO,0
2023.0,SPP,Solar,200.0,0,2.248,OK,0
2023.0,SPP,Wind,100.0,0,2.248,KS,0
2023.0,SPP,Battery,150.0,2,1.897,OK,0
2023.0,SPP,Battery,200.0,2,0.471,KS,0
2023.0,SPP,Wind,300.0,2,1.897,TX,0
2023.0,SPP,Battery,170.0,2,1.897,TX,0
2023.0,SPP,Solar,200.0,2,1.897,NM,0
2023.0,SPP,Solar,250.0,2,0.164,OK,0
2023.0,SPP,Solar,150.0,2,1.897,AR,0
2023.0,SPP,Battery,100.0,2,0.471,ND,0
2023.0,SPP,Wind,300.0,2,1.897,ND,0
2023.0,SPP,Gas,217.0,2,1.897,TX,0
2023.0,SPP,Solar,200.0,2,1.897,NM,0
2023.0,SPP,Solar,150.0,2,0.449,TX,0
2023.0,SPP,Wind,200.0,0,2.248,KS,0
2023.0,SPP,Solar,335.0,2,1.897,TX,0
2023.0,SPP,Wind,85.0,2,0.471,NE,0
2023.0,SPP,Hybrid,200.0,2,0.471,OK,0
2023.0,SPP,Hybrid,150.0,2,0.542,OK,0
2023.0,SPP,Hybrid,200.0,2,0.465,KS,0
2023.0,SPP,Solar,52.0,0,2.248,TX,0
2023.0,SPP,Wind,252.0,2,1.897,OK,0
2023.0,SPP,Wind,250.0,2,1.897,NE,0
2023.0,SPP,Solar,150.0,0,2.248,AR,0
2023.0,SPP,Hybrid,200.0,2,0.101,OK,0
2023.0,SPP,Hybrid,96.0,2,0.449,SD,0
2023.0,SPP,Solar,250.0,2,0.153,TX,0
2023.0,SPP,Solar,250.0,2,0.153,TX,0
2023.0,SPP,Solar,250.0,2,0.153,TX,0
2023.0,SPP,Battery,150.0,2,0.487,TX,0
2023.0,SPP,Wind,250.0,2,1.897,OK,0
2023.0,SPP,Wind,250.0,2,0.216,KS,0
2023.0,SPP,Wind,250.0,2,0.216,KS,0
2023.0,SPP,Wind,225.0,2,0.216,KS,0
2023.0,SPP,Solar,275.0,2,1.897,TX,0
2023.0,SPP,Battery,200.0,2,1.897,TX,0
2023.0,SPP,Solar,265.0,2,0.471,ND,0
2023.0,SPP,Solar,180.0,2,0.471,OK,0
2023.0,SPP,Solar,125.0,2,0.471,NE,0
2023.0,SPP,Hybrid,110.0,2,0.471,OK,0
2023.0,SPP,Battery,300.0,2,1.897,KS,0
2023.0,SPP,Solar,150.0,2,1.897,OK,0
2023.0,SPP,Hybrid,100.0,2,1.897,AR,0
2023.0,SPP,Solar,140.0,2,0.468,OK,0
2023.0,SPP,Hybrid,120.0,0,2.248,NE,0
2023.0,SPP,Solar,175.0,2,1.897,SD,0
2023.0,SPP,Solar,200.0,2,0.452,LA,1
2023.0,SPP,Battery,150.0,2,0.471,KS,0
2023.0,SPP,Solar,20.0,2,0.181,NM,0
2023.0,SPP,Wind,500.0,2,1.897,TX,0
2023.0,SPP,Battery,200.0,2,1.426,NE,0
2023.0,SPP,Gas,478.0,0,2.248,NE,0
2023.0,SPP,Gas,217.0,0,2.248,NE,0
2023.0,SPP,Battery,200.0,2,0.482,MO,0
2023.0,SPP,Battery,200.0,2,1.897,TX,0
2023.0,SPP,Battery,250.0,2,1.897,TX,0
2023.0,SPP,Wind,230.0,0,2.248,OK,0
2023.0,SPP,Hybrid,150.0,0,2.248,LA,0
2023.0,SPP,Hybrid,310.0,2,1.897,KS,0
2023.0,SPP,Battery,90.0,2,0.219,AR,0
2023.0,SPP,Battery,74.9,2,0.134,MO,0
2023.0,SPP,Battery,74.9,2,0.153,MO,0
2023.0,SPP,Battery,250.0,2,0.433,AR,0
2023.0,SPP,Solar,400.0,2,1.897,NM,0
2023.0,SPP,Solar,280.0,2,0.556,TX,0
2023.0,SPP,Solar,300.0,2,0.556,TX,0
2023.0,SPP,Solar,550.0,2,0.556,TX,0
2023.0,SPP,Solar,93.0,0,2.248,TX,0
2023.0,SPP,Solar,250.0,2,0.153,TX,0
2023.0,West,Solar,1.0,0,2.248,WA,0
2023.0,ERCOT,Solar,10.0,0,2.248,TX,0
2023.0,ISO-NE,Solar,3.4,2,1.268,ME,0
2023.0,ISO-NE,Solar,4.9,2,1.268,ME,0
2023.0,ISO-NE,Solar,3.9,2,1.697,ME,0
2023.0,ISO-NE,Solar,2.0,2,1.697,ME,0
2023.0,ISO-NE,Solar,2.0,2,1.268,ME,0
2023.0,ISO-NE,Solar,11.6,2,1.697,ME,0
2023.0,ISO-NE,Solar,2.9,2,1.268,ME,0
2023.0,SPP,Gas,239.0,0,2.248,NE,0
2023.0,SPP,Gas,478.0,0,2.248,NE,0
2023.0,SPP,Solar,250.0,0,2.248,KS,0
2023.0,SPP,Solar,250.0,0,2.248,KS,0
2023.0,SPP,Battery,100.0,2,0.118,KS,0
2023.0,SPP,Battery,74.0,2,0.471,KS,0
2023.0,SPP,Wind,175.0,2,0.164,ND,0
2023.0,SPP,Hybrid,175.0,0,2.248,TX,0
2023.0,SPP,Solar,225.0,2,1.897,KS,0
2023.0,SPP,Solar,250.0,2,1.897,TX,0
2023.0,SPP,Battery,150.0,2,0.452,TX,0
2023.0,SPP,Solar,150.0,2,0.471,NE,0
2023.0,SPP,Solar,250.0,2,0.452,ND,0
2023.0,SPP,Hybrid,250.0,0,2.248,NE,0
2023.0,SPP,Solar,300.0,2,0.542,KS,0
2023.0,SPP,Hybrid,300.0,2,1.897,NM,0
2023.0,SPP,Solar,150.0,2,0.542,NE,0
2023.0,SPP,Hybrid,160.0,2,1.897,OK,0
2023.0,SPP,Hybrid,300.0,2,1.897,NM,0
2023.0,SPP,Solar,180.0,0,2.248,OK,0
2023.0,SPP,Battery,50.0,0,2.248,AR,0
2023.0,SPP,Battery,50.0,2,0.471,OK,0
2023.0,SPP,Battery,200.0,2,1.897,TX,0
2023.0,SPP,Battery,125.0,2,1.938,TX,0
2023.0,SPP,Solar,191.0,0,2.248,OK,0
2023.0,SPP,Other,250.0,2,1.897,OK,0
2023.0,SPP,Hybrid,400.0,2,1.897,TX,0
2023.0,SPP,Battery,100.0,2,1.938,AR,0
2023.0,SPP,Wind,200.0,2,1.897,NE,0
2023.0,SPP,Wind,200.0,2,1.897,NE,0
2023.0,SPP,Wind,200.0,2,1.897,NE,0
2023.0,SPP,Solar,125.0,2,1.897,KS,0
2023.0,SPP,Gas,914.6,0,2.248,TX,0
2023.0,SPP,Wind,250.0,2,0.164,TX,0
2023.0,SPP,Battery,225.0,2,0.159,KS,0
2023.0,SPP,Wind,285.0,2,1.897,TX,0
2023.0,SPP,Solar,200.0,0,2.248,OK,0
2023.0,SPP,Battery,165.0,2,1.897,MO,0
2023.0,SPP,Battery,200.0,0,2.248,KS,1
2023.0,SPP,Solar,200.0,0,2.248,OK,0
2023.0,SPP,Wind,250.0,2,0.471,KS,0
2023.0,SPP,Solar,105.0,2,0.471,NE,0
2023.0,SPP,Solar,190.0,2,0.153,OK,0
2023.0,SPP,Solar,200.0,2,0.471,MO,0
2023.0,SPP,Solar,200.0,2,0.482,KS,0
2023.0,SPP,Solar,200.0,2,0.471,KS,0
2023.0,SPP,Wind,250.0,2,0.471,KS,0
2023.0,SPP,Wind,250.0,2,0.471,KS,0
2023.0,SPP,Solar,130.0,0,2.248,KS,0
2023.0,SPP,Wind,250.0,2,0.471,KS,0
2023.0,SPP,Hybrid,150.0,2,1.897,OK,0
2023.0,SPP,Hybrid,400.0,2,1.897,KS,0
2023.0,SPP,Hybrid,150.0,2,0.471,OK,0
2023.0,SPP,Hybrid,300.0,2,0.471,KS,0
2023.0,SPP,Wind,212.0,2,0.46,OK,0
2023.0,SPP,Solar,400.0,2,0.542,ND,0
2023.0,SPP,Battery,100.0,0,2.248,OK,0
2023.0,SPP,Battery,150.0,2,1.897,AR,0
2023.0,SPP,Battery,150.0,2,0.214,MO,0
2023.0,SPP,Solar,256.0,2,1.897,TX,0
2023.0,SPP,Battery,100.0,0,2.248,MO,0
2023.0,SPP,Gas,98.0,2,1.897,ND,0
2023.0,SPP,Wind,250.0,2,0.471,KS,0
2023.0,SPP,Hybrid,135.0,0,2.248,OK,0
2023.0,SPP,Battery,200.0,0,2.248,MO,0
2023.0,SPP,Solar,200.0,2,0.468,ND,0
2023.0,SPP,Wind,202.0,2,1.897,MO,0
2023.0,SPP,Battery,150.0,2,0.153,KS,1
2023.0,SPP,Wind,200.0,2,0.471,TX,0
2023.0,SPP,Solar,75.0,2,1.897,TX,0
2023.0,SPP,Battery,250.0,2,1.897,OK,0
2023.0,SPP,Wind,280.0,2,1.897,TX,0
2023.0,SPP,Wind,190.0,2,1.897,NE,0
2023.0,SPP,Wind,98.6,2,1.897,SD,0
2023.0,SPP,Wind,200.0,2,0.482,SD,0
2023.0,SPP,Wind,200.0,2,0.468,SD,0
2023.0,SPP,Solar,330.0,0,2.248,KS,0
2023.0,SPP,Solar,130.0,2,0.468,OK,0
2023.0,SPP,Solar,200.0,2,1.897,MO,0
2023.0,SPP,Battery,150.0,2,0.482,MO,0
2023.0,SPP,Battery,200.0,2,0.482,OK,0
2023.0,SPP,Solar,220.0,2,0.468,OK,0
2023.0,SPP,Battery,200.0,2,0.46,MO,0
2023.0,SPP,Wind,250.0,2,1.897,OK,0
2023.0,SPP,Battery,200.0,2,1.897,KS,1
2023.0,SPP,Battery,200.0,2,0.468,KS,0
2023.0,SPP,Battery,200.0,2,0.465,KS,0
2023.0,SPP,Battery,300.0,2,0.465,KS,0
2023.0,SPP,Hybrid,150.0,2,1.897,OK,0
2023.0,SPP,Hybrid,230.0,2,1.897,OK,0
2023.0,SPP,Solar,50.0,2,0.468,OK,0
2023.0,SPP,Solar,25.0,2,1.897,LA,0
2023.0,SPP,Battery,120.0,2,0.104,OK,0
2023.0,SPP,Hybrid,200.0,0,2.248,OK,0
2023.0,SPP,Battery,150.0,0,2.248,OK,0
2023.0,SPP,Hybrid,130.0,2,0.471,SD,0
2023.0,SPP,Battery,250.0,2,1.897,ND,0
2023.0,SPP,Hybrid,200.0,2,0.471,SD,0
2023.0,SPP,Solar,300.0,0,2.248,KS,0
2023.0,SPP,Battery,140.0,2,1.897,KS,0
2023.0,SPP,Hybrid,150.0,2,1.897,TX,0
2023.0,SPP,Hybrid,475.0,0,2.248,OK,0
2023.0,SPP,Battery,200.0,2,0.542,OK,0
2023.0,SPP,Hybrid,100.0,0,2.248,OK,0
2023.0,SPP,Wind,249.0,2,1.897,SD,0
2023.0,SPP,Wind,504.0,2,0.487,SD,0
2023.0,SPP,Wind,300.0,0,2.248,KS,0
2023.0,SPP,Solar,100.0,2,0.214,OK,0
2023.0,SPP,Wind,150.0,2,0.29,NM,0
2023.0,SPP,Solar,65.0,2,0.471,TX,0
2023.0,SPP,Solar,200.0,2,0.471,KS,0
2023.0,SPP,Solar,130.0,2,0.164,KS,0
2023.0,SPP,Solar,117.0,2,0.047,KS,0
2023.0,SPP,Wind,425.0,2,0.471,ND,0
2023.0,SPP,Solar,300.0,2,0.471,MO,0
2023.0,SPP,Wind,500.0,2,1.897,NE,0
2023.0,SPP,Wind,300.0,2,1.897,NE,0
2023.0,SPP,Wind,200.0,2,0.471,KS,0
2023.0,SPP,Solar,200.0,2,0.153,TX,0
2023.0,SPP,Solar,130.0,0,2.248,TX,0
2023.0,SPP,Solar,50.0,2,0.471,KS,0
2023.0,SPP,Solar,250.0,2,0.471,KS,0
2023.0,SPP,Solar,250.0,2,1.897,TX,0
2023.0,SPP,Solar,850.0,2,0.29,NM,0
2023.0,SPP,Hybrid,300.0,2,1.897,OK,0
2023.0,SPP,Wind,250.0,2,0.471,KS,0
2023.0,SPP,Hybrid,50.0,2,0.471,OK,0
2023.0,SPP,Wind,250.0,2,0.471,KS,0
2023.0,SPP,Wind,41.0,2,0.465,SD,0
2023.0,SPP,Hybrid,200.0,2,0.471,NE,0
2023.0,SPP,Wind,250.0,2,0.542,OK,0
2023.0,SPP,Battery,250.0,2,1.897,KS,0
2023.0,SPP,Wind,250.0,2,0.471,KS,0
2023.0,SPP,Hybrid,85.0,2,0.542,MT,0
2023.0,SPP,Wind,200.0,2,1.897,OK,0
2023.0,SPP,Wind,100.0,2,1.897,OK,0
2023.0,SPP,Gas,255.0,0,2.248,NE,0
2023.0,SPP,Gas,272.7,0,2.248,NE,0
2023.0,SPP,Gas,255.0,0,2.248,NE,0
2023.0,SPP,Hybrid,625.0,2,1.897,NM,0
2023.0,SPP,Hybrid,125.0,0,2.248,OK,0
2023.0,SPP,Wind,504.0,2,0.487,KS,0
2023.0,SPP,Wind,250.0,2,0.487,KS,0
2023.0,SPP,Hybrid,200.0,2,0.542,TX,0
2023.0,SPP,Wind,117.0,0,2.248,OK,0
2023.0,SPP,Solar,200.0,2,1.897,MO,0
2023.0,SPP,Wind,250.0,2,0.487,KS,0
2023.0,SPP,Wind,150.0,2,1.897,MO,0
2023.0,SPP,Hybrid,100.0,2,0.471,SD,0
2023.0,SPP,Hybrid,200.0,2,0.471,NE,0
2023.0,SPP,Battery,175.0,2,1.897,SD,0
2023.0,SPP,Hybrid,300.0,2,1.897,TX,0
2023.0,SPP,Hybrid,100.0,0,2.248,OK,0
2023.0,West,Battery,90.0,0,2.245,,0
2023.0,MISO,Battery,200.0,0,2.245,WI,0
2023.0,West,Solar,261.0,0,2.245,OR,1
2023.0,ERCOT,Battery,307.3,0,2.245,TX,0
2023.0,ERCOT,Battery,180.4,0,2.242,TX,0
2023.0,ERCOT,Battery,204.9,0,2.242,TX,0
2023.0,ERCOT,Hybrid,180.0,0,2.242,TX,0
2023.0,ERCOT,Battery,150.5,0,2.242,TX,0
2023.0,ERCOT,Hybrid,507.2,0,2.242,TX,0
2023.0,West,Hybrid,202.0,0,2.242,ID,0
2023.0,ERCOT,Solar,602.2,0,2.242,TX,0
2023.0,ERCOT,Hybrid,100.4,0,2.242,TX,0
2023.0,ERCOT,Battery,257.5,0,2.242,TX,0
2023.0,Southeast,Solar,200.0,0,2.242,MS,0
2023.0,ERCOT,Hybrid,190.0,0,2.242,TX,0
2023.0,ERCOT,Hybrid,153.3,0,2.242,TX,0
2023.0,MISO,Solar,150.0,0,2.24,MI,0
2023.0,West,Wind,600.0,0,2.24,WA,0
2023.0,West,Wind,350.0,0,2.24,WA,0
2023.0,West,Battery,650.0,0,2.24,OR,0
2023.0,West,Battery,650.0,0,2.24,OR,0
2023.0,ISO-NE,Battery,151.3,2,0.843,MA,0
2023.0,West,Battery,650.0,0,2.24,OR,0
2023.0,ISO-NE,Wind,1309.0,2,0.819,MA,0
2023.0,MISO,Hybrid,33.0,2,2.062,IN,0
2023.0,MISO,Other,49.0,0,2.24,LA,0
2023.0,West,Wind,350.0,0,2.237,WA,0
2023.0,West,Solar,10.0,0,2.237,WA,0
2023.0,West,Wind,400.0,0,2.237,ID,0
2023.0,ISO-NE,Solar,15.6,2,0.17,ME,0
2023.0,Southeast,Battery,100.0,2,0.504,GA,0
2023.0,Southeast,Battery,225.0,0,2.223,TN,0
2023.0,MISO,Other,220.0,0,2.223,MI,1
2023.0,West,Battery,650.0,0,2.223,OR,0
2023.0,West,Battery,650.0,0,2.223,OR,1
2023.0,ERCOT,Solar,188.2,2,2.081,TX,0
2023.0,ERCOT,Other,101.2,2,0.471,TX,0
2023.0,ISO-NE,Battery,350.0,0,2.22,MA,0
2023.0,ERCOT,Battery,125.6,0,2.218,TX,0
2023.0,MISO,Other,120.0,0,2.218,SD,0
2023.0,ERCOT,Hybrid,453.0,0,2.218,TX,0
2023.0,ERCOT,Battery,207.3,0,2.218,TX,0
2023.0,ERCOT,Battery,200.8,0,2.218,TX,0
2023.0,MISO,Other,120.0,0,2.218,SD,0
2023.0,Southeast,Hybrid,138.0,2,0.564,AL,0
2023.0,ERCOT,Solar,200.0,0,2.218,TX,0
2023.0,ERCOT,Wind,202.3,0,2.218,TX,0
2023.0,West,Other,160.0,0,2.218,OR,0
2023.0,West,Other,160.0,0,2.218,OR,0
2023.0,ERCOT,Gas,23.2,0,2.218,TX,1
2023.0,ERCOT,Gas,600.0,0,2.218,TX,0
2023.0,ERCOT,Battery,155.5,0,2.218,TX,0
2023.0,ERCOT,Battery,101.2,0,2.218,TX,0
2023.0,ERCOT,Battery,205.2,0,2.218,TX,0
2023.0,West,Solar,1.0,0,2.218,WA,0
2023.0,ERCOT,Solar,501.9,0,2.218,TX,0
2023.0,ERCOT,Battery,409.6,0,2.218,TX,0
2023.0,West,Other,160.0,0,2.218,OR,0
2023.0,ERCOT,Solar,338.0,0,2.218,TX,0
2023.0,West,Wind,300.0,0,2.215,WA,0
2023.0,West,Wind,250.0,0,2.215,OR,0
2023.0,West,Wind,300.0,0,2.215,OR,0
2023.0,Southeast,Solar,250.0,2,1.114,GA,0
2023.0,West,Wind,19.0,0,2.209,OR,0
2023.0,West,Gas,200.0,0,2.207,UT,1
2023.0,West,Wind,151.8,0,2.207,ID,0
2023.0,ISO-NE,Other,1.5,2,1.982,NH,0
2023.0,MISO,Solar,125.0,0,2.204,MI,0
2023.0,ERCOT,Battery,101.2,2,2.094,TX,0
2023.0,MISO,Solar,100.0,0,2.201,MI,0
2023.0,MISO,Solar,120.0,2,1.782,MS,0
2023.0,Southeast,Hybrid,207.6,0,2.198,GA,0
2023.0,ERCOT,Hybrid,100.0,0,2.198,TX,0
2023.0,ERCOT,Hybrid,100.5,0,2.198,TX,0
2023.0,Southeast,Solar,100.0,2,0.613,MS,0
2023.0,ERCOT,Battery,101.2,2,2.078,TX,0
2023.0,ERCOT,Other,101.2,2,0.115,TX,0
2023.0,ERCOT,Battery,101.2,0,2.185,TX,0
2023.0,ERCOT,Solar,94.8,0,2.185,TX,0
2023.0,West,Gas,452.9,0,2.185,AZ,0
2023.0,ERCOT,Battery,157.1,0,2.185,TX,0
2023.0,ERCOT,Battery,201.0,0,2.185,TX,0
2023.0,ERCOT,Battery,204.8,0,2.185,TX,0
2023.0,ERCOT,Hybrid,60.0,0,2.185,TX,0
2023.0,ERCOT,Battery,150.5,0,2.185,TX,0
2023.0,ERCOT,Hybrid,77.3,0,2.185,TX,0
2023.0,ERCOT,Wind,18.0,0,2.185,TX,0
2023.0,ERCOT,Hybrid,57.2,0,2.185,TX,0
2023.0,ERCOT,Battery,103.0,0,2.185,TX,0
2023.0,ERCOT,Hybrid,175.3,0,2.185,TX,0
2023.0,ERCOT,Battery,200.8,0,2.185,TX,0
2023.0,ERCOT,Solar,70.4,0,2.185,TX,0
2023.0,ERCOT,Solar,204.7,0,2.185,TX,0
2023.0,Southeast,Battery,220.0,0,2.182,GA,0
2023.0,Southeast,Battery,130.0,2,0.589,GA,0
2023.0,Southeast,Solar,150.0,2,0.567,GA,0
2023.0,Southeast,Solar,200.0,2,0.476,GA,0
2023.0,Southeast,Solar,200.0,2,0.476,GA,0
2023.0,Southeast,Solar,200.0,2,0.476,GA,0
2023.0,Southeast,Solar,200.0,2,0.476,GA,0
2023.0,Southeast,Battery,100.0,2,0.214,GA,0
2023.0,Southeast,Solar,245.0,2,0.476,GA,0
2023.0,West,Other,100.0,0,2.182,WA,0
2023.0,Southeast,Solar,200.0,0,2.179,GA,0
2023.0,Southeast,Hybrid,200.0,2,0.556,GA,0
2023.0,West,Hybrid,250.0,0,2.179,AZ,1
2023.0,West,Hybrid,500.0,0,2.179,OR,0
2023.0,ERCOT,Battery,205.5,0,2.171,TX,0
2023.0,ERCOT,Hybrid,169.6,0,2.171,TX,0
2023.0,ERCOT,Hybrid,104.5,0,2.171,TX,0
2023.0,ERCOT,Hybrid,157.7,0,2.171,TX,0
2023.0,MISO,Other,40.0,0,2.171,IL,0
2023.0,Southeast,Gas,238.0,0,2.16,TN,1
2023.0,Southeast,Hybrid,3.5,0,2.16,GA,0
2023.0,West,Wind,191.0,0,2.16,OR,0
2023.0,West,Hybrid,400.0,0,2.16,WA,0
2023.0,West,Hybrid,225.0,0,2.16,WA,0
2023.0,West,Hybrid,550.0,0,2.152,OR,1
2023.0,West,Wind,131.0,0,2.152,WA,0
2023.0,West,Wind,277.0,0,2.152,OR,0
2023.0,MISO,Solar,150.0,0,2.149,AR,0
2023.0,MISO,Other,749.0,0,2.144,MI,0
2023.0,ERCOT,Solar,100.4,0,2.133,TX,0
2023.0,ERCOT,Other,101.2,2,0.383,TX,0
2023.0,ERCOT,Gas,311.0,0,2.13,TX,0
2023.0,ERCOT,Battery,205.9,0,2.13,TX,1
2023.0,ERCOT,Gas,660.0,0,2.13,TX,0
2023.0,ERCOT,Battery,153.7,0,2.13,TX,0
2023.0,ERCOT,Battery,207.6,0,2.13,TX,0
2023.0,ERCOT,Battery,102.6,0,2.13,TX,0
2023.0,ERCOT,Battery,125.5,0,2.13,TX,0
2023.0,ERCOT,Hybrid,153.1,0,2.13,TX,0
2023.0,ERCOT,Battery,210.5,0,2.13,TX,0
2023.0,ERCOT,Battery,301.4,0,2.13,TX,0
2023.0,ERCOT,Hybrid,60.0,0,2.13,TX,0
2023.0,ERCOT,Battery,125.5,0,2.13,TX,0
2023.0,ERCOT,Battery,200.8,0,2.13,TX,0
2023.0,ERCOT,Hybrid,603.2,0,2.13,TX,0
2023.0,ERCOT,Battery,101.3,0,2.13,TX,0
2023.0,ERCOT,Battery,151.4,0,2.13,TX,0
2023.0,West,Nuclear,1120.0,0,2.127,WA,0
2023.0,West,Solar,150.0,0,2.125,WA,1
2023.0,West,Solar,200.0,0,2.125,OR,0
2023.0,West,Solar,3.0,0,2.125,WA,0
2023.0,West,Solar,10.0,0,2.125,WA,0
2023.0,Southeast,Solar,74.9,0,2.122,FL,0
2023.0,West,Gas,286.0,0,2.122,WA,0
2023.0,West,Hybrid,600.0,0,2.122,WA,0
2023.0,West,Wind,60.0,0,2.114,WY,0
2023.0,West,Wind,79.5,0,2.114,WY,0
2023.0,West,Solar,70.0,0,2.114,WA,0
2023.0,Southeast,Solar,44.0,0,2.114,MS,0
2023.0,West,Hybrid,500.0,0,2.111,OR,0
2023.0,West,Solar,400.0,0,2.111,WA,1
2023.0,West,Other,1273.6,0,2.111,WA,1
2023.0,West,Hybrid,187.5,0,2.111,WA,0
2023.0,West,Hybrid,800.0,0,2.111,WA,0
2023.0,West,Hybrid,800.0,0,2.111,WA,0
2023.0,West,Solar,500.0,0,2.111,WA,1
2023.0,West,Solar,250.0,0,2.111,WA,0
2023.0,West,Hybrid,800.0,0,2.111,WA,0
2023.0,West,Hybrid,750.0,0,2.111,OR,0
2023.0,West,Hybrid,300.0,0,2.111,WA,1
2023.0,NYISO,Battery,79.9,2,0.11,NY,0
2023.0,West,Wind,234.0,0,2.111,OR,0
2023.0,West,Solar,500.0,0,2.111,WA,0
2023.0,West,Solar,400.0,0,2.111,WA,0
2023.0,West,Hybrid,800.0,0,2.111,WA,0
2023.0,West,Battery,250.0,0,2.111,WA,0
2023.0,West,Wind,67.0,0,2.111,OR,0
2023.0,West,Wind,250.1,0,2.111,OR,0
2023.0,West,Hybrid,2600.0,0,2.108,OR,0
2023.0,West,Hybrid,2600.0,0,2.108,OR,0
2023.0,West,Hybrid,1300.0,0,2.108,OR,0
2023.0,West,Hybrid,300.0,0,2.108,WA,0
2023.0,West,Battery,1300.0,0,2.108,OR,0
2023.0,West,Battery,1300.0,0,2.108,OR,0
2023.0,West,Battery,1300.0,0,2.108,OR,0
2023.0,ISO-NE,Solar,8.0,2,1.558,MA,0
2023.0,West,Battery,650.0,0,2.108,OR,0
2023.0,West,Hybrid,300.0,0,2.105,WA,1
2023.0,ISO-NE,Battery,115.0,2,0.233,MA,0
2023.0,MISO,Other,100.0,0,2.092,MN,0
2023.0,Southeast,Solar,200.0,0,2.092,GA,0
2023.0,Southeast,Hybrid,200.0,2,0.345,MS,0
2023.0,Southeast,Solar,225.0,0,2.092,GA,0
2023.0,ERCOT,Other,101.2,2,0.479,TX,0
2023.0,ERCOT,Battery,256.1,0,2.089,TX,0
2023.0,ERCOT,Battery,256.1,0,2.089,TX,0
2023.0,ERCOT,Battery,77.4,0,2.086,TX,0
2023.0,ERCOT,Battery,501.9,0,2.086,TX,1
2023.0,ERCOT,Battery,201.3,0,2.086,TX,1
2023.0,ERCOT,Battery,123.1,0,2.086,TX,0
2023.0,MISO,Hybrid,120.0,0,2.086,LA,0
2023.0,ERCOT,Battery,94.0,0,2.086,TX,0
2023.0,Southeast,Solar,120.0,2,1.166,AL,0
2023.0,MISO,Other,31.0,2,1.024,IA,0
2023.0,ERCOT,Battery,307.2,0,2.078,TX,0
2023.0,ERCOT,Hybrid,150.0,0,2.075,TX,0
2023.0,ERCOT,Battery,51.3,0,2.075,TX,0
2023.0,ERCOT,Gas,400.0,0,2.075,TX,0
2023.0,ERCOT,Solar,445.4,0,2.075,TX,0
2023.0,ERCOT,Wind,621.6,0,2.075,TX,0
2023.0,ERCOT,Wind,623.0,0,2.075,TX,0
2023.0,ERCOT,Hybrid,51.2,0,2.075,TX,0
2023.0,ERCOT,Solar,410.0,0,2.075,TX,0
2023.0,ERCOT,Battery,310.2,0,2.075,TX,0
2023.0,ERCOT,Solar,445.4,0,2.075,TX,0
2023.0,ERCOT,Battery,245.8,0,2.075,TX,0
2023.0,ERCOT,Hybrid,174.2,0,2.075,TX,0
2023.0,ERCOT,Hybrid,84.0,0,2.075,TX,0
2023.0,ERCOT,Hybrid,82.6,0,2.075,TX,0
2023.0,ERCOT,Hybrid,102.9,0,2.075,TX,0
2023.0,ISO-NE,Wind,35.2,2,1.851,VT,0
2023.0,ISO-NE,Hybrid,18.6,2,1.522,ME,0
2023.0,ISO-NE,Solar,21.0,2,1.522,ME,0
2023.0,Southeast,Solar,17.6,2,0.192,GA,0
2023.0,Southeast,Battery,150.0,0,2.064,AL,0
2023.0,MISO,Other,18.0,0,2.064,MN,0
2023.0,Southeast,Battery,200.0,0,2.059,MS,0
2023.0,MISO,Solar,325.0,0,2.056,LA,0
2023.0,West,Solar,2.0,0,2.056,MT,0
2023.0,ISO-NE,Battery,108.0,2,0.077,RI,0
2023.0,ISO-NE,Battery,237.6,2,0.14,CT,0
2023.0,Southeast,Solar,136.0,2,0.309,AL,0
2023.0,ISO-NE,Battery,69.4,2,1.818,MA,0
2023.0,MISO,Battery,50.0,2,0.728,IL,0
2023.0,ISO-NE,Battery,134.7,2,0.14,CT,0
2023.0,ISO-NE,Battery,76.0,2,0.123,MA,0
2023.0,Southeast,Solar,199.0,2,0.309,AL,0
2023.0,ISO-NE,Battery,190.0,2,0.178,MA,0
2023.0,West,Battery,20.0,0,2.051,WA,0
2023.0,Southeast,Solar,40.0,0,2.051,AL,0
2023.0,ISO-NE,Battery,202.1,2,0.107,MA,0
2023.0,West,Battery,130.0,0,2.045,WA,0
2023.0,Southeast,Solar,74.9,0,2.045,FL,0
2023.0,Southeast,Solar,74.9,0,2.045,FL,0
2023.0,Southeast,Solar,74.9,0,2.045,FL,0
2023.0,Southeast,Battery,95.0,2,0.433,GA,0
2023.0,Southeast,Solar,74.9,0,2.045,FL,0
2023.0,Southeast,Solar,74.9,0,2.045,FL,0
2023.0,Southeast,Solar,74.9,0,2.045,FL,0
2023.0,Southeast,Solar,74.9,0,2.045,FL,0
2023.0,Southeast,Battery,200.0,2,0.433,GA,1
2023.0,West,Battery,200.0,0,2.045,OR,0
2023.0,Southeast,Solar,74.9,0,2.045,FL,0
2023.0,ERCOT,Battery,204.8,0,2.04,TX,0
2023.0,ERCOT,Solar,301.7,0,2.037,TX,0
2023.0,ERCOT,Hybrid,445.4,0,2.037,TX,0
2023.0,ISO-NE,Battery,5.0,2,1.487,MA,0
2023.0,ERCOT,Battery,207.6,0,2.037,TX,0
2023.0,ISO-NE,Battery,10.0,2,1.487,MA,0
2023.0,ERCOT,Solar,116.0,0,2.037,TX,0
2023.0,ISO-NE,Hybrid,5.0,2,1.487,MA,0
2023.0,West,Battery,500.0,0,2.034,AZ,0
2023.0,West,Battery,500.0,0,2.034,AZ,0
2023.0,Southeast,Solar,200.0,2,0.123,GA,0
2023.0,Southeast,Battery,100.0,2,0.441,GA,0
2023.0,ISO-NE,Battery,10.0,2,1.484,MA,0
2023.0,Southeast,Gas,640.0,2,0.441,GA,0
2023.0,Southeast,Battery,250.0,0,2.034,GA,0
2023.0,ERCOT,Wind,360.5,0,2.034,TX,0
2023.0,Southeast,Battery,250.0,0,2.034,GA,0
2023.0,Southeast,Gas,640.0,2,0.441,AL,0
2023.0,Southeast,Gas,490.0,2,0.441,GA,0
2023.0,ERCOT,Battery,245.8,0,2.031,TX,0
2023.0,West,Hybrid,300.0,0,2.031,AZ,0
2023.0,ERCOT,Gas,25.5,0,2.031,TX,0
2023.0,ERCOT,Solar,203.0,0,2.031,TX,0
2023.0,ERCOT,Battery,522.1,0,2.031,TX,0
2023.0,ERCOT,Battery,256.2,0,2.031,TX,0
2023.0,ERCOT,Battery,206.3,0,2.031,TX,0
2023.0,West,Hybrid,300.0,0,2.026,UT,0
2023.0,West,Hybrid,275.0,0,2.026,UT,0
2023.0,ISO-NE,Battery,50.0,2,1.785,MA,0
2023.0,SPP,Solar,150.0,2,1.936,NM,0
2023.0,SPP,Solar,150.0,2,1.936,NM,0
2023.0,SPP,Solar,150.0,2,1.936,NM,0
2023.0,ISO-NE,Other,4.0,2,1.457,ME,0
2023.0,ISO-NE,Solar,5.0,2,1.457,ME,0
2023.0,ISO-NE,Solar,5.0,2,1.457,ME,0
2023.0,ISO-NE,Solar,2.0,2,1.457,ME,0
2023.0,ISO-NE,Solar,4.9,2,1.457,ME,0
2023.0,ISO-NE,Solar,4.5,2,1.027,ME,0
2023.0,West,Battery,200.0,0,2.004,NM,1
2024.0,SPP,Solar,150.0,2,1.925,NM,0
2024.0,Southeast,Solar,80.0,0,1.996,AL,0
2024.0,Southeast,Solar,180.0,0,1.996,AL,0
2024.0,ISO-NE,Battery,300.0,2,1.062,CT,0
2024.0,ERCOT,Other,306.3,2,0.961,TX,0
2024.0,ERCOT,Hybrid,100.9,0,1.993,TX,0
2024.0,ERCOT,Solar,231.6,0,1.993,TX,0
2024.0,ERCOT,Wind,379.2,0,1.993,TX,0
2024.0,ERCOT,Battery,251.6,0,1.993,TX,0
2024.0,ERCOT,Solar,61.4,0,1.993,TX,0
2024.0,ERCOT,Hybrid,126.2,0,1.993,TX,0
2024.0,ERCOT,Battery,140.5,0,1.993,TX,0
2024.0,ERCOT,Battery,200.9,0,1.993,TX,0
2024.0,ERCOT,Other,35.2,2,0.055,TX,0
2024.0,West,Battery,500.0,0,1.988,AZ,0
2024.0,West,Battery,500.0,0,1.988,AZ,0
2024.0,Southeast,Battery,200.0,0,1.979,FL,0
2024.0,Southeast,Hybrid,325.0,0,1.979,GA,0
2024.0,Southeast,Battery,400.0,0,1.979,FL,0
2024.0,Southeast,Hybrid,141.0,0,1.977,GA,0
2024.0,MISO,Solar,50.0,0,1.977,WI,0
2024.0,MISO,Solar,150.0,0,1.977,MN,0
2024.0,MISO,Solar,100.0,0,1.977,WI,0
2024.0,Southeast,Hybrid,175.0,0,1.977,AL,0
2024.0,ISO-NE,Solar,5.0,2,1.426,CT,0
2024.0,West,Hybrid,50.0,0,1.977,AZ,0
2024.0,ERCOT,Other,203.2,2,0.903,TX,0
2024.0,ERCOT,Battery,151.4,2,1.224,TX,0
2024.0,Southeast,Solar,300.0,2,0.386,GA,0
2024.0,ERCOT,Battery,100.9,2,1.224,TX,0
2024.0,ERCOT,Solar,150.9,2,1.224,TX,0
2024.0,Southeast,Solar,300.0,2,0.386,GA,0
2024.0,ERCOT,Hybrid,80.3,0,1.971,TX,0
2024.0,ERCOT,Wind,606.3,0,1.971,TX,0
2024.0,ERCOT,Wind,125.1,0,1.971,TX,0
2024.0,ERCOT,Wind,240.0,0,1.971,TX,0
2024.0,ERCOT,Hybrid,216.1,0,1.971,TX,0
2024.0,ERCOT,Battery,279.0,0,1.971,TX,0
2024.0,ERCOT,Gas,43.4,0,1.971,TX,0
2024.0,ERCOT,Solar,150.8,0,1.971,TX,0
2024.0,ERCOT,Battery,125.4,0,1.971,TX,0
2024.0,ERCOT,Battery,200.6,0,1.971,TX,0
2024.0,ERCOT,Solar,502.7,0,1.971,TX,0
2024.0,ERCOT,Battery,251.3,0,1.971,TX,0
2024.0,ERCOT,Battery,224.1,0,1.971,TX,0
2024.0,ERCOT,Solar,203.0,0,1.971,TX,0
2024.0,ISO-NE,Wind,1275.0,2,1.744,CT,0
2024.0,ERCOT,Battery,204.4,0,1.971,TX,0
2024.0,Southeast,Gas,40.0,1,1.637,FL,0
2024.0,Southeast,Solar,74.9,0,1.969,FL,0
2024.0,Southeast,Solar,74.9,0,1.966,FL,0
2024.0,Southeast,Solar,74.9,0,1.966,FL,0
2024.0,Southeast,Solar,74.9,0,1.966,FL,0
2024.0,West,Hybrid,250.0,0,1.963,,0
2024.0,West,Battery,100.0,0,1.96,MT,0
2024.0,ISO-NE,Solar,20.0,2,1.405,CT,0
2024.0,ISO-NE,Hybrid,10.8,2,1.405,CT,0
2024.0,West,Hybrid,205.0,0,1.941,OR,0
2024.0,Southeast,Solar,250.0,2,0.219,GA,0
2024.0,West,Hybrid,175.0,0,1.938,OR,0
2024.0,West,Hybrid,300.0,0,1.936,CO,0
2024.0,West,Gas,49.5,2,1.355,CO,0
2024.0,West,Wind,553.5,0,1.936,CO,0
2024.0,West,Wind,500.0,0,1.936,CO,0
2024.0,West,Hybrid,250.0,0,1.936,CO,0
2024.0,West,Hybrid,199.0,0,1.936,CO,0
2024.0,West,Solar,200.0,0,1.936,CO,0
2024.0,West,Solar,500.0,0,1.936,CO,0
2024.0,West,Solar,400.0,0,1.936,CO,0
2024.0,West,Solar,100.0,0,1.936,CO,0
2024.0,West,Battery,200.0,0,1.936,CO,0
2024.0,West,Wind,292.5,0,1.936,CO,0
2024.0,West,Gas,200.0,0,1.936,CO,0
2024.0,West,Wind,603.0,0,1.936,CO,0
2024.0,West,Wind,500.0,0,1.936,CO,0
2024.0,West,Battery,199.0,0,1.936,CO,0
2024.0,West,Battery,200.0,0,1.936,CO,0
2024.0,West,Battery,250.0,0,1.936,CO,0
2024.0,West,Battery,250.0,0,1.936,CO,0
2024.0,West,Wind,450.0,0,1.936,CO,0
2024.0,West,Gas,400.0,0,1.936,CO,0
2024.0,ERCOT,Battery,10.0,1,1.448,TX,1
2024.0,Southeast,Solar,70.0,2,0.802,AL,0
2024.0,ERCOT,Battery,10.0,1,0.991,TX,0
2024.0,ISO-NE,Hybrid,5.0,2,1.38,MA,0
2024.0,ISO-NE,Hybrid,3.9,2,1.38,MA,0
2024.0,ISO-NE,Battery,4.9,2,1.38,MA,0
2024.0,ISO-NE,Battery,5.0,2,1.38,MA,0
2024.0,ERCOT,Battery,10.0,0,1.922,TX,1
2024.0,West,Hybrid,130.0,0,1.922,OR,0
2024.0,Southeast,Solar,175.0,2,0.088,GA,0
2024.0,Southeast,Solar,75.0,0,1.914,SC,0
2024.0,Southeast,Solar,175.0,0,1.914,SC,0
2024.0,Southeast,Battery,75.0,0,1.914,SC,0
2024.0,ERCOT,Battery,51.5,2,1.164,TX,0
2024.0,ERCOT,Solar,253.0,0,1.914,TX,0
2024.0,ERCOT,Battery,151.4,2,1.164,TX,0
2024.0,ERCOT,Solar,100.5,2,1.164,TX,0
2024.0,ERCOT,Battery,105.1,0,1.911,TX,0
2024.0,ERCOT,Hybrid,103.7,0,1.911,TX,0
2024.0,ERCOT,Hybrid,238.4,0,1.911,TX,0
2024.0,ERCOT,Battery,100.4,0,1.911,TX,0
2024.0,ERCOT,Battery,523.4,0,1.911,TX,0
2024.0,ERCOT,Hybrid,251.0,0,1.911,TX,0
2024.0,ERCOT,Gas,1104.0,0,1.911,TX,0
2024.0,West,Gas,5.0,0,1.911,SD,0
2024.0,ERCOT,Battery,125.4,0,1.911,TX,0
2024.0,ERCOT,Hybrid,409.8,0,1.911,TX,0
2024.0,ERCOT,Battery,202.8,0,1.911,TX,0
2024.0,West,Other,1020.0,0,1.903,AZ,1
2024.0,West,Hybrid,300.0,0,1.903,AZ,1
2024.0,West,Hybrid,565.0,0,1.903,AZ,1
2024.0,West,Hybrid,2626.2,0,1.903,AZ,0
2024.0,West,Hybrid,822.1,0,1.903,AZ,0
2024.0,West,Hybrid,600.0,0,1.903,AZ,1
2024.0,West,Battery,409.0,0,1.903,AZ,1
2024.0,West,Gas,398.1,0,1.903,AZ,1
2024.0,West,Hybrid,843.2,0,1.903,AZ,1
2024.0,ERCOT,Other,313.5,2,0.214,TX,0
2024.0,MISO,Other,1040.0,0,1.9,IN,0
2024.0,ERCOT,Battery,156.6,0,1.897,TX,0
2024.0,ERCOT,Battery,313.5,0,1.897,TX,0
2024.0,ERCOT,Hybrid,53.6,0,1.897,TX,0
2024.0,West,Gas,200.0,0,1.897,AZ,0
2024.0,ERCOT,Battery,202.6,0,1.897,TX,0
2024.0,ISO-NE,Hybrid,101.1,2,1.676,CT,0
2024.0,ISO-NE,Solar,68.0,2,0.266,ME,0
2024.0,ERCOT,Hybrid,51.7,0,1.897,TX,0
2024.0,ERCOT,Hybrid,115.9,0,1.897,TX,0
2024.0,ERCOT,Battery,122.4,0,1.897,TX,0
2024.0,ERCOT,Battery,418.6,0,1.897,TX,0
2024.0,ERCOT,Battery,210.5,0,1.897,TX,0
2024.0,ERCOT,Solar,201.5,0,1.897,TX,0
2024.0,ERCOT,Battery,103.4,0,1.897,TX,0
2024.0,ERCOT,Solar,221.0,0,1.897,TX,0
2024.0,ERCOT,Battery,192.1,0,1.897,TX,0
2024.0,ERCOT,Battery,100.3,0,1.897,TX,0
2024.0,ERCOT,Hybrid,193.8,0,1.897,TX,0
2024.0,West,Battery,100.0,0,1.895,WY,0
2024.0,ISO-NE,Battery,109.5,2,1.533,CT,0
2024.0,West,Battery,320.0,0,1.895,WY,0
2024.0,West,Battery,210.0,0,1.895,WA,0
2024.0,West,Battery,350.0,0,1.895,WY,0
2024.0,ISO-NE,Battery,115.6,2,1.328,MA,0
2024.0,Southeast,Gas,75.0,0,1.878,KY,0
2024.0,Southeast,Solar,74.5,0,1.878,FL,0
2024.0,Southeast,Solar,60.0,0,1.878,FL,0
2024.0,West,Battery,60.8,0,1.875,OR,0
2024.0,West,Other,300.0,0,1.873,WA,0
2024.0,West,Wind,6.6,0,1.856,WY,0
2024.0,West,Wind,42.0,0,1.856,WY,0
2024.0,West,Wind,30.0,0,1.856,WY,0
2024.0,ISO-NE,Battery,19.3,0,1.856,VT,0
2024.0,West,Wind,28.0,0,1.856,WY,0
2024.0,West,Wind,26.0,0,1.856,WY,0
2024.0,West,Battery,55.0,0,1.854,OR,0
2024.0,ERCOT,Battery,102.6,2,1.12,TX,0
2024.0,ERCOT,Wind,1200.0,0,1.845,TX,0
2024.0,ERCOT,Hybrid,180.9,0,1.845,TX,0
2024.0,ERCOT,Battery,401.2,2,1.114,TX,1
2024.0,ERCOT,Battery,202.0,0,1.845,TX,0
2024.0,Southeast,Solar,96.0,0,1.845,KY,0
2024.0,ERCOT,Hybrid,180.0,0,1.845,TX,0
2024.0,ERCOT,Battery,99.5,0,1.845,TX,0
2024.0,ERCOT,Battery,209.2,0,1.845,TX,0
2024.0,ERCOT,Solar,301.2,0,1.845,TX,0
2024.0,ERCOT,Hybrid,104.7,0,1.843,TX,0
2024.0,ERCOT,Battery,256.1,0,1.843,TX,0
2024.0,ERCOT,Battery,125.4,0,1.843,TX,0
2024.0,ERCOT,Battery,401.4,0,1.843,TX,0
2024.0,ERCOT,Battery,159.6,0,1.843,TX,0
2024.0,ERCOT,Battery,501.6,0,1.843,TX,0
2024.0,ERCOT,Battery,157.1,0,1.843,TX,1
2024.0,ERCOT,Wind,18.5,0,1.843,TX,0
2024.0,ERCOT,Solar,291.4,0,1.843,TX,0
2024.0,ERCOT,Battery,513.7,0,1.843,TX,0
2024.0,ERCOT,Hybrid,184.6,0,1.843,TX,0
2024.0,ERCOT,Hybrid,130.7,0,1.843,TX,0
2024.0,ERCOT,Battery,154.0,0,1.843,TX,0
2024.0,ERCOT,Solar,251.3,0,1.843,TX,0
2024.0,ERCOT,Battery,180.0,0,1.843,TX,0
2024.0,ERCOT,Battery,202.7,0,1.843,TX,0
2024.0,ERCOT,Battery,251.0,0,1.843,TX,0
2024.0,ERCOT,Hybrid,127.3,0,1.843,TX,0
2024.0,ERCOT,Other,132.0,0,1.843,TX,0
2024.0,ERCOT,Solar,120.9,0,1.843,TX,0
2024.0,ERCOT,Solar,150.8,0,1.843,TX,0
2024.0,ERCOT,Battery,202.7,0,1.843,TX,0
2024.0,ERCOT,Solar,302.2,0,1.843,TX,0
2024.0,ERCOT,Battery,128.2,0,1.843,TX,1
2024.0,ERCOT,Battery,104.5,0,1.843,TX,0
2024.0,ERCOT,Hybrid,237.2,0,1.843,TX,0
2024.0,ERCOT,Solar,211.6,0,1.843,TX,0
2024.0,ERCOT,Solar,351.1,0,1.843,TX,0
2024.0,ERCOT,Solar,106.9,0,1.843,TX,0
2024.0,ISO-NE,Battery,167.1,2,0.783,CT,0
2024.0,Southeast,Solar,100.0,2,0.26,AL,0
2024.0,MISO,Other,237.0,0,1.834,MN,0
2024.0,Southeast,Other,200.0,2,0.704,MS,0
2024.0,West,Battery,130.0,0,1.834,CO,0
2024.0,Southeast,Solar,100.0,0,1.826,MS,0
2024.0,Southeast,Battery,575.0,2,0.238,GA,0
2024.0,Southeast,Battery,500.0,0,1.821,GA,0
2024.0,West,Hybrid,260.0,0,1.815,AZ,1
2024.0,Southeast,Other,70.0,2,0.23,GA,0
2024.0,ERCOT,Other,9.9,1,0.772,TX,1
2024.0,ERCOT,Other,10.0,1,0.753,TX,0
2024.0,West,Other,2.2,0,1.802,MT,0
2024.0,ISO-NE,Solar,10.0,2,0.019,NH,0
2024.0,ISO-NE,Solar,10.0,2,0.019,NH,0
2024.0,ISO-NE,Wind,1275.0,2,1.572,CT,0
2024.0,Southeast,Solar,157.0,0,1.799,AL,0
2024.0,Southeast,Gas,1002.5,0,1.796,GA,0
2024.0,MISO,Solar,150.0,0,1.796,IN,0
2024.0,Southeast,Gas,1002.5,0,1.796,GA,0
2024.0,Southeast,Solar,210.0,2,0.134,GA,0
2024.0,Southeast,Gas,684.0,2,0.085,AL,0
2024.0,Southeast,Gas,722.0,0,1.788,GA,0
2024.0,Southeast,Gas,722.0,0,1.788,GA,0
2024.0,Southeast,Gas,419.0,2,0.197,GA,0
2024.0,Southeast,Gas,722.0,0,1.788,GA,0
2024.0,MISO,Solar,200.0,0,1.788,MN,0
2024.0,Southeast,Gas,722.0,0,1.788,GA,0
2024.0,Southeast,Gas,722.0,0,1.788,GA,0
2024.0,MISO,Solar,200.0,0,1.788,ND,0
2024.0,Southeast,Gas,722.0,0,1.788,GA,0
2024.0,Southeast,Hybrid,200.0,0,1.788,GA,0
2024.0,Southeast,Gas,722.0,0,1.788,GA,0
2024.0,MISO,Wind,200.0,0,1.788,SD,0
2024.0,Southeast,Gas,722.0,0,1.788,GA,0
2024.0,MISO,Wind,200.0,0,1.788,SD,0
2024.0,MISO,Solar,150.0,0,1.788,MI,0
2024.0,MISO,Battery,200.0,2,1.766,KY,0
2024.0,Southeast,Gas,419.0,2,0.197,GA,0
2024.0,MISO,Solar,250.0,2,1.35,ND,0
2024.0,MISO,Solar,80.0,2,1.766,MN,0
2024.0,MISO,Solar,200.0,2,1.766,MO,0
2024.0,MISO,Solar,300.0,0,1.788,IL,0
2024.0,MISO,Solar,175.0,0,1.788,IL,0
2024.0,MISO,Solar,500.0,2,1.284,AR,0
2024.0,MISO,Solar,300.0,2,1.435,MS,0
2024.0,MISO,Other,142.2,0,1.782,SD,0
2024.0,MISO,Solar,200.0,0,1.782,IN,0
2024.0,MISO,Solar,200.0,0,1.782,IL,0
2024.0,MISO,Solar,200.0,2,1.76,IN,0
2024.0,MISO,Battery,200.0,2,1.758,KY,0
2024.0,ERCOT,Solar,201.3,2,0.32,TX,0
2024.0,MISO,Battery,200.0,2,1.758,MI,0
2024.0,West,Battery,500.0,0,1.78,NV,1
2024.0,ERCOT,Hybrid,44.4,0,1.777,TX,0
2024.0,ERCOT,Hybrid,147.8,0,1.777,TX,0
2024.0,ERCOT,Hybrid,155.0,0,1.777,TX,0
2024.0,ERCOT,Hybrid,895.7,0,1.777,TX,0
2024.0,ERCOT,Battery,205.5,0,1.777,TX,0
2024.0,ERCOT,Battery,101.3,0,1.777,TX,0
2024.0,ERCOT,Hybrid,284.5,0,1.777,TX,0
2024.0,ERCOT,Hybrid,321.8,0,1.777,TX,0
2024.0,ERCOT,Hybrid,321.8,0,1.777,TX,0
2024.0,ERCOT,Battery,125.6,0,1.777,TX,0
2024.0,ERCOT,Hybrid,201.0,0,1.777,TX,0
2024.0,ERCOT,Wind,600.0,0,1.777,TX,0
2024.0,ISO-NE,Battery,152.7,2,0.074,MA,0
2024.0,ERCOT,Battery,201.4,0,1.777,TX,1
2024.0,ERCOT,Solar,261.0,0,1.777,TX,0
2024.0,ERCOT,Solar,401.8,0,1.777,TX,0
2024.0,ERCOT,Solar,201.8,0,1.777,TX,0
2024.0,ERCOT,Hybrid,554.9,0,1.777,TX,0
2024.0,ERCOT,Hybrid,201.0,0,1.777,TX,0
2024.0,Southeast,Battery,57.5,0,1.777,GA,0
2024.0,Southeast,Solar,200.0,0,1.777,AL,0
2024.0,ERCOT,Hybrid,103.7,0,1.777,TX,0
2024.0,ERCOT,Gas,750.0,0,1.777,TX,0
2024.0,ERCOT,Battery,181.5,0,1.777,TX,0
2024.0,ERCOT,Wind,174.0,0,1.777,TX,0
2024.0,ERCOT,Gas,1291.6,0,1.777,TX,0
2024.0,ERCOT,Hybrid,72.2,0,1.777,TX,0
2024.0,ERCOT,Hybrid,170.7,0,1.777,TX,0
2024.0,ERCOT,Battery,217.2,0,1.777,TX,0
2024.0,ERCOT,Hybrid,53.9,0,1.777,TX,0
2024.0,ERCOT,Solar,205.8,0,1.777,TX,0
2024.0,ERCOT,Hybrid,403.4,0,1.777,TX,0
2024.0,ERCOT,Hybrid,208.9,0,1.777,TX,0
2024.0,ERCOT,Battery,200.6,0,1.777,TX,0
2024.0,ERCOT,Solar,402.6,0,1.777,TX,0
2024.0,ERCOT,Hybrid,451.4,0,1.777,TX,0
2024.0,ERCOT,Solar,358.1,0,1.777,TX,0
2024.0,ERCOT,Battery,254.8,0,1.777,TX,0
2024.0,ERCOT,Hybrid,225.7,0,1.777,TX,0
2024.0,ERCOT,Solar,100.6,0,1.777,TX,0
2024.0,ERCOT,Battery,201.5,0,1.777,TX,0
2024.0,ERCOT,Solar,150.5,0,1.777,TX,0
2024.0,ERCOT,Solar,101.6,0,1.777,TX,0
2024.0,ERCOT,Gas,204.7,0,1.777,TX,0
2024.0,ERCOT,Hybrid,168.1,0,1.777,TX,0
2024.0,ERCOT,Battery,251.4,0,1.777,TX,0
2024.0,ERCOT,Battery,189.0,0,1.777,TX,0
2024.0,ERCOT,Battery,303.5,0,1.777,TX,0
2024.0,ERCOT,Battery,100.6,0,1.777,TX,0
2024.0,ERCOT,Hybrid,137.2,0,1.777,TX,0
2024.0,ERCOT,Hybrid,201.1,0,1.777,TX,0
2024.0,ERCOT,Hybrid,1043.1,0,1.777,TX,0
2024.0,ERCOT,Hybrid,804.7,0,1.777,TX,0
2024.0,ERCOT,Hybrid,26.8,0,1.777,TX,0
2024.0,ERCOT,Hybrid,600.0,0,1.777,TX,0
2024.0,Southeast,Battery,200.0,2,0.194,GA,0
2024.0,Southeast,Battery,100.0,2,0.104,GA,1
2024.0,MISO,Hybrid,150.0,2,1.747,AR,0
2024.0,Southeast,Solar,100.0,0,1.769,TN,0
2024.0,MISO,Battery,200.0,0,1.769,MN,0
2024.0,MISO,Battery,250.0,0,1.766,MI,0
2024.0,West,Solar,1.0,0,1.766,WA,0
2024.0,MISO,Solar,150.0,2,1.446,KY,0
2024.0,MISO,Solar,150.0,2,1.514,AR,0
2024.0,MISO,Solar,200.0,2,1.514,MS,0
2024.0,MISO,Solar,145.0,2,1.514,AR,0
2024.0,MISO,Solar,500.0,2,1.744,AR,0
2024.0,West,Hybrid,500.0,0,1.766,UT,0
2024.0,MISO,Solar,125.0,2,1.514,MS,0
2024.0,MISO,Solar,125.0,2,1.514,AR,0
2024.0,MISO,Battery,250.0,0,1.766,MI,0
2024.0,MISO,Solar,200.0,0,1.766,AR,0
2024.0,West,Battery,100.0,0,1.763,TX,0
2024.0,MISO,Battery,150.0,2,1.741,IN,0
2024.0,Southeast,Solar,52.0,0,1.763,FL,0
2024.0,Southeast,Battery,200.0,0,1.763,GA,1
2024.0,Southeast,Battery,265.0,0,1.763,GA,0
2024.0,MISO,Solar,100.0,2,1.509,IL,0
2024.0,West,Solar,100.0,0,1.763,NM,0
2024.0,West,Battery,200.0,0,1.763,TX,0
2024.0,MISO,Wind,180.0,0,1.763,IA,0
2024.0,West,Solar,100.0,0,1.763,TX,0
2024.0,MISO,Solar,100.0,2,1.443,IN,0
2024.0,MISO,Solar,150.0,0,1.763,MI,0
2024.0,MISO,Gas,211.0,0,1.763,MN,0
2024.0,Southeast,Solar,100.0,2,1.221,GA,0
2024.0,MISO,Wind,320.0,0,1.763,IA,0
2024.0,MISO,Solar,500.0,2,1.511,TX,0
2024.0,MISO,Battery,250.0,2,1.443,IN,0
2024.0,ISO-NE,Solar,25.0,2,1.541,CT,0
2024.0,MISO,Solar,250.0,0,1.763,IL,0
2024.0,MISO,Solar,100.0,2,1.443,LA,0
2024.0,West,Battery,50.0,0,1.763,NM,0
2024.0,MISO,Solar,250.0,2,1.511,TX,0
2024.0,MISO,Solar,150.0,2,1.509,IL,0
2024.0,ERCOT,Solar,401.8,2,0.821,TX,0
2024.0,Southeast,Hybrid,155.0,2,0.126,GA,0
2024.0,West,Hybrid,240.0,0,1.76,NV,0
2024.0,Southeast,Battery,200.0,2,0.153,GA,0
2024.0,West,Hybrid,150.0,0,1.76,TX,0
2024.0,MISO,Battery,200.0,2,1.739,MN,0
2024.0,Southeast,Solar,180.0,2,0.096,AL,0
2024.0,MISO,Solar,97.0,2,1.509,IL,0
2024.0,MISO,Solar,116.9,0,1.76,MI,0
2024.0,MISO,Battery,200.0,0,1.76,MN,0
2024.0,MISO,Battery,250.0,0,1.76,MN,0
2024.0,MISO,Battery,130.0,2,1.509,MN,0
2024.0,ISO-NE,Battery,19.3,0,1.76,VT,0
2024.0,MISO,Solar,140.0,0,1.76,MN,0
2024.0,ERCOT,Hybrid,200.0,0,1.758,TX,0
2024.0,ERCOT,Solar,124.7,0,1.758,TX,0
2024.0,ERCOT,Hybrid,93.3,0,1.758,TX,0
2024.0,ERCOT,Battery,103.0,0,1.758,TX,0
2024.0,MISO,Hybrid,150.0,2,1.736,AR,0
2024.0,ERCOT,Hybrid,206.7,0,1.758,TX,0
2024.0,ERCOT,Hybrid,987.3,0,1.758,TX,0
2024.0,ERCOT,Battery,204.7,0,1.758,TX,0
2024.0,ERCOT,Wind,419.7,0,1.758,TX,0
2024.0,ERCOT,Battery,202.6,0,1.758,TX,0
2024.0,ERCOT,Hybrid,446.3,0,1.758,TX,0
2024.0,Southeast,Solar,74.5,0,1.752,FL,0
2024.0,Southeast,Solar,150.0,2,0.159,AL,0
2024.0,MISO,Solar,45.8,2,1.728,IL,0
2024.0,ISO-NE,Battery,167.1,2,0.487,CT,0
2024.0,MISO,Solar,15.0,2,1.728,IL,0
2024.0,Southeast,Solar,150.0,2,0.159,AL,0
2024.0,MISO,Solar,16.3,2,1.728,IL,0
2024.0,MISO,Solar,17.0,2,1.728,IL,0
2024.0,West,Battery,100.0,2,0.405,WA,0
2024.0,Southeast,Hybrid,150.0,0,1.749,GA,0
2024.0,MISO,Hybrid,93.1,2,1.495,LA,0
2024.0,Southeast,Battery,320.0,0,1.744,GA,0
2024.0,ERCOT,Battery,10.0,0,1.744,TX,0
2024.0,ISO-NE,Battery,152.8,2,1.511,MA,0
2024.0,ISO-NE,Battery,152.8,2,1.511,MA,0
2024.0,MISO,Battery,100.0,2,0.939,IL,0
2024.0,MISO,Other,165.0,2,0.271,LA,0
2024.0,MISO,Battery,200.0,2,1.44,MI,0
2024.0,MISO,Solar,50.0,2,1.506,MS,0
2024.0,MISO,Solar,120.0,2,1.487,IL,0
2024.0,MISO,Hybrid,82.0,2,1.476,LA,0
2024.0,West,Hybrid,199.0,0,1.739,CO,0
2024.0,MISO,Battery,100.0,0,1.739,MI,0
2024.0,MISO,Battery,100.0,2,1.47,IN,0
2024.0,MISO,Wind,41.8,0,1.739,MI,0
2024.0,MISO,Battery,150.0,2,1.47,MI,1
2024.0,MISO,Battery,150.0,0,1.739,MI,0
2024.0,MISO,Solar,80.0,0,1.739,MI,0
2024.0,MISO,Solar,20.0,2,1.717,IL,0
2024.0,West,Hybrid,199.0,0,1.739,CO,0
2024.0,MISO,Solar,120.0,0,1.739,MI,0
2024.0,MISO,Battery,150.0,2,1.47,MI,0
2024.0,MISO,Solar,100.0,2,1.032,MI,0
2024.0,MISO,Solar,145.8,0,1.739,MI,0
2024.0,West,Other,145.0,0,1.73,AZ,1
2024.0,ISO-NE,Battery,250.9,2,0.099,MA,0
2024.0,ISO-NE,Battery,300.0,0,1.73,MA,0
2024.0,ISO-NE,Battery,408.1,2,1.509,MA,0
2024.0,ISO-NE,Hybrid,100.5,2,0.14,MA,0
2024.0,ERCOT,Hybrid,297.5,0,1.728,TX,0
2024.0,ERCOT,Battery,203.2,0,1.728,TX,0
2024.0,Southeast,Solar,22.0,0,1.728,KY,0
2024.0,MISO,Solar,300.0,0,1.728,MN,0
2024.0,ERCOT,Hybrid,410.7,0,1.728,TX,0
2024.0,MISO,Battery,100.0,2,1.706,MN,0
2024.0,ERCOT,Hybrid,309.9,0,1.728,TX,0
2024.0,ISO-NE,Battery,114.7,2,1.506,VT,0
2024.0,ISO-NE,Battery,136.0,0,1.728,MA,0
2024.0,MISO,Solar,100.0,2,1.706,AR,0
2024.0,ERCOT,Hybrid,170.5,0,1.728,TX,0
2024.0,ERCOT,Hybrid,208.8,0,1.728,TX,0
2024.0,MISO,Wind,86.0,2,1.306,MN,0
2024.0,ERCOT,Battery,120.0,0,1.728,TX,0
2024.0,ERCOT,Solar,130.6,0,1.728,TX,0
2024.0,ISO-NE,Battery,365.8,2,1.506,MA,0
2024.0,ISO-NE,Battery,290.0,0,1.728,MA,0
2024.0,ERCOT,Gas,210.0,0,1.728,TX,0
2024.0,ERCOT,Hybrid,208.1,0,1.728,TX,0
2024.0,MISO,Wind,200.3,0,1.725,IL,0
2024.0,MISO,Wind,144.0,2,1.462,MN,0
2024.0,MISO,Solar,59.2,2,1.47,TX,0
2024.0,MISO,Wind,100.6,2,1.703,IL,0
2024.0,MISO,Solar,250.0,2,1.476,TX,0
2024.0,MISO,Solar,85.0,2,1.355,LA,0
2024.0,MISO,Solar,155.0,2,1.473,LA,0
2024.0,MISO,Solar,60.0,2,1.47,AR,0
2024.0,MISO,Wind,200.0,0,1.722,MN,0
2024.0,MISO,Gas,500.0,0,1.722,IN,0
2024.0,MISO,Battery,175.0,2,1.7,ND,0
2024.0,MISO,Battery,175.0,2,1.7,SD,0
2024.0,MISO,Gas,300.0,2,1.736,MI,0
2024.0,MISO,Gas,49.0,2,1.454,MN,0
2024.0,MISO,Solar,150.0,2,1.467,KY,0
2024.0,MISO,Battery,175.0,2,1.47,MI,0
2024.0,MISO,Solar,100.0,0,1.722,MN,0
2024.0,MISO,Solar,200.0,2,1.697,IL,0
2024.0,MISO,Battery,300.0,2,1.697,MI,0
2024.0,West,Battery,100.0,0,1.719,WA,0
2024.0,MISO,Solar,300.0,2,1.457,MN,0
2024.0,MISO,Wind,175.5,0,1.719,MI,0
2024.0,ISO-NE,Wind,1200.0,2,1.139,RI,0
2024.0,West,Battery,100.0,0,1.719,WA,0
2024.0,MISO,Solar,200.0,2,1.374,IL,0
2024.0,MISO,Solar,215.0,0,1.719,AR,0
2024.0,MISO,Hybrid,250.0,0,1.719,MN,0
2024.0,MISO,Wind,220.0,0,1.719,MI,0
2024.0,MISO,Solar,200.0,2,1.697,AR,0
2024.0,MISO,Wind,254.0,0,1.719,MI,0
2024.0,MISO,Solar,91.8,0,1.719,MI,0
2024.0,MISO,Hybrid,300.0,0,1.719,SD,0
2024.0,MISO,Solar,100.0,0,1.719,AR,0
2024.0,MISO,Solar,120.0,2,1.697,MO,0
2024.0,MISO,Solar,120.0,2,1.342,IL,0
2024.0,MISO,Solar,225.0,0,1.719,LA,0
2024.0,MISO,Solar,400.0,2,1.465,TX,0
2024.0,MISO,Solar,200.0,2,1.35,IL,0
2024.0,MISO,Solar,325.0,2,1.142,LA,0
2024.0,West,Other,42.1,0,1.719,AZ,1
2024.0,MISO,Wind,300.0,2,1.697,TX,0
2024.0,MISO,Battery,100.0,2,1.462,MS,0
2024.0,MISO,Battery,250.0,2,1.465,IN,0
2024.0,MISO,Battery,200.0,0,1.717,IN,0
2024.0,MISO,Solar,200.0,0,1.717,IL,0
2024.0,MISO,Solar,350.0,2,1.695,MS,0
2024.0,MISO,Solar,300.0,0,1.717,IL,0
2024.0,MISO,Battery,200.0,2,1.454,IL,0
2024.0,MISO,Solar,300.0,0,1.717,LA,0
2024.0,MISO,Solar,200.0,0,1.717,MI,0
2024.0,MISO,Battery,100.0,0,1.717,IL,0
2024.0,MISO,Solar,150.0,2,1.462,LA,0
2024.0,MISO,Battery,50.0,2,1.695,LA,0
2024.0,MISO,Battery,200.0,2,1.292,IN,0
2024.0,MISO,Solar,150.0,2,1.462,IL,0
2024.0,MISO,Solar,300.0,2,1.292,IN,0
2024.0,MISO,Wind,150.0,2,1.385,IA,0
2024.0,MISO,Wind,300.0,2,1.385,IA,0
2024.0,MISO,Battery,100.0,0,1.711,MI,0
2024.0,MISO,Battery,200.0,0,1.711,IN,0
2024.0,ERCOT,Battery,125.3,0,1.711,TX,0
2024.0,ERCOT,Hybrid,150.0,0,1.711,TX,0
2024.0,ERCOT,Solar,150.0,0,1.711,TX,0
2024.0,MISO,Battery,100.0,2,1.459,MN,0
2024.0,MISO,Solar,300.0,0,1.711,MI,0
2024.0,MISO,Battery,150.0,0,1.711,MI,0
2024.0,MISO,Battery,220.0,2,1.457,MI,0
2024.0,ERCOT,Battery,516.6,0,1.711,TX,0
2024.0,MISO,Hybrid,175.0,0,1.711,IL,0
2024.0,MISO,Battery,300.0,2,1.689,MI,1
2024.0,MISO,Battery,100.0,2,1.689,IL,0
2024.0,MISO,Battery,80.0,2,1.459,IL,0
2024.0,MISO,Battery,100.0,2,1.459,MN,0
2024.0,MISO,Battery,100.0,2,0.329,IL,0
2024.0,MISO,Hybrid,80.0,2,1.459,IN,0
2024.0,ERCOT,Battery,103.5,0,1.711,TX,0
2024.0,MISO,Battery,200.0,2,1.459,MN,0
2024.0,MISO,Hybrid,160.0,2,1.459,AR,0
2024.0,ERCOT,Battery,200.6,0,1.711,TX,0
2024.0,ERCOT,Battery,104.0,0,1.711,TX,0
2024.0,MISO,Hybrid,225.0,0,1.711,IL,0
2024.0,MISO,Battery,200.0,2,1.689,MI,0
2024.0,ERCOT,Battery,208.9,0,1.711,TX,0
2024.0,MISO,Solar,150.0,2,1.292,MS,0
2024.0,MISO,Battery,200.0,2,1.459,MI,0
2024.0,MISO,Solar,150.0,2,1.446,AR,0
2024.0,MISO,Solar,400.0,2,1.292,AR,0
2024.0,Southeast,Battery,15.0,0,1.711,GA,0
2024.0,MISO,Battery,200.0,2,1.446,MI,0
2024.0,MISO,Solar,297.0,0,1.711,MI,0
2024.0,MISO,Solar,200.0,2,1.446,MS,0
2024.0,MISO,Solar,135.0,0,1.711,MI,0
2024.0,MISO,Solar,150.0,2,0.375,IN,0
2024.0,MISO,Solar,200.0,0,1.711,MI,0
2024.0,MISO,Solar,290.0,0,1.711,MI,0
2024.0,MISO,Battery,200.0,0,1.711,MI,0
2024.0,MISO,Solar,200.0,0,1.711,MI,0
2024.0,MISO,Hybrid,200.0,2,1.103,MS,0
2024.0,MISO,Hybrid,150.0,2,1.103,MS,0
2024.0,MISO,Solar,105.0,2,1.459,IL,0
2024.0,MISO,Solar,220.0,0,1.711,IN,0
2024.0,MISO,Battery,100.0,2,1.388,MN,0
2024.0,MISO,Battery,200.0,2,1.103,MI,0
2024.0,MISO,Solar,250.0,2,1.292,MS,0
2024.0,MISO,Battery,225.0,0,1.711,MI,0
2024.0,MISO,Battery,200.0,2,1.689,MI,0
2024.0,MISO,Hybrid,175.0,0,1.711,IL,0
2024.0,MISO,Solar,175.0,2,1.459,IN,0
2024.0,MISO,Solar,200.0,0,1.711,MI,0
2024.0,MISO,Hybrid,300.0,2,1.446,IN,0
2024.0,MISO,Hybrid,150.0,2,1.103,LA,0
2024.0,MISO,Hybrid,150.0,0,1.711,IN,0
2024.0,MISO,Solar,50.0,2,1.103,MI,0
2024.0,MISO,Solar,200.0,2,1.689,IL,0
2024.0,MISO,Hybrid,90.2,2,1.687,LA,0
2024.0,MISO,Solar,113.0,0,1.708,IL,0
2024.0,MISO,Battery,200.0,0,1.708,MN,0
2024.0,MISO,Wind,200.0,2,1.44,MN,0
2024.0,MISO,Solar,400.0,2,1.687,AR,0
2024.0,MISO,Battery,150.0,0,1.708,MI,0
2024.0,MISO,Battery,225.0,0,1.708,IL,0
2024.0,MISO,Solar,150.0,2,1.687,MI,0
2024.0,MISO,Solar,40.0,2,1.207,IN,0
2024.0,MISO,Battery,200.0,2,1.687,IN,0
2024.0,MISO,Solar,132.0,0,1.708,IN,0
2024.0,MISO,Wind,225.0,0,1.708,IL,0
2024.0,MISO,Battery,300.0,2,1.687,MO,0
2024.0,MISO,Solar,90.0,2,1.687,MN,0
2024.0,MISO,Wind,127.0,0,1.708,IL,0
2024.0,MISO,Battery,265.0,2,1.457,MI,0
2024.0,MISO,Solar,500.0,2,1.687,AR,0
2024.0,MISO,Wind,136.0,2,1.687,IA,0
2024.0,MISO,Battery,115.0,0,1.708,WI,0
2024.0,MISO,Battery,380.0,2,1.687,IL,0
2024.0,MISO,Battery,150.0,0,1.708,MO,0
2024.0,MISO,Wind,155.6,0,1.708,LA,0
2024.0,MISO,Solar,150.0,2,1.687,MO,0
2024.0,MISO,Battery,45.0,2,0.986,IN,0
2024.0,MISO,Solar,45.0,2,0.986,IN,0
2024.0,MISO,Battery,400.0,2,1.44,IN,0
2024.0,MISO,Solar,400.0,2,1.687,IN,0
2024.0,MISO,Battery,100.0,0,1.708,MI,0
2024.0,MISO,Wind,137.4,2,0.383,IL,0
2024.0,MISO,Solar,350.0,2,1.687,IL,0
2024.0,MISO,Solar,100.0,0,1.708,MI,0
2024.0,MISO,Solar,247.0,0,1.708,ND,0
2024.0,MISO,Wind,100.0,0,1.708,WI,0
2024.0,MISO,Solar,200.0,2,1.44,IN,0
2024.0,MISO,Solar,100.0,0,1.708,WI,0
2024.0,MISO,Solar,200.0,0,1.708,IA,0
2024.0,MISO,Battery,300.0,2,1.687,IN,0
2024.0,MISO,Battery,290.0,2,1.687,MI,0
2024.0,MISO,Solar,150.0,2,1.687,IL,0
2024.0,MISO,Battery,150.0,2,1.687,IL,0
2024.0,MISO,Solar,115.0,2,1.44,WI,0
2024.0,MISO,Solar,156.0,0,1.708,MO,0
2024.0,MISO,Solar,200.0,2,1.44,AR,0
2024.0,MISO,Wind,150.0,2,1.339,MS,0
2024.0,MISO,Solar,100.0,2,1.687,MS,0
2024.0,MISO,Hybrid,65.0,2,1.446,IN,0
2024.0,MISO,Wind,135.0,2,1.687,AR,0
2024.0,MISO,Wind,300.0,2,1.457,IA,0
2024.0,MISO,Battery,150.0,2,1.44,AR,0
2024.0,MISO,Solar,150.0,2,1.44,AR,0
2024.0,MISO,Battery,150.0,2,1.687,AR,0
2024.0,MISO,Solar,150.0,0,1.708,AR,0
2024.0,MISO,Battery,150.0,2,1.687,AR,0
2024.0,MISO,Solar,150.0,2,1.687,AR,0
2024.0,MISO,Battery,125.0,2,1.687,AR,0
2024.0,MISO,Solar,125.0,2,1.687,AR,0
2024.0,MISO,Battery,180.0,2,1.687,AR,0
2024.0,MISO,Solar,180.0,2,1.687,AR,0
2024.0,MISO,Solar,175.0,2,1.687,LA,0
2024.0,ISO-NE,Battery,125.0,2,1.383,CT,0
2024.0,MISO,Solar,200.0,0,1.708,LA,0
2024.0,MISO,Solar,40.0,2,1.207,IN,0
2024.0,MISO,Solar,112.0,0,1.708,MN,0
2024.0,MISO,Wind,473.8,2,1.687,LA,0
2024.0,MISO,Wind,170.0,2,1.687,MI,0
2024.0,MISO,Battery,100.0,2,1.051,IL,0
2024.0,MISO,Solar,150.0,0,1.708,IL,0
2024.0,MISO,Wind,263.0,0,1.708,MI,0
2024.0,MISO,Battery,130.0,2,1.457,IN,0
2024.0,MISO,Solar,230.0,2,1.687,MO,0
2024.0,MISO,Battery,100.0,2,1.687,IN,0
2024.0,MISO,Wind,250.0,2,1.457,MN,0
2024.0,MISO,Solar,140.0,2,1.454,IN,0
2024.0,MISO,Battery,250.0,0,1.708,MO,0
2024.0,MISO,Battery,50.0,2,1.454,LA,0
2024.0,West,Battery,15.0,0,1.708,OR,0
2024.0,MISO,Solar,265.0,2,1.684,AR,0
2024.0,MISO,Solar,37.0,2,1.287,IN,0
2024.0,MISO,Battery,145.0,2,1.454,IN,0
2024.0,MISO,Wind,140.0,2,1.454,IA,0
2024.0,MISO,Solar,95.0,2,1.243,MS,0
2024.0,MISO,Battery,47.0,2,1.684,IN,0
2024.0,MISO,Gas,770.0,2,1.437,TX,0
2024.0,MISO,Solar,300.0,2,1.443,IL,0
2024.0,MISO,Solar,25.0,2,1.287,IL,0
2024.0,MISO,Solar,60.0,2,1.287,IN,0
2024.0,MISO,Hybrid,200.0,2,1.098,IA,0
2024.0,MISO,Battery,150.0,2,1.049,IL,0
2024.0,MISO,Solar,300.0,2,1.3,MO,0
2024.0,MISO,Battery,250.0,2,1.454,MN,0
2024.0,MISO,Solar,150.0,2,0.753,IA,0
2024.0,MISO,Solar,300.0,2,1.451,IL,0
2024.0,MISO,Gas,515.0,2,1.684,MN,0
2024.0,MISO,Solar,250.0,2,1.684,AR,0
2024.0,MISO,Solar,180.0,2,1.684,AR,0
2024.0,MISO,Gas,705.0,2,1.402,WI,0
2024.0,MISO,Solar,125.0,0,1.706,MN,0
2024.0,MISO,Solar,160.0,0,1.706,IN,0
2024.0,MISO,Solar,105.0,2,1.684,AR,0
2024.0,MISO,Solar,100.0,2,0.4,LA,0
2024.0,MISO,Solar,200.0,2,1.451,AR,0
2024.0,MISO,Hybrid,300.0,2,1.684,AR,0
2024.0,MISO,Hybrid,400.0,0,1.706,LA,0
2024.0,MISO,Solar,75.0,0,1.706,MS,0
2024.0,MISO,Solar,160.0,2,1.454,MS,0
2024.0,MISO,Solar,100.0,2,1.454,AR,0
2024.0,MISO,Solar,156.0,0,1.706,IA,0
2024.0,MISO,Solar,187.0,2,1.131,IA,0
2024.0,MISO,Battery,150.0,2,1.437,LA,0
2024.0,MISO,Battery,215.0,2,0.945,AR,0
2024.0,MISO,Solar,150.0,2,1.454,MI,0
2024.0,MISO,Wind,150.0,2,1.454,WI,0
2024.0,MISO,Gas,470.0,0,1.706,IN,0
2024.0,MISO,Battery,100.0,0,1.706,MO,0
2024.0,MISO,Solar,135.0,2,1.684,AR,0
2024.0,MISO,Gas,630.0,2,1.684,MN,0
2024.0,MISO,Solar,230.0,2,1.38,AR,0
2024.0,MISO,Wind,62.0,2,1.227,IA,0
2024.0,MISO,Wind,249.0,0,1.706,MN,0
2024.0,MISO,Hybrid,175.0,2,1.684,AR,0
2024.0,MISO,Solar,200.0,2,1.415,IN,0
2024.0,MISO,Battery,200.0,2,1.451,MI,0
2024.0,MISO,Battery,150.0,2,1.684,MN,0
2024.0,MISO,Battery,200.0,0,1.706,IL,0
2024.0,MISO,Wind,200.0,0,1.706,IL,0
2024.0,MISO,Battery,199.9,0,1.706,MI,0
2024.0,MISO,Solar,35.0,2,1.287,IN,0
2024.0,MISO,Solar,250.0,2,1.684,LA,0
2024.0,MISO,Solar,150.0,2,1.451,WI,0
2024.0,MISO,Battery,200.0,0,1.706,IL,0
2024.0,MISO,Battery,150.0,2,1.684,IL,0
2024.0,MISO,Battery,200.0,0,1.706,IL,0
2024.0,MISO,Solar,200.0,0,1.706,MI,0
2024.0,MISO,Battery,150.0,2,1.284,TX,0
2024.0,MISO,Solar,200.0,2,1.684,AR,0
2024.0,MISO,Solar,180.0,2,1.684,AR,0
2024.0,MISO,Solar,250.0,2,1.451,AR,0
2024.0,MISO,Solar,200.0,0,1.706,MN,0
2024.0,MISO,Solar,550.0,2,1.451,LA,0
2024.0,MISO,Battery,83.4,2,1.325,IL,0
2024.0,MISO,Solar,80.0,2,1.684,MS,0
2024.0,MISO,Gas,770.0,2,1.437,MS,0
2024.0,MISO,Hybrid,190.0,2,1.684,AR,0
2024.0,MISO,Hybrid,200.0,2,1.684,MO,0
2024.0,MISO,Hybrid,125.0,2,1.684,LA,0
2024.0,MISO,Battery,175.0,2,1.454,MI,0
2024.0,MISO,Wind,300.0,2,1.454,SD,0
2024.0,MISO,Wind,300.0,0,1.706,ND,0
2024.0,MISO,Solar,350.0,2,1.684,AR,0
2024.0,MISO,Solar,100.0,2,1.437,AR,0
2024.0,MISO,Battery,300.0,0,1.706,IL,0
2024.0,MISO,Gas,235.0,0,1.706,MN,0
2024.0,MISO,Battery,100.0,2,1.684,IN,0
2024.0,MISO,Battery,200.0,0,1.706,IN,0
2024.0,MISO,Wind,199.9,0,1.706,IL,0
2024.0,MISO,Wind,193.0,0,1.706,AR,0
2024.0,MISO,Solar,250.0,2,1.684,IN,0
2024.0,MISO,Battery,199.9,0,1.706,IL,0
2024.0,MISO,Wind,9.0,2,0.843,IL,0
2024.0,MISO,Solar,400.0,2,1.684,AR,0
2024.0,MISO,Battery,220.0,0,1.706,MI,0
2024.0,MISO,Battery,100.0,2,1.684,IL,0
2024.0,MISO,Solar,300.0,2,1.454,AR,0
2024.0,MISO,Wind,200.0,0,1.706,IA,1
2024.0,MISO,Gas,1.8,0,1.706,MI,0
2024.0,MISO,Wind,100.0,2,1.322,KY,0
2024.0,MISO,Gas,378.8,0,1.706,IN,0
2024.0,MISO,Battery,200.0,0,1.706,MO,0
2024.0,MISO,Solar,200.0,2,1.437,MS,0
2024.0,MISO,Solar,200.0,0,1.706,MO,0
2024.0,MISO,Solar,130.0,2,1.437,AR,0
2024.0,MISO,Wind,110.0,0,1.706,IL,0
2024.0,MISO,Solar,220.0,0,1.706,IL,0
2024.0,MISO,Solar,100.0,0,1.706,IL,0
2024.0,MISO,Solar,100.0,2,1.684,AR,0
2024.0,MISO,Hybrid,77.0,2,0.827,IN,0
2024.0,MISO,Solar,148.0,2,1.415,IN,0
2024.0,MISO,Solar,120.0,2,1.684,AR,0
2024.0,MISO,Battery,50.0,2,1.415,MN,0
2024.0,West,Battery,100.0,0,1.706,WA,0
2024.0,MISO,Battery,300.0,0,1.706,IL,0
2024.0,MISO,Solar,100.0,2,1.284,LA,0
2024.0,MISO,Battery,150.0,0,1.706,IN,0
2024.0,MISO,Gas,770.0,2,1.437,LA,0
2024.0,MISO,Solar,100.0,2,1.684,IL,0
2024.0,West,Gas,188.0,0,1.706,WA,0
2024.0,West,Gas,188.0,0,1.706,WA,0
2024.0,West,Battery,100.0,0,1.706,WA,0
2024.0,West,Battery,200.0,0,1.706,WA,0
2024.0,MISO,Solar,100.0,2,1.013,IL,0
2024.0,MISO,Solar,100.0,0,1.706,IL,0
2024.0,MISO,Wind,150.0,0,1.706,MI,0
2024.0,MISO,Solar,190.0,0,1.706,IL,0
2024.0,MISO,Solar,50.0,2,1.287,IL,0
2024.0,MISO,Solar,400.0,2,1.684,IL,0
2024.0,MISO,Solar,200.0,2,1.437,LA,0
2024.0,MISO,Wind,350.0,0,1.706,MS,0
2024.0,MISO,Solar,30.0,2,1.287,IL,0
2024.0,MISO,Battery,100.0,2,1.684,MI,0
2024.0,MISO,Solar,30.0,2,1.287,IL,0
2024.0,MISO,Solar,200.0,2,1.451,IL,0
2024.0,MISO,Gas,770.0,2,1.437,MS,0
2024.0,MISO,Solar,88.0,2,0.734,LA,0
2024.0,MISO,Wind,300.0,0,1.706,MN,0
2024.0,MISO,Solar,85.0,2,1.684,AR,0
2024.0,MISO,Battery,44.0,2,1.684,IN,0
2024.0,MISO,Gas,465.0,2,1.437,TX,0
2024.0,MISO,Hybrid,250.0,2,1.684,MI,0
2024.0,MISO,Battery,200.0,2,1.437,LA,0
2024.0,MISO,Wind,250.0,0,1.706,WI,0
2024.0,MISO,Wind,300.0,2,1.684,MI,0
2024.0,MISO,Solar,100.0,2,1.684,MS,0
2024.0,MISO,Solar,303.0,2,1.684,MS,0
2024.0,MISO,Battery,300.0,2,1.451,IN,0
2024.0,MISO,Battery,300.0,2,1.451,IN,0
2024.0,MISO,Battery,300.0,2,1.451,IN,0
2024.0,MISO,Solar,30.0,2,1.287,IL,0
2024.0,MISO,Gas,770.0,0,1.706,AR,0
2024.0,MISO,Wind,200.0,2,1.684,IL,0
2024.0,MISO,Gas,4.2,0,1.706,MI,0
2024.0,MISO,Solar,110.0,2,1.451,IN,0
2024.0,MISO,Solar,500.0,2,1.44,AR,0
2024.0,MISO,Battery,150.0,0,1.703,IN,0
2024.0,MISO,Solar,171.0,0,1.703,IL,0
2024.0,MISO,Solar,300.0,2,1.67,IN,0
2024.0,MISO,Solar,400.0,2,1.44,AR,0
2024.0,MISO,Wind,100.0,0,1.703,IL,0
2024.0,MISO,Solar,150.0,2,1.681,LA,0
2024.0,MISO,Solar,155.0,2,1.44,AR,0
2024.0,MISO,Wind,200.0,0,1.703,IL,0
2024.0,MISO,Solar,180.0,0,1.703,IL,0
2024.0,MISO,Solar,200.0,2,1.451,MO,0
2024.0,MISO,Solar,191.3,0,1.703,IL,0
2024.0,MISO,Battery,250.0,2,1.681,IL,0
2024.0,MISO,Wind,150.0,2,1.681,LA,0
2024.0,MISO,Solar,50.0,2,1.451,LA,0
2024.0,MISO,Wind,199.9,0,1.703,LA,0
2024.0,MISO,Wind,150.0,2,1.361,MN,0
2024.0,MISO,Hybrid,150.9,0,1.703,AR,0
2024.0,MISO,Wind,150.0,2,1.451,IL,0
2024.0,MISO,Solar,200.0,2,1.681,IL,0
2024.0,MISO,Wind,200.0,0,1.703,IA,0
2024.0,MISO,Battery,200.0,2,1.046,MI,0
2024.0,MISO,Hybrid,150.0,2,1.681,IN,0
2024.0,MISO,Solar,150.0,2,1.224,MS,0
2024.0,MISO,Wind,65.0,2,1.435,AR,0
2024.0,MISO,Battery,400.0,2,1.681,LA,0
2024.0,MISO,Solar,140.0,2,1.681,LA,0
2024.0,MISO,Solar,100.0,0,1.703,IL,0
2024.0,MISO,Wind,250.0,0,1.703,MN,0
2024.0,MISO,Wind,222.0,2,1.451,IL,0
2024.0,MISO,Battery,400.0,2,1.451,IL,0
2024.0,MISO,Battery,100.0,0,1.703,MI,0
2024.0,MISO,Other,8.0,2,1.44,LA,0
2024.0,MISO,Wind,235.0,2,0.975,IA,0
2024.0,MISO,Solar,38.0,2,1.432,IN,0
2024.0,MISO,Battery,150.0,0,1.703,MI,0
2024.0,MISO,Solar,100.0,0,1.703,MI,0
2024.0,MISO,Solar,160.0,0,1.703,MI,0
2024.0,MISO,Battery,200.0,0,1.703,IA,0
2024.0,MISO,Solar,150.0,0,1.703,LA,0
2024.0,MISO,Battery,180.0,0,1.703,MI,0
2024.0,MISO,Solar,200.0,2,1.681,AR,0
2024.0,MISO,Battery,200.0,0,1.703,WI,0
2024.0,MISO,Battery,200.0,0,1.703,MI,0
2024.0,MISO,Battery,200.0,2,0.901,MI,0
2024.0,MISO,Hybrid,170.0,0,1.703,MS,0
2024.0,MISO,Solar,125.0,0,1.703,MI,0
2024.0,MISO,Hybrid,50.0,2,1.437,KY,0
2024.0,MISO,Hybrid,91.0,2,1.437,MO,0
2024.0,MISO,Solar,141.2,0,1.703,IL,0
2024.0,MISO,Gas,1452.0,0,1.703,MI,0
2024.0,MISO,Solar,195.6,0,1.703,IL,0
2024.0,MISO,Solar,200.0,0,1.703,MI,0
2024.0,MISO,Battery,100.0,2,1.448,IN,0
2024.0,West,Other,10.4,0,1.703,MT,0
2024.0,MISO,Solar,200.0,0,1.703,IL,0
2024.0,MISO,Hybrid,158.6,2,1.681,AR,0
2024.0,MISO,Battery,100.0,2,1.448,IN,0
2024.0,MISO,Solar,36.1,2,1.325,MS,0
2024.0,MISO,Battery,250.0,2,0.194,SD,0
2024.0,MISO,Solar,100.0,2,1.681,LA,0
2024.0,MISO,Other,7.5,0,1.703,MI,1
2024.0,MISO,Solar,430.0,0,1.703,MN,0
2024.0,MISO,Solar,405.0,2,1.681,LA,0
2024.0,MISO,Solar,190.0,2,1.451,IN,0
2024.0,MISO,Wind,175.0,2,1.451,IL,0
2024.0,MISO,Wind,300.0,0,1.703,IL,0
2024.0,MISO,Wind,300.0,2,1.681,IL,0
2024.0,MISO,Wind,150.0,2,1.681,AR,0
2024.0,MISO,Battery,50.0,2,1.681,IL,0
2024.0,MISO,Wind,400.0,0,1.703,IL,0
2024.0,MISO,Wind,200.0,0,1.703,IA,0
2024.0,MISO,Hybrid,150.0,2,1.681,IN,0
2024.0,MISO,Solar,199.0,2,1.435,MS,0
2024.0,MISO,Solar,199.0,2,1.435,MS,0
2024.0,MISO,Solar,200.0,0,1.703,IA,0
2024.0,MISO,Battery,200.0,0,1.703,IL,0
2024.0,MISO,Wind,444.0,0,1.703,IL,0
2024.0,MISO,Battery,100.0,2,1.517,IA,0
2024.0,MISO,Solar,65.0,2,1.01,LA,0
2024.0,MISO,Solar,155.0,2,1.44,AR,0
2024.0,MISO,Gas,15.0,2,1.681,MI,0
2024.0,MISO,Hybrid,250.0,2,1.681,LA,0
2024.0,MISO,Hybrid,200.0,2,1.681,MS,0
2024.0,MISO,Wind,250.0,0,1.703,IL,0
2024.0,MISO,Wind,236.0,2,1.681,IL,0
2024.0,MISO,Solar,220.0,2,1.681,MN,0
2024.0,MISO,Wind,195.6,0,1.703,IL,0
2024.0,MISO,Solar,225.0,0,1.703,MI,0
2024.0,MISO,Wind,146.7,0,1.703,IL,0
2024.0,MISO,Wind,146.7,0,1.703,IL,0
2024.0,MISO,Battery,100.0,2,0.901,IA,0
2024.0,MISO,Solar,300.0,0,1.703,MO,0
2024.0,MISO,Solar,125.0,2,1.41,IN,0
2024.0,MISO,Wind,400.0,0,1.703,IA,0
2024.0,MISO,Hybrid,175.0,2,1.681,TX,0
2024.0,MISO,Solar,200.0,2,1.374,LA,0
2024.0,MISO,Solar,300.0,2,1.681,AR,0
2024.0,MISO,Solar,300.0,2,1.681,AR,0
2024.0,MISO,Solar,250.0,2,1.361,AR,0
2024.0,MISO,Solar,500.0,0,1.703,AR,0
2024.0,MISO,Solar,200.0,2,1.451,LA,0
2024.0,MISO,Solar,300.0,2,1.681,AR,0
2024.0,MISO,Hybrid,189.0,2,1.681,MS,0
2024.0,MISO,Solar,300.0,2,1.681,MS,0
2024.0,MISO,Battery,250.0,2,1.095,AR,0
2024.0,MISO,Battery,200.0,2,1.095,LA,0
2024.0,MISO,Hybrid,150.0,2,0.498,LA,0
2024.0,MISO,Hybrid,300.0,2,1.681,AR,0
2024.0,MISO,Hybrid,205.8,0,1.703,TX,0
2024.0,MISO,Gas,110.0,2,1.44,TX,0
2024.0,MISO,Solar,120.0,2,1.681,MS,0
2024.0,MISO,Wind,57.0,0,1.703,MS,0
2024.0,MISO,Battery,200.0,2,1.057,AR,0
2024.0,MISO,Battery,100.0,0,1.703,IL,0
2024.0,MISO,Wind,120.0,0,1.703,SD,0
2024.0,MISO,Wind,62.0,2,1.224,IA,0
2024.0,MISO,Hybrid,93.0,2,1.681,MI,0
2024.0,MISO,Battery,200.0,0,1.703,IA,0
2024.0,MISO,Gas,263.0,2,1.681,IA,0
2024.0,MISO,Wind,96.0,2,1.224,IA,0
2024.0,MISO,Wind,198.0,0,1.703,IL,0
2024.0,MISO,Wind,84.0,2,1.224,IA,0
2024.0,MISO,Battery,200.0,2,1.448,IN,0
2024.0,MISO,Battery,300.0,0,1.703,IL,0
2024.0,MISO,Battery,250.0,2,1.681,KY,0
2024.0,MISO,Solar,135.0,2,1.681,IL,0
2024.0,MISO,Solar,200.0,2,1.44,IL,0
2024.0,MISO,Wind,275.0,0,1.703,IN,0
2024.0,MISO,Solar,250.0,0,1.703,IL,0
2024.0,MISO,Battery,150.0,0,1.703,MN,0
2024.0,MISO,Hybrid,250.0,2,1.454,IN,0
2024.0,MISO,Wind,348.0,0,1.703,AR,0
2024.0,MISO,Solar,60.0,2,1.451,MI,0
2024.0,MISO,Battery,50.0,2,0.548,MI,0
2024.0,MISO,Solar,150.0,0,1.703,MI,0
2024.0,MISO,Hybrid,120.0,2,0.824,MI,0
2024.0,MISO,Hybrid,200.0,2,0.942,MI,0
2024.0,MISO,Battery,200.0,0,1.703,IL,0
2024.0,MISO,Solar,149.0,0,1.703,IN,0
2024.0,MISO,Wind,200.0,2,0.997,ND,0
2024.0,MISO,Solar,300.0,0,1.703,MN,0
2024.0,MISO,Battery,100.0,2,0.901,IL,0
2024.0,MISO,Solar,120.0,2,1.681,IL,0
2024.0,MISO,Wind,300.0,0,1.703,MN,0
2024.0,MISO,Solar,150.0,2,1.681,IN,0
2024.0,MISO,Solar,100.0,2,1.448,AR,0
2024.0,MISO,Solar,100.0,2,1.448,MI,0
2024.0,MISO,Solar,230.0,2,1.681,MS,0
2024.0,MISO,Solar,100.0,2,1.451,MI,0
2024.0,MISO,Gas,90.0,2,1.681,MI,0
2024.0,MISO,Gas,650.0,0,1.703,IN,0
2024.0,MISO,Hybrid,197.7,2,1.681,AR,0
2024.0,MISO,Solar,47.4,2,1.44,IN,0
2024.0,MISO,Solar,77.6,2,1.44,IN,0
2024.0,MISO,Solar,150.0,2,0.934,TX,0
2024.0,MISO,Solar,140.0,0,1.703,IL,0
2024.0,MISO,Battery,50.0,2,1.451,MI,0
2024.0,MISO,Solar,155.0,2,1.44,AR,0
2024.0,MISO,Solar,200.0,2,1.681,AR,0
2024.0,MISO,Solar,200.0,2,1.44,MS,0
2024.0,MISO,Hybrid,210.0,2,1.451,MS,0
2024.0,MISO,Hybrid,77.0,0,1.703,LA,0
2024.0,MISO,Solar,60.0,2,1.525,LA,0
2024.0,MISO,Battery,150.0,0,1.703,MI,0
2024.0,MISO,Solar,500.0,2,1.451,AR,0
2024.0,MISO,Wind,200.0,2,1.448,MO,0
2024.0,MISO,Battery,200.0,0,1.703,IN,0
2024.0,MISO,Battery,300.0,2,1.681,IN,0
2024.0,MISO,Solar,150.0,0,1.703,MI,0
2024.0,MISO,Battery,200.0,0,1.703,IN,0
2024.0,MISO,Solar,200.0,2,1.451,MO,0
2024.0,MISO,Solar,300.0,2,1.451,MO,0
2024.0,MISO,Solar,450.0,2,1.095,LA,0
2024.0,MISO,Solar,100.0,2,1.142,MS,0
2024.0,MISO,Hybrid,170.0,2,1.437,AR,0
2024.0,MISO,Wind,300.0,0,1.703,IL,0
2024.0,West,Battery,0.5,0,1.703,WA,0
2024.0,MISO,Solar,200.0,2,1.432,MS,0
2024.0,MISO,Wind,180.0,0,1.703,WI,0
2024.0,MISO,Battery,100.0,2,1.448,MI,0
2024.0,MISO,Solar,210.0,2,1.448,AR,0
2024.0,MISO,Battery,150.0,0,1.703,IL,0
2024.0,MISO,Solar,160.0,2,1.681,MO,0
2024.0,MISO,Battery,100.0,2,1.451,MI,0
2024.0,MISO,Wind,100.0,0,1.703,IL,0
2024.0,MISO,Battery,200.0,0,1.703,WI,0
2024.0,MISO,Solar,139.6,2,1.681,LA,0
2024.0,MISO,Solar,128.0,2,1.681,MI,0
2024.0,MISO,Solar,500.0,0,1.703,MN,0
2024.0,MISO,Solar,300.0,2,1.448,MN,0
2024.0,MISO,Wind,350.0,0,1.703,IL,0
2024.0,MISO,Solar,150.0,0,1.703,MI,0
2024.0,MISO,Solar,150.0,0,1.703,MI,0
2024.0,MISO,Solar,215.0,2,1.451,IL,0
2024.0,MISO,Solar,200.0,2,1.284,IL,0
2024.0,MISO,Hybrid,200.0,2,1.451,IL,0
2024.0,MISO,Solar,200.0,2,1.451,IN,0
2024.0,MISO,Solar,200.0,0,1.703,IA,0
2024.0,MISO,Solar,460.0,2,0.994,TX,0
2024.0,West,Battery,150.0,2,0.304,WA,0
2024.0,MISO,Battery,190.0,0,1.7,IL,0
2024.0,MISO,Battery,300.0,0,1.7,MO,0
2024.0,West,Battery,50.0,0,1.692,OR,0
2024.0,West,Solar,0.4,0,1.689,OR,1
2024.0,West,Gas,203.0,2,0.307,ID,0
2024.0,West,Hybrid,80.0,2,0.635,WA,0
2024.0,SPP,Solar,20.0,2,0.611,MO,0
2024.0,West,Hybrid,150.0,0,1.684,CO,0
2024.0,SPP,Solar,150.0,2,1.613,MO,0
2024.0,ISO-NE,Battery,150.0,2,0.309,MA,0
2024.0,West,Hybrid,150.0,0,1.684,CO,0
2024.0,SPP,Gas,102.2,0,1.684,AR,0
2024.0,West,Solar,100.0,0,1.681,CO,0
2024.0,West,Gas,120.0,2,0.298,ID,0
2024.0,West,Other,43.0,0,1.678,AZ,1
2024.0,Southeast,Solar,245.0,0,1.673,MO,0
2024.0,West,Solar,2.0,0,1.673,WA,0
2024.0,West,Hybrid,199.0,2,0.331,WA,0
2024.0,West,Solar,9.5,2,1.44,WA,0
2024.0,West,Hybrid,400.0,0,1.673,CO,0
2024.0,West,Hybrid,300.0,0,1.67,WA,0
2024.0,West,Other,550.0,0,1.67,AZ,0
2024.0,West,Solar,150.0,0,1.67,CO,0
2024.0,West,Solar,40.0,0,1.67,WA,0
2024.0,West,Solar,95.0,2,0.868,WA,0
2024.0,West,Solar,70.0,2,0.868,WA,0
2024.0,SPP,Hybrid,80.0,0,1.67,KS,0
2024.0,MISO,Solar,200.0,0,1.67,ND,0
2024.0,West,Solar,40.0,2,0.868,WA,0
2024.0,Southeast,Gas,460.0,0,1.667,MO,0
2024.0,West,Other,200.0,0,1.665,AZ,1
2024.0,West,Other,340.0,0,1.665,AZ,0
2024.0,Southeast,Other,94.0,0,1.662,KY,0
2024.0,MISO,Battery,150.0,0,1.654,IL,0
2024.0,ISO-NE,Battery,237.6,2,1.429,CT,0
2024.0,MISO,Other,160.0,2,1.632,MI,0
2024.0,ISO-NE,Battery,253.8,2,1.432,MA,0
2024.0,West,Other,75.0,0,1.654,AZ,0
2024.0,ISO-NE,Battery,134.7,2,0.137,CT,0
2024.0,West,Battery,100.0,0,1.651,CO,0
2024.0,ISO-NE,Battery,5.0,2,1.098,MA,0
2024.0,ISO-NE,Hybrid,5.0,2,1.098,MA,0
2024.0,ISO-NE,Hybrid,16.9,2,1.098,MA,0
2024.0,ISO-NE,Hybrid,5.0,2,1.098,MA,0
2024.0,ISO-NE,Hybrid,5.0,2,1.098,MA,0
2024.0,West,Hybrid,500.0,0,1.648,CO,0
2024.0,ISO-NE,Hybrid,5.0,2,1.098,MA,0
2024.0,ISO-NE,Hybrid,5.0,2,1.098,MA,0
2024.0,ISO-NE,Hybrid,2.5,2,1.098,MA,0
2024.0,ISO-NE,Battery,5.0,2,1.098,MA,0
2024.0,ISO-NE,Hybrid,2.8,2,1.098,MA,0
2024.0,ERCOT,Battery,11.0,2,1.202,TX,0
2024.0,Southeast,Hybrid,74.9,0,1.645,FL,0
2024.0,ERCOT,Battery,104.0,0,1.645,TX,0
2024.0,ERCOT,Battery,313.2,0,1.645,TX,0
2024.0,ERCOT,Battery,135.6,0,1.645,TX,0
2024.0,West,Other,600.0,0,1.645,AZ,1
2024.0,ERCOT,Battery,206.0,0,1.645,TX,1
2024.0,ERCOT,Battery,200.8,0,1.645,TX,0
2024.0,Southeast,Hybrid,74.9,0,1.645,FL,0
2024.0,West,Other,425.0,0,1.645,AZ,1
2024.0,West,Other,80.0,0,1.645,AZ,1
2024.0,Southeast,Hybrid,74.9,0,1.645,FL,0
2024.0,ERCOT,Battery,306.4,0,1.645,TX,0
2024.0,West,Other,250.0,0,1.645,AZ,1
2024.0,ERCOT,Wind,190.4,0,1.645,TX,0
2024.0,ERCOT,Wind,303.8,0,1.645,TX,0
2024.0,ERCOT,Wind,303.5,0,1.645,TX,0
2024.0,ERCOT,Battery,264.2,0,1.645,TX,0
2024.0,ERCOT,Solar,101.3,0,1.645,TX,0
2024.0,ERCOT,Hybrid,60.2,0,1.645,TX,0
2024.0,ERCOT,Battery,202.5,0,1.645,TX,0
2024.0,ERCOT,Battery,208.8,0,1.645,TX,0
2024.0,ERCOT,Battery,203.0,0,1.645,TX,1
2024.0,ERCOT,Battery,208.3,0,1.645,TX,0
2024.0,ERCOT,Battery,306.4,0,1.645,TX,0
2024.0,ERCOT,Battery,120.0,0,1.645,TX,0
2024.0,West,Hybrid,100.0,0,1.643,CO,0
2024.0,West,Hybrid,500.0,0,1.643,AZ,1
2024.0,West,Other,500.0,0,1.643,AZ,1
2024.0,MISO,Other,1231.7,0,1.634,LA,0
2024.0,West,Other,161.0,0,1.634,AZ,0
2024.0,West,Wind,423.0,0,1.632,CO,0
2024.0,West,Wind,423.0,0,1.632,CO,0
2024.0,West,Battery,10.0,0,1.632,CO,0
2024.0,West,Other,450.0,0,1.632,AZ,1
2024.0,West,Other,200.0,0,1.629,AZ,0
2024.0,ISO-NE,Solar,3.7,2,0.038,CT,0
2024.0,ISO-NE,Battery,5.0,2,1.079,CT,0
2024.0,West,Battery,199.0,0,1.629,CO,0
2024.0,West,Hybrid,250.0,0,1.629,AZ,1
2024.0,ISO-NE,Battery,5.0,2,1.079,CT,0
2024.0,ISO-NE,Battery,20.0,2,1.079,CT,0
2024.0,West,Hybrid,110.0,0,1.629,CO,0
2024.0,ISO-NE,Battery,20.0,2,1.079,CT,0
2024.0,West,Other,200.0,0,1.629,AZ,1
2024.0,West,Other,1300.0,0,1.629,CA,0
2024.0,Southeast,Solar,49.9,0,1.629,SC,0
2024.0,West,Other,220.0,0,1.629,AZ,1
2024.0,West,Other,300.0,0,1.629,AZ,0
2024.0,MISO,Solar,200.0,2,1.374,AR,0
2024.0,West,Solar,120.0,0,1.626,CO,0
2024.0,MISO,Other,55.0,0,1.626,MN,0
2024.0,West,Hybrid,170.0,0,1.624,CO,0
2024.0,West,Battery,300.0,0,1.624,CA,0
2024.0,West,Hybrid,199.0,0,1.624,CO,0
2024.0,West,Hybrid,199.0,0,1.624,CO,0
2024.0,West,Hybrid,150.0,0,1.624,CO,0
2024.0,ERCOT,Solar,152.5,2,0.682,TX,0
2024.0,ERCOT,Hybrid,503.6,0,1.615,TX,0
2024.0,West,Battery,100.0,0,1.615,OR,1
2024.0,ERCOT,Battery,251.0,0,1.615,TX,0
2024.0,ERCOT,Battery,200.6,0,1.615,TX,0
2024.0,ERCOT,Hybrid,1042.9,0,1.615,TX,0
2024.0,ERCOT,Solar,576.3,0,1.615,TX,0
2024.0,ERCOT,Battery,306.4,0,1.615,TX,0
2024.0,ERCOT,Hybrid,191.1,0,1.615,TX,0
2024.0,MISO,Solar,64.0,0,1.615,MN,0
2024.0,Southeast,Wind,500.0,0,1.615,MO,0
2024.0,ERCOT,Hybrid,241.1,0,1.615,TX,0
2024.0,ERCOT,Hybrid,91.9,0,1.615,TX,0
2024.0,ERCOT,Hybrid,402.9,0,1.615,TX,0
2024.0,ERCOT,Battery,142.9,0,1.615,TX,0
2024.0,ERCOT,Battery,9.9,1,0.756,TX,0
2024.0,West,Wind,170.0,0,1.613,CO,0
2024.0,West,Solar,100.0,0,1.61,CO,0
2024.0,West,Hybrid,250.0,0,1.61,CO,0
2024.0,West,Solar,199.0,0,1.607,CO,0
2024.0,West,Solar,140.0,0,1.607,CO,0
2024.0,West,Solar,150.0,0,1.607,CO,0
2024.0,West,Wind,250.0,0,1.607,WY,0
2024.0,West,Hybrid,125.0,0,1.604,CO,0
2024.0,MISO,Hybrid,150.0,0,1.602,IN,0
2024.0,MISO,Other,824.0,0,1.593,MO,1
2024.0,ISO-NE,Battery,101.0,2,1.372,MA,0
2024.0,ISO-NE,Battery,500.0,0,1.593,MA,0
2024.0,MISO,Hybrid,200.0,0,1.593,IN,0
2024.0,West,Wind,350.0,0,1.593,CO,0
2024.0,ISO-NE,Battery,170.0,0,1.593,MA,0
2024.0,ISO-NE,Battery,105.0,2,0.096,MA,0
2024.0,West,Solar,225.0,0,1.591,CO,0
2024.0,West,Wind,166.6,0,1.591,CO,0
2024.0,West,Battery,100.0,0,1.591,CO,0
2024.0,West,Wind,170.0,0,1.591,CO,0
2024.0,West,Hybrid,398.0,0,1.591,CO,0
2024.0,West,Hybrid,399.8,0,1.591,CO,0
2024.0,ISO-NE,Battery,170.0,0,1.588,MA,0
2024.0,ISO-NE,Battery,100.8,2,1.363,MA,0
2024.0,West,Gas,115.0,0,1.588,WY,0
2024.0,West,Gas,115.0,0,1.588,WY,0
2024.0,West,Other,150.0,0,1.588,WY,0
2024.0,ISO-NE,Battery,165.8,2,0.381,RI,0
2024.0,MISO,Hybrid,50.0,2,1.596,LA,0
2024.0,ISO-NE,Battery,180.0,0,1.585,MA,0
2024.0,West,Solar,70.0,0,1.585,UT,0
2024.0,ISO-NE,Battery,76.0,2,0.172,MA,0
2024.0,West,Solar,178.0,0,1.585,UT,0
2024.0,ISO-NE,Solar,19.6,2,1.262,ME,0
2024.0,MISO,Other,135.5,0,1.585,MN,0
2024.0,West,Solar,125.0,0,1.585,UT,0
2024.0,ERCOT,Battery,104.0,0,1.577,TX,0
2024.0,ERCOT,Hybrid,169.6,0,1.577,TX,0
2024.0,ERCOT,Hybrid,166.6,0,1.577,TX,0
2024.0,ERCOT,Battery,306.4,0,1.577,TX,0
2024.0,ERCOT,Hybrid,122.3,0,1.577,TX,0
2024.0,MISO,Other,80.0,0,1.577,IA,0
2024.0,ERCOT,Solar,251.0,0,1.577,TX,0
2024.0,ERCOT,Hybrid,122.4,0,1.577,TX,0
2024.0,ERCOT,Hybrid,153.1,0,1.577,TX,0
2024.0,ERCOT,Hybrid,301.9,0,1.577,TX,0
2024.0,ISO-NE,Battery,108.0,2,0.375,RI,0
2024.0,ISO-NE,Battery,133.2,2,0.468,CT,0
2024.0,ISO-NE,Battery,125.0,0,1.574,MA,0
2024.0,Southeast,Solar,74.9,0,1.572,SC,0
2024.0,Southeast,Solar,149.5,0,1.572,SC,0
2024.0,MISO,Wind,200.0,0,1.572,IA,0
2024.0,West,Gas,2.0,0,1.572,SD,0
2024.0,West,Gas,0.5,0,1.572,SD,0
2024.0,Southeast,Solar,74.9,0,1.572,SC,0
2024.0,Southeast,Solar,150.0,0,1.572,SC,0
2024.0,Southeast,Solar,51.0,0,1.572,SC,1
2024.0,Southeast,Solar,185.5,0,1.572,SC,0
2024.0,Southeast,Solar,100.0,0,1.572,SC,0
2024.0,ISO-NE,Solar,165.0,2,0.901,ME,0
2024.0,ISO-NE,Battery,141.6,2,0.923,CT,0
2024.0,ISO-NE,Battery,133.8,2,1.295,MA,0
2024.0,ISO-NE,Battery,93.2,2,1.295,CT,0
2024.0,ISO-NE,Battery,141.5,2,1.295,MA,0
2024.0,MISO,Hybrid,160.0,0,1.569,MN,0
2024.0,ISO-NE,Battery,225.0,0,1.569,MA,0
2024.0,ISO-NE,Battery,204.8,2,1.344,MA,0
2024.0,ISO-NE,Battery,101.0,2,1.333,VT,0
2024.0,ISO-NE,Battery,200.0,0,1.569,MA,0
2024.0,ISO-NE,Battery,45.3,2,0.225,CT,0
2024.0,ISO-NE,Battery,414.6,2,0.419,RI,0
2024.0,MISO,Solar,40.0,0,1.566,IL,0
2024.0,West,Gas,150.0,0,1.566,MT,0
2024.0,West,Gas,150.0,0,1.566,MT,0
2024.0,ISO-NE,Battery,81.0,2,0.255,MA,0
2024.0,Southeast,Gas,17.0,0,1.558,NC,0
2024.0,Southeast,Gas,8.0,0,1.558,NC,0
2024.0,Southeast,Gas,35.0,0,1.558,NC,0
2024.0,Southeast,Gas,30.0,0,1.558,SC,0
2024.0,Southeast,Gas,28.0,0,1.555,NC,0
2024.0,Southeast,Gas,28.0,0,1.555,NC,0
2024.0,ISO-NE,Wind,197.4,2,1.333,ME,0
2024.0,ISO-NE,Battery,500.0,0,1.555,MA,0
2024.0,Southeast,Gas,800.0,0,1.552,TN,0
2024.0,ISO-NE,Battery,312.8,2,1.328,RI,0
2024.0,Southeast,Gas,1600.0,0,1.552,TN,0
2024.0,West,Solar,200.0,0,1.552,CO,0
2024.0,Southeast,Gas,1600.0,0,1.552,KY,0
2024.0,West,Battery,50.0,0,1.552,CO,0
2024.0,Southeast,Gas,800.0,0,1.552,TN,0
2024.0,ERCOT,Hybrid,132.6,0,1.55,TX,0
2024.0,ERCOT,Solar,91.0,0,1.55,TX,0
2024.0,ERCOT,Solar,60.2,0,1.55,TX,0
2024.0,ERCOT,Gas,479.0,0,1.55,TX,0
2024.0,ERCOT,Hybrid,60.4,0,1.55,TX,0
2024.0,ERCOT,Battery,201.5,0,1.55,TX,0
2024.0,West,Gas,115.0,0,1.55,SD,0
2024.0,ERCOT,Gas,1036.0,0,1.55,TX,0
2024.0,ERCOT,Gas,888.0,0,1.55,TX,0
2024.0,ISO-NE,Battery,19.7,2,0.29,MA,0
2024.0,ISO-NE,Battery,19.7,2,1.328,MA,0
2024.0,ERCOT,Battery,256.4,0,1.55,TX,0
2024.0,ERCOT,Other,230.0,0,1.55,TX,0
2024.0,ERCOT,Solar,307.0,0,1.55,TX,0
2024.0,ERCOT,Battery,307.2,0,1.55,TX,1
2024.0,ERCOT,Battery,133.0,0,1.55,TX,0
2024.0,MISO,Other,150.0,0,1.547,IL,0
2024.0,West,Gas,800.0,0,1.547,AZ,0
2024.0,West,Hybrid,200.0,0,1.547,AZ,0
2024.0,West,Solar,100.0,0,1.547,CO,0
2024.0,MISO,Gas,1138.0,0,1.539,WI,1
2024.0,Southeast,Battery,50.0,0,1.533,NC,0
2024.0,Southeast,Battery,99.0,0,1.533,NC,0
2024.0,West,Battery,500.0,0,1.533,CA,0
2024.0,Southeast,Gas,1455.0,0,1.533,NC,0
2024.0,Southeast,Battery,115.0,0,1.533,NC,0
2024.0,Southeast,Battery,99.0,0,1.533,NC,0
2024.0,Southeast,Gas,89.0,0,1.533,NC,0
2024.0,West,Battery,100.0,0,1.533,CA,0
2024.0,West,Battery,100.0,0,1.533,CA,0
2024.0,Southeast,Gas,455.0,0,1.53,NC,0
2024.0,Southeast,Gas,33.0,0,1.53,NC,0
2024.0,Southeast,Gas,33.0,0,1.53,NC,0
2024.0,Southeast,Battery,150.0,0,1.53,NC,0
2024.0,Southeast,Gas,455.0,0,1.53,NC,0
2024.0,Southeast,Gas,33.0,0,1.53,NC,0
2024.0,Southeast,Gas,5.0,0,1.53,NC,0
2024.0,Southeast,Gas,455.0,0,1.53,SC,0
2024.0,Southeast,Battery,199.0,0,1.53,NC,0
2024.0,Southeast,Gas,33.0,0,1.53,NC,0
2024.0,Southeast,Gas,33.0,0,1.53,NC,0
2024.0,Southeast,Gas,455.0,0,1.53,NC,0
2024.0,Southeast,Gas,5.0,0,1.53,NC,0
2024.0,West,Solar,1.0,0,1.528,WA,0
2024.0,Southeast,Gas,1450.0,0,1.528,SC,0
2024.0,Southeast,Gas,5.0,0,1.528,SC,0
2024.0,Southeast,Gas,5.0,0,1.528,NC,0
2024.0,Southeast,Gas,5.0,0,1.528,SC,0
2024.0,Southeast,Gas,10.0,0,1.528,NC,0
2024.0,Southeast,Gas,10.0,0,1.528,NC,0
2024.0,Southeast,Gas,5.0,0,1.528,NC,0
2024.0,Southeast,Gas,10.0,0,1.528,NC,0
2024.0,ISO-NE,Solar,8.1,2,0.118,VT,0
2024.0,MISO,Other,615.0,0,1.52,,0
2024.0,Southeast,Gas,8.0,0,1.52,NC,0
2024.0,Southeast,Gas,8.0,0,1.52,NC,0
2024.0,West,Solar,230.0,0,1.517,NM,0
2024.0,ISO-NE,Battery,20.0,2,0.129,NH,0
2024.0,ISO-NE,Solar,20.0,2,0.129,ME,0
2024.0,West,Battery,100.0,0,1.514,NM,0
2024.0,Southeast,Nuclear,33.0,0,1.514,NC,0
2024.0,Southeast,Nuclear,13.0,0,1.514,NC,0
2024.0,Southeast,Nuclear,13.0,0,1.514,NC,0
2024.0,West,Hybrid,250.0,0,1.514,NM,1
2024.0,Southeast,Solar,1.9,0,1.514,SC,0
2024.0,Southeast,Nuclear,40.0,0,1.514,NC,0
2024.0,ISO-NE,Solar,20.0,2,0.129,ME,0
2024.0,Southeast,Nuclear,40.0,0,1.514,SC,0
2024.0,ISO-NE,Solar,20.0,2,0.129,ME,0
2024.0,ISO-NE,Solar,20.0,2,0.129,ME,0
2024.0,ISO-NE,Solar,20.0,2,0.129,NH,0
2024.0,Southeast,Solar,4.5,0,1.511,SC,0
2024.0,Southeast,Solar,9.0,0,1.511,SC,0
2024.0,West,Hybrid,500.0,0,1.511,NV,1
2024.0,Southeast,Solar,200.0,0,1.511,SC,0
2024.0,Southeast,Other,9.9,0,1.511,NC,0
2024.0,Southeast,Other,112.0,0,1.511,SC,0
2024.0,Southeast,Solar,75.0,0,1.511,SC,0
2024.0,Southeast,Solar,1.9,0,1.511,SC,0
2024.0,Southeast,Solar,74.9,0,1.509,SC,0
2024.0,Southeast,Solar,50.0,0,1.509,SC,0
2024.0,Southeast,Solar,26.1,0,1.509,SC,0
2024.0,Southeast,Solar,30.0,0,1.506,SC,0
2024.0,Southeast,Solar,25.0,0,1.506,SC,0
2024.0,Southeast,Solar,5.0,0,1.506,SC,0
2024.0,Southeast,Solar,1.9,0,1.506,NC,0
2024.0,Southeast,Solar,1.9,0,1.506,NC,0
2024.0,MISO,Nuclear,153.1,0,1.506,LA,0
2024.0,ERCOT,Hybrid,98.6,0,1.5,TX,0
2024.0,ERCOT,Gas,107.0,0,1.5,TX,0
2024.0,ERCOT,Solar,61.6,0,1.5,TX,0
2024.0,ERCOT,Battery,204.7,0,1.5,TX,0
2024.0,ERCOT,Battery,217.2,0,1.5,TX,0
2024.0,ERCOT,Hybrid,308.6,0,1.5,TX,0
2024.0,ERCOT,Gas,224.5,0,1.5,TX,0
2024.0,ERCOT,Solar,252.3,0,1.5,TX,0
2024.0,ERCOT,Wind,522.8,0,1.5,TX,0
2024.0,ERCOT,Gas,324.6,0,1.5,TX,0
2024.0,ERCOT,Hybrid,27.8,0,1.5,TX,0
2024.0,ERCOT,Hybrid,149.5,0,1.5,TX,0
2024.0,ERCOT,Battery,184.0,0,1.5,TX,0
2024.0,Southeast,Solar,3.6,0,1.478,NC,0
2024.0,MISO,Other,100.0,0,1.478,MN,0
2024.0,MISO,Other,322.0,0,1.47,IL,0
2024.0,MISO,Other,184.7,2,1.47,IL,0
2024.0,MISO,Other,261.0,2,1.47,IL,0
2024.0,MISO,Other,360.0,0,1.462,IL,0
2024.0,MISO,Solar,130.0,0,1.454,MI,0
2024.0,MISO,Other,550.0,0,1.451,MN,0
2024.0,ERCOT,Battery,320.0,0,1.446,TX,0
2024.0,ERCOT,Battery,320.0,0,1.446,TX,0
2024.0,ERCOT,Battery,320.0,0,1.446,TX,0
2024.0,ERCOT,Hybrid,200.0,0,1.443,TX,0
2024.0,ERCOT,Wind,184.8,0,1.443,TX,0
2024.0,ERCOT,Solar,502.1,0,1.443,TX,0
2024.0,ERCOT,Wind,641.4,0,1.443,TX,0
2024.0,ERCOT,Battery,306.4,0,1.443,TX,0
2024.0,ERCOT,Solar,502.1,0,1.443,TX,0
2024.0,ERCOT,Wind,641.2,0,1.443,TX,0
2024.0,ERCOT,Gas,123.4,0,1.443,TX,0
2024.0,ERCOT,Solar,333.0,0,1.443,TX,0
2024.0,ERCOT,Hybrid,400.0,0,1.443,TX,0
2024.0,ERCOT,Gas,1536.4,0,1.443,TX,0
2024.0,ERCOT,Hybrid,162.5,0,1.443,TX,0
2024.0,ERCOT,Gas,121.8,0,1.443,TX,0
2024.0,ERCOT,Hybrid,300.0,0,1.443,TX,0
2024.0,ERCOT,Gas,440.0,0,1.443,TX,0
2024.0,ERCOT,Hybrid,163.6,0,1.443,TX,0
2024.0,ERCOT,Gas,440.0,0,1.443,TX,0
2024.0,ERCOT,Battery,103.4,0,1.443,TX,0
2024.0,West,Solar,20.0,0,1.44,OR,0
2024.0,MISO,Other,100.3,0,1.432,MI,0
2024.0,ISO-NE,Battery,5.0,2,0.873,MA,0
2024.0,ISO-NE,Battery,10.0,2,0.873,MA,0
2024.0,ISO-NE,Solar,3.0,2,0.873,MA,0
2024.0,ISO-NE,Battery,3.0,2,0.873,MA,0
2024.0,ERCOT,Solar,204.9,2,0.676,TX,0
2024.0,ERCOT,Solar,152.5,2,0.676,TX,0
2024.0,ERCOT,Battery,320.0,0,1.424,TX,0
2024.0,ERCOT,Battery,320.0,0,1.424,TX,0
2024.0,ERCOT,Hybrid,142.6,0,1.421,TX,0
2024.0,ERCOT,Hybrid,286.0,0,1.421,TX,0
2024.0,ERCOT,Gas,260.3,0,1.421,TX,0
2024.0,ERCOT,Battery,151.0,0,1.421,TX,0
2024.0,ERCOT,Wind,208.5,0,1.421,TX,0
2024.0,ERCOT,Battery,108.7,0,1.421,TX,0
2024.0,ERCOT,Battery,83.8,0,1.421,TX,0
2024.0,ERCOT,Hybrid,104.9,0,1.421,TX,0
2024.0,MISO,Battery,200.0,2,1.396,MI,0
2024.0,ERCOT,Hybrid,125.6,0,1.421,TX,0
2024.0,ERCOT,Battery,102.9,0,1.421,TX,0
2024.0,NYISO,Battery,300.0,0,1.415,NY,0
2024.0,NYISO,Battery,200.0,0,1.415,NY,0
2024.0,NYISO,Battery,200.0,0,1.415,NY,0
2024.0,NYISO,Battery,150.0,0,1.415,NY,0
2024.0,NYISO,Wind,29.8,0,1.415,NY,0
2024.0,NYISO,Battery,50.0,0,1.415,NY,0
2024.0,NYISO,Wind,1310.0,0,1.415,NY,0
2024.0,NYISO,Battery,140.0,0,1.415,NY,0
2024.0,MISO,Other,50.0,0,1.415,MI,0
2024.0,NYISO,Battery,190.0,0,1.415,NY,0
2024.0,NYISO,Battery,200.0,0,1.415,NY,0
2024.0,NYISO,Wind,1321.0,0,1.415,NY,0
2024.0,NYISO,Battery,60.0,0,1.415,NY,0
2024.0,NYISO,Battery,50.0,0,1.415,NY,0
2024.0,NYISO,Battery,150.0,0,1.415,NY,0
2024.0,NYISO,Wind,95.0,0,1.415,NY,0
2024.0,NYISO,Battery,75.0,0,1.415,NY,0
2024.0,NYISO,Battery,135.0,0,1.415,NY,0
2024.0,NYISO,Battery,100.0,0,1.415,NY,0
2024.0,NYISO,Battery,100.0,0,1.413,NY,0
2024.0,West,Battery,80.0,0,1.413,UT,0
2024.0,NYISO,Battery,250.0,0,1.413,NY,0
2024.0,SPP,Gas,496.0,0,1.413,OK,0
2024.0,Southeast,Gas,250.0,0,1.405,GA,0
2024.0,MISO,Battery,200.0,2,0.988,MI,0
2024.0,Southeast,Gas,2000.0,0,1.405,GA,0
2024.0,NYISO,Wind,162.0,0,1.396,NY,0
2024.0,NYISO,Battery,130.0,0,1.396,NY,0
2024.0,NYISO,Battery,100.0,0,1.394,NY,0
2024.0,NYISO,Battery,150.0,0,1.394,NY,0
2024.0,ISO-NE,Battery,13.0,2,0.832,MA,0
2024.0,ISO-NE,Gas,4.0,2,0.832,MA,0
2024.0,ISO-NE,Battery,4.9,2,0.832,MA,0
2024.0,ISO-NE,Battery,16.0,2,0.83,VT,0
2024.0,ERCOT,Gas,147.6,2,0.665,TX,0
2024.0,MISO,Other,150.0,0,1.377,MI,0
2024.0,West,Wind,300.0,0,1.377,AZ,0
2024.0,ISO-NE,Battery,3.0,2,0.827,MA,0
2024.0,ERCOT,Battery,102.2,2,0.63,TX,0
2024.0,ERCOT,Battery,320.0,0,1.377,TX,0
2024.0,ERCOT,Battery,522.5,0,1.374,TX,0
2024.0,ERCOT,Battery,256.3,0,1.374,TX,0
2024.0,ERCOT,Battery,201.3,0,1.374,TX,0
2024.0,ERCOT,Battery,201.2,0,1.374,TX,0
2024.0,ERCOT,Battery,256.1,0,1.374,TX,0
2024.0,ERCOT,Gas,183.6,0,1.374,TX,0
2024.0,ERCOT,Solar,133.0,0,1.374,TX,0
2024.0,ERCOT,Battery,120.0,0,1.374,TX,0
2024.0,ERCOT,Battery,204.6,0,1.374,TX,0
2024.0,ERCOT,Battery,154.3,0,1.374,TX,0
2024.0,ERCOT,Hybrid,125.6,0,1.374,TX,0
2024.0,ERCOT,Hybrid,129.2,0,1.374,TX,0
2024.0,ERCOT,Battery,253.3,0,1.374,TX,0
2024.0,ERCOT,Battery,208.8,0,1.374,TX,0
2024.0,ERCOT,Hybrid,61.5,0,1.374,TX,0
2024.0,ERCOT,Wind,478.7,0,1.374,TX,0
2024.0,ERCOT,Battery,256.1,0,1.374,TX,0
2024.0,ERCOT,Gas,167.8,0,1.374,TX,0
2024.0,ERCOT,Hybrid,61.5,0,1.374,TX,0
2024.0,ERCOT,Solar,401.6,0,1.374,TX,0
2024.0,ERCOT,Battery,205.0,0,1.374,TX,0
2024.0,ISO-NE,Solar,3.1,2,0.816,RI,0
2024.0,ISO-NE,Solar,21.7,2,0.816,RI,0
2024.0,ISO-NE,Solar,49.0,2,0.816,RI,0
2024.0,ISO-NE,Solar,2.4,2,0.816,RI,0
2024.0,West,Hybrid,219.5,0,1.366,WA,0
2024.0,MISO,Solar,200.0,2,0.947,MI,0
2024.0,Southeast,Other,70.0,0,1.363,GA,0
2024.0,ISO-NE,Battery,3.0,2,0.81,MA,0
2024.0,NYISO,Battery,150.0,0,1.358,NY,0
2024.0,West,Solar,4.2,0,1.358,OR,0
2024.0,ERCOT,Battery,10.0,0,1.358,TX,0
2024.0,NYISO,Battery,100.0,0,1.358,NY,0
2024.0,West,Gas,50.0,0,1.355,AZ,0
2024.0,NYISO,Battery,150.0,0,1.347,NY,0
2024.0,NYISO,Battery,170.0,0,1.347,NY,0
2024.0,ERCOT,Battery,133.0,0,1.344,TX,1
2024.0,NYISO,Battery,100.0,0,1.344,NY,0
2024.0,MISO,Other,100.0,0,1.342,MI,0
2024.0,ERCOT,Gas,900.0,0,1.339,TX,0
2024.0,MISO,Solar,185.0,0,1.339,IN,0
2024.0,NYISO,Solar,200.0,0,1.339,NY,0
2024.0,NYISO,Solar,100.0,0,1.339,NY,0
2024.0,Southeast,Solar,150.0,0,1.333,GA,0
2024.0,Southeast,Solar,74.2,0,1.331,SC,0
2024.0,ERCOT,Solar,235.7,0,1.328,TX,0
2024.0,ERCOT,Wind,290.4,0,1.325,TX,0
2024.0,ERCOT,Wind,290.4,0,1.325,TX,0
2024.0,Southeast,Wind,300.0,0,1.325,OK,0
2024.0,ERCOT,Gas,487.7,2,0.575,TX,0
2024.0,West,Other,500.0,0,1.325,UT,1
2024.0,ERCOT,Solar,405.4,0,1.325,TX,0
2024.0,ERCOT,Gas,208.0,2,1.251,TX,0
2024.0,ERCOT,Battery,204.1,0,1.322,TX,0
2024.0,ERCOT,Battery,201.7,0,1.322,TX,0
2024.0,Southeast,Solar,74.9,0,1.322,SC,0
2024.0,Southeast,Solar,74.9,0,1.322,SC,0
2024.0,Southeast,Solar,74.9,0,1.322,SC,0
2024.0,ERCOT,Battery,174.6,0,1.322,TX,0
2024.0,ERCOT,Battery,200.9,0,1.322,TX,0
2024.0,ERCOT,Hybrid,177.4,0,1.322,TX,0
2024.0,ERCOT,Hybrid,502.2,0,1.322,TX,0
2024.0,ERCOT,Battery,602.6,0,1.322,TX,0
2024.0,ERCOT,Hybrid,101.9,0,1.322,TX,0
2024.0,ERCOT,Battery,122.8,0,1.322,TX,0
2024.0,ERCOT,Battery,402.8,0,1.322,TX,1
2024.0,ERCOT,Solar,106.0,0,1.322,TX,0
2024.0,ERCOT,Solar,112.5,0,1.322,TX,0
2024.0,ERCOT,Hybrid,174.6,0,1.322,TX,0
2024.0,ERCOT,Battery,125.4,0,1.322,TX,0
2024.0,ERCOT,Gas,166.0,0,1.322,TX,0
2024.0,ERCOT,Battery,515.4,0,1.322,TX,0
2024.0,ERCOT,Battery,204.3,0,1.322,TX,0
2024.0,NYISO,Battery,120.0,0,1.32,NY,0
2024.0,Southeast,Solar,96.0,0,1.32,KY,0
2024.0,NYISO,Battery,180.0,0,1.32,NY,0
2024.0,NYISO,Hybrid,60.0,0,1.32,NY,0
2024.0,NYISO,Battery,100.0,0,1.32,NY,0
2024.0,MISO,Other,21.0,0,1.317,,0
2024.0,NYISO,Battery,135.0,0,1.317,NY,0
2024.0,West,Battery,199.0,0,1.317,UT,1
2024.0,NYISO,Solar,60.0,0,1.317,NY,0
2024.0,Southeast,Battery,100.0,0,1.317,TN,1
2024.0,NYISO,Battery,150.0,0,1.309,NY,0
2024.0,ERCOT,Wind,292.6,0,1.306,TX,0
2024.0,NYISO,Battery,300.0,0,1.306,NY,0
2024.0,ERCOT,Battery,101.6,0,1.306,TX,0
2024.0,ERCOT,Solar,110.8,0,1.306,TX,0
2024.0,ERCOT,Battery,103.5,0,1.306,TX,0
2024.0,ERCOT,Battery,207.8,0,1.306,TX,0
2024.0,ERCOT,Battery,202.7,0,1.306,TX,0
2024.0,NYISO,Battery,50.0,0,1.303,NY,0
2024.0,ERCOT,Battery,9.9,0,1.3,TX,0
2024.0,ERCOT,Battery,9.9,0,1.3,TX,0
2024.0,NYISO,Battery,140.0,0,1.298,NY,0
2024.0,NYISO,Battery,50.0,0,1.292,NY,0
2024.0,NYISO,Battery,250.0,0,1.29,NY,0
2024.0,NYISO,Battery,150.0,0,1.29,NY,0
2024.0,NYISO,Battery,100.0,0,1.287,NY,0
2024.0,NYISO,Battery,200.0,0,1.287,NY,0
2024.0,NYISO,Battery,248.0,0,1.287,NY,0
2024.0,NYISO,Hybrid,325.0,0,1.287,PA,0
2024.0,NYISO,Battery,150.0,0,1.287,NY,0
2024.0,NYISO,Hybrid,325.0,0,1.287,PA,0
2024.0,NYISO,Wind,380.0,0,1.284,NY,0
2024.0,NYISO,Wind,380.0,0,1.284,NY,0
2024.0,NYISO,Battery,120.0,0,1.281,NY,0
2024.0,MISO,Battery,300.0,0,1.281,IN,0
2024.0,NYISO,Battery,200.0,0,1.281,NY,0
2024.0,NYISO,Hybrid,170.0,0,1.281,NY,0
2024.0,NYISO,Solar,150.0,0,1.279,NY,0
2024.0,NYISO,Hybrid,130.0,0,1.279,NY,0
2024.0,NYISO,Wind,39.0,0,1.279,NY,0
2024.0,NYISO,Wind,62.0,0,1.276,NY,0
2024.0,NYISO,Wind,49.9,0,1.276,NY,0
2024.0,NYISO,Battery,400.0,0,1.273,PA,0
2024.0,Southeast,Solar,119.0,0,1.27,KY,0
2024.0,NYISO,Battery,100.0,0,1.27,NY,0
2024.0,Southeast,Solar,72.0,0,1.27,KY,0
2024.0,NYISO,Battery,40.0,0,1.27,NY,0
2024.0,Southeast,Solar,65.0,0,1.268,NC,0
2024.0,NYISO,Battery,79.9,0,1.268,NY,0
2024.0,NYISO,Battery,100.0,0,1.265,NY,0
2024.0,NYISO,Battery,49.1,0,1.265,NY,0
2024.0,NYISO,Battery,349.0,0,1.265,NY,0
2024.0,Southeast,Solar,80.0,0,1.265,SC,0
2024.0,Southeast,Solar,145.0,0,1.262,SC,0
2024.0,Southeast,Solar,50.0,0,1.262,SC,0
2024.0,Southeast,Solar,74.9,0,1.259,SC,0
2024.0,MISO,Battery,200.0,2,1.128,WI,0
2024.0,NYISO,Solar,24.9,0,1.259,NY,0
2024.0,Southeast,Solar,48.0,0,1.259,SC,0
2024.0,NYISO,Solar,250.0,0,1.251,PA,0
2024.0,Southeast,Solar,80.0,0,1.251,NC,0
2024.0,Southeast,Solar,70.0,0,1.251,NC,0
2024.0,NYISO,Solar,175.0,0,1.251,PA,0
2024.0,ERCOT,Hybrid,207.0,0,1.248,TX,0
2024.0,ERCOT,Hybrid,138.0,0,1.248,TX,0
2024.0,ERCOT,Battery,127.8,0,1.248,TX,1
2024.0,ERCOT,Gas,9.9,0,1.248,TX,0
2024.0,NYISO,Battery,150.0,0,1.248,NY,0
2024.0,ERCOT,Battery,200.0,0,1.248,TX,0
2024.0,ERCOT,Hybrid,211.4,0,1.248,TX,0
2024.0,ERCOT,Battery,207.3,0,1.248,TX,0
2024.0,ERCOT,Solar,195.8,0,1.248,TX,0
2024.0,ERCOT,Solar,300.0,0,1.248,TX,0
2024.0,Southeast,Hybrid,203.0,0,1.248,GA,0
2024.0,Southeast,Solar,99.0,0,1.248,AL,0
2024.0,Southeast,Solar,110.0,0,1.248,AL,1
2024.0,Southeast,Battery,200.0,0,1.248,TN,1
2024.0,ERCOT,Solar,201.6,0,1.248,TX,0
2024.0,ERCOT,Battery,200.9,0,1.248,TX,0
2024.0,MISO,Wind,200.0,0,1.248,ND,0
2024.0,ERCOT,Battery,306.9,0,1.248,TX,0
2024.0,ERCOT,Solar,148.9,0,1.248,TX,0
2024.0,ERCOT,Battery,100.0,0,1.248,TX,0
2024.0,ERCOT,Battery,220.3,0,1.248,TX,0
2024.0,Southeast,Solar,80.0,0,1.246,NC,0
2024.0,Southeast,Solar,70.0,0,1.246,NC,0
2024.0,MISO,Other,150.0,0,1.246,MI,0
2024.0,West,Solar,10.0,0,1.246,CO,0
2024.0,Southeast,Solar,80.0,0,1.246,NC,0
2024.0,NYISO,Battery,75.0,0,1.243,NY,0
2024.0,NYISO,Battery,40.0,0,1.24,NY,0
2024.0,West,Other,20.0,0,1.24,NV,0
2024.0,SPP,Hybrid,280.0,0,1.24,TX,0
2024.0,West,Other,20.0,0,1.24,NV,0
2024.0,NYISO,Solar,100.0,0,1.232,NY,0
2024.0,MISO,Other,150.0,0,1.232,MI,0
2024.0,MISO,Other,85.0,0,1.232,MI,0
2024.0,NYISO,Battery,199.0,0,1.229,NY,0
2024.0,NYISO,Battery,180.0,0,1.229,NY,0
2024.0,MISO,Gas,240.0,2,1.205,IN,0
2024.0,Southeast,Gas,780.0,0,1.227,GA,0
2024.0,NYISO,Battery,90.0,0,1.227,NY,0
2024.0,NYISO,Battery,47.1,0,1.227,NY,0
2024.0,ERCOT,Hybrid,155.3,0,1.224,TX,0
2024.0,ERCOT,Hybrid,301.6,0,1.224,TX,0
2024.0,ERCOT,Hybrid,256.3,0,1.224,TX,0
2024.0,ERCOT,Solar,180.6,0,1.224,TX,0
2024.0,NYISO,Battery,150.0,0,1.224,NY,0
2024.0,NYISO,Battery,100.0,0,1.224,NY,0
2024.0,NYISO,Hybrid,100.0,0,1.224,NY,0
2024.0,ERCOT,Battery,206.0,0,1.224,TX,0
2024.0,ERCOT,Solar,251.4,0,1.224,TX,0
2024.0,ERCOT,Battery,150.5,0,1.224,TX,0
2024.0,NYISO,Battery,100.0,0,1.224,NY,0
2024.0,West,Battery,1000.0,0,1.224,CA,0
2024.0,NYISO,Wind,50.0,0,1.21,NY,0
2024.0,NYISO,Battery,300.0,0,1.21,NY,0
2024.0,NYISO,Battery,300.0,0,1.21,NY,0
2024.0,NYISO,Hybrid,240.0,0,1.21,NY,0
2024.0,NYISO,Battery,230.0,0,1.21,NY,0
2024.0,NYISO,Solar,150.0,0,1.21,NY,0
2024.0,NYISO,Wind,50.0,0,1.21,NY,0
2024.0,ERCOT,Battery,10.0,0,1.205,TX,0
2024.0,ERCOT,Gas,43.6,0,1.202,TX,0
2024.0,MISO,Wind,145.0,0,1.202,IL,0
2024.0,ERCOT,Hybrid,301.2,0,1.202,TX,0
2024.0,MISO,Wind,47.9,0,1.202,IL,0
2024.0,ERCOT,Hybrid,205.5,0,1.194,TX,0
2024.0,MISO,Battery,250.0,0,1.185,MI,0
2024.0,MISO,Solar,125.0,2,1.008,MS,0
2024.0,MISO,Hybrid,200.0,0,1.183,AR,0
2024.0,MISO,Solar,270.0,0,1.183,TX,0
2024.0,MISO,Solar,140.0,0,1.183,MS,0
2024.0,West,Solar,1.0,0,1.183,OR,0
2024.0,MISO,Solar,165.0,0,1.183,MS,0
2024.0,MISO,Solar,85.0,0,1.183,LA,0
2024.0,MISO,Solar,85.0,0,1.183,LA,0
2024.0,MISO,Solar,100.0,0,1.183,IL,0
2024.0,ERCOT,Solar,301.4,2,0.485,TX,0
2024.0,ERCOT,Hybrid,155.2,0,1.172,TX,0
2024.0,ERCOT,Hybrid,301.6,0,1.172,TX,0
2024.0,ERCOT,Wind,292.6,0,1.172,TX,0
2024.0,ERCOT,Solar,244.4,0,1.172,TX,0
2024.0,ERCOT,Hybrid,100.6,0,1.172,TX,0
2024.0,ERCOT,Solar,800.0,0,1.172,TX,0
2024.0,ERCOT,Solar,74.4,0,1.172,TX,0
2024.0,ERCOT,Hybrid,92.0,0,1.172,TX,0
2024.0,ERCOT,Battery,202.7,0,1.172,TX,0
2024.0,ERCOT,Hybrid,203.1,0,1.172,TX,0
2024.0,ERCOT,Hybrid,183.0,0,1.172,TX,0
2024.0,ERCOT,Battery,150.4,0,1.172,TX,0
2024.0,SPP,Battery,100.0,0,1.169,MO,0
2024.0,SPP,Solar,380.0,0,1.169,KS,0
2024.0,SPP,Hybrid,75.0,0,1.169,TX,0
2024.0,SPP,Solar,300.0,0,1.169,NE,0
2024.0,SPP,Solar,250.0,0,1.169,NE,0
2024.0,SPP,Solar,250.0,2,1.098,TX,0
2024.0,SPP,Solar,174.0,0,1.169,NE,0
2024.0,SPP,Wind,250.0,0,1.169,TX,0
2024.0,SPP,Wind,250.0,0,1.169,TX,0
2024.0,SPP,Wind,184.5,2,1.098,OK,0
2024.0,SPP,Hybrid,228.0,0,1.169,KS,0
2024.0,SPP,Wind,250.0,0,1.169,NM,0
2024.0,SPP,Battery,200.0,0,1.169,KS,0
2024.0,SPP,Solar,300.0,0,1.169,TX,0
2024.0,SPP,Battery,199.5,0,1.169,NM,0
2024.0,MISO,Hybrid,100.0,0,1.169,IN,0
2024.0,SPP,Battery,100.0,0,1.169,MO,0
2024.0,SPP,Solar,120.0,0,1.169,OK,0
2024.0,SPP,Hybrid,36.0,0,1.169,LA,1
2024.0,SPP,Solar,175.0,0,1.169,MO,0
2024.0,SPP,Solar,345.0,0,1.169,TX,0
2024.0,SPP,Solar,345.0,0,1.169,TX,0
2024.0,SPP,Gas,123.7,2,0.671,KS,0
2024.0,SPP,Solar,120.0,0,1.169,MO,0
2024.0,SPP,Hybrid,42.0,0,1.169,OK,0
2024.0,SPP,Battery,170.0,0,1.169,NE,0
2024.0,SPP,Hybrid,300.0,0,1.169,TX,0
2024.0,SPP,Battery,199.0,2,1.103,KS,0
2024.0,SPP,Wind,200.0,0,1.169,OK,0
2024.0,SPP,Solar,130.0,0,1.169,KS,0
2024.0,SPP,Wind,200.0,2,0.78,MO,0
2024.0,SPP,Gas,31.0,0,1.169,NE,0
2024.0,SPP,Gas,62.0,0,1.169,NE,0
2024.0,SPP,Wind,300.0,0,1.169,KS,0
2024.0,SPP,Wind,195.0,0,1.169,NM,0
2024.0,SPP,Gas,145.0,0,1.169,MO,0
2024.0,SPP,Solar,120.0,2,0.882,OK,0
2024.0,SPP,Solar,160.0,0,1.169,KS,0
2024.0,SPP,Gas,62.0,0,1.169,NE,0
2024.0,SPP,Battery,167.0,0,1.169,MO,0
2024.0,SPP,Gas,745.0,0,1.169,ND,0
2024.0,SPP,Gas,745.0,0,1.169,ND,0
2024.0,SPP,Battery,230.0,0,1.169,OK,0
2024.0,SPP,Solar,250.0,0,1.169,NM,0
2024.0,SPP,Solar,250.0,0,1.169,NM,0
2024.0,SPP,Solar,300.0,0,1.169,TX,0
2024.0,SPP,Solar,300.0,0,1.169,TX,0
2024.0,SPP,Solar,250.0,0,1.169,OK,0
2024.0,SPP,Battery,199.0,2,1.098,MO,0
2024.0,SPP,Gas,390.0,0,1.169,NE,0
2024.0,SPP,Gas,390.0,0,1.169,NE,0
2024.0,SPP,Wind,150.0,2,0.745,NE,0
2024.0,SPP,Hybrid,270.0,0,1.169,SD,0
2024.0,SPP,Battery,175.0,0,1.169,ND,0
2024.0,SPP,Solar,225.0,2,1.092,MO,0
2024.0,SPP,Solar,250.0,0,1.169,KS,0
2024.0,SPP,Solar,160.0,0,1.169,KS,0
2024.0,SPP,Solar,220.0,2,1.103,OK,0
2024.0,SPP,Gas,540.0,0,1.169,NE,0
2024.0,SPP,Hybrid,500.0,0,1.169,NM,0
2024.0,SPP,Battery,150.0,0,1.169,NE,0
2024.0,SPP,Solar,150.0,0,1.169,KS,0
2024.0,SPP,Solar,256.0,0,1.169,TX,0
2024.0,SPP,Battery,150.0,0,1.169,OK,0
2024.0,SPP,Solar,300.0,0,1.169,TX,0
2024.0,SPP,Hybrid,100.0,2,1.103,OK,0
2024.0,SPP,Gas,270.0,0,1.169,NE,0
2024.0,SPP,Battery,200.0,0,1.169,MO,0
2024.0,SPP,Solar,300.0,2,1.04,OK,0
2024.0,SPP,Wind,200.0,2,0.745,SD,0
2024.0,Southeast,Hybrid,75.0,0,1.169,MS,0
2024.0,SPP,Wind,250.0,2,1.098,OK,0
2024.0,Southeast,Solar,140.0,0,1.169,MS,0
2024.0,MISO,Gas,770.0,2,0.862,LA,0
2024.0,West,Gas,71.0,0,1.166,UT,0
2024.0,West,Gas,73.0,0,1.166,UT,1
2024.0,West,Gas,17.0,0,1.166,UT,1
2024.0,West,Gas,62.0,0,1.166,UT,1
2024.0,West,Wind,400.0,0,1.166,WY,0
2024.0,MISO,Gas,770.0,2,0.862,LA,0
2024.0,West,Hybrid,125.0,0,1.164,CA,0
2024.0,MISO,Solar,90.0,0,1.153,AR,0
2024.0,West,Hybrid,170.0,0,1.15,,0
2024.0,MISO,Battery,300.0,0,1.147,IL,0
2024.0,ISO-NE,Battery,3.0,2,0.575,RI,0
2024.0,ISO-NE,Battery,4.5,2,0.575,RI,0
2024.0,MISO,Other,120.0,0,1.125,IA,0
2024.0,ERCOT,Solar,33.0,2,0.192,TX,0
2024.0,MISO,Hybrid,240.0,0,1.117,TX,0
2024.0,ERCOT,Battery,80.4,2,0.233,TX,0
2024.0,ERCOT,Battery,150.8,0,1.117,TX,0
2024.0,ERCOT,Battery,33.0,2,0.192,TX,0
2024.0,ERCOT,Battery,256.4,0,1.114,TX,0
2024.0,ERCOT,Wind,370.0,0,1.114,TX,0
2024.0,ERCOT,Hybrid,40.9,0,1.114,TX,0
2024.0,ERCOT,Battery,205.0,0,1.114,TX,0
2024.0,ERCOT,Hybrid,152.5,0,1.114,TX,0
2024.0,ERCOT,Solar,66.6,0,1.114,TX,0
2024.0,ERCOT,Wind,351.9,0,1.114,TX,0
2024.0,ERCOT,Battery,150.4,0,1.114,TX,0
2024.0,ERCOT,Battery,201.0,0,1.114,TX,0
2024.0,ERCOT,Hybrid,201.0,0,1.114,TX,0
2024.0,ERCOT,Hybrid,201.0,0,1.114,TX,0
2024.0,ERCOT,Battery,125.6,0,1.114,TX,0
2024.0,ERCOT,Hybrid,115.2,0,1.114,TX,0
2024.0,ERCOT,Hybrid,115.2,0,1.114,TX,0
2024.0,ERCOT,Hybrid,306.2,0,1.114,TX,0
2024.0,ERCOT,Gas,469.9,0,1.114,TX,0
2024.0,ERCOT,Battery,416.0,0,1.114,TX,0
2024.0,ERCOT,Hybrid,40.9,0,1.114,TX,0
2024.0,ERCOT,Hybrid,207.0,0,1.114,TX,0
2024.0,ERCOT,Battery,202.0,0,1.114,TX,0
2024.0,ERCOT,Hybrid,301.6,0,1.114,TX,0
2024.0,ERCOT,Wind,750.0,0,1.114,TX,0
2024.0,ERCOT,Battery,201.1,0,1.114,TX,0
2024.0,ERCOT,Battery,201.3,0,1.114,TX,0
2024.0,ERCOT,Battery,306.5,0,1.114,TX,0
2024.0,MISO,Solar,100.0,0,1.112,AR,0
2024.0,ERCOT,Battery,102.1,0,1.109,TX,0
2024.0,MISO,Solar,300.0,0,1.109,MI,0
2024.0,ERCOT,Hybrid,251.8,0,1.109,TX,0
2024.0,West,Hybrid,312.5,0,1.109,AZ,0
2024.0,MISO,Solar,150.0,0,1.095,MI,0
2024.0,ERCOT,Battery,207.4,0,1.095,TX,0
2024.0,ERCOT,Battery,256.8,0,1.095,TX,0
2024.0,ERCOT,Battery,200.7,0,1.095,TX,0
2024.0,ERCOT,Hybrid,153.7,0,1.095,TX,0
2024.0,ERCOT,Hybrid,116.8,0,1.095,TX,0
2024.0,ERCOT,Hybrid,102.0,0,1.095,TX,0
2024.0,Southeast,Solar,74.9,0,1.092,FL,0
2024.0,West,Solar,19.9,0,1.092,OR,0
2024.0,Southeast,Solar,74.9,0,1.092,FL,0
2024.0,Southeast,Solar,74.9,0,1.092,FL,0
2024.0,Southeast,Solar,74.9,0,1.092,FL,0
2024.0,MISO,Battery,250.0,0,1.092,MI,0
2024.0,West,Hybrid,19.9,0,1.092,OR,0
2024.0,West,Battery,199.9,0,1.092,OR,0
2024.0,West,Battery,199.9,0,1.092,OR,0
2024.0,West,Solar,19.9,0,1.092,OR,0
2024.0,West,Hybrid,19.9,0,1.092,OR,0
2024.0,MISO,Solar,200.0,2,1.073,IL,0
2024.0,MISO,Solar,100.0,2,0.775,AR,0
2024.0,MISO,Solar,150.0,2,0.775,MO,0
2024.0,MISO,Solar,200.0,0,1.079,MI,0
2024.0,ERCOT,Wind,168.4,0,1.076,TX,0
2024.0,MISO,Solar,100.0,0,1.076,IL,0
2024.0,Southeast,Other,13.1,0,1.073,FL,0
2024.0,Southeast,Battery,199.0,0,1.07,FL,0
2024.0,Southeast,Battery,100.0,0,1.07,FL,0
2024.0,MISO,Wind,300.0,0,1.068,MI,0
2024.0,West,Battery,122.0,0,1.068,UT,0
2024.0,ERCOT,Battery,614.4,0,1.068,TX,0
2024.0,Southeast,Solar,75.0,0,1.068,SC,0
2024.0,MISO,Wind,250.0,0,1.062,MI,0
2024.0,MISO,Wind,230.0,0,1.06,MI,0
2024.0,MISO,Solar,250.0,2,0.69,SD,0
2024.0,Southeast,Solar,120.0,0,1.054,GA,0
2024.0,MISO,Solar,200.0,2,0.569,MN,0
2024.0,ISO-NE,Battery,100.0,2,0.98,NY,0
2024.0,ISO-NE,Battery,1000.0,2,0.537,NY,0
2024.0,ISO-NE,Battery,1350.0,2,0.537,NY,0
2024.0,ERCOT,Battery,200.7,0,1.051,TX,0
2024.0,ISO-NE,Battery,300.0,0,1.051,NY,0
2024.0,PJM,Solar,75.0,0,1.051,DE,0
2024.0,ISO-NE,Battery,150.0,0,1.051,NY,0
2024.0,ISO-NE,Battery,50.0,2,0.252,NY,0
2024.0,Southeast,Solar,74.9,0,1.049,FL,0
2024.0,MISO,Battery,100.0,0,1.049,MI,0
2024.0,ERCOT,Battery,201.1,0,1.043,TX,0
2024.0,ERCOT,Solar,600.0,0,1.04,TX,0
2024.0,MISO,Other,98.8,0,1.04,MO,1
2024.0,PJM,Battery,20.0,0,1.038,MD,0
2024.0,MISO,Solar,200.0,0,1.038,MI,0
2024.0,Southeast,Hybrid,75.0,0,1.038,GA,0
2024.0,Southeast,Solar,135.0,0,1.038,GA,0
2024.0,ERCOT,Gas,472.1,2,1.013,TX,0
2024.0,West,Battery,80.0,0,1.035,UT,0
2024.0,ERCOT,Battery,204.9,2,0.301,TX,0
2024.0,MISO,Solar,110.0,0,1.035,MI,0
2024.0,Southeast,Solar,130.0,0,1.035,GA,0
2024.0,Southeast,Solar,200.0,0,1.035,GA,0
2024.0,ERCOT,Battery,153.8,0,1.032,TX,0
2024.0,ERCOT,Battery,153.7,0,1.032,TX,0
2024.0,ERCOT,Battery,208.1,0,1.032,TX,1
2024.0,ERCOT,Solar,200.8,0,1.032,TX,0
2024.0,ERCOT,Battery,606.0,0,1.032,TX,0
2024.0,ERCOT,Hybrid,40.8,0,1.032,TX,0
2024.0,Southeast,Solar,143.0,0,1.032,GA,0
2024.0,Southeast,Solar,194.0,0,1.032,GA,0
2024.0,ERCOT,Hybrid,153.9,0,1.032,TX,0
2024.0,ERCOT,Hybrid,60.6,0,1.032,TX,0
2024.0,ERCOT,Battery,77.0,0,1.032,TX,0
2024.0,ERCOT,Wind,202.4,0,1.032,TX,0
2024.0,ERCOT,Solar,150.9,0,1.032,TX,0
2024.0,ERCOT,Hybrid,30.2,0,1.032,TX,0
2024.0,ERCOT,Hybrid,82.1,0,1.032,TX,0
2024.0,ERCOT,Battery,206.5,0,1.032,TX,0
2024.0,ERCOT,Wind,247.4,0,1.032,TX,0
2024.0,MISO,Solar,300.0,2,1.046,IL,0
2024.0,ERCOT,Battery,341.8,0,1.032,TX,0
2024.0,ERCOT,Battery,204.5,0,1.032,TX,0
2024.0,ERCOT,Battery,202.8,0,1.032,TX,0
2024.0,MISO,Gas,770.0,2,0.764,LA,0
2024.0,ERCOT,Gas,113.8,0,1.032,TX,0
2024.0,ERCOT,Hybrid,120.0,0,1.032,TX,0
2024.0,ERCOT,Hybrid,90.3,0,1.032,TX,0
2024.0,ERCOT,Hybrid,172.1,0,1.032,TX,0
2024.0,ERCOT,Hybrid,51.8,0,1.032,TX,0
2024.0,ERCOT,Hybrid,402.9,0,1.032,TX,0
2024.0,ERCOT,Battery,205.0,0,1.032,TX,0
2024.0,MISO,Battery,200.0,0,1.032,IN,0
2024.0,MISO,Gas,770.0,0,1.032,AR,0
2024.0,ERCOT,Wind,301.5,0,1.032,TX,0
2024.0,ERCOT,Battery,122.5,0,1.032,TX,0
2024.0,ERCOT,Hybrid,205.4,0,1.032,TX,0
2024.0,ERCOT,Wind,231.5,0,1.032,TX,0
2024.0,ERCOT,Hybrid,152.7,0,1.032,TX,0
2024.0,ERCOT,Battery,207.6,0,1.032,TX,0
2024.0,ERCOT,Solar,300.0,0,1.032,TX,0
2024.0,ERCOT,Solar,255.5,0,1.032,TX,0
2024.0,ERCOT,Battery,207.6,0,1.032,TX,0
2024.0,ERCOT,Battery,208.6,0,1.032,TX,0
2024.0,ERCOT,Hybrid,100.7,0,1.032,TX,0
2024.0,MISO,Gas,732.7,0,1.021,IN,0
2024.0,MISO,Gas,87.0,0,1.021,IN,0
2024.0,MISO,Wind,319.5,0,1.018,AR,0
2024.0,MISO,Other,303.5,0,1.018,WI,0
2024.0,West,Hybrid,200.0,0,1.018,NV,1
2024.0,MISO,Wind,300.0,0,1.013,IL,0
2024.0,MISO,Wind,44.3,2,0.285,IL,0
2024.0,MISO,Wind,163.0,0,1.013,MS,0
2024.0,MISO,Wind,235.0,0,1.013,IL,0
2024.0,ERCOT,Battery,307.5,0,1.013,TX,0
2024.0,MISO,Solar,105.0,0,1.013,MI,0
2024.0,MISO,Solar,197.5,2,1.013,MS,0
2024.0,West,Other,666.5,0,1.002,WA,0
2024.0,MISO,Battery,300.0,0,0.999,LA,0
2024.0,MISO,Solar,150.0,0,0.999,MN,0
2024.0,MISO,Battery,200.0,2,0.966,IL,0
2024.0,MISO,Solar,200.0,0,0.999,MI,0
2024.0,MISO,Wind,200.0,0,0.999,IA,0
2024.0,MISO,Battery,250.0,0,0.999,MN,0
2025.0,Southeast,Solar,2.5,0,0.994,SC,0
2025.0,Southeast,Solar,3.0,0,0.991,SC,0
2025.0,Southeast,Solar,2.0,0,0.991,SC,0
2025.0,Southeast,Solar,120.0,0,0.991,SC,0
2025.0,Southeast,Solar,5.0,0,0.991,SC,0
2025.0,MISO,Solar,200.0,0,0.991,IL,0
2025.0,MISO,Solar,160.0,2,1.005,IN,0
2025.0,Southeast,Solar,4.0,0,0.991,SC,0
2025.0,Southeast,Solar,74.9,0,0.983,SC,0
2025.0,Southeast,Solar,74.9,0,0.983,SC,0
2025.0,Southeast,Gas,460.0,0,0.983,MO,0
2025.0,MISO,Other,100.0,0,0.98,LA,0
2025.0,Southeast,Solar,65.0,0,0.977,GA,0
2025.0,Southeast,Solar,10.0,0,0.977,SC,0
2025.0,Southeast,Solar,172.0,0,0.975,GA,0
2025.0,MISO,Wind,275.0,0,0.972,IN,0
2025.0,MISO,Battery,100.0,0,0.972,IL,0
2025.0,MISO,Wind,300.0,0,0.972,MI,0
2025.0,MISO,Battery,100.0,0,0.972,IL,0
2025.0,ERCOT,Hybrid,100.5,0,0.964,TX,0
2025.0,ERCOT,Battery,102.1,0,0.964,TX,1
2025.0,ERCOT,Battery,102.1,0,0.964,TX,1
2025.0,ERCOT,Battery,102.1,0,0.964,TX,1
2025.0,MISO,Battery,150.0,0,0.964,IL,0
2025.0,ERCOT,Hybrid,303.2,0,0.964,TX,0
2025.0,MISO,Battery,100.0,0,0.964,MI,0
2025.0,MISO,Battery,50.0,0,0.964,MI,0
2025.0,MISO,Battery,150.0,0,0.964,IN,0
2025.0,ERCOT,Hybrid,301.6,0,0.964,TX,0
2025.0,ERCOT,Solar,512.5,0,0.964,TX,0
2025.0,ERCOT,Wind,1500.0,0,0.964,TX,0
2025.0,ERCOT,Battery,102.1,0,0.964,TX,1
2025.0,ERCOT,Hybrid,53.5,0,0.964,TX,0
2025.0,Southeast,Solar,60.0,0,0.964,SC,0
2025.0,ERCOT,Hybrid,80.5,0,0.964,TX,0
2025.0,ERCOT,Gas,570.0,0,0.964,TX,0
2025.0,West,Other,0.1,0,0.961,ID,0
2025.0,MISO,Battery,150.0,0,0.961,MN,0
2025.0,ISO-NE,Battery,5.0,2,0.411,MA,0
2025.0,MISO,Battery,100.0,0,0.961,KY,0
2025.0,MISO,Battery,200.0,0,0.961,MN,0
2025.0,PJM,Battery,150.0,2,0.805,VA,1
2025.0,West,Solar,143.0,0,0.956,CO,0
2025.0,MISO,Wind,300.0,0,0.953,IL,0
2025.0,PJM,Solar,150.0,0,0.936,VA,0
2025.0,PJM,Solar,10.0,2,0.898,PA,0
2025.0,PJM,Solar,20.0,0,0.936,PA,0
2025.0,PJM,Solar,31.0,2,0.783,PA,0
2025.0,PJM,Solar,20.0,2,0.783,PA,0
2025.0,PJM,Solar,20.0,2,0.78,PA,0
2025.0,PJM,Solar,115.0,0,0.934,VA,0
2025.0,PJM,Solar,210.0,2,0.816,WV,0
2025.0,MISO,Battery,350.0,0,0.925,MI,1
2025.0,ERCOT,Battery,80.4,2,0.46,TX,0
2025.0,PJM,Solar,50.0,2,0.846,DE,0
2025.0,PJM,Solar,50.0,2,0.846,DE,0
2025.0,PJM,Battery,45.0,2,0.846,DE,0
2025.0,PJM,Solar,125.0,2,0.846,WV,0
2025.0,PJM,Battery,300.0,0,0.925,NJ,0
2025.0,MISO,Solar,175.0,0,0.925,MO,0
2025.0,MISO,Wind,500.0,0,0.925,IL,0
2025.0,PJM,Solar,80.0,0,0.925,WV,0
2025.0,ERCOT,Battery,102.1,0,0.923,TX,0
2025.0,ERCOT,Hybrid,127.5,0,0.923,TX,0
2025.0,ERCOT,Hybrid,178.5,0,0.923,TX,0
2025.0,ERCOT,Hybrid,603.1,0,0.923,TX,0
2025.0,ERCOT,Hybrid,214.0,0,0.923,TX,0
2025.0,ERCOT,Hybrid,214.0,0,0.923,TX,0
2025.0,ERCOT,Hybrid,40.8,0,0.923,TX,0
2025.0,ERCOT,Hybrid,255.0,0,0.923,TX,0
2025.0,ERCOT,Hybrid,357.0,0,0.923,TX,0
2025.0,ERCOT,Hybrid,100.1,0,0.923,TX,0
2025.0,PJM,Solar,50.0,2,0.843,PA,0
2025.0,ERCOT,Battery,500.0,0,0.923,TX,0
2025.0,ERCOT,Battery,500.0,0,0.923,TX,0
2025.0,ERCOT,Wind,120.2,0,0.923,TX,0
2025.0,ERCOT,Hybrid,104.9,0,0.923,TX,0
2025.0,ERCOT,Hybrid,100.7,0,0.923,TX,0
2025.0,ERCOT,Hybrid,51.0,0,0.923,TX,0
2025.0,ERCOT,Hybrid,102.0,0,0.923,TX,0
2025.0,ERCOT,Battery,202.0,0,0.923,TX,0
2025.0,ERCOT,Battery,202.0,0,0.923,TX,0
2025.0,ERCOT,Hybrid,201.1,0,0.923,TX,0
2025.0,ERCOT,Battery,111.1,0,0.923,TX,0
2025.0,ERCOT,Solar,251.8,0,0.923,TX,0
2025.0,ERCOT,Hybrid,100.1,0,0.923,TX,0
2025.0,ERCOT,Battery,259.4,0,0.923,TX,0
2025.0,ERCOT,Battery,180.0,0,0.923,TX,0
2025.0,PJM,Solar,300.8,0,0.923,VA,0
2025.0,PJM,Hybrid,40.0,2,0.789,PA,0
2025.0,MISO,Battery,50.0,0,0.92,IL,0
2025.0,PJM,Solar,30.0,2,0.841,PA,0
2025.0,PJM,Solar,200.0,2,0.841,PA,0
2025.0,PJM,Wind,171.4,0,0.92,WV,0
2025.0,PJM,Solar,170.0,2,0.841,PA,0
2025.0,PJM,Solar,200.0,0,0.917,VA,0
2025.0,PJM,Solar,14.7,2,0.819,PA,0
2025.0,PJM,Wind,150.0,0,0.917,WV,0
2025.0,PJM,Solar,250.0,2,0.838,WV,0
2025.0,PJM,Battery,60.0,0,0.914,PA,0
2025.0,MISO,Solar,200.0,0,0.914,AR,0
2025.0,MISO,Wind,250.0,0,0.914,MO,0
2025.0,PJM,Solar,10.0,0,0.914,PA,0
2025.0,PJM,Solar,60.0,2,0.797,PA,0
2025.0,PJM,Solar,240.0,2,0.835,PA,0
2025.0,PJM,Hybrid,65.0,2,0.835,VA,0
2025.0,PJM,Solar,20.0,2,0.835,PA,0
2025.0,PJM,Solar,20.0,2,0.835,PA,0
2025.0,PJM,Solar,100.0,2,0.835,IN,0
2025.0,MISO,Wind,200.0,0,0.914,MI,0
2025.0,ERCOT,Wind,197.3,0,0.914,TX,0
2025.0,ERCOT,Hybrid,211.1,0,0.914,TX,0
2025.0,MISO,Hybrid,132.3,0,0.914,WI,0
2025.0,West,Hybrid,371.0,0,0.914,NM,0
2025.0,PJM,Solar,19.2,0,0.914,NJ,0
2025.0,West,Hybrid,199.0,0,0.914,NM,0
2025.0,PJM,Battery,100.0,0,0.914,IN,0
2025.0,PJM,Solar,40.0,0,0.912,OH,0
2025.0,PJM,Solar,25.0,2,0.827,DE,0
2025.0,PJM,Solar,38.0,0,0.909,PA,0
2025.0,PJM,Battery,100.0,2,0.827,VA,0
2025.0,PJM,Solar,100.0,2,0.824,KY,0
2025.0,PJM,Battery,100.0,0,0.906,IN,0
2025.0,PJM,Solar,43.0,2,0.808,PA,0
2025.0,PJM,Solar,20.0,2,0.805,MD,0
2025.0,ERCOT,Battery,102.1,0,0.906,TX,0
2025.0,ERCOT,Battery,102.1,0,0.906,TX,0
2025.0,ERCOT,Battery,102.1,0,0.906,TX,0
2025.0,ERCOT,Battery,102.1,0,0.906,TX,0
2025.0,PJM,Hybrid,157.4,0,0.906,IL,0
2025.0,PJM,Battery,200.0,2,0.808,VA,0
2025.0,ERCOT,Battery,102.1,0,0.906,TX,0
2025.0,ERCOT,Battery,102.1,0,0.906,TX,0
2025.0,ERCOT,Battery,102.1,0,0.906,TX,0
2025.0,ERCOT,Battery,102.1,0,0.906,TX,0
2025.0,PJM,Solar,90.0,0,0.906,WV,0
2025.0,PJM,Solar,8.2,0,0.906,NJ,0
2025.0,PJM,Wind,250.0,2,0.83,IL,0
2025.0,PJM,Battery,50.0,0,0.906,IN,0
2025.0,ERCOT,Gas,1500.0,0,0.906,TX,0
2025.0,PJM,Solar,100.0,0,0.906,IN,0
2025.0,PJM,Solar,70.0,0,0.906,VA,0
2025.0,MISO,Solar,185.0,0,0.906,IN,0
2025.0,PJM,Battery,100.0,0,0.903,VA,0
2025.0,PJM,Solar,200.0,0,0.903,IL,0
2025.0,PJM,Solar,200.0,0,0.903,IL,0
2025.0,PJM,Wind,147.0,0,0.903,WV,0
2025.0,PJM,Solar,69.0,0,0.903,VA,0
2025.0,PJM,Battery,60.8,0,0.903,VA,0
2025.0,PJM,Solar,9.8,2,0.824,PA,0
2025.0,PJM,Solar,25.0,0,0.903,PA,0
2025.0,PJM,Battery,80.0,0,0.903,PA,0
2025.0,PJM,Solar,40.0,0,0.903,PA,0
2025.0,PJM,Battery,150.0,0,0.903,VA,0
2025.0,PJM,Battery,150.0,2,0.824,VA,0
2025.0,PJM,Gas,700.0,0,0.903,IN,0
2025.0,PJM,Battery,50.0,0,0.903,IN,0
2025.0,PJM,Solar,150.0,0,0.903,NC,0
2025.0,PJM,Solar,50.0,0,0.903,WV,0
2025.0,PJM,Solar,200.0,0,0.903,IL,0
2025.0,PJM,Solar,100.0,0,0.901,VA,0
2025.0,West,Battery,351.8,0,0.901,AZ,1
2025.0,PJM,Battery,100.0,0,0.901,VA,0
2025.0,PJM,Battery,150.0,0,0.901,VA,0
2025.0,PJM,Solar,100.0,2,0.81,OH,0
2025.0,West,Hybrid,718.0,0,0.901,AZ,1
2025.0,PJM,Solar,100.0,2,0.821,MD,0
2025.0,West,Battery,419.3,0,0.901,AZ,1
2025.0,West,Battery,264.1,0,0.901,AZ,1
2025.0,West,Battery,155.2,0,0.901,AZ,1
2025.0,PJM,Battery,90.0,2,0.805,VA,1
2025.0,West,Battery,502.9,0,0.901,AZ,1
2025.0,PJM,Hybrid,41.8,2,0.821,MD,0
2025.0,PJM,Solar,150.0,0,0.898,VA,0
2025.0,MISO,Solar,350.0,0,0.898,AR,0
2025.0,PJM,Wind,448.8,2,0.789,DE,0
2025.0,PJM,Wind,68.0,2,0.789,DE,0
2025.0,MISO,Wind,288.5,0,0.898,TX,0
2025.0,MISO,Solar,150.0,0,0.898,AR,0
2025.0,PJM,Battery,20.0,2,0.802,VA,1
2025.0,MISO,Battery,50.0,2,0.898,MI,0
2025.0,MISO,Solar,150.0,2,0.898,MI,0
2025.0,MISO,Wind,138.4,0,0.898,IL,0
2025.0,ERCOT,Battery,10.0,0,0.898,TX,0
2025.0,PJM,Battery,20.0,2,0.802,VA,1
2025.0,PJM,Battery,20.0,2,0.802,VA,1
2025.0,PJM,Solar,120.0,2,0.745,VA,0
2025.0,PJM,Solar,17.0,0,0.898,PA,0
2025.0,PJM,Solar,185.0,0,0.898,MI,0
2025.0,PJM,Solar,40.0,0,0.895,NC,0
2025.0,MISO,Wind,199.7,0,0.895,MI,0
2025.0,PJM,Battery,80.0,0,0.895,IL,0
2025.0,MISO,Solar,60.0,0,0.895,IN,0
2025.0,PJM,Solar,70.0,0,0.895,NC,0
2025.0,PJM,Solar,86.0,2,0.816,IL,0
2025.0,PJM,Solar,280.0,0,0.895,IL,0
2025.0,MISO,Solar,500.0,0,0.895,IN,0
2025.0,MISO,Solar,70.0,0,0.895,IN,0
2025.0,MISO,Solar,70.0,0,0.895,IN,0
2025.0,West,Gas,34.8,0,0.895,CA,0
2025.0,MISO,Solar,300.0,0,0.89,MN,0
2025.0,PJM,Solar,66.0,0,0.887,PA,0
2025.0,Southeast,Gas,819.4,0,0.887,SC,0
2025.0,Southeast,Gas,819.4,0,0.887,SC,0
2025.0,Southeast,Gas,819.4,0,0.887,SC,0
2025.0,PJM,Solar,140.0,2,0.756,VA,0
2025.0,MISO,Solar,200.0,0,0.887,IL,0
2025.0,MISO,Battery,200.0,0,0.887,IL,0
2025.0,MISO,Solar,250.0,0,0.887,IL,0
2025.0,MISO,Battery,250.0,0,0.887,IL,0
2025.0,MISO,Wind,300.0,0,0.884,MN,0
2025.0,PJM,Hybrid,80.0,0,0.884,OH,0
2025.0,PJM,Battery,250.0,0,0.884,VA,0
2025.0,PJM,Hybrid,80.0,0,0.884,OH,0
2025.0,MISO,Solar,200.0,0,0.884,AR,0
2025.0,ERCOT,Hybrid,299.4,0,0.882,TX,0
2025.0,PJM,Solar,19.6,0,0.882,NJ,0
2025.0,PJM,Battery,55.0,0,0.882,VA,0
2025.0,PJM,Solar,12.5,0,0.882,NJ,0
2025.0,West,Other,19.9,0,0.882,NV,0
2025.0,ERCOT,Battery,251.3,0,0.882,TX,0
2025.0,ERCOT,Hybrid,154.1,0,0.882,TX,0
2025.0,ERCOT,Hybrid,301.8,0,0.882,TX,0
2025.0,MISO,Gas,132.3,0,0.882,WI,0
2025.0,ERCOT,Hybrid,102.9,0,0.882,TX,0
2025.0,PJM,Solar,180.0,0,0.879,IL,0
2025.0,PJM,Solar,80.0,0,0.879,VA,0
2025.0,PJM,Solar,80.0,0,0.879,NC,0
2025.0,PJM,Solar,86.0,0,0.879,VA,0
2025.0,PJM,Solar,4.7,0,0.879,PA,0
2025.0,PJM,Solar,250.0,0,0.879,IN,0
2025.0,PJM,Solar,163.0,2,0.799,OH,0
2025.0,MISO,Battery,120.0,0,0.879,LA,0
2025.0,PJM,Battery,200.0,0,0.879,VA,0
2025.0,PJM,Hybrid,85.0,2,0.797,VA,0
2025.0,ERCOT,Battery,102.1,0,0.876,TX,1
2025.0,ERCOT,Battery,143.0,0,0.876,TX,0
2025.0,ERCOT,Battery,612.0,0,0.876,TX,0
2025.0,ERCOT,Hybrid,231.5,0,0.876,TX,0
2025.0,MISO,Wind,155.0,0,0.876,IA,0
2025.0,PJM,Solar,18.0,0,0.876,PA,0
2025.0,ERCOT,Hybrid,205.2,0,0.876,TX,0
2025.0,ERCOT,Battery,156.0,0,0.876,TX,0
2025.0,West,Wind,111.0,0,0.876,OR,1
2025.0,ERCOT,Solar,203.9,0,0.876,TX,0
2025.0,ERCOT,Battery,143.6,0,0.876,TX,0
2025.0,ERCOT,Solar,201.0,0,0.876,TX,0
2025.0,PJM,Solar,100.0,0,0.876,VA,0
2025.0,PJM,Solar,250.0,0,0.876,IN,0
2025.0,MISO,Battery,250.0,0,0.876,MN,0
2025.0,ERCOT,Hybrid,150.0,0,0.876,TX,0
2025.0,ERCOT,Hybrid,101.1,0,0.876,TX,0
2025.0,ERCOT,Battery,102.1,0,0.876,TX,1
2025.0,ERCOT,Battery,102.1,0,0.876,TX,1
2025.0,PJM,Battery,100.0,2,0.799,VA,0
2025.0,MISO,Solar,214.0,0,0.876,MI,0
2025.0,PJM,Battery,50.0,2,0.775,MD,0
2025.0,ERCOT,Battery,206.0,0,0.876,TX,0
2025.0,ERCOT,Battery,102.1,0,0.876,TX,1
2025.0,ERCOT,Battery,306.2,0,0.876,TX,0
2025.0,PJM,Solar,100.0,0,0.876,IL,0
2025.0,ERCOT,Wind,379.2,0,0.876,TX,0
2025.0,ERCOT,Hybrid,202.9,0,0.876,TX,0
2025.0,ERCOT,Battery,301.2,0,0.876,TX,0
2025.0,PJM,Hybrid,100.0,2,0.799,PA,0
2025.0,ERCOT,Hybrid,201.5,0,0.876,TX,0
2025.0,ERCOT,Hybrid,125.5,0,0.876,TX,0
2025.0,PJM,Solar,100.0,2,0.794,VA,0
2025.0,PJM,Hybrid,99.0,0,0.873,VA,0
2025.0,PJM,Solar,57.0,2,0.794,VA,0
2025.0,PJM,Solar,200.0,2,0.772,IN,0
2025.0,PJM,Solar,200.0,2,0.772,IN,0
2025.0,PJM,Other,10.1,0,0.865,OH,0
2025.0,PJM,Solar,120.0,0,0.865,IL,0
2025.0,PJM,Battery,50.0,0,0.865,VA,0
2025.0,MISO,Battery,72.0,0,0.865,MN,0
2025.0,PJM,Solar,26.0,0,0.865,VA,0
2025.0,PJM,Solar,11.0,0,0.865,VA,0
2025.0,PJM,Hybrid,33.5,0,0.865,VA,0
2025.0,PJM,Solar,20.0,0,0.865,PA,0
2025.0,PJM,Battery,50.0,0,0.865,VA,0
2025.0,PJM,Solar,26.0,0,0.865,VA,0
2025.0,PJM,Solar,200.0,2,0.772,IN,0
2025.0,PJM,Solar,70.0,2,0.786,VA,0
2025.0,PJM,Hybrid,100.0,2,0.789,VA,0
2025.0,PJM,Battery,72.0,0,0.865,IL,0
2025.0,PJM,Solar,80.0,2,0.772,OH,0
2025.0,PJM,Battery,85.0,0,0.865,IL,1
2025.0,PJM,Solar,60.0,0,0.865,VA,0
2025.0,PJM,Solar,100.0,2,0.789,VA,0
2025.0,PJM,Solar,90.0,0,0.865,IN,0
2025.0,PJM,Solar,20.0,0,0.862,VA,0
2025.0,MISO,Solar,185.0,0,0.862,MN,0
2025.0,PJM,Solar,20.0,2,0.783,VA,0
2025.0,PJM,Solar,186.0,2,0.753,VA,0
2025.0,MISO,Other,150.0,0,0.862,KY,0
2025.0,PJM,Hybrid,31.5,2,0.783,VA,0
2025.0,PJM,Solar,40.0,2,0.783,PA,0
2025.0,PJM,Hybrid,75.0,0,0.862,VA,0
2025.0,MISO,Solar,250.0,2,0.868,MN,0
2025.0,PJM,Solar,80.0,0,0.862,VA,0
2025.0,PJM,Solar,270.0,2,0.769,IN,0
2025.0,PJM,Solar,100.0,2,0.726,IN,0
2025.0,PJM,Battery,200.0,2,0.769,IN,0
2025.0,PJM,Battery,50.0,2,0.786,VA,0
2025.0,PJM,Solar,35.0,2,0.731,PA,0
2025.0,PJM,Battery,50.0,2,0.726,IN,0
2025.0,PJM,Solar,19.5,0,0.86,NC,0
2025.0,PJM,Solar,21.0,2,0.78,NC,0
2025.0,PJM,Battery,20.0,2,0.78,VA,0
2025.0,PJM,Battery,10.0,2,0.78,VA,0
2025.0,PJM,Hybrid,92.4,0,0.86,IL,0
2025.0,PJM,Solar,20.0,0,0.86,VA,0
2025.0,PJM,Battery,20.0,0,0.86,VA,1
2025.0,MISO,Solar,214.0,2,0.873,AR,0
2025.0,PJM,Solar,20.0,0,0.86,VA,0
2025.0,PJM,Solar,18.0,0,0.86,VA,0
2025.0,PJM,Battery,20.0,0,0.86,VA,1
2025.0,MISO,Solar,340.0,0,0.86,IL,0
2025.0,PJM,Battery,100.0,0,0.86,IN,0
2025.0,PJM,Battery,50.0,2,0.709,VA,0
2025.0,PJM,Battery,20.0,0,0.86,VA,1
2025.0,PJM,Solar,14.5,2,0.78,VA,0
2025.0,PJM,Battery,20.0,0,0.86,VA,1
2025.0,MISO,Solar,200.0,0,0.86,IL,0
2025.0,PJM,Solar,15.2,2,0.78,VA,0
2025.0,PJM,Solar,330.0,2,0.767,IN,0
2025.0,PJM,Battery,50.0,0,0.86,IN,0
2025.0,PJM,Battery,200.0,2,0.767,IN,0
2025.0,PJM,Battery,135.0,0,0.86,MD,0
2025.0,PJM,Battery,80.0,0,0.86,VA,0
2025.0,PJM,Battery,75.0,2,0.783,IN,0
2025.0,PJM,Solar,19.2,0,0.86,NJ,0
2025.0,MISO,Solar,365.0,0,0.86,IN,0
2025.0,PJM,Solar,80.0,0,0.857,VA,0
2025.0,PJM,Solar,100.0,0,0.857,KY,0
2025.0,PJM,Solar,9.9,0,0.857,VA,0
2025.0,PJM,Solar,19.7,0,0.857,VA,0
2025.0,PJM,Solar,11.9,0,0.857,VA,0
2025.0,PJM,Other,20.0,0,0.857,VA,0
2025.0,PJM,Solar,80.0,2,0.778,PA,0
2025.0,PJM,Solar,80.0,0,0.857,WV,0
2025.0,PJM,Battery,30.0,0,0.857,VA,0
2025.0,PJM,Solar,200.0,2,0.747,IL,0
2025.0,MISO,Solar,337.0,0,0.857,IN,0
2025.0,PJM,Solar,200.0,0,0.857,KY,0
2025.0,PJM,Solar,200.0,2,0.747,IL,0
2025.0,MISO,Solar,150.0,2,0.862,WI,0
2025.0,PJM,Solar,20.0,0,0.857,VA,0
2025.0,PJM,Solar,210.0,0,0.857,KY,0
2025.0,PJM,Solar,20.0,2,0.775,NC,0
2025.0,MISO,Solar,200.0,2,0.827,IA,0
2025.0,ERCOT,Battery,15.3,2,0.402,TX,0
2025.0,ERCOT,Solar,21.4,2,0.402,TX,0
2025.0,PJM,Solar,14.0,0,0.849,VA,1
2025.0,PJM,Battery,100.0,2,0.734,VA,0
2025.0,MISO,Solar,150.0,2,0.827,WI,0
2025.0,PJM,Battery,75.0,0,0.846,IN,0
2025.0,ERCOT,Hybrid,221.6,0,0.846,TX,0
2025.0,PJM,Hybrid,19.0,0,0.846,IN,0
2025.0,ERCOT,Battery,154.2,0,0.846,TX,0
2025.0,ERCOT,Battery,306.3,0,0.846,TX,0
2025.0,ERCOT,Battery,50.0,0,0.846,TX,0
2025.0,ERCOT,Battery,101.3,0,0.846,TX,0
2025.0,ERCOT,Battery,204.0,0,0.846,TX,0
2025.0,ERCOT,Battery,207.2,0,0.846,TX,0
2025.0,PJM,Battery,64.6,2,0.764,WV,0
2025.0,PJM,Hybrid,170.0,2,0.767,VA,0
2025.0,PJM,Battery,100.0,2,0.731,VA,0
2025.0,ERCOT,Hybrid,147.8,0,0.846,TX,0
2025.0,ERCOT,Hybrid,105.6,0,0.846,TX,0
2025.0,PJM,Battery,75.0,2,0.767,VA,0
2025.0,MISO,Solar,200.0,2,0.86,LA,0
2025.0,ERCOT,Wind,295.0,0,0.846,TX,0
2025.0,PJM,Battery,78.0,0,0.846,IN,0
2025.0,PJM,Solar,16.0,0,0.846,VA,0
2025.0,MISO,Solar,250.0,0,0.846,IA,0
2025.0,PJM,Solar,220.0,0,0.846,OH,0
2025.0,PJM,Solar,200.0,0,0.846,PA,0
2025.0,PJM,Hybrid,30.0,0,0.846,IN,0
2025.0,PJM,Solar,50.0,2,0.767,OH,0
2025.0,PJM,Battery,50.0,0,0.846,IN,0
2025.0,PJM,Solar,20.0,0,0.846,DE,0
2025.0,ERCOT,Hybrid,245.3,0,0.846,TX,0
2025.0,MISO,Solar,450.0,2,0.717,IA,0
2025.0,ERCOT,Battery,174.7,0,0.846,TX,0
2025.0,ERCOT,Hybrid,135.0,0,0.846,TX,0
2025.0,PJM,Gas,2100.0,0,0.846,WV,0
2025.0,PJM,Hybrid,110.0,0,0.846,OH,0
2025.0,PJM,Battery,32.3,2,0.764,WV,0
2025.0,PJM,Solar,200.0,0,0.846,VA,0
2025.0,PJM,Battery,50.0,0,0.846,VA,0
2025.0,PJM,Battery,66.6,0,0.843,OH,0
2025.0,PJM,Battery,150.0,0,0.843,IL,0
2025.0,PJM,Battery,38.4,0,0.843,OH,0
2025.0,PJM,Battery,150.0,0,0.843,PA,0
2025.0,MISO,Solar,395.0,2,0.849,MN,0
2025.0,PJM,Solar,48.0,2,0.764,PA,0
2025.0,PJM,Solar,140.0,0,0.843,WV,0
2025.0,PJM,Solar,80.0,2,0.764,PA,0
2025.0,PJM,Hybrid,46.5,0,0.843,PA,0
2025.0,PJM,Solar,20.0,0,0.843,VA,0
2025.0,PJM,Solar,20.0,2,0.764,PA,0
2025.0,PJM,Battery,20.0,2,0.764,PA,0
2025.0,PJM,Solar,20.0,2,0.764,PA,0
2025.0,PJM,Battery,20.0,2,0.764,PA,0
2025.0,PJM,Solar,100.0,0,0.843,IN,0
2025.0,PJM,Solar,20.0,2,0.761,MD,0
2025.0,MISO,Solar,218.0,2,0.849,MN,0
2025.0,PJM,Solar,10.0,2,0.764,PA,0
2025.0,PJM,Solar,65.0,0,0.841,VA,0
2025.0,PJM,Solar,70.0,2,0.758,OH,0
2025.0,PJM,Solar,100.0,2,0.723,PA,0
2025.0,PJM,Battery,28.0,2,0.758,OH,0
2025.0,PJM,Battery,80.0,0,0.841,VA,0
2025.0,PJM,Solar,314.0,2,0.747,OH,0
2025.0,PJM,Solar,51.3,0,0.841,VA,0
2025.0,PJM,Solar,80.0,2,0.767,VA,0
2025.0,PJM,Solar,19.0,0,0.838,NJ,0
2025.0,MISO,Gas,1267.9,0,0.838,MI,0
2025.0,MISO,Gas,1414.0,0,0.838,MI,0
2025.0,MISO,Other,200.0,0,0.838,AR,0
2025.0,MISO,Wind,300.0,0,0.838,IN,0
2025.0,PJM,Solar,80.0,0,0.838,OH,0
2025.0,PJM,Solar,24.7,2,0.742,OH,0
2025.0,PJM,Solar,70.0,2,0.758,PA,0
2025.0,MISO,Wind,175.0,0,0.838,MI,0
2025.0,SPP,Solar,300.0,2,0.698,NE,0
2025.0,SPP,Hybrid,250.0,2,0.761,NM,0
2025.0,SPP,Battery,200.0,0,0.835,ND,0
2025.0,SPP,Battery,199.0,0,0.835,MO,0
2025.0,SPP,Battery,199.0,2,0.715,NM,0
2025.0,SPP,Battery,100.0,2,0.715,NM,0
2025.0,SPP,Battery,199.0,2,0.764,TX,0
2025.0,SPP,Hybrid,199.0,0,0.835,NM,0
2025.0,SPP,Battery,199.0,0,0.835,TX,0
2025.0,SPP,Wind,600.0,0,0.835,OK,0
2025.0,PJM,Solar,200.0,0,0.835,OH,0
2025.0,SPP,Battery,199.0,2,0.764,NM,0
2025.0,SPP,Wind,220.0,0,0.835,OK,0
2025.0,SPP,Wind,200.0,0,0.835,OK,0
2025.0,SPP,Gas,470.5,0,0.835,TX,0
2025.0,SPP,Solar,22.8,2,0.416,KS,0
2025.0,SPP,Gas,1045.0,0,0.835,OK,0
2025.0,SPP,Hybrid,500.0,0,0.835,TX,0
2025.0,SPP,Hybrid,195.0,0,0.835,OK,0
2025.0,SPP,Solar,390.0,0,0.835,OK,0
2025.0,SPP,Solar,315.0,2,0.753,MN,0
2025.0,SPP,Battery,79.0,2,0.493,MO,0
2025.0,SPP,Solar,250.0,2,0.764,NM,0
2025.0,SPP,Hybrid,140.0,0,0.835,OK,0
2025.0,SPP,Battery,100.0,0,0.835,ND,0
2025.0,SPP,Solar,180.0,2,0.493,KS,0
2025.0,SPP,Wind,199.9,2,0.49,OK,0
2025.0,SPP,Solar,199.9,2,0.378,OK,0
2025.0,SPP,Solar,225.0,2,0.378,OK,0
2025.0,SPP,Solar,225.0,2,0.378,,0
2025.0,SPP,Gas,1350.0,0,0.835,LA,0
2025.0,SPP,Gas,1350.0,0,0.835,TX,0
2025.0,SPP,Solar,142.2,0,0.835,TX,0
2025.0,SPP,Battery,100.0,0,0.835,MO,0
2025.0,SPP,Solar,225.0,0,0.835,NE,0
2025.0,SPP,Hybrid,120.0,0,0.835,OK,0
2025.0,SPP,Solar,145.4,2,0.764,KS,0
2025.0,SPP,Battery,250.0,0,0.835,NE,1
2025.0,SPP,Battery,250.0,0,0.835,MO,0
2025.0,SPP,Battery,250.0,0,0.835,OK,0
2025.0,SPP,Battery,250.0,0,0.835,TX,0
2025.0,SPP,Battery,250.0,0,0.835,OK,0
2025.0,SPP,Wind,200.0,0,0.835,NM,0
2025.0,SPP,Wind,200.0,0,0.835,NM,0
2025.0,SPP,Hybrid,300.0,0,0.835,TX,0
2025.0,SPP,Solar,300.0,2,0.764,TX,0
2025.0,SPP,Solar,250.0,2,0.55,OK,1
2025.0,SPP,Hybrid,80.0,0,0.835,OK,0
2025.0,SPP,Hybrid,160.0,0,0.835,OK,0
2025.0,SPP,Battery,250.0,0,0.835,NM,0
2025.0,SPP,Hybrid,250.0,0,0.835,NM,0
2025.0,SPP,Solar,16.2,0,0.835,NM,0
2025.0,SPP,Battery,225.0,0,0.835,ND,0
2025.0,SPP,Battery,50.0,0,0.835,TX,0
2025.0,SPP,Battery,150.0,0,0.835,NM,0
2025.0,SPP,Solar,455.0,2,0.761,TX,0
2025.0,SPP,Hybrid,199.0,0,0.835,OK,0
2025.0,SPP,Battery,75.0,0,0.835,NM,0
2025.0,SPP,Solar,225.0,0,0.835,NM,0
2025.0,SPP,Solar,50.0,0,0.835,AR,0
2025.0,SPP,Solar,300.0,2,0.764,OK,0
2025.0,SPP,Solar,199.0,2,0.764,OK,0
2025.0,SPP,Solar,130.0,2,0.496,OK,0
2025.0,SPP,Solar,300.0,0,0.835,OK,0
2025.0,SPP,Solar,300.0,0,0.835,TX,0
2025.0,SPP,Hybrid,300.0,0,0.835,TX,0
2025.0,SPP,Hybrid,500.0,0,0.835,NM,0
2025.0,SPP,Battery,199.0,0,0.835,OK,1
2025.0,SPP,Battery,199.0,0,0.835,KS,1
2025.0,SPP,Gas,124.0,0,0.835,OK,0
2025.0,SPP,Gas,493.0,0,0.835,OK,0
2025.0,SPP,Battery,100.0,0,0.835,OK,1
2025.0,SPP,Battery,75.0,0,0.835,KS,0
2025.0,SPP,Battery,150.0,0,0.835,OK,1
2025.0,SPP,Battery,300.0,0,0.835,ND,0
2025.0,SPP,Gas,356.8,0,0.835,OK,0
2025.0,SPP,Battery,160.0,0,0.835,NM,0
2025.0,SPP,Battery,225.0,0,0.835,KS,0
2025.0,SPP,Battery,200.0,0,0.835,ND,0
2025.0,SPP,Battery,250.0,0,0.835,ND,0
2025.0,SPP,Battery,150.0,0,0.835,NM,0
2025.0,SPP,Battery,199.0,0,0.835,KS,1
2025.0,SPP,Hybrid,500.0,0,0.835,NM,0
2025.0,SPP,Hybrid,500.0,2,0.767,NM,0
2025.0,SPP,Hybrid,500.0,2,0.767,NM,0
2025.0,SPP,Gas,1400.0,0,0.835,OK,0
2025.0,SPP,Solar,175.0,0,0.835,KS,0
2025.0,SPP,Battery,300.0,0,0.835,KS,0
2025.0,SPP,Solar,150.0,2,0.764,MO,0
2025.0,SPP,Battery,150.0,0,0.835,KS,0
2025.0,SPP,Battery,150.0,0,0.835,KS,0
2025.0,SPP,Hybrid,264.3,0,0.835,NM,0
2025.0,SPP,Hybrid,350.0,2,0.589,NM,0
2025.0,SPP,Hybrid,350.0,0,0.835,TX,0
2025.0,SPP,Hybrid,250.0,0,0.835,NM,0
2025.0,SPP,Solar,150.0,0,0.835,SD,0
2025.0,SPP,Solar,150.0,0,0.835,SD,0
2025.0,SPP,Solar,199.0,0,0.835,ND,0
2025.0,SPP,Wind,250.0,0,0.835,SD,0
2025.0,SPP,Gas,136.0,0,0.835,OK,0
2025.0,SPP,Solar,350.0,0,0.835,OK,0
2025.0,SPP,Hybrid,250.0,0,0.835,OK,0
2025.0,SPP,Solar,199.8,0,0.835,KS,0
2025.0,SPP,Solar,130.0,0,0.835,KS,0
2025.0,SPP,Solar,350.0,0,0.835,MO,0
2025.0,SPP,Wind,250.0,2,0.736,OK,0
2025.0,SPP,Wind,250.0,0,0.835,OK,0
2025.0,SPP,Gas,248.0,0,0.835,OK,1
2025.0,SPP,Hybrid,500.0,0,0.835,OK,0
2025.0,SPP,Battery,115.0,0,0.835,NM,0
2025.0,SPP,Solar,167.0,0,0.835,OK,0
2025.0,SPP,Solar,167.0,0,0.835,OK,0
2025.0,SPP,Gas,744.0,0,0.835,OK,1
2025.0,SPP,Solar,150.0,2,0.753,OK,0
2025.0,SPP,Hybrid,199.0,0,0.835,KS,0
2025.0,SPP,Wind,200.0,2,0.493,KS,0
2025.0,SPP,Solar,167.0,0,0.835,OK,0
2025.0,SPP,Battery,199.0,0,0.835,OK,0
2025.0,SPP,Battery,199.0,0,0.835,TX,0
2025.0,SPP,Battery,100.0,0,0.835,OK,0
2025.0,SPP,Battery,199.0,0,0.835,MO,0
2025.0,SPP,Battery,199.0,0,0.835,OK,0
2025.0,SPP,Battery,199.0,0,0.835,NM,0
2025.0,SPP,Battery,199.0,0,0.835,OK,0
2025.0,SPP,Battery,199.0,0,0.835,KS,0
2025.0,SPP,Battery,199.0,2,0.769,OK,0
2025.0,SPP,Wind,249.6,0,0.835,KS,0
2025.0,SPP,Hybrid,199.0,2,0.764,NM,0
2025.0,SPP,Battery,199.0,0,0.835,LA,0
2025.0,SPP,Hybrid,150.0,0,0.835,NM,0
2025.0,SPP,Wind,500.0,2,0.769,NM,0
2025.0,SPP,Wind,500.0,2,0.769,NM,0
2025.0,SPP,Hybrid,300.0,2,0.769,NM,0
2025.0,SPP,Hybrid,260.0,2,0.769,NM,0
2025.0,SPP,Wind,250.0,2,0.769,SD,0
2025.0,SPP,Battery,150.0,2,0.764,NM,0
2025.0,SPP,Battery,100.0,0,0.835,OK,0
2025.0,SPP,Hybrid,155.0,0,0.835,KS,0
2025.0,SPP,Gas,226.3,0,0.835,MO,0
2025.0,SPP,Gas,778.6,0,0.835,MO,0
2025.0,SPP,Wind,249.6,0,0.835,KS,0
2025.0,SPP,Solar,199.0,0,0.835,KS,0
2025.0,SPP,Battery,250.0,0,0.835,KS,0
2025.0,SPP,Battery,130.0,2,0.764,ND,0
2025.0,SPP,Solar,196.4,2,0.769,TX,0
2025.0,SPP,Wind,293.6,2,0.769,NE,0
2025.0,SPP,Wind,300.0,2,0.769,NE,0
2025.0,SPP,Wind,250.1,2,0.769,NE,0
2025.0,SPP,Solar,250.0,0,0.835,TX,0
2025.0,SPP,Solar,200.0,0,0.835,OK,0
2025.0,SPP,Solar,200.0,2,0.378,TX,0
2025.0,SPP,Solar,400.0,2,0.717,AR,0
2025.0,SPP,Solar,140.0,0,0.835,OK,0
2025.0,SPP,Solar,190.0,0,0.835,OK,0
2025.0,SPP,Battery,200.0,0,0.835,MO,0
2025.0,SPP,Solar,300.0,0,0.835,NM,0
2025.0,SPP,Hybrid,110.0,0,0.835,NE,0
2025.0,SPP,Hybrid,500.0,0,0.835,OK,0
2025.0,SPP,Hybrid,275.0,0,0.835,KS,0
2025.0,SPP,Battery,199.0,0,0.835,MO,0
2025.0,SPP,Solar,200.0,0,0.835,NE,0
2025.0,SPP,Battery,140.0,2,0.764,OK,0
2025.0,SPP,Battery,280.0,0,0.835,MO,0
2025.0,SPP,Battery,250.0,0,0.835,OK,1
2025.0,SPP,Battery,190.0,2,0.764,OK,0
2025.0,SPP,Battery,200.0,0,0.835,NE,0
2025.0,SPP,Hybrid,170.0,0,0.835,OK,0
2025.0,SPP,Solar,100.0,2,0.769,TX,0
2025.0,SPP,Solar,150.0,0,0.835,KS,0
2025.0,SPP,Gas,303.0,0,0.835,NE,0
2025.0,SPP,Battery,199.0,0,0.835,OK,0
2025.0,SPP,Battery,150.0,0,0.835,OK,0
2025.0,SPP,Battery,50.1,0,0.835,AR,0
2025.0,SPP,Battery,250.0,0,0.835,OK,0
2025.0,SPP,Solar,100.0,0,0.835,TX,0
2025.0,SPP,Wind,300.0,0,0.835,OK,0
2025.0,SPP,Battery,200.0,0,0.835,OK,0
2025.0,SPP,Wind,200.0,2,0.764,OK,0
2025.0,SPP,Wind,240.0,2,0.764,OK,0
2025.0,SPP,Wind,241.4,0,0.835,OK,0
2025.0,SPP,Battery,199.0,0,0.835,NM,0
2025.0,SPP,Wind,250.0,0,0.835,OK,0
2025.0,SPP,Wind,150.0,2,0.764,NE,0
2025.0,SPP,Solar,250.0,0,0.835,TX,0
2025.0,SPP,Other,65.0,0,0.835,NE,0
2025.0,SPP,Battery,300.0,0,0.835,TX,0
2025.0,SPP,Wind,261.0,2,0.767,MT,0
2025.0,SPP,Solar,200.0,2,0.764,ND,0
2025.0,SPP,Solar,300.0,0,0.835,AR,0
2025.0,SPP,Battery,200.0,0,0.835,AR,0
2025.0,SPP,Solar,200.0,0,0.835,KS,0
2025.0,SPP,Solar,200.0,0,0.835,TX,0
2025.0,SPP,Solar,200.0,0,0.835,NE,0
2025.0,SPP,Gas,303.0,0,0.835,NE,0
2025.0,SPP,Gas,456.6,0,0.835,OK,0
2025.0,SPP,Gas,721.2,0,0.835,KS,0
2025.0,SPP,Gas,360.0,0,0.835,NE,0
2025.0,SPP,Hybrid,120.0,2,0.485,AR,0
2025.0,SPP,Hybrid,300.0,0,0.835,KS,0
2025.0,SPP,Wind,225.0,0,0.835,MT,0
2025.0,SPP,Battery,250.0,0,0.835,MO,0
2025.0,SPP,Hybrid,199.0,0,0.835,KS,0
2025.0,SPP,Battery,199.8,0,0.835,MO,0
2025.0,SPP,Hybrid,160.0,0,0.835,OK,0
2025.0,SPP,Hybrid,199.8,0,0.835,MO,0
2025.0,SPP,Wind,300.0,0,0.835,KS,0
2025.0,SPP,Gas,721.2,2,0.764,KS,0
2025.0,SPP,Solar,220.0,0,0.835,KS,0
2025.0,SPP,Hybrid,55.0,0,0.835,LA,1
2025.0,SPP,Hybrid,300.0,0,0.835,OK,1
2025.0,SPP,Wind,400.0,0,0.835,NM,0
2025.0,SPP,Hybrid,300.0,0,0.835,OK,0
2025.0,SPP,Wind,400.0,2,0.767,NM,0
2025.0,SPP,Hybrid,300.0,0,0.835,KS,0
2025.0,SPP,Wind,241.0,2,0.767,MT,0
2025.0,SPP,Hybrid,300.0,0,0.835,OK,0
2025.0,SPP,Battery,125.0,0,0.835,NM,0
2025.0,SPP,Battery,199.0,0,0.835,OK,0
2025.0,SPP,Battery,100.0,2,0.769,MO,0
2025.0,SPP,Solar,200.3,2,0.769,NM,0
2025.0,SPP,Solar,100.0,2,0.723,OK,0
2025.0,SPP,Wind,250.0,0,0.835,TX,0
2025.0,SPP,Wind,250.0,0,0.835,OK,0
2025.0,SPP,Hybrid,150.0,0,0.835,OK,0
2025.0,SPP,Solar,200.0,2,0.493,KS,0
2025.0,SPP,Battery,199.0,0,0.835,OK,0
2025.0,SPP,Battery,199.0,0,0.835,OK,0
2025.0,SPP,Battery,199.0,0,0.835,OK,1
2025.0,SPP,Battery,199.0,0,0.835,KS,0
2025.0,SPP,Solar,200.0,2,0.493,KS,0
2025.0,SPP,Hybrid,160.0,0,0.835,TX,0
2025.0,SPP,Solar,120.0,0,0.835,TX,0
2025.0,SPP,Hybrid,420.0,0,0.835,NM,0
2025.0,SPP,Wind,196.1,2,0.769,OK,0
2025.0,SPP,Solar,400.0,0,0.835,KS,0
2025.0,SPP,Gas,1300.0,2,0.493,OK,0
2025.0,SPP,Gas,690.0,0,0.835,OK,0
2025.0,SPP,Gas,910.0,0,0.835,KS,0
2025.0,SPP,Wind,150.0,2,0.493,KS,0
2025.0,SPP,Solar,400.0,2,0.493,TX,0
2025.0,SPP,Solar,250.0,2,0.769,OK,0
2025.0,SPP,Solar,300.0,0,0.835,TX,0
2025.0,SPP,Wind,1900.0,2,0.493,OK,1
2025.0,SPP,Wind,300.0,2,0.493,TX,0
2025.0,SPP,Wind,1100.0,2,0.493,OK,1
2025.0,SPP,Gas,1300.0,0,0.835,OK,0
2025.0,SPP,Gas,32.7,2,0.476,LA,1
2025.0,SPP,Hybrid,199.0,2,0.761,OK,0
2025.0,SPP,Wind,250.0,0,0.835,OK,0
2025.0,SPP,Hybrid,199.0,0,0.835,AR,0
2025.0,SPP,Wind,300.0,0,0.835,KS,0
2025.0,SPP,Wind,220.0,2,0.493,KS,0
2025.0,SPP,Wind,250.0,0,0.835,TX,0
2025.0,SPP,Wind,300.0,0,0.835,KS,0
2025.0,SPP,Wind,424.0,0,0.835,ND,0
2025.0,SPP,Wind,400.5,0,0.835,KS,0
2025.0,SPP,Solar,250.0,0,0.835,NE,1
2025.0,SPP,Wind,400.5,2,0.493,KS,0
2025.0,SPP,Solar,250.0,0,0.835,KS,0
2025.0,SPP,Wind,300.0,0,0.835,KS,0
2025.0,SPP,Wind,300.0,0,0.835,KS,0
2025.0,SPP,Wind,100.0,2,0.493,KS,0
2025.0,SPP,Hybrid,199.0,2,0.392,AR,0
2025.0,SPP,Solar,400.0,0,0.835,KS,0
2025.0,SPP,Solar,200.0,2,0.493,TX,0
2025.0,SPP,Wind,194.0,2,0.493,OK,0
2025.0,SPP,Wind,301.5,2,0.493,KS,0
2025.0,SPP,Wind,400.5,0,0.835,TX,0
2025.0,SPP,Wind,250.0,2,0.493,OK,0
2025.0,SPP,Wind,250.0,2,0.493,OK,0
2025.0,SPP,Wind,250.0,2,0.493,OK,0
2025.0,SPP,Hybrid,300.0,0,0.835,OK,0
2025.0,SPP,Hybrid,155.0,0,0.835,NM,0
2025.0,SPP,Solar,100.0,2,0.493,KS,0
2025.0,PJM,Solar,20.0,0,0.83,VA,0
2025.0,ERCOT,Hybrid,527.9,0,0.83,TX,0
2025.0,PJM,Solar,28.0,2,0.75,MD,0
2025.0,PJM,Solar,72.0,2,0.747,PA,0
2025.0,PJM,Hybrid,110.0,0,0.83,IL,0
2025.0,PJM,Solar,10.0,0,0.83,VA,0
2025.0,PJM,Solar,200.0,0,0.83,OH,0
2025.0,West,Wind,500.0,0,0.83,CO,0
2025.0,PJM,Solar,200.0,0,0.83,OH,0
2025.0,PJM,Solar,35.0,2,0.747,VA,0
2025.0,PJM,Solar,150.0,0,0.83,IL,0
2025.0,ERCOT,Solar,502.1,0,0.83,TX,0
2025.0,West,Solar,100.0,0,0.83,CO,0
2025.0,West,Battery,100.0,0,0.83,CO,0
2025.0,West,Gas,412.0,0,0.83,CO,0
2025.0,West,Battery,100.0,0,0.83,CO,0
2025.0,PJM,Solar,178.5,0,0.83,OH,0
2025.0,ERCOT,Wind,641.5,0,0.83,TX,0
2025.0,PJM,Solar,131.0,0,0.827,VA,0
2025.0,PJM,Solar,16.7,2,0.747,NJ,0
2025.0,PJM,Battery,20.0,2,0.753,NJ,0
2025.0,PJM,Solar,300.0,0,0.827,IL,0
2025.0,PJM,Solar,20.0,2,0.747,PA,0
2025.0,PJM,Solar,20.0,2,0.747,PA,0
2025.0,PJM,Battery,100.0,2,0.747,IN,0
2025.0,PJM,Solar,100.0,2,0.747,KY,0
2025.0,PJM,Battery,200.0,0,0.827,OH,0
2025.0,MISO,Gas,1445.0,0,0.827,MI,0
2025.0,PJM,Solar,200.0,0,0.827,IL,0
2025.0,PJM,Solar,210.0,0,0.827,IN,0
2025.0,PJM,Solar,100.0,2,0.731,KY,0
2025.0,PJM,Battery,20.0,2,0.753,NJ,0
2025.0,PJM,Battery,20.0,2,0.753,NJ,0
2025.0,PJM,Battery,20.0,2,0.753,NJ,0
2025.0,PJM,Solar,150.0,0,0.827,IL,0
2025.0,MISO,Battery,98.0,0,0.827,WI,0
2025.0,PJM,Solar,53.0,0,0.827,KY,0
2025.0,PJM,Hybrid,670.2,0,0.827,MD,0
2025.0,PJM,Solar,29.4,2,0.747,NJ,0
2025.0,PJM,Solar,55.0,0,0.827,MD,0
2025.0,PJM,Solar,17.0,2,0.745,OH,0
2025.0,PJM,Solar,17.0,2,0.745,OH,0
2025.0,PJM,Solar,55.0,0,0.824,IL,0
2025.0,PJM,Solar,20.0,0,0.824,PA,0
2025.0,MISO,Battery,100.0,0,0.824,MI,0
2025.0,PJM,Battery,86.0,2,0.731,OH,0
2025.0,PJM,Solar,150.0,0,0.824,IN,0
2025.0,MISO,Battery,80.0,0,0.824,MI,0
2025.0,PJM,Gas,5.0,0,0.824,IL,0
2025.0,ERCOT,Battery,155.0,0,0.821,TX,1
2025.0,MISO,Battery,202.0,0,0.821,IA,0
2025.0,ERCOT,Battery,10.0,0,0.821,TX,0
2025.0,PJM,Hybrid,100.0,0,0.821,TN,0
2025.0,PJM,Solar,54.0,2,0.693,OH,0
2025.0,PJM,Battery,50.0,2,0.745,IN,0
2025.0,PJM,Solar,20.0,2,0.693,OH,0
2025.0,PJM,Battery,200.0,0,0.821,IL,0
2025.0,PJM,Solar,54.0,2,0.693,OH,0
2025.0,PJM,Battery,400.0,0,0.821,IL,0
2025.0,PJM,Solar,63.0,0,0.821,PA,0
2025.0,PJM,Solar,50.0,2,0.723,OH,0
2025.0,MISO,Solar,200.0,0,0.819,MO,0
2025.0,PJM,Battery,50.0,0,0.819,IN,0
2025.0,PJM,Solar,40.0,2,0.739,NJ,0
2025.0,MISO,Solar,150.0,2,0.797,IA,0
2025.0,PJM,Solar,20.0,0,0.819,VA,0
2025.0,PJM,Battery,80.0,0,0.819,VA,0
2025.0,PJM,Solar,70.0,0,0.819,VA,0
2025.0,PJM,Solar,20.0,2,0.739,KY,0
2025.0,PJM,Solar,48.9,2,0.687,WV,0
2025.0,PJM,Battery,219.0,2,0.734,NJ,0
2025.0,MISO,Solar,196.0,2,0.816,AR,0
2025.0,West,Solar,1.1,0,0.81,OR,0
2025.0,PJM,Solar,150.0,0,0.81,IN,0
2025.0,PJM,Solar,25.0,0,0.81,KY,0
2025.0,MISO,Solar,416.5,0,0.81,WI,0
2025.0,PJM,Battery,240.0,2,0.734,NJ,0
2025.0,PJM,Solar,20.0,0,0.81,KY,0
2025.0,PJM,Solar,58.6,2,0.734,IL,0
2025.0,PJM,Hybrid,129.4,2,0.731,OH,0
2025.0,MISO,Solar,196.0,0,0.81,MI,0
2025.0,PJM,Solar,19.8,0,0.81,NJ,0
2025.0,MISO,Wind,300.0,2,0.824,IA,0
2025.0,PJM,Solar,40.0,2,0.731,IN,0
2025.0,PJM,Solar,50.0,0,0.81,IN,0
2025.0,PJM,Solar,20.0,2,0.728,OH,0
2025.0,PJM,Solar,21.0,0,0.808,OH,0
2025.0,PJM,Hybrid,150.0,0,0.808,IN,0
2025.0,PJM,Solar,49.9,0,0.808,OH,0
2025.0,PJM,Solar,15.0,0,0.808,NJ,0
2025.0,MISO,Wind,200.0,0,0.808,IL,0
2025.0,PJM,Hybrid,100.0,2,0.734,IL,0
2025.0,PJM,Solar,6.0,2,0.728,PA,0
2025.0,PJM,Solar,14.0,2,0.728,PA,0
2025.0,PJM,Solar,7.2,0,0.808,MD,0
2025.0,PJM,Solar,50.0,0,0.808,NJ,0
2025.0,MISO,Hybrid,165.0,0,0.805,MI,0
2025.0,PJM,Solar,80.0,0,0.805,KY,0
2025.0,PJM,Solar,224.0,2,0.712,IL,0
2025.0,PJM,Solar,46.0,2,0.674,IN,0
2025.0,PJM,Battery,150.0,0,0.805,IL,0
2025.0,PJM,Solar,150.0,0,0.805,PA,0
2025.0,PJM,Solar,20.0,2,0.726,PA,0
2025.0,PJM,Solar,115.0,2,0.712,IN,0
2025.0,PJM,Solar,120.0,2,0.712,IN,0
2025.0,MISO,Battery,175.0,0,0.805,IL,0
2025.0,MISO,Wind,175.0,0,0.805,IL,0
2025.0,MISO,Battery,140.0,2,0.819,MO,0
2025.0,PJM,Solar,110.0,0,0.805,MD,0
2025.0,PJM,Hybrid,66.5,0,0.802,IN,0
2025.0,PJM,Hybrid,150.0,2,0.723,PA,0
2025.0,PJM,Solar,20.0,2,0.726,PA,0
2025.0,PJM,Hybrid,25.0,0,0.802,PA,0
2025.0,PJM,Battery,50.0,2,0.723,KY,0
2025.0,MISO,Wind,170.0,0,0.802,IA,0
2025.0,PJM,Hybrid,63.2,0,0.799,KY,0
2025.0,PJM,Solar,75.0,2,0.72,KY,0
2025.0,PJM,Solar,19.9,0,0.799,PA,0
2025.0,PJM,Other,14.0,2,0.717,MD,0
2025.0,MISO,Battery,100.0,0,0.799,IL,0
2025.0,PJM,Hybrid,60.0,2,0.726,KY,0
2025.0,PJM,Solar,200.0,0,0.799,MD,0
2025.0,PJM,Battery,50.0,0,0.799,IL,0
2025.0,PJM,Solar,19.2,0,0.799,NJ,0
2025.0,MISO,Nuclear,646.0,0,0.799,IA,1
2025.0,PJM,Solar,85.0,0,0.791,VA,0
2025.0,MISO,Battery,100.0,0,0.791,MN,0
2025.0,PJM,Solar,80.0,0,0.791,KY,0
2025.0,PJM,Solar,35.0,0,0.791,KY,0
2025.0,Southeast,Solar,2.5,0,0.789,SC,0
2025.0,Southeast,Solar,120.0,0,0.789,GA,0
2025.0,PJM,Solar,20.0,2,0.709,KY,0
2025.0,PJM,Solar,40.0,0,0.789,KY,0
2025.0,PJM,Solar,30.0,0,0.786,KY,0
2025.0,West,Hybrid,250.0,0,0.786,NM,1
2025.0,West,Hybrid,225.0,0,0.786,NM,1
2025.0,PJM,Hybrid,61.0,2,0.709,KY,0
2025.0,West,Hybrid,250.0,0,0.783,NM,1
2025.0,Southeast,Gas,65.0,2,0.151,AL,0
2025.0,Southeast,Gas,13.5,0,0.78,GA,0
2025.0,Southeast,Gas,13.5,0,0.78,GA,0
2025.0,Southeast,Gas,13.5,0,0.78,GA,0
2025.0,Southeast,Gas,13.5,0,0.78,GA,0
2025.0,Southeast,Gas,13.5,0,0.78,GA,0
2025.0,ERCOT,Battery,313.7,0,0.78,TX,0
2025.0,Southeast,Gas,13.5,0,0.78,GA,0
2025.0,Southeast,Gas,13.5,0,0.78,GA,0
2025.0,Southeast,Gas,35.0,0,0.78,GA,0
2025.0,Southeast,Gas,35.0,0,0.78,GA,0
2025.0,West,Battery,115.0,0,0.78,NM,0
2025.0,West,Battery,150.0,0,0.78,NM,0
2025.0,Southeast,Gas,13.5,0,0.78,GA,0
2025.0,Southeast,Gas,65.0,2,0.151,AL,0
2025.0,ERCOT,Battery,102.1,0,0.772,TX,1
2025.0,ERCOT,Battery,102.1,0,0.772,TX,1
2025.0,ERCOT,Battery,102.1,0,0.772,TX,1
2025.0,ERCOT,Battery,1.4,0,0.772,TX,0
2025.0,ERCOT,Battery,1.4,0,0.772,TX,0
2025.0,ERCOT,Solar,500.0,0,0.772,TX,0
2025.0,West,Battery,400.0,0,0.772,NM,0
2025.0,ERCOT,Battery,1.4,0,0.772,TX,0
2025.0,West,Wind,190.0,0,0.772,NM,0
2025.0,ERCOT,Wind,302.6,0,0.772,TX,0
2025.0,ERCOT,Battery,206.0,0,0.772,TX,0
2025.0,ERCOT,Hybrid,200.3,0,0.772,TX,0
2025.0,ERCOT,Hybrid,600.9,0,0.772,TX,0
2025.0,ERCOT,Hybrid,151.5,0,0.772,TX,0
2025.0,ERCOT,Battery,150.8,0,0.772,TX,0
2025.0,ERCOT,Hybrid,75.4,0,0.772,TX,0
2025.0,ERCOT,Battery,1.4,0,0.772,TX,0
2025.0,West,Battery,100.0,0,0.772,NM,0
2025.0,ERCOT,Hybrid,500.0,0,0.772,TX,0
2025.0,ERCOT,Battery,122.5,0,0.772,TX,0
2025.0,ERCOT,Wind,473.0,0,0.772,TX,0
2025.0,ERCOT,Wind,198.7,0,0.772,TX,0
2025.0,ERCOT,Hybrid,156.5,0,0.772,TX,0
2025.0,ERCOT,Gas,846.0,0,0.772,TX,0
2025.0,ERCOT,Battery,200.0,0,0.772,TX,0
2025.0,West,Hybrid,800.0,0,0.772,NM,1
2025.0,MISO,Battery,200.0,0,0.769,ND,0
2025.0,MISO,Wind,66.8,0,0.769,IL,0
2025.0,MISO,Battery,200.0,0,0.769,IL,0
2025.0,MISO,Battery,200.0,0,0.769,IN,0
2025.0,West,Gas,167.0,0,0.767,ID,0
2025.0,West,Battery,46.5,0,0.767,WA,0
2025.0,MISO,Gas,1144.0,0,0.767,SD,0
2025.0,MISO,Wind,200.0,2,0.498,TX,0
2025.0,PJM,Solar,400.0,0,0.764,VA,0
2025.0,West,Wind,300.0,0,0.764,ID,0
2025.0,PJM,Battery,100.0,0,0.764,VA,0
2025.0,PJM,Solar,80.0,2,0.684,VA,0
2025.0,Southeast,Nuclear,14.0,2,0.698,GA,0
2025.0,Southeast,Nuclear,16.0,0,0.761,GA,0
2025.0,Southeast,Nuclear,60.0,0,0.761,GA,0
2025.0,Southeast,Nuclear,20.0,0,0.761,GA,0
2025.0,ERCOT,Battery,10.0,0,0.761,TX,0
2025.0,Southeast,Nuclear,65.0,0,0.761,GA,0
2025.0,Southeast,Battery,120.0,0,0.758,GA,0
2025.0,Southeast,Gas,780.0,0,0.758,GA,0
2025.0,Southeast,Solar,261.0,2,0.717,GA,0
2025.0,Southeast,Nuclear,50.0,0,0.753,GA,0
2025.0,MISO,Battery,300.0,0,0.753,IL,0
2025.0,Southeast,Nuclear,15.0,0,0.753,GA,0
2025.0,Southeast,Nuclear,50.0,0,0.753,GA,0
2025.0,MISO,Battery,250.0,0,0.753,MI,0
2025.0,Southeast,Nuclear,15.0,0,0.753,GA,0
2025.0,ERCOT,Hybrid,153.0,0,0.75,TX,0
2025.0,Southeast,Nuclear,50.0,0,0.75,AL,0
2025.0,MISO,Wind,70.0,0,0.75,MI,0
2025.0,MISO,Wind,255.0,0,0.75,MI,0
2025.0,Southeast,Nuclear,15.0,0,0.75,AL,0
2025.0,ERCOT,Hybrid,301.0,0,0.75,TX,0
2025.0,ERCOT,Hybrid,245.7,0,0.75,TX,0
2025.0,MISO,Battery,200.0,2,0.764,IL,0
2025.0,Southeast,Gas,46.8,0,0.75,NC,0
2025.0,MISO,Solar,123.0,2,0.764,IN,0
2025.0,ERCOT,Battery,407.0,0,0.75,TX,0
2025.0,MISO,Solar,500.0,2,0.764,AR,0
2025.0,Southeast,Nuclear,50.0,0,0.75,AL,0
2025.0,ERCOT,Battery,351.0,0,0.75,TX,0
2025.0,ERCOT,Hybrid,306.0,0,0.75,TX,0
2025.0,MISO,Wind,480.0,0,0.75,MI,0
2025.0,ERCOT,Solar,251.3,0,0.75,TX,0
2025.0,Southeast,Gas,26.0,0,0.75,NC,0
2025.0,Southeast,Gas,5.0,0,0.75,NC,0
2025.0,Southeast,Gas,5.0,0,0.75,NC,0
2025.0,Southeast,Gas,8.0,0,0.75,NC,0
2025.0,Southeast,Gas,5.0,0,0.75,NC,0
2025.0,Southeast,Battery,99.0,0,0.75,NC,0
2025.0,Southeast,Gas,5.0,0,0.75,NC,0
2025.0,Southeast,Battery,260.0,0,0.75,NC,0
2025.0,MISO,Wind,170.0,0,0.75,MI,0
2025.0,Southeast,Battery,150.0,0,0.75,NC,0
2025.0,Southeast,Gas,10.0,0,0.75,NC,0
2025.0,Southeast,Gas,10.0,0,0.75,NC,0
2025.0,Southeast,Gas,8.0,0,0.75,NC,0
2025.0,Southeast,Gas,17.0,0,0.75,NC,0
2025.0,Southeast,Gas,5.0,0,0.75,NC,0
2025.0,Southeast,Nuclear,15.0,0,0.75,AL,0
2025.0,West,Gas,300.0,0,0.75,UT,0
2025.0,Southeast,Gas,8.0,0,0.75,NC,0
2025.0,ERCOT,Hybrid,60.3,0,0.75,TX,0
2025.0,ERCOT,Hybrid,120.5,0,0.75,TX,0
2025.0,Southeast,Gas,35.0,0,0.75,NC,0
2025.0,Southeast,Gas,20.0,0,0.75,NC,0
2025.0,MISO,Solar,386.0,0,0.75,LA,0
2025.0,PJM,Solar,113.0,0,0.747,VA,0
2025.0,PJM,Solar,75.0,0,0.747,VA,0
2025.0,PJM,Battery,150.0,0,0.747,VA,0
2025.0,Southeast,Battery,250.0,0,0.747,GA,0
2025.0,Southeast,Battery,500.0,0,0.747,GA,0
2025.0,PJM,Gas,786.0,0,0.747,KY,0
2025.0,PJM,Gas,1475.0,2,0.627,OH,0
2025.0,PJM,Nuclear,859.0,0,0.745,PA,0
2025.0,West,Hybrid,130.0,0,0.745,ID,0
2025.0,PJM,Gas,24.0,0,0.745,OH,0
2025.0,PJM,Battery,85.0,0,0.745,VA,0
2025.0,West,Hybrid,300.0,0,0.745,ID,0
2025.0,PJM,Battery,40.0,2,0.665,VA,0
2025.0,PJM,Gas,24.0,0,0.745,OH,0
2025.0,West,Solar,70.0,0,0.745,ID,0
2025.0,PJM,Gas,24.0,0,0.745,OH,0
2025.0,PJM,Gas,1300.0,0,0.745,OH,0
2025.0,PJM,Gas,1294.6,2,0.646,VA,0
2025.0,West,Gas,526.0,0,0.742,ID,0
2025.0,West,Gas,526.0,0,0.742,ID,0
2025.0,PJM,Solar,140.0,0,0.742,VA,0
2025.0,ERCOT,Battery,232.2,0,0.742,TX,0
2025.0,PJM,Gas,69.0,0,0.742,OH,0
2025.0,PJM,Gas,776.0,0,0.736,VA,0
2025.0,PJM,Gas,776.0,0,0.736,VA,0
2025.0,MISO,Solar,490.0,0,0.734,SD,0
2025.0,PJM,Gas,30.5,0,0.734,OH,0
2025.0,MISO,Solar,401.8,2,0.709,IL,0
2025.0,MISO,Solar,245.0,0,0.734,MI,0
2025.0,MISO,Solar,490.0,0,0.734,SD,0
2025.0,MISO,Solar,245.0,0,0.734,MN,0
2025.0,PJM,Nuclear,88.0,0,0.734,IL,0
2025.0,PJM,Gas,38.0,0,0.734,IL,0
2025.0,MISO,Solar,245.0,0,0.734,IL,0
2025.0,PJM,Gas,32.4,2,0.657,PA,0
2025.0,MISO,Battery,180.0,0,0.731,AR,0
2025.0,MISO,Wind,300.0,0,0.731,MN,0
2025.0,Southeast,Hybrid,295.0,0,0.731,AL,0
2025.0,MISO,Hybrid,200.0,0,0.731,IN,0
2025.0,MISO,Hybrid,200.0,0,0.731,IN,0
2025.0,PJM,Battery,100.0,2,0.652,VA,1
2025.0,MISO,Hybrid,200.0,0,0.731,IN,0
2025.0,PJM,Nuclear,130.0,0,0.731,IL,0
2025.0,PJM,Gas,149.4,0,0.731,NJ,0
2025.0,PJM,Solar,350.0,0,0.731,VA,0
2025.0,PJM,Gas,51.3,0,0.731,NJ,0
2025.0,MISO,Battery,150.0,0,0.731,IA,0
2025.0,MISO,Wind,200.0,0,0.731,MN,0
2025.0,Southeast,Battery,192.5,0,0.731,GA,0
2025.0,West,Solar,0.4,0,0.731,OR,0
2025.0,PJM,Solar,154.0,2,0.652,VA,0
2025.0,Southeast,Battery,250.0,0,0.731,GA,0
2025.0,MISO,Hybrid,200.0,0,0.731,IN,0
2025.0,PJM,Gas,158.1,0,0.731,NJ,0
2025.0,PJM,Nuclear,256.8,0,0.728,NJ,0
2025.0,PJM,Gas,408.2,0,0.728,OH,0
2025.0,PJM,Nuclear,174.1,0,0.728,IL,0
2025.0,MISO,Solar,250.0,0,0.728,IL,0
2025.0,PJM,Battery,500.0,0,0.728,MD,0
2025.0,PJM,Gas,55.0,2,0.764,OH,0
2025.0,West,Wind,120.0,2,0.381,WA,0
2025.0,MISO,Battery,130.0,0,0.728,IA,0
2025.0,PJM,Battery,425.0,0,0.726,VA,1
2025.0,PJM,Battery,650.0,0,0.726,VA,0
2025.0,PJM,Gas,92.7,2,0.63,VA,0
2025.0,Southeast,Other,132.0,0,0.726,FL,0
2025.0,West,Battery,50.0,0,0.726,ID,0
2025.0,MISO,Other,20.2,0,0.726,WI,0
2025.0,PJM,Gas,270.3,0,0.726,PA,0
2025.0,Southeast,Gas,759.1,0,0.723,GA,0
2025.0,Southeast,Battery,250.0,0,0.723,GA,0
2025.0,Southeast,Gas,129.0,0,0.723,GA,0
2025.0,Southeast,Gas,111.0,0,0.723,AL,0
2025.0,Southeast,Gas,129.0,0,0.723,GA,0
2025.0,Southeast,Gas,111.0,0,0.723,AL,0
2025.0,Southeast,Gas,240.0,0,0.723,AL,0
2025.0,Southeast,Gas,111.0,0,0.723,GA,0
2025.0,Southeast,Gas,111.0,0,0.723,AL,0
2025.0,Southeast,Solar,150.0,0,0.723,GA,0
2025.0,Southeast,Solar,150.0,0,0.723,GA,0
2025.0,Southeast,Solar,120.0,0,0.723,GA,0
2025.0,Southeast,Battery,250.0,2,0.649,GA,1
2025.0,Southeast,Solar,250.0,0,0.723,GA,0
2025.0,PJM,Gas,20.0,0,0.723,VA,0
2025.0,Southeast,Gas,759.1,2,0.181,GA,0
2025.0,Southeast,Gas,759.1,0,0.723,GA,0
2025.0,Southeast,Battery,150.0,2,0.183,GA,0
2025.0,Southeast,Gas,759.1,0,0.723,GA,0
2025.0,Southeast,Gas,229.0,0,0.723,AL,0
2025.0,West,Nuclear,45.0,0,0.723,ID,0
2025.0,PJM,Gas,53.5,0,0.723,MD,0
2025.0,West,Wind,126.0,2,0.397,WA,0
2025.0,Southeast,Gas,25.0,0,0.723,MS,0
2025.0,West,Hybrid,56.0,0,0.72,ID,0
2025.0,Southeast,Hybrid,80.0,2,0.66,MS,0
2025.0,West,Battery,330.0,0,0.72,ID,0
2025.0,MISO,Solar,100.0,0,0.715,MN,0
2025.0,Southeast,Solar,175.0,0,0.715,GA,0
2025.0,Southeast,Hybrid,150.0,2,0.172,GA,0
2025.0,West,Other,325.0,0,0.715,OR,0
2025.0,West,Battery,196.9,0,0.715,ID,0
2025.0,West,Battery,196.9,0,0.715,ID,0
2025.0,West,Wind,199.0,0,0.715,ID,0
2025.0,West,Hybrid,199.0,0,0.715,UT,0
2025.0,Southeast,Hybrid,100.0,0,0.715,MS,0
2025.0,Southeast,Hybrid,165.0,0,0.715,GA,0
2025.0,Southeast,Solar,199.0,0,0.715,GA,0
2025.0,Southeast,Solar,93.0,0,0.715,AL,0
2025.0,MISO,Gas,1540.0,0,0.715,IN,0
2025.0,West,Hybrid,300.0,0,0.715,CO,0
2025.0,Southeast,Battery,250.0,2,0.641,GA,0
2025.0,Southeast,Battery,100.0,0,0.715,GA,0
2025.0,Southeast,Battery,225.0,2,0.747,GA,0
2025.0,West,Hybrid,199.0,0,0.715,ID,0
2025.0,Southeast,Solar,150.0,0,0.715,GA,0
2025.0,Southeast,Solar,320.0,2,0.652,GA,0
2025.0,Southeast,Solar,160.0,2,0.652,AL,0
2025.0,Southeast,Gas,14.0,0,0.712,AL,0
2025.0,West,Hybrid,250.0,0,0.712,ID,0
2025.0,Southeast,Solar,110.0,0,0.712,GA,0
2025.0,West,Solar,122.0,0,0.712,ID,0
2025.0,Southeast,Solar,71.0,0,0.709,AL,0
2025.0,West,Gas,101.5,0,0.709,ID,0
2025.0,West,Gas,101.5,0,0.709,ID,0
2025.0,Southeast,Solar,79.0,0,0.709,GA,0
2025.0,Southeast,Solar,198.9,0,0.709,AL,0
2025.0,PJM,Solar,20.0,0,0.709,OH,0
2025.0,Southeast,Hybrid,190.0,2,0.131,AL,0
2025.0,Southeast,Hybrid,148.0,2,0.731,AL,0
2025.0,PJM,Solar,10.0,0,0.709,OH,0
2025.0,Southeast,Solar,75.0,0,0.709,AL,0
2025.0,Southeast,Hybrid,112.0,2,0.723,AL,0
2025.0,Southeast,Solar,91.0,0,0.709,AL,0
2025.0,Southeast,Solar,165.0,0,0.709,MS,0
2025.0,Southeast,Hybrid,199.0,0,0.709,AL,0
2025.0,Southeast,Hybrid,130.0,2,0.649,MS,0
2025.0,Southeast,Battery,199.0,0,0.709,AL,0
2025.0,Southeast,Hybrid,200.0,0,0.706,AL,0
2025.0,Southeast,Solar,156.0,2,0.643,AL,0
2025.0,MISO,Solar,270.0,0,0.706,LA,0
2025.0,Southeast,Solar,195.0,0,0.706,AL,0
2025.0,Southeast,Hybrid,199.0,0,0.706,GA,0
2025.0,Southeast,Battery,325.0,0,0.706,GA,0
2025.0,Southeast,Solar,199.0,0,0.706,AL,0
2025.0,Southeast,Solar,199.0,2,0.159,AL,0
2025.0,Southeast,Solar,80.0,2,0.643,AL,0
2025.0,Southeast,Hybrid,160.0,0,0.706,AL,0
2025.0,Southeast,Hybrid,200.0,0,0.706,AL,0
2025.0,Southeast,Solar,80.0,2,0.46,AL,0
2025.0,Southeast,Gas,707.0,0,0.706,AL,0
2025.0,Southeast,Solar,200.0,0,0.706,AL,0
2025.0,Southeast,Solar,110.0,0,0.706,AL,0
2025.0,Southeast,Solar,175.0,2,0.726,GA,0
2025.0,Southeast,Solar,195.0,2,0.153,GA,0
2025.0,Southeast,Hybrid,92.0,0,0.706,GA,0
2025.0,Southeast,Battery,450.0,2,0.646,GA,0
2025.0,Southeast,Battery,450.0,0,0.706,GA,0
2025.0,Southeast,Hybrid,88.0,0,0.706,GA,0
2025.0,Southeast,Solar,195.0,2,0.726,AL,0
2025.0,Southeast,Solar,195.0,2,0.726,AL,0
2025.0,Southeast,Solar,120.0,0,0.706,GA,0
2025.0,MISO,Wind,100.0,0,0.706,IL,0
2025.0,MISO,Solar,300.0,0,0.706,MO,0
2025.0,Southeast,Solar,170.0,0,0.706,AL,0
2025.0,MISO,Battery,400.0,0,0.706,MI,0
2025.0,ERCOT,Solar,101.6,0,0.706,TX,0
2025.0,MISO,Solar,300.0,2,0.515,MO,0
2025.0,ERCOT,Solar,150.7,0,0.706,TX,0
2025.0,MISO,Solar,200.0,0,0.706,MO,0
2025.0,Southeast,Battery,600.0,0,0.706,GA,0
2025.0,MISO,Wind,340.0,0,0.706,IL,0
2025.0,Southeast,Hybrid,150.0,2,0.663,GA,0
2025.0,MISO,Battery,360.0,0,0.706,MI,0
2025.0,West,Solar,50.0,0,0.704,CO,0
2025.0,West,Battery,100.0,0,0.704,WA,0
2025.0,ERCOT,Solar,86.9,0,0.698,TX,0
2025.0,ERCOT,Solar,205.9,0,0.695,TX,0
2025.0,ERCOT,Solar,115.4,0,0.695,TX,0
2025.0,ERCOT,Hybrid,503.1,0,0.695,TX,0
2025.0,ERCOT,Battery,104.0,0,0.695,TX,0
2025.0,ERCOT,Hybrid,503.3,0,0.695,TX,0
2025.0,ERCOT,Battery,307.4,0,0.695,TX,0
2025.0,ERCOT,Wind,54.0,0,0.695,TX,0
2025.0,Southeast,Gas,20.0,0,0.695,SC,0
2025.0,ERCOT,Solar,500.0,0,0.695,TX,0
2025.0,ERCOT,Solar,500.0,0,0.695,TX,0
2025.0,ERCOT,Gas,495.3,0,0.695,TX,0
2025.0,ERCOT,Hybrid,301.4,0,0.695,TX,0
2025.0,ERCOT,Battery,201.8,0,0.695,TX,0
2025.0,ERCOT,Battery,301.8,0,0.695,TX,0
2025.0,ERCOT,Hybrid,310.8,0,0.695,TX,0
2025.0,ERCOT,Hybrid,234.9,0,0.695,TX,0
2025.0,ERCOT,Hybrid,82.8,0,0.695,TX,0
2025.0,ERCOT,Solar,300.0,0,0.695,TX,0
2025.0,ERCOT,Wind,251.3,0,0.695,TX,0
2025.0,ERCOT,Gas,655.0,0,0.695,TX,0
2025.0,MISO,Wind,240.0,2,0.663,MN,0
2025.0,ERCOT,Hybrid,51.3,0,0.695,TX,0
2025.0,ERCOT,Hybrid,151.3,0,0.695,TX,0
2025.0,ERCOT,Battery,409.7,0,0.695,TX,0
2025.0,ERCOT,Solar,301.0,0,0.695,TX,0
2025.0,MISO,Battery,200.0,0,0.693,IL,0
2025.0,MISO,Wind,300.0,2,0.704,IL,0
2025.0,ERCOT,Hybrid,160.2,0,0.684,TX,0
2025.0,West,Solar,400.0,0,0.684,CO,0
2025.0,ERCOT,Hybrid,104.5,0,0.684,TX,0
2025.0,ERCOT,Hybrid,103.8,0,0.684,TX,0
2025.0,ERCOT,Hybrid,150.3,0,0.684,TX,0
2025.0,ERCOT,Battery,205.7,0,0.684,TX,0
2025.0,ERCOT,Wind,282.3,0,0.684,TX,0
2025.0,ERCOT,Battery,10.0,0,0.684,TX,0
2025.0,MISO,Solar,80.0,0,0.684,MN,0
2025.0,ERCOT,Hybrid,40.2,0,0.684,TX,0
2025.0,ERCOT,Hybrid,245.7,0,0.684,TX,0
2025.0,West,Hybrid,100.0,0,0.684,AZ,1
2025.0,ERCOT,Hybrid,142.5,0,0.684,TX,0
2025.0,ERCOT,Battery,246.5,0,0.684,TX,0
2025.0,West,Hybrid,400.0,0,0.684,CO,0
2025.0,West,Other,300.0,0,0.684,AZ,1
2025.0,ERCOT,Hybrid,1.6,0,0.684,TX,0
2025.0,ERCOT,Battery,203.8,0,0.684,TX,0
2025.0,ERCOT,Hybrid,150.3,0,0.684,TX,0
2025.0,ERCOT,Battery,201.2,0,0.674,TX,0
2025.0,West,Hybrid,160.0,2,0.476,WA,0
2025.0,ERCOT,Battery,204.9,0,0.674,TX,0
2025.0,ERCOT,Wind,212.9,0,0.674,TX,0
2025.0,MISO,Solar,21.4,0,0.674,IL,0
2025.0,West,Hybrid,750.0,0,0.674,CO,1
2025.0,MISO,Solar,343.0,0,0.674,IL,0
2025.0,West,Hybrid,375.0,0,0.674,WA,0
2025.0,MISO,Gas,2220.0,0,0.674,MO,0
2025.0,West,Hybrid,54.0,2,0.334,WA,1
2025.0,MISO,Solar,245.0,0,0.674,MO,0
2025.0,West,Hybrid,150.0,2,0.285,WA,0
2025.0,MISO,Nuclear,21.0,0,0.671,IL,0
2025.0,West,Battery,100.0,2,0.23,CO,0
2025.0,West,Wind,200.0,0,0.671,WA,0
2025.0,West,Hybrid,199.0,2,0.345,WA,0
2025.0,West,Hybrid,150.0,2,0.345,WA,0
2025.0,West,Wind,199.0,0,0.671,WA,0
2025.0,MISO,Solar,200.0,0,0.671,IL,0
2025.0,West,Wind,175.0,0,0.671,CO,0
2025.0,West,Battery,250.0,0,0.671,WA,0
2025.0,West,Wind,300.0,0,0.671,WA,0
2025.0,West,Hybrid,360.0,0,0.671,CO,0
2025.0,MISO,Battery,200.0,0,0.671,IL,0
2025.0,West,Wind,200.0,0,0.671,WA,0
2025.0,West,Hybrid,300.0,0,0.671,CO,0
2025.0,West,Wind,150.0,2,0.539,WA,0
2025.0,West,Hybrid,800.0,0,0.671,CO,0
2025.0,West,Hybrid,325.0,0,0.671,CO,0
2025.0,West,Solar,5.0,2,0.531,WA,0
2025.0,MISO,Solar,200.0,2,0.682,IN,0
2025.0,West,Wind,75.0,0,0.668,CO,0
2025.0,West,Hybrid,355.0,0,0.668,CO,0
2025.0,MISO,Gas,500.0,0,0.668,IN,0
2025.0,MISO,Gas,324.0,0,0.668,WI,0
2025.0,MISO,Wind,250.0,0,0.665,IL,0
2025.0,MISO,Solar,150.0,2,0.679,IN,0
2025.0,MISO,Solar,392.0,2,0.682,IL,0
2025.0,MISO,Gas,1499.0,0,0.657,MI,0
2025.0,MISO,Gas,1499.0,0,0.657,MI,0
2025.0,West,Other,500.0,0,0.657,AZ,1
2025.0,Southeast,Battery,20.0,0,0.657,FL,0
2025.0,Southeast,Solar,19.5,0,0.654,FL,0
2025.0,West,Other,400.0,0,0.654,AZ,1
2025.0,Southeast,Solar,74.5,0,0.654,FL,0
2025.0,Southeast,Solar,74.5,0,0.654,FL,0
2025.0,West,Other,275.0,0,0.652,AZ,1
2025.0,MISO,Wind,289.8,0,0.652,IA,0
2025.0,MISO,Battery,200.0,0,0.652,MI,0
2025.0,West,Battery,350.0,0,0.652,AZ,1
2025.0,West,Other,200.0,0,0.652,AZ,1
2025.0,West,Other,300.0,0,0.652,AZ,1
2025.0,West,Other,150.0,0,0.652,AZ,1
2025.0,West,Other,130.0,0,0.652,AZ,1
2025.0,West,Other,400.0,0,0.649,AZ,1
2025.0,MISO,Solar,136.0,2,0.652,IL,0
2025.0,MISO,Hybrid,170.0,0,0.646,MI,0
2025.0,MISO,Gas,481.0,2,0.334,WI,0
2025.0,West,Other,180.0,0,0.638,AZ,1
2025.0,MISO,Solar,245.0,0,0.638,IL,0
2025.0,West,Other,535.0,0,0.638,AZ,1
2025.0,West,Hybrid,300.0,0,0.635,NM,0
2025.0,West,Other,250.0,0,0.635,AZ,1
2025.0,West,Other,300.0,0,0.635,AZ,0
2025.0,PJM,Gas,52.0,0,0.635,IN,0
2025.0,West,Other,330.0,0,0.635,AZ,0
2025.0,West,Other,250.0,0,0.635,AZ,1
2025.0,West,Other,250.0,0,0.635,AZ,1
2025.0,West,Other,250.0,0,0.635,AZ,1
2025.0,West,Other,50.0,0,0.635,AZ,1
2025.0,West,Other,500.0,0,0.632,AZ,0
2025.0,PJM,Solar,80.0,0,0.632,KY,0
2025.0,West,Other,200.0,0,0.63,AZ,1
2025.0,West,Other,300.0,0,0.63,AZ,1
2025.0,West,Other,350.0,0,0.63,AZ,1
2025.0,West,Other,200.0,0,0.63,AZ,1
2025.0,MISO,Wind,150.0,0,0.63,IL,0
2025.0,West,Other,500.0,0,0.63,AZ,0
2025.0,MISO,Solar,299.0,0,0.63,MN,0
2025.0,West,Other,10.8,0,0.63,AZ,1
2025.0,MISO,Hybrid,200.0,0,0.63,AR,0
2025.0,MISO,Hybrid,300.0,0,0.63,AR,0
2025.0,West,Other,500.0,0,0.627,AZ,0
2025.0,Southeast,Other,30.0,0,0.627,NC,0
2025.0,Southeast,Other,30.0,0,0.627,NC,0
2025.0,West,Other,55.0,0,0.627,AZ,1
2025.0,Southeast,Gas,55.6,0,0.619,SC,0
2025.0,MISO,Solar,180.0,0,0.619,MI,0
2025.0,Southeast,Gas,55.6,0,0.619,SC,0
2025.0,Southeast,Gas,100.0,0,0.619,SC,0
2025.0,West,Other,250.0,0,0.619,NM,0
2025.0,Southeast,Gas,55.6,0,0.619,SC,0
2025.0,Southeast,Gas,55.6,0,0.619,SC,0
2025.0,Southeast,Gas,55.6,0,0.619,SC,0
2025.0,Southeast,Solar,29.7,0,0.619,SC,0
2025.0,Southeast,Gas,55.6,0,0.619,SC,0
2025.0,Southeast,Gas,55.6,0,0.619,SC,0
2025.0,Southeast,Gas,55.6,0,0.619,SC,0
2025.0,Southeast,Gas,55.6,0,0.619,SC,0
2025.0,Southeast,Gas,55.6,0,0.619,SC,0
2025.0,ERCOT,Battery,206.6,0,0.619,TX,0
2025.0,Southeast,Solar,60.0,0,0.619,SC,0
2025.0,MISO,Hybrid,50.3,0,0.616,WI,0
2025.0,MISO,Battery,300.0,0,0.616,MI,0
2025.0,West,Other,125.0,0,0.613,AZ,1
2025.0,West,Battery,75.0,0,0.613,AZ,1
2025.0,MISO,Battery,250.0,0,0.613,MI,0
2025.0,West,Other,500.0,0,0.613,AZ,1
2025.0,West,Other,161.0,0,0.613,AZ,0
2025.0,West,Other,1000.0,0,0.613,AZ,0
2025.0,West,Other,330.0,0,0.613,AZ,1
2025.0,MISO,Gas,1203.0,0,0.613,WI,0
2025.0,Southeast,Solar,80.0,0,0.611,MO,0
2025.0,West,Hybrid,195.0,0,0.611,NM,0
2025.0,MISO,Gas,1509.0,2,0.624,LA,0
2025.0,ERCOT,Battery,10.0,0,0.611,TX,0
2025.0,ERCOT,Battery,10.0,0,0.611,TX,0
2025.0,MISO,Solar,188.0,0,0.608,IL,0
2025.0,ERCOT,Hybrid,500.0,0,0.597,TX,0
2025.0,ERCOT,Gas,506.4,0,0.597,TX,0
2025.0,ERCOT,Hybrid,146.6,0,0.597,TX,0
2025.0,ERCOT,Solar,40.6,0,0.597,TX,0
2025.0,MISO,Gas,470.0,0,0.597,IN,0
2025.0,ERCOT,Hybrid,251.7,0,0.597,TX,0
2025.0,ERCOT,Hybrid,261.3,0,0.597,TX,0
2025.0,ERCOT,Hybrid,261.1,0,0.597,TX,0
2025.0,ERCOT,Solar,40.3,0,0.597,TX,0
2025.0,MISO,Wind,250.0,2,0.613,AR,0
2025.0,Southeast,Gas,55.6,0,0.591,SC,0
2025.0,Southeast,Gas,55.6,0,0.591,SC,0
2025.0,Southeast,Gas,457.6,0,0.591,SC,0
2025.0,Southeast,Battery,100.0,0,0.591,SC,0
2025.0,Southeast,Hybrid,60.0,0,0.591,SC,0
2025.0,Southeast,Battery,199.0,0,0.591,SC,0
2025.0,Southeast,Gas,457.6,0,0.591,SC,0
2025.0,Southeast,Gas,55.6,0,0.591,SC,0
2025.0,Southeast,Gas,207.5,0,0.591,SC,0
2025.0,Southeast,Gas,55.6,0,0.591,SC,0
2025.0,Southeast,Battery,250.0,0,0.591,SC,0
2025.0,ERCOT,Gas,10.0,0,0.591,TX,0
2025.0,MISO,Battery,200.0,0,0.591,AR,0
2025.0,Southeast,Battery,199.0,0,0.591,SC,0
2025.0,Southeast,Gas,207.5,0,0.591,SC,0
2025.0,West,Other,250.0,0,0.589,AZ,0
2025.0,MISO,Solar,364.5,2,0.553,MN,0
2025.0,PJM,Other,108.0,2,0.008,MD,0
2025.0,MISO,Gas,442.0,2,0.575,SD,0
2025.0,West,Hybrid,500.0,0,0.589,NV,1
2025.0,Southeast,Other,63.9,0,0.583,SC,0
2025.0,West,Battery,100.0,0,0.58,UT,0
2025.0,West,Battery,80.0,0,0.58,WY,0
2025.0,West,Battery,200.0,0,0.58,UT,0
2025.0,Southeast,Battery,74.9,0,0.58,SC,0
2025.0,Southeast,Battery,55.0,0,0.58,SC,0
2025.0,Southeast,Solar,150.0,0,0.58,SC,0
2025.0,ERCOT,Hybrid,503.5,0,0.578,TX,0
2025.0,ERCOT,Gas,104.4,0,0.578,TX,0
2025.0,MISO,Hybrid,85.0,0,0.578,AR,0
2025.0,West,Battery,150.0,0,0.575,TX,0
2025.0,ERCOT,Other,76.5,1,0.471,TX,1
2025.0,ERCOT,Wind,709.1,0,0.572,TX,0
2025.0,ERCOT,Hybrid,503.1,0,0.572,TX,0
2025.0,ERCOT,Hybrid,63.3,0,0.572,TX,0
2025.0,ERCOT,Hybrid,1043.1,0,0.572,TX,0
2025.0,ERCOT,Wind,971.0,0,0.572,TX,0
2025.0,ERCOT,Other,60.0,1,0.422,TX,1
2025.0,ERCOT,Battery,155.0,0,0.572,TX,0
2025.0,ERCOT,Battery,302.0,0,0.572,TX,0
2025.0,ERCOT,Battery,359.1,0,0.572,TX,0
2025.0,ERCOT,Battery,201.3,0,0.572,TX,0
2025.0,ERCOT,Hybrid,120.7,0,0.572,TX,0
2025.0,ERCOT,Battery,100.6,0,0.572,TX,0
2025.0,ERCOT,Wind,302.9,0,0.572,TX,0
2025.0,ERCOT,Battery,152.0,0,0.572,TX,0
2025.0,West,Battery,250.0,0,0.572,TX,0
2025.0,West,Hybrid,195.0,0,0.569,NM,0
2025.0,MISO,Wind,350.0,0,0.569,MI,0
2025.0,MISO,Hybrid,175.0,0,0.561,IL,0
2025.0,MISO,Solar,113.0,2,0.575,AR,0
2025.0,West,Hybrid,199.0,0,0.559,TX,0
2025.0,West,Hybrid,199.0,0,0.559,NM,0
2025.0,West,Hybrid,150.0,0,0.559,NM,0
2025.0,West,Hybrid,199.0,0,0.556,TX,0
2025.0,ERCOT,Battery,301.6,0,0.556,TX,0
2025.0,ERCOT,Solar,506.2,0,0.556,TX,0
2025.0,ERCOT,Hybrid,100.0,0,0.553,TX,0
2025.0,ERCOT,Hybrid,100.0,0,0.553,TX,0
2025.0,ERCOT,Solar,167.6,0,0.553,TX,0
2025.0,ERCOT,Solar,167.6,0,0.553,TX,0
2025.0,MISO,Solar,220.0,0,0.553,IL,0
2025.0,ERCOT,Battery,155.2,0,0.553,TX,0
2025.0,ERCOT,Wind,196.1,0,0.55,TX,0
2025.0,West,Hybrid,199.0,0,0.55,TX,0
2025.0,ERCOT,Wind,195.4,0,0.55,TX,0
2025.0,West,Battery,400.0,0,0.55,NM,0
2025.0,West,Hybrid,200.0,0,0.55,NM,0
2025.0,MISO,Solar,156.8,2,0.526,IL,0
2025.0,MISO,Solar,70.0,0,0.55,IN,0
2025.0,West,Battery,300.0,0,0.55,NM,0
2025.0,MISO,Solar,200.0,0,0.55,IN,0
2025.0,MISO,Battery,200.0,0,0.542,IN,0
2025.0,MISO,Battery,200.0,0,0.542,AR,0
2025.0,Southeast,Other,6.3,0,0.542,NC,0
2025.0,MISO,Battery,100.0,0,0.539,IL,0
2025.0,Southeast,Battery,99.0,0,0.537,NC,0
2025.0,Southeast,Battery,199.0,0,0.537,NC,0
2025.0,Southeast,Battery,250.0,0,0.537,NC,0
2025.0,Southeast,Battery,99.0,0,0.537,SC,0
2025.0,MISO,Battery,200.0,0,0.537,AR,0
2025.0,Southeast,Battery,99.0,0,0.537,SC,0
2025.0,Southeast,Battery,199.0,0,0.537,NC,0
2025.0,ERCOT,Battery,250.0,2,0.09,TX,0
2025.0,MISO,Hybrid,80.0,0,0.537,AR,0
2025.0,Southeast,Battery,99.0,0,0.537,SC,0
2025.0,Southeast,Battery,250.0,0,0.537,NC,0
2025.0,ERCOT,Hybrid,103.4,0,0.534,TX,0
2025.0,ERCOT,Battery,120.6,0,0.534,TX,0
2025.0,ERCOT,Battery,200.7,0,0.534,TX,0
2025.0,ERCOT,Solar,301.6,0,0.534,TX,0
2025.0,ERCOT,Battery,201.9,0,0.534,TX,0
2025.0,ERCOT,Battery,200.6,0,0.534,TX,0
2025.0,ERCOT,Solar,167.6,0,0.534,TX,0
2025.0,ERCOT,Gas,880.0,0,0.534,TX,0
2025.0,ERCOT,Gas,880.0,0,0.534,TX,0
2025.0,ERCOT,Battery,303.6,0,0.534,TX,0
2025.0,ERCOT,Solar,281.0,0,0.534,TX,0
2025.0,ERCOT,Battery,200.7,0,0.534,TX,0
2025.0,ERCOT,Solar,301.9,0,0.534,TX,0
2025.0,ERCOT,Hybrid,553.7,0,0.534,TX,0
2025.0,ERCOT,Hybrid,100.0,0,0.534,TX,0
2025.0,Southeast,Battery,4.1,0,0.534,NC,0
2025.0,ERCOT,Battery,10.0,0,0.534,TX,1
2025.0,ERCOT,Hybrid,202.2,0,0.534,TX,0
2025.0,ERCOT,Battery,287.2,0,0.534,TX,0
2025.0,ERCOT,Hybrid,1042.9,0,0.534,TX,0
2025.0,Southeast,Battery,3.1,0,0.523,NC,0
2025.0,Southeast,Battery,199.0,0,0.523,NC,0
2025.0,Southeast,Battery,199.0,0,0.523,NC,0
2025.0,Southeast,Other,199.0,0,0.523,NC,0
2025.0,Southeast,Other,300.0,0,0.523,NC,1
2025.0,Southeast,Other,150.0,0,0.523,NC,0
2025.0,Southeast,Solar,6.0,0,0.523,SC,0
2025.0,West,Other,54.0,0,0.523,OR,0
2025.0,Southeast,Gas,495.0,0,0.52,NC,0
2025.0,Southeast,Gas,88.4,0,0.52,NC,0
2025.0,MISO,Other,300.0,0,0.52,AR,0
2025.0,Southeast,Solar,1.5,0,0.52,SC,0
2025.0,Southeast,Gas,810.0,0,0.52,NC,0
2025.0,Southeast,Gas,990.0,0,0.52,NC,0
2025.0,Southeast,Gas,1394.9,0,0.517,NC,0
2025.0,Southeast,Other,1.5,0,0.515,NC,0
2025.0,Southeast,Gas,260.0,0,0.515,NC,0
2025.0,Southeast,Other,22.0,0,0.515,NC,0
2025.0,Southeast,Solar,5.0,0,0.512,SC,0
2025.0,Southeast,Solar,5.0,0,0.512,SC,0
2025.0,Southeast,Solar,5.0,0,0.512,SC,0
2025.0,Southeast,Solar,80.0,0,0.512,NC,0
2025.0,Southeast,Solar,80.0,0,0.512,NC,0
2025.0,Southeast,Solar,3.2,0,0.512,SC,0
2025.0,Southeast,Solar,4.0,0,0.504,NC,0
2025.0,Southeast,Solar,5.0,0,0.504,NC,0
2025.0,Southeast,Solar,19.9,0,0.504,SC,0
2025.0,Southeast,Gas,1620.0,0,0.504,NC,0
2025.0,Southeast,Solar,74.9,0,0.504,SC,0
2025.0,Southeast,Solar,19.9,0,0.504,SC,0
2025.0,Southeast,Solar,49.9,0,0.504,NC,0
2025.0,Southeast,Solar,74.9,0,0.504,NC,0
2025.0,Southeast,Solar,74.9,0,0.504,NC,0
2025.0,Southeast,Solar,5.0,0,0.504,NC,0
2025.0,Southeast,Solar,5.0,0,0.504,NC,0
2025.0,Southeast,Solar,5.0,0,0.504,NC,0
2025.0,Southeast,Solar,5.0,0,0.504,NC,0
2025.0,Southeast,Other,80.0,0,0.504,NC,0
2025.0,Southeast,Solar,5.0,0,0.504,NC,0
2025.0,MISO,Solar,100.0,0,0.504,IA,0
2025.0,Southeast,Other,80.0,0,0.504,NC,0
2025.0,MISO,Solar,160.0,2,0.501,AR,0
2025.0,PJM,Hybrid,40.0,0,0.501,VA,0
2025.0,Southeast,Nuclear,50.0,0,0.501,TN,0
2025.0,ERCOT,Solar,502.6,0,0.498,TX,0
2025.0,MISO,Battery,100.0,0,0.496,IN,0
2025.0,MISO,Hybrid,175.0,0,0.496,IL,0
2025.0,Southeast,Gas,691.6,0,0.496,TN,0
2025.0,ERCOT,Solar,272.6,0,0.485,TX,0
2025.0,ERCOT,Wind,492.8,0,0.485,TX,0
2025.0,ERCOT,Solar,110.8,0,0.485,TX,0
2025.0,ERCOT,Battery,154.3,0,0.485,TX,0
2025.0,ERCOT,Solar,502.6,0,0.485,TX,0
2025.0,ERCOT,Gas,113.0,0,0.485,TX,0
2025.0,ERCOT,Solar,301.6,0,0.485,TX,0
2025.0,ERCOT,Hybrid,191.0,0,0.485,TX,0
2025.0,ERCOT,Gas,113.0,0,0.485,TX,0
2025.0,ERCOT,Battery,200.6,0,0.485,TX,0
2025.0,MISO,Battery,200.0,0,0.482,IA,0
2025.0,Southeast,Solar,150.0,0,0.479,GA,0
2025.0,Southeast,Solar,68.0,0,0.476,TN,0
2025.0,Southeast,Other,145.0,0,0.476,SC,0
2025.0,MISO,Battery,75.0,0,0.474,IA,0
2025.0,ERCOT,Battery,10.0,0,0.474,TX,1
2025.0,West,Other,250.0,0,0.465,CA,0
2025.0,MISO,Solar,89.0,0,0.465,WI,0
2025.0,West,Battery,200.0,0,0.465,CA,0
2025.0,MISO,Solar,150.0,0,0.465,MN,0
2025.0,West,Other,400.0,0,0.465,CA,0
2025.0,MISO,Hybrid,200.0,0,0.46,MO,0
2025.0,MISO,Hybrid,200.0,0,0.46,MO,0
2025.0,MISO,Solar,100.0,0,0.457,MS,0
2025.0,Southeast,Other,70.0,0,0.457,NC,0
2025.0,West,Battery,200.0,0,0.457,NM,0
2025.0,MISO,Battery,100.0,0,0.454,IN,0
2025.0,West,Battery,200.0,0,0.454,CO,0
2025.0,West,Battery,50.0,0,0.454,CO,0
2025.0,ERCOT,Wind,306.0,0,0.446,TX,0
2025.0,West,Hybrid,800.0,0,0.446,WA,0
2025.0,West,Hybrid,800.0,0,0.446,WA,0
2025.0,West,Hybrid,800.0,0,0.444,WA,0
2025.0,West,Hybrid,800.0,0,0.444,WA,0
2025.0,ERCOT,Hybrid,205.7,0,0.444,TX,0
2025.0,ERCOT,Gas,400.0,0,0.444,TX,0
2025.0,Southeast,Battery,250.0,0,0.441,KY,0
2025.0,Southeast,Battery,200.0,0,0.441,KY,0
2025.0,MISO,Hybrid,150.0,0,0.438,AR,0
2025.0,Southeast,Gas,460.0,0,0.435,MO,0
2025.0,Southeast,Other,50.0,0,0.435,NC,0
2025.0,MISO,Nuclear,735.0,0,0.435,MI,0
2025.0,West,Battery,79.0,0,0.435,CO,0
2025.0,Southeast,Gas,460.0,0,0.435,MO,0
2025.0,Southeast,Gas,460.0,0,0.435,OK,0
2025.0,Southeast,Gas,460.0,0,0.435,OK,0
2025.0,Southeast,Gas,460.0,0,0.435,MO,0
2025.0,MISO,Hybrid,200.0,0,0.427,AR,0
2025.0,MISO,Solar,105.0,0,0.427,AR,0
2025.0,MISO,Battery,200.0,0,0.427,MI,0
2025.0,MISO,Hybrid,150.0,0,0.427,AR,0
2025.0,MISO,Battery,100.0,0,0.427,IL,0
2025.0,Southeast,Solar,62.0,0,0.424,TN,0
2025.0,Southeast,Battery,100.0,0,0.424,TN,0
2025.0,Southeast,Battery,300.0,0,0.424,AL,0
2025.0,West,Other,600.0,0,0.424,WY,0
2025.0,ERCOT,Battery,617.6,0,0.424,TX,1
2025.0,MISO,Battery,300.0,0,0.424,WI,1
2025.0,ERCOT,Gas,113.0,0,0.424,TX,0
2025.0,West,Other,19.8,0,0.424,NV,0
2025.0,MISO,Solar,255.0,0,0.424,MI,0
2025.0,ERCOT,Hybrid,426.7,0,0.424,TX,0
2025.0,ERCOT,Wind,298.6,0,0.424,TX,0
2025.0,ERCOT,Wind,200.3,0,0.424,TX,0
2025.0,ERCOT,Hybrid,281.8,0,0.424,TX,0
2025.0,ERCOT,Hybrid,209.2,0,0.424,TX,0
2025.0,ERCOT,Gas,113.0,0,0.424,TX,0
2025.0,ERCOT,Wind,300.9,0,0.424,TX,0
2025.0,ERCOT,Wind,352.6,0,0.424,TX,0
2025.0,ERCOT,Gas,224.5,0,0.424,TX,0
2025.0,ERCOT,Gas,880.0,0,0.424,TX,0
2025.0,ERCOT,Solar,500.0,0,0.424,TX,0
2025.0,ERCOT,Hybrid,205.5,0,0.424,TX,0
2025.0,ERCOT,Solar,63.8,0,0.424,TX,0
2025.0,ERCOT,Wind,300.0,0,0.424,TX,0
2025.0,ERCOT,Hybrid,181.6,0,0.424,TX,0
2025.0,ERCOT,Gas,226.0,0,0.424,TX,0
2025.0,West,Battery,69.0,0,0.422,NV,1
2025.0,West,Hybrid,600.0,0,0.422,NV,0
2025.0,West,Hybrid,156.0,0,0.422,NV,1
2025.0,West,Other,600.0,0,0.422,NV,0
2025.0,West,Other,200.0,0,0.422,NV,0
2025.0,West,Other,200.0,0,0.422,NV,0
2025.0,West,Other,600.0,0,0.422,NV,0
2025.0,West,Other,200.0,0,0.422,NV,0
2025.0,West,Gas,600.0,0,0.422,NV,1
2025.0,West,Other,200.0,0,0.422,NV,0
2025.0,West,Hybrid,500.0,0,0.422,NV,1
2025.0,West,Hybrid,900.0,0,0.422,NV,0
2025.0,West,Gas,600.0,0,0.422,NV,0
2025.0,West,Other,31.0,0,0.422,NV,0
2025.0,West,Gas,400.0,0,0.422,NV,0
2025.0,West,Gas,1000.0,0,0.422,NV,0
2025.0,West,Gas,600.0,0,0.422,NV,0
2025.0,West,Gas,570.0,0,0.422,NV,0
2025.0,West,Battery,250.0,0,0.422,NV,0
2025.0,West,Other,600.0,0,0.422,NV,0
2025.0,West,Battery,150.0,0,0.422,NV,0
2025.0,Southeast,Other,67.0,0,0.422,NC,0
2025.0,West,Hybrid,500.0,0,0.422,AZ,0
2025.0,West,Other,200.0,0,0.422,NV,0
2025.0,West,Other,200.0,0,0.422,WY,0
2025.0,West,Hybrid,199.0,0,0.422,NV,0
2025.0,West,Solar,300.0,0,0.422,CA,0
2025.0,West,Battery,400.0,0,0.422,NV,1
2025.0,West,Battery,500.0,0,0.422,NV,1
2025.0,West,Battery,400.0,0,0.422,NV,0
2025.0,West,Battery,100.0,0,0.422,NV,1
2025.0,West,Other,200.0,0,0.422,NV,0
2025.0,West,Other,38.5,0,0.422,NV,0
2025.0,West,Other,38.5,0,0.422,NV,0
2025.0,West,Other,70.0,0,0.422,NV,0
2025.0,West,Hybrid,1000.0,0,0.422,NV,0
2025.0,West,Battery,199.0,0,0.422,NV,1
2025.0,West,Other,200.0,0,0.422,WY,0
2025.0,West,Other,200.0,0,0.422,WY,0
2025.0,West,Hybrid,600.0,0,0.422,NV,1
2025.0,West,Battery,50.0,0,0.422,NV,1
2025.0,West,Other,500.0,0,0.422,NV,0
2025.0,West,Hybrid,194.0,0,0.422,NV,1
2025.0,West,Gas,40.0,0,0.419,WY,0
2025.0,West,Battery,10.0,0,0.419,WA,0
2025.0,MISO,Other,263.0,0,0.419,IA,0
2025.0,MISO,Hybrid,180.0,0,0.419,TX,0
2025.0,West,Hybrid,198.0,0,0.416,WY,0
2025.0,West,Battery,79.0,0,0.416,WY,0
2025.0,Southeast,Hybrid,250.0,0,0.416,TN,0
2025.0,Southeast,Hybrid,140.0,0,0.416,KY,0
2025.0,Southeast,Gas,528.0,0,0.416,AL,0
2025.0,Southeast,Battery,200.0,0,0.416,MS,0
2025.0,Southeast,Other,150.0,0,0.408,NC,0
2025.0,Southeast,Other,300.0,0,0.408,NC,1
2025.0,MISO,Gas,820.0,0,0.402,MS,0
2025.0,MISO,Gas,267.8,0,0.402,IN,0
2025.0,MISO,Battery,313.9,0,0.402,MN,0
2025.0,MISO,Battery,310.0,0,0.402,MN,0
2025.0,MISO,Gas,1211.2,0,0.402,WI,0
2025.0,MISO,Solar,310.2,0,0.402,MO,0
2025.0,MISO,Gas,1640.0,0,0.402,LA,0
2025.0,MISO,Wind,360.0,0,0.402,IA,0
2025.0,MISO,Gas,1211.2,0,0.402,WI,0
2025.0,MISO,Battery,257.9,0,0.402,MO,0
2025.0,MISO,Battery,432.0,0,0.402,MI,0
2025.0,MISO,Solar,213.2,0,0.402,MI,0
2025.0,MISO,Solar,105.8,0,0.402,MN,0
2025.0,MISO,Battery,310.0,0,0.402,IN,0
2025.0,MISO,Gas,393.6,0,0.402,MN,0
2025.0,MISO,Battery,207.9,0,0.402,LA,0
2025.0,MISO,Solar,86.8,0,0.402,MN,0
2025.0,MISO,Gas,986.9,2,0.268,IA,1
2025.0,MISO,Gas,2739.8,0,0.402,IN,0
2025.0,MISO,Battery,313.9,0,0.402,MN,0
2025.0,MISO,Wind,456.8,0,0.402,ND,0
2025.0,MISO,Gas,478.0,0,0.402,LA,0
2025.0,MISO,Gas,820.0,0,0.402,TX,0
2025.0,MISO,Gas,820.0,0,0.402,MS,0
2025.0,MISO,Gas,478.0,0,0.402,TX,0
2025.0,MISO,Battery,526.7,0,0.402,IN,0
2025.0,MISO,Gas,1089.8,0,0.402,IN,0
2025.0,MISO,Wind,162.0,0,0.402,MN,0
2025.0,MISO,Gas,454.8,0,0.402,WI,0
2025.0,MISO,Gas,454.8,0,0.402,WI,0
2025.0,MISO,Gas,428.0,0,0.402,MN,0
2025.0,MISO,Gas,798.2,0,0.402,IA,0
2025.0,MISO,Battery,90.7,0,0.402,MN,0
2025.0,MISO,Battery,248.0,0,0.402,MI,0
2025.0,MISO,Solar,179.5,0,0.402,MI,0
2025.0,MISO,Battery,213.5,0,0.402,MN,0
2025.0,MISO,Solar,127.8,0,0.402,IL,0
2025.0,MISO,Gas,265.0,0,0.402,IA,0
2025.0,MISO,Wind,202.5,2,0.09,ND,0
2025.0,MISO,Gas,1640.0,2,0.063,LA,0
2025.0,MISO,Gas,770.0,2,0.063,LA,0
2025.0,MISO,Gas,1640.0,2,0.063,LA,0
2025.0,MISO,Nuclear,675.5,2,0.307,IA,1
2025.0,MISO,Battery,104.3,0,0.4,MI,0
2025.0,MISO,Solar,150.0,0,0.4,MI,0
2025.0,West,Battery,150.0,0,0.397,CO,0
2025.0,West,Hybrid,690.0,0,0.394,UT,0
2025.0,MISO,Gas,49.5,0,0.389,MN,0
2025.0,West,Gas,115.0,0,0.389,WY,0
2025.0,West,Gas,115.0,0,0.389,WY,0
2025.0,MISO,Battery,130.0,0,0.389,IN,0
2025.0,MISO,Gas,265.0,0,0.386,SD,0
2025.0,MISO,Gas,641.8,0,0.386,IN,0
2025.0,Southeast,Other,275.0,0,0.386,NC,0
2025.0,MISO,Solar,178.0,0,0.383,MI,0
2025.0,MISO,Battery,630.4,0,0.383,IN,0
2025.0,MISO,Solar,160.0,0,0.383,MI,0
2025.0,ERCOT,Hybrid,127.4,0,0.383,TX,0
2025.0,West,Other,20.0,0,0.383,NV,0
2025.0,West,Other,20.0,0,0.383,NV,0
2025.0,ERCOT,Hybrid,130.4,0,0.383,TX,0
2025.0,West,Other,20.0,0,0.383,NV,0
2025.0,MISO,Gas,425.0,0,0.383,MI,0
2025.0,MISO,Gas,664.0,0,0.383,MI,0
2025.0,MISO,Solar,190.0,0,0.383,MI,0
2025.0,Southeast,Gas,752.0,0,0.381,TN,0
2025.0,West,Gas,20.0,0,0.378,OR,0
2025.0,West,Other,20.0,0,0.378,UT,0
2025.0,West,Other,20.0,0,0.378,UT,0
2025.0,West,Other,20.0,0,0.378,UT,0
2025.0,ERCOT,Solar,400.0,0,0.37,TX,0
2025.0,ERCOT,Solar,415.0,0,0.37,TX,0
2025.0,ERCOT,Wind,474.4,0,0.37,TX,0
2025.0,ERCOT,Gas,251.5,0,0.37,TX,0
2025.0,ERCOT,Gas,334.4,0,0.37,TX,0
2025.0,ERCOT,Wind,197.8,0,0.37,TX,0
2025.0,ERCOT,Wind,197.8,0,0.37,TX,0
2025.0,ERCOT,Hybrid,205.3,0,0.37,TX,0
2025.0,ERCOT,Gas,334.7,0,0.37,TX,0
2025.0,MISO,Solar,110.0,0,0.367,MI,0
2025.0,MISO,Solar,168.8,0,0.367,IL,0
2025.0,Southeast,Other,80.0,0,0.367,NC,0
2025.0,MISO,Solar,125.0,0,0.367,MN,0
2025.0,MISO,Solar,129.0,0,0.364,MN,0
2025.0,MISO,Battery,129.0,2,0.37,MN,0
2025.0,MISO,Solar,200.0,0,0.361,LA,0
2025.0,MISO,Solar,197.5,0,0.361,AR,0
2025.0,ERCOT,Hybrid,103.4,0,0.361,TX,0
2025.0,MISO,Solar,120.0,0,0.361,MS,0
2025.0,West,Hybrid,20.0,0,0.359,UT,0
2025.0,MISO,Battery,250.0,0,0.359,MI,0
2025.0,MISO,Solar,127.4,0,0.359,MN,0
2025.0,Southeast,Other,70.0,0,0.359,NC,0
2025.0,MISO,Battery,100.0,0,0.359,MN,0
2025.0,Southeast,Other,80.0,0,0.359,NC,0
2025.0,Southeast,Other,80.0,0,0.359,NC,0
2025.0,MISO,Solar,100.0,0,0.35,TX,0
2025.0,ERCOT,Hybrid,301.4,0,0.348,TX,0
2025.0,West,Hybrid,500.0,0,0.348,OR,1
2025.0,ERCOT,Hybrid,310.2,0,0.348,TX,0
2025.0,ERCOT,Hybrid,301.1,0,0.348,TX,0
2025.0,MISO,Nuclear,64.0,0,0.348,IA,1
2025.0,MISO,Nuclear,200.0,0,0.348,IA,1
2025.0,MISO,Nuclear,100.0,0,0.348,IA,1
2025.0,MISO,Battery,200.0,0,0.348,IA,0
2025.0,ERCOT,Solar,312.4,0,0.348,TX,0
2025.0,MISO,Nuclear,251.0,0,0.348,IA,1
2025.0,West,Hybrid,50.0,0,0.345,OR,1
2025.0,MISO,Wind,310.0,0,0.345,IA,0
2025.0,ERCOT,Gas,990.6,0,0.345,TX,0
2025.0,West,Hybrid,20.0,0,0.345,OR,0
2025.0,West,Hybrid,20.0,0,0.345,OR,0
2025.0,MISO,Gas,1640.0,0,0.342,LA,0
2025.0,MISO,Gas,1640.0,0,0.342,LA,0
2025.0,MISO,Gas,770.0,0,0.342,LA,0
2025.0,West,Nuclear,500.0,0,0.342,UT,0
2025.0,MISO,Solar,75.0,0,0.342,LA,0
2025.0,West,Wind,500.0,0,0.342,,0
2025.0,West,Wind,500.0,0,0.339,,0
2025.0,MISO,Wind,198.0,0,0.339,MI,0
2025.0,West,Hybrid,359.3,0,0.339,WA,0
2025.0,Southeast,Other,199.0,0,0.339,NC,0
2025.0,Southeast,Other,199.0,0,0.339,NC,0
2025.0,Southeast,Other,199.0,0,0.339,NC,0
2025.0,West,Other,3.6,0,0.339,UT,0
2025.0,West,Battery,0.3,0,0.339,MT,0
2025.0,West,Gas,56.0,0,0.339,UT,0
2025.0,West,Gas,55.0,0,0.339,UT,1
2025.0,West,Gas,25.0,0,0.339,UT,1
2025.0,West,Gas,7.0,0,0.339,UT,1
2025.0,West,Gas,599.7,0,0.339,WY,0
2025.0,MISO,Battery,200.0,0,0.334,MO,0
2025.0,MISO,Battery,100.0,0,0.334,MS,0
2025.0,West,Gas,363.2,0,0.329,UT,0
2025.0,MISO,Solar,220.0,0,0.329,LA,0
2025.0,MISO,Solar,220.0,0,0.329,LA,0
2025.0,MISO,Battery,100.0,0,0.329,LA,0
2025.0,West,Hybrid,199.9,0,0.326,OR,1
2025.0,MISO,Battery,250.0,0,0.326,IL,0
2025.0,West,Wind,100.0,0,0.323,WA,0
2025.0,West,Hybrid,204.6,0,0.323,OR,0
2025.0,West,Hybrid,300.0,0,0.323,UT,0
2025.0,West,Hybrid,399.8,0,0.323,OR,1
2025.0,West,Hybrid,399.8,0,0.323,OR,1
2025.0,West,Hybrid,275.0,0,0.323,UT,0
2025.0,West,Hybrid,398.0,0,0.323,ID,0
2025.0,MISO,Wind,200.0,2,0.298,MS,0
2025.0,MISO,Wind,300.0,0,0.323,IN,0
2025.0,West,Hybrid,200.0,0,0.323,OR,0
2025.0,West,Hybrid,160.0,0,0.323,WY,0
2025.0,West,Wind,199.0,0,0.323,WA,0
2025.0,West,Hybrid,19.9,0,0.323,OR,0
2025.0,West,Wind,300.0,0,0.32,ID,0
2025.0,West,Gas,600.0,0,0.32,WY,0
2025.0,West,Gas,600.0,0,0.32,WY,0
2025.0,MISO,Solar,180.0,0,0.32,LA,0
2025.0,MISO,Solar,126.0,2,0.162,AR,0
2025.0,MISO,Solar,200.0,2,0.339,AR,0
2025.0,MISO,Hybrid,150.0,0,0.312,IN,0
2025.0,ERCOT,Hybrid,301.1,0,0.309,TX,0
2025.0,ERCOT,Hybrid,310.2,0,0.309,TX,0
2025.0,West,Gas,185.0,0,0.309,UT,0
2025.0,ERCOT,Battery,516.7,0,0.309,TX,0
2025.0,ERCOT,Wind,310.2,0,0.309,TX,0
2025.0,ERCOT,Solar,400.0,0,0.309,TX,0
2025.0,SPP,Gas,496.0,0,0.307,OK,1
2025.0,West,Hybrid,20.0,0,0.307,UT,0
2025.0,West,Hybrid,20.0,0,0.307,OR,0
2025.0,West,Gas,400.0,0,0.307,ID,0
2025.0,West,Hybrid,20.0,0,0.307,UT,0
2025.0,West,Hybrid,90.0,0,0.307,OR,0
2025.0,West,Hybrid,20.0,0,0.307,UT,0
2025.0,West,Hybrid,20.0,0,0.307,OR,0
2025.0,SPP,Gas,186.0,0,0.307,OK,1
2025.0,West,Hybrid,20.0,0,0.307,UT,0
2025.0,West,Battery,100.0,0,0.307,OR,0
2025.0,SPP,Hybrid,150.0,0,0.307,AR,0
2025.0,West,Hybrid,20.0,0,0.307,UT,0
2025.0,West,Hybrid,20.0,0,0.307,UT,0
2025.0,West,Hybrid,20.0,0,0.307,UT,0
2025.0,West,Hybrid,20.0,0,0.307,UT,0
2025.0,West,Hybrid,150.0,0,0.307,UT,0
2025.0,ERCOT,Hybrid,243.0,0,0.304,TX,0
2025.0,West,Hybrid,330.0,0,0.304,WY,0
2025.0,ERCOT,Hybrid,243.0,0,0.304,TX,0
2025.0,ERCOT,Battery,123.0,0,0.304,TX,0
2025.0,West,Hybrid,199.0,0,0.304,CO,0
2025.0,ERCOT,Battery,180.9,0,0.304,TX,0
2025.0,West,Wind,400.0,0,0.301,WY,0
2025.0,West,Battery,175.0,0,0.301,ID,0
2025.0,SPP,Gas,217.0,0,0.301,TX,0
2025.0,West,Battery,175.0,0,0.301,ID,0
2025.0,West,Battery,300.0,0,0.301,UT,0
2025.0,West,Hybrid,300.0,0,0.301,UT,0
2025.0,West,Other,8.0,0,0.301,MT,0
2025.0,West,Hybrid,24.9,0,0.301,CA,0
2025.0,West,Solar,25.0,0,0.301,OR,0
2025.0,West,Hybrid,1280.0,0,0.301,OR,0
2025.0,West,Hybrid,1280.0,0,0.301,OR,0
2025.0,West,Battery,150.0,0,0.301,CA,0
2025.0,West,Battery,400.0,0,0.301,UT,0
2025.0,Southeast,Other,65.0,0,0.301,NC,0
2025.0,West,Battery,500.0,0,0.301,UT,1
2025.0,West,Hybrid,400.0,0,0.301,UT,1
2025.0,West,Hybrid,399.8,0,0.301,OR,1
2025.0,West,Hybrid,399.8,0,0.301,OR,1
2025.0,West,Hybrid,23.5,0,0.301,OR,0
2025.0,West,Solar,0.4,0,0.301,OR,0
2025.0,West,Battery,160.0,0,0.301,UT,1
2025.0,West,Hybrid,199.0,0,0.301,UT,0
2025.0,West,Hybrid,400.0,0,0.301,UT,1
2025.0,West,Hybrid,199.0,0,0.301,WY,0
2025.0,West,Hybrid,640.0,0,0.301,OR,0
2025.0,West,Gas,300.0,0,0.301,UT,1
2025.0,West,Solar,10.0,0,0.301,UT,0
2025.0,West,Hybrid,340.0,0,0.301,UT,0
2025.0,West,Battery,225.0,0,0.301,UT,1
2025.0,West,Hybrid,199.0,0,0.301,UT,1
2025.0,West,Hybrid,100.0,0,0.301,UT,1
2025.0,West,Hybrid,175.0,0,0.301,UT,0
2025.0,West,Hybrid,199.0,0,0.301,UT,1
2025.0,West,Hybrid,199.0,0,0.301,UT,1
2025.0,West,Hybrid,248.0,0,0.301,UT,0
2025.0,SPP,Gas,104.0,0,0.293,NE,0
2025.0,West,Hybrid,300.0,0,0.29,CO,0
2025.0,MISO,Wind,112.0,0,0.29,MI,0
2025.0,MISO,Wind,200.0,0,0.29,MI,0
2025.0,MISO,Wind,50.0,0,0.29,MI,0
2025.0,MISO,Battery,250.0,0,0.287,MI,0
2025.0,MISO,Wind,230.0,0,0.287,MN,0
2025.0,West,Hybrid,330.0,0,0.287,WY,0
2025.0,West,Solar,199.0,0,0.285,CO,0
2025.0,West,Solar,300.0,0,0.285,CO,0
2025.0,MISO,Wind,146.0,0,0.285,MI,0
2025.0,MISO,Solar,100.0,0,0.285,WI,0
2025.0,West,Wind,199.0,0,0.285,CO,0
2025.0,West,Wind,199.0,0,0.285,CO,0
2025.0,MISO,Solar,300.0,0,0.282,MS,0
2025.0,MISO,Battery,150.0,0,0.282,MI,0
2025.0,West,Wind,199.0,0,0.282,CO,0
2025.0,MISO,Battery,200.0,0,0.282,MI,0
2025.0,MISO,Battery,100.0,0,0.282,MI,0
2025.0,West,Hybrid,100.0,0,0.282,CO,0
2025.0,MISO,Gas,775.0,0,0.282,LA,0
2025.0,ERCOT,Gas,1252.0,0,0.274,TX,0
2025.0,ERCOT,Hybrid,207.8,0,0.274,TX,0
2025.0,ERCOT,Wind,290.4,0,0.274,TX,0
2025.0,ERCOT,Wind,290.4,0,0.274,TX,0
2025.0,ERCOT,Hybrid,206.7,0,0.274,TX,0
2025.0,ERCOT,Battery,200.5,0,0.274,TX,0
2025.0,ERCOT,Battery,185.1,0,0.274,TX,0
2025.0,ERCOT,Wind,200.0,0,0.274,TX,0
2025.0,ERCOT,Hybrid,93.0,0,0.274,TX,0
2025.0,ERCOT,Battery,200.5,0,0.274,TX,0
2025.0,ERCOT,Solar,304.3,0,0.274,TX,0
2025.0,ERCOT,Solar,304.3,0,0.274,TX,0
2025.0,ERCOT,Solar,71.7,0,0.274,TX,0
2025.0,ERCOT,Solar,304.0,0,0.274,TX,0
2025.0,ERCOT,Hybrid,71.6,0,0.274,TX,0
2025.0,ERCOT,Wind,352.6,0,0.274,TX,0
2025.0,West,Gas,19.3,0,0.274,ID,0
2025.0,West,Gas,19.3,0,0.274,ID,0
2025.0,MISO,Battery,200.0,0,0.274,MN,0
2025.0,ERCOT,Battery,153.5,0,0.271,TX,0
2025.0,MISO,Battery,200.0,0,0.271,MS,0
2025.0,MISO,Solar,250.0,0,0.268,MI,0
2025.0,West,Hybrid,165.0,0,0.268,CO,0
2025.0,MISO,Battery,250.0,0,0.268,IL,0
2025.0,SPP,Gas,600.0,0,0.268,KS,0
2025.0,MISO,Gas,710.0,2,0.282,LA,0
2025.0,MISO,Battery,180.0,2,0.271,MS,0
2025.0,SPP,Hybrid,400.0,0,0.266,KS,0
2025.0,MISO,Hybrid,115.0,0,0.266,AR,0
2025.0,MISO,Battery,100.0,0,0.266,LA,0
2025.0,West,Hybrid,150.0,0,0.263,CO,0
2025.0,West,Wind,199.0,0,0.263,NM,0
2025.0,MISO,Solar,1000.0,0,0.263,MN,0
2025.0,MISO,Battery,240.0,0,0.263,MN,0
2025.0,Southeast,Other,48.0,0,0.263,SC,0
2025.0,West,Hybrid,199.5,0,0.263,CO,0
2025.0,MISO,Battery,200.0,0,0.255,IL,0
2025.0,West,Hybrid,150.0,0,0.255,CO,0
2025.0,West,Hybrid,199.9,0,0.255,CO,0
2025.0,SPP,Gas,250.0,0,0.255,MO,0
2025.0,West,Hybrid,199.9,0,0.255,CO,0
2025.0,West,Hybrid,325.0,0,0.255,CO,0
2025.0,MISO,Solar,200.0,0,0.255,MS,0
2025.0,MISO,Gas,1203.0,0,0.255,WI,0
2025.0,MISO,Gas,1203.0,0,0.255,WI,0
2025.0,MISO,Battery,300.0,2,0.268,MN,0
2025.0,MISO,Solar,300.0,0,0.255,AR,0
2025.0,West,Hybrid,150.0,0,0.255,CO,0
2025.0,MISO,Solar,300.0,0,0.255,AR,0
2025.0,West,Wind,225.0,0,0.255,CO,0
2025.0,MISO,Battery,200.0,0,0.255,IL,0
2025.0,MISO,Hybrid,250.0,0,0.252,LA,0
2025.0,MISO,Other,16.0,0,0.252,MN,0
2025.0,SPP,Gas,717.8,0,0.252,KS,0
2025.0,West,Solar,100.0,0,0.252,,0
2025.0,SPP,Gas,721.1,0,0.252,KS,0
2025.0,SPP,Gas,450.6,0,0.252,MO,0
2025.0,SPP,Gas,763.0,0,0.252,OK,1
2025.0,MISO,Battery,100.0,0,0.249,MS,0
2025.0,MISO,Solar,110.0,0,0.249,WI,0
2025.0,MISO,Wind,200.0,0,0.249,MN,0
2025.0,SPP,Gas,750.0,0,0.249,ND,0
2025.0,SPP,Gas,750.0,0,0.249,ND,0
2025.0,SPP,Hybrid,150.0,0,0.249,KS,0
2025.0,SPP,Hybrid,150.0,0,0.249,KS,0
2025.0,SPP,Battery,123.0,0,0.249,OK,0
2025.0,SPP,Other,450.0,0,0.249,OK,0
2025.0,SPP,Other,150.0,0,0.246,KS,1
2025.0,SPP,Gas,138.0,0,0.246,SD,0
2025.0,SPP,Battery,140.0,0,0.246,TX,0
2025.0,SPP,Gas,744.0,0,0.246,OK,0
2025.0,SPP,Hybrid,350.0,0,0.246,NM,0
2025.0,SPP,Gas,510.0,0,0.246,OK,0
2025.0,MISO,Solar,100.0,0,0.246,IL,0
2025.0,SPP,Gas,744.0,0,0.246,OK,0
2025.0,SPP,Wind,500.0,0,0.246,TX,0
2025.0,SPP,Hybrid,400.0,0,0.246,NM,0
2025.0,SPP,Solar,80.0,0,0.246,KS,0
2025.0,SPP,Hybrid,256.0,0,0.246,NM,0
2025.0,SPP,Battery,250.0,0,0.246,TX,0
2025.0,West,Hybrid,800.0,0,0.246,WY,0
2025.0,SPP,Gas,232.5,0,0.246,TX,0
2025.0,SPP,Gas,159.5,0,0.246,NM,0
2025.0,SPP,Gas,450.6,0,0.246,MO,0
2025.0,West,Battery,200.0,0,0.246,CO,0
2025.0,West,Wind,199.0,0,0.246,CO,0
2025.0,SPP,Solar,175.0,0,0.246,OK,0
2025.0,SPP,Battery,170.0,0,0.246,KS,1
2025.0,SPP,Solar,384.0,0,0.246,TX,0
2025.0,West,Gas,199.0,0,0.244,CO,0
2025.0,ERCOT,Solar,301.0,0,0.244,TX,0
2025.0,ERCOT,Solar,130.8,0,0.244,TX,0
2025.0,ERCOT,Wind,366.5,0,0.244,TX,0
2025.0,MISO,Hybrid,200.0,0,0.244,AR,0
2025.0,MISO,Wind,450.0,2,0.23,SD,0
2025.0,MISO,Wind,232.0,0,0.244,IA,0
2025.0,MISO,Solar,169.9,0,0.244,WI,0
2025.0,MISO,Solar,140.0,0,0.244,LA,0
2025.0,MISO,Battery,330.0,0,0.244,MN,0
2025.0,MISO,Wind,150.0,0,0.244,MN,0
2025.0,MISO,Solar,245.0,0,0.244,MN,0
2025.0,MISO,Solar,303.8,0,0.244,MN,0
2025.0,MISO,Solar,245.0,0,0.244,MN,0
2025.0,ERCOT,Gas,449.0,0,0.244,TX,0
2025.0,MISO,Battery,250.0,2,0.222,SD,0
2025.0,MISO,Gas,756.0,0,0.244,LA,0
2025.0,MISO,Solar,115.0,0,0.241,LA,0
2025.0,MISO,Solar,150.0,0,0.241,LA,0
2025.0,MISO,Wind,150.0,2,0.219,SD,0
2025.0,MISO,Battery,300.0,0,0.235,LA,0
2025.0,MISO,Battery,500.0,0,0.235,LA,0
2025.0,MISO,Battery,150.0,0,0.235,TX,0
2025.0,MISO,Battery,300.0,0,0.235,MI,0
2025.0,MISO,Hybrid,500.0,0,0.235,ND,0
2025.0,MISO,Gas,1315.0,0,0.235,IA,0
2025.0,MISO,Gas,525.0,0,0.235,IA,0
2025.0,MISO,Gas,525.0,0,0.235,WI,0
2025.0,MISO,Solar,71.5,0,0.235,WI,0
2025.0,MISO,Hybrid,500.0,0,0.235,ND,0
2025.0,MISO,Gas,950.0,0,0.235,WI,0
2025.0,West,Other,300.0,0,0.235,CO,0
2025.0,MISO,Battery,300.0,0,0.235,MI,0
2025.0,MISO,Solar,6.0,0,0.235,MI,0
2025.0,MISO,Gas,525.0,0,0.235,WI,0
2025.0,MISO,Gas,98.0,0,0.235,IA,0
2025.0,MISO,Solar,93.0,2,0.249,LA,0
2025.0,MISO,Battery,195.0,0,0.235,IA,1
2025.0,MISO,Solar,250.0,0,0.235,MN,0
2025.0,MISO,Solar,225.0,0,0.235,MN,0
2025.0,MISO,Solar,42.2,0,0.235,IA,0
2025.0,West,Hybrid,110.0,0,0.235,CO,0
2025.0,MISO,Battery,400.0,0,0.235,MI,0
2025.0,MISO,Battery,250.0,2,0.203,TX,0
2025.0,MISO,Solar,295.0,0,0.235,MN,0
2025.0,MISO,Solar,200.0,0,0.235,MS,0
2025.0,MISO,Gas,707.0,0,0.235,LA,0
2025.0,MISO,Battery,500.0,0,0.235,MN,0
2025.0,MISO,Solar,45.0,0,0.235,ND,0
2025.0,MISO,Battery,400.0,0,0.235,LA,0
2025.0,MISO,Battery,500.0,0,0.235,MN,0
2025.0,ERCOT,Battery,201.0,0,0.235,TX,1
2025.0,MISO,Battery,300.0,0,0.235,LA,0
2025.0,MISO,Hybrid,340.0,0,0.235,AR,0
2025.0,MISO,Solar,71.0,0,0.233,WI,0
2025.0,MISO,Battery,99.0,0,0.233,IA,0
2025.0,MISO,Battery,250.0,0,0.233,MN,0
2025.0,MISO,Hybrid,172.0,0,0.233,ND,0
2025.0,MISO,Wind,120.0,0,0.233,MN,0
2025.0,MISO,Battery,150.0,0,0.233,LA,0
2025.0,MISO,Solar,250.0,0,0.233,AR,0
2025.0,MISO,Battery,250.0,0,0.233,SD,0
2025.0,MISO,Battery,200.0,0,0.233,MS,0
2025.0,MISO,Battery,199.0,0,0.233,IA,0
2025.0,MISO,Battery,250.0,0,0.233,SD,0
2025.0,MISO,Battery,150.0,0,0.233,MS,0
2025.0,MISO,Solar,42.0,0,0.233,MI,0
2025.0,MISO,Battery,500.0,0,0.233,MN,0
2025.0,MISO,Wind,200.0,0,0.233,MN,0
2025.0,MISO,Battery,200.0,2,0.246,WI,0
2025.0,MISO,Gas,805.0,0,0.233,LA,0
2025.0,MISO,Gas,650.0,2,0.2,LA,0
2025.0,MISO,Gas,805.0,0,0.233,LA,0
2025.0,MISO,Solar,200.0,0,0.233,MO,0
2025.0,MISO,Battery,500.0,0,0.233,AR,0
2025.0,MISO,Battery,140.0,0,0.233,AR,0
2025.0,MISO,Battery,300.0,2,0.246,WI,0
2025.0,West,Hybrid,20.0,0,0.233,NV,0
2025.0,MISO,Battery,150.0,2,0.219,MS,0
2025.0,MISO,Battery,150.0,2,0.219,LA,0
2025.0,MISO,Solar,200.0,0,0.233,LA,0
2025.0,West,Other,16.0,0,0.233,NV,0
2025.0,MISO,Gas,1300.0,2,0.2,LA,0
2025.0,MISO,Gas,400.0,0,0.233,LA,0
2025.0,MISO,Wind,300.0,0,0.233,IL,0
2025.0,MISO,Gas,650.0,2,0.2,AR,0
2025.0,MISO,Wind,200.0,0,0.233,MN,0
2025.0,MISO,Solar,40.0,0,0.233,ND,0
2025.0,MISO,Gas,1500.0,0,0.233,LA,0
2025.0,MISO,Solar,120.0,0,0.233,IA,0
2025.0,MISO,Battery,183.0,0,0.233,MN,0
2025.0,West,Hybrid,100.0,0,0.227,,0
2025.0,MISO,Wind,300.0,0,0.227,MI,0
2025.0,MISO,Solar,539.0,0,0.225,MI,0
2025.0,MISO,Gas,798.2,0,0.211,IA,0
2025.0,MISO,Solar,156.3,0,0.205,IA,0
2025.0,MISO,Solar,160.3,0,0.205,IA,0
2025.0,MISO,Hybrid,400.0,0,0.197,AR,0
2025.0,ERCOT,Hybrid,120.5,0,0.194,TX,0
2025.0,MISO,Battery,200.0,0,0.194,LA,0
2025.0,ERCOT,Solar,126.1,0,0.194,TX,0
2025.0,ERCOT,Solar,205.9,0,0.194,TX,0
2025.0,ERCOT,Gas,94.2,0,0.194,TX,0
2025.0,ERCOT,Gas,1274.0,0,0.194,TX,0
2025.0,ERCOT,Gas,371.0,0,0.194,TX,0
2025.0,ERCOT,Solar,205.9,0,0.194,TX,0
2025.0,ERCOT,Gas,1204.0,0,0.194,TX,0
2025.0,MISO,Solar,200.0,0,0.192,IN,0
2025.0,MISO,Wind,200.0,0,0.192,MN,0
2025.0,MISO,Solar,50.0,0,0.192,KY,0
2025.0,MISO,Solar,150.0,0,0.192,KY,0
2025.0,MISO,Gas,377.0,0,0.189,LA,0
2025.0,MISO,Solar,200.0,0,0.189,MN,0
2025.0,MISO,Solar,150.0,0,0.189,IA,0
2025.0,MISO,Battery,50.0,0,0.189,IN,0
2025.0,MISO,Battery,200.0,0,0.183,MI,0
2025.0,MISO,Hybrid,150.0,0,0.183,IL,0
2025.0,MISO,Hybrid,70.0,0,0.178,AR,0
2025.0,MISO,Hybrid,150.0,0,0.178,LA,0
2025.0,MISO,Hybrid,80.0,0,0.178,LA,0
2025.0,MISO,Hybrid,130.0,0,0.178,AR,0
2025.0,MISO,Solar,150.0,0,0.178,IL,0
2025.0,MISO,Solar,198.0,2,0.156,MS,0
2025.0,Southeast,Other,74.9,0,0.172,SC,0
2025.0,Southeast,Other,74.9,0,0.172,SC,0
2025.0,Southeast,Other,25.0,0,0.172,SC,0
2025.0,Southeast,Other,30.0,0,0.172,SC,0
2025.0,Southeast,Other,74.9,0,0.159,SC,0
2025.0,West,Nuclear,500.0,0,0.156,WY,0
2025.0,MISO,Hybrid,530.0,0,0.156,IN,0
2025.0,ERCOT,Gas,1238.2,0,0.153,TX,0
2025.0,ERCOT,Gas,1238.2,0,0.153,TX,0
2025.0,ERCOT,Solar,302.1,0,0.153,TX,0
2025.0,MISO,Gas,986.9,0,0.153,IA,1
2025.0,West,Battery,400.0,0,0.153,NV,1
2025.0,ERCOT,Battery,750.0,0,0.153,TX,1
2025.0,ERCOT,Solar,500.0,0,0.153,TX,0
2025.0,ERCOT,Wind,740.0,0,0.153,TX,0
2025.0,West,Battery,400.0,0,0.153,NV,1
2025.0,ERCOT,Battery,750.0,0,0.153,TX,0
2025.0,ERCOT,Solar,201.6,0,0.153,TX,0
2025.0,ERCOT,Gas,941.8,0,0.153,TX,0
2025.0,ERCOT,Battery,514.0,0,0.153,TX,0
2025.0,ERCOT,Battery,514.0,0,0.153,TX,0
2025.0,ERCOT,Solar,221.8,0,0.153,TX,0
2025.0,MISO,Solar,203.8,0,0.151,IL,0
2025.0,MISO,Solar,204.9,0,0.151,IL,0
2025.0,West,Hybrid,80.0,0,0.148,OR,0
2025.0,West,Solar,80.0,0,0.148,OR,0
2025.0,West,Hybrid,80.0,0,0.148,OR,0
2025.0,West,Hybrid,80.0,0,0.148,OR,0
2025.0,West,Hybrid,80.0,0,0.148,OR,0
2025.0,MISO,Battery,170.0,0,0.14,MS,0
2025.0,MISO,Hybrid,300.0,0,0.131,IN,0
2025.0,Southeast,Battery,300.0,0,0.129,SC,0
2025.0,ERCOT,Gas,950.0,0,0.118,TX,0
2025.0,ERCOT,Solar,500.0,0,0.118,TX,0
2025.0,ERCOT,Gas,1381.0,0,0.118,TX,0
2025.0,Southeast,Battery,400.0,0,0.118,KY,0
2025.0,MISO,Solar,200.0,0,0.115,IN,0
2025.0,West,Wind,400.0,0,0.115,,0
2025.0,Southeast,Gas,680.0,0,0.112,KY,0
2025.0,MISO,Solar,200.0,0,0.112,LA,0
2025.0,ERCOT,Battery,100.7,0,0.101,TX,0
2025.0,ERCOT,Solar,201.4,0,0.101,TX,0
2025.0,ERCOT,Solar,301.4,0,0.101,TX,0
2025.0,ERCOT,Battery,999.0,0,0.101,TX,0
2025.0,Southeast,Gas,12.0,0,0.099,FL,0
2025.0,SPP,Wind,52.6,0,0.082,TX,0
2025.0,SPP,Wind,41.9,0,0.082,OK,0
2025.0,SPP,Wind,49.7,0,0.082,OK,0
2025.0,ERCOT,Gas,1660.4,0,0.082,TX,0
2025.0,ERCOT,Solar,251.5,0,0.079,TX,0
2025.0,ERCOT,Solar,276.4,0,0.079,TX,0
2025.0,ERCOT,Solar,251.5,0,0.079,TX,0
2025.0,ERCOT,Solar,251.5,0,0.079,TX,0
2025.0,ERCOT,Hybrid,200.7,0,0.079,TX,0
2025.0,ERCOT,Hybrid,76.4,0,0.079,TX,0
2025.0,ERCOT,Hybrid,75.3,0,0.079,TX,0
2025.0,ERCOT,Solar,251.5,0,0.079,TX,0
2025.0,West,Hybrid,1000.0,0,0.077,WA,0
2025.0,Southeast,Battery,125.0,0,0.071,KY,0
2025.0,Southeast,Battery,199.0,0,0.063,FL,0
2025.0,Southeast,Battery,100.0,0,0.063,FL,0
2025.0,Southeast,Gas,265.0,0,0.052,FL,0
2025.0,Southeast,Solar,74.9,0,0.052,FL,0
2025.0,Southeast,Solar,74.9,0,0.052,FL,0
2025.0,Southeast,Solar,74.9,0,0.052,FL,0
2025.0,Southeast,Hybrid,200.0,0,0.044,KY,0
2025.0,Southeast,Gas,265.0,0,0.044,FL,0
2025.0,ERCOT,Gas,311.0,0,0.041,TX,0
2025.0,ERCOT,Hybrid,531.7,0,0.038,TX,0
2025.0,ERCOT,Battery,150.8,0,0.038,TX,0
2025.0,ERCOT,Wind,250.3,0,0.038,TX,0
2025.0,ERCOT,Battery,154.2,0,0.038,TX,0
2025.0,ERCOT,Solar,405.2,0,0.038,TX,0
2025.0,ERCOT,Battery,257.5,0,0.038,TX,1
2025.0,ERCOT,Battery,1026.2,0,0.038,TX,0
2025.0,ERCOT,Hybrid,547.6,0,0.038,TX,0
2025.0,Southeast,Gas,17.0,0,0.036,KY,0
2025.0,Southeast,Gas,17.0,0,0.036,KY,0
2025.0,Southeast,Gas,17.0,0,0.036,KY,0
2025.0,West,Hybrid,75.0,0,0.036,UT,0
2025.0,West,Hybrid,199.0,0,0.036,UT,0
2025.0,Southeast,Gas,17.0,0,0.036,KY,0
2025.0,Southeast,Gas,19.0,0,0.036,KY,0
2025.0,Southeast,Gas,19.0,0,0.036,KY,0
2025.0,Southeast,Gas,17.0,0,0.036,KY,0
2025.0,Southeast,Gas,17.0,0,0.036,KY,0
2025.0,MISO,Hybrid,507.6,0,0.033,LA,0
2025.0,SPP,Battery,131.6,0,0.033,TX,0
2025.0,MISO,Hybrid,405.0,0,0.033,IN,0
2025.0,West,Battery,415.8,0,0.03,OR,0
2025.0,MISO,Hybrid,279.7,0,0.025,IN,0
2025.0,ERCOT,Hybrid,3.3,0,0.022,TX,0
2025.0,ERCOT,Solar,1200.0,0,0.022,TX,0
2025.0,ERCOT,Solar,200.7,0,0.022,TX,0
2025.0,ERCOT,Hybrid,181.0,0,0.022,TX,0
2025.0,ERCOT,Solar,509.4,0,0.022,TX,0
2025.0,ERCOT,Hybrid,207.0,0,0.022,TX,0
2025.0,ERCOT,Solar,305.6,0,0.022,TX,0
2025.0,Southeast,Solar,100.0,0,0.019,KY,0
