{
"type": "FeatureCollection",
"name": "us_states",
"crs": { "type": "name", "properties": { "name": "urn:ogc:def:crs:OGC:1.3:CRS84" } },
"features": [
{ "type": "Feature", "properties": { "name": "AL" }, "geometry": { "type": "MultiPolygon", "coordinates": [ [ [ [ -88.074854, 30.249119 ], [ -88.166569, 30.249255 ], [ -88.280571, 30.230274 ], [ -88.313323, 30.230024 ], [ -88.141143, 30.255024 ], [ -88.124658, 30.28364 ], [ -88.074854, 30.249119 ] ] ], [ [ [ -88.061998, 30.644891 ], [ -88.136173, 30.320729 ], [ -88.191542, 30.317002 ], [ -88.200065, 30.362378 ], [ -88.260695, 30.382381 ], [ -88.395023, 30.369425 ], [ -88.468879, 31.930262 ], [ -88.097888, 34.892202 ], [ -88.200064, 34.995634 ], [ -85.605165, 34.984678 ], [ -85.184131, 32.870525 ], [ -85.123421, 32.772248 ], [ -85.10479, 32.642542 ], [ -85.001324, 32.512973 ], [ -84.979431, 32.412244 ], [ -85.007103, 32.328362 ], [ -84.909052, 32.26354 ], [ -85.047865, 32.142033 ], [ -85.050212, 32.024196 ], [ -85.141831, 31.839861 ], [ -85.12553, 31.694965 ], [ -85.057473, 31.618624 ], [ -85.041305, 31.540987 ], [ -85.107516, 31.186451 ], [ -85.035615, 31.108192 ], [ -85.002368, 31.000682 ], [ -87.598928, 30.997457 ], [ -87.624137, 30.845713 ], [ -87.396997, 30.65364 ], [ -87.449921, 30.51469 ], [ -87.419177, 30.410198 ], [ -87.452378, 30.300201 ], [ -87.80056, 30.229365 ], [ -88.028401, 30.221132 ], [ -87.936041, 30.261469 ], [ -87.893201, 30.239237 ], [ -87.78775, 30.254244 ], [ -87.755516, 30.291217 ], [ -87.908908, 30.41424 ], [ -87.93107, 30.652694 ], [ -88.008396, 30.684956 ], [ -88.061998, 30.644891 ] ] ] ] } },
{ "type": "Feature", "properties": { "name": "AZ" }, "geometry": { "type": "Polygon", "coordinates": [ [ [ -111.098097, 31.339836 ], [ -114.813613, 32.494277 ], [ -114.80739, 32.621332 ], [ -114.719633, 32.718763 ], [ -114.615585, 32.728446 ], [ -114.496284, 32.822326 ], [ -114.46289, 32.905797 ], [ -114.511343, 33.023455 ], [ -114.62387, 33.02872 ], [ -114.707819, 33.091102 ], [ -114.672088, 33.258499 ], [ -114.721233, 33.396912 ], [ -114.627125, 33.433554 ], [ -114.535664, 33.568788 ], [ -114.530348, 33.679245 ], [ -114.494197, 33.707922 ], [ -114.518434, 33.917518 ], [ -114.438266, 34.022609 ], [ -114.43338, 34.088413 ], [ -114.131489, 34.260387 ], [ -114.176909, 34.349306 ], [ -114.339627, 34.451435 ], [ -114.465607, 34.69226 ], [ -114.635176, 34.875003 ], [ -114.621956, 35.094678 ], [ -114.569238, 35.18348 ], [ -114.604314, 35.353584 ], [ -114.677643, 35.489742 ], [ -114.653406, 35.610789 ], [ -114.700308, 35.700387 ], [ -114.755618, 36.087166 ], [ -114.572031, 36.15161 ], [ -114.381446, 36.141665 ], [ -114.252651, 36.020193 ], [ -114.148774, 36.02731 ], [ -114.046838, 36.194069 ], [ -114.0506, 37.000396 ], [ -109.045223, 36.999084 ], [ -109.050044, 31.332502 ], [ -111.098097, 31.339836 ] ] ] } },
{ "type": "Feature", "properties": { "name": "AR" }, "geometry": { "type": "Polygon", "coordinates": [ [ [ -91.166073, 33.004106 ], [ -94.042964, 33.019219 ], [ -94.04345, 33.552253 ], [ -94.181805, 33.593217 ], [ -94.355945, 33.54318 ], [ -94.485875, 33.637867 ], [ -94.431215, 35.39429 ], [ -94.617919, 36.499414 ], [ -90.152481, 36.497952 ], [ -90.133993, 36.437906 ], [ -90.064514, 36.382085 ], [ -90.06398, 36.303038 ], [ -90.319168, 36.089976 ], [ -90.368718, 35.995812 ], [ -89.733095, 36.000608 ], [ -89.686924, 35.947716 ], [ -89.688141, 35.896946 ], [ -89.756036, 35.896817 ], [ -89.772467, 35.865098 ], [ -89.701045, 35.828227 ], [ -89.821216, 35.756716 ], [ -89.956254, 35.733386 ], [ -89.937383, 35.665711 ], [ -89.884932, 35.655107 ], [ -89.909797, 35.537914 ], [ -90.032938, 35.55344 ], [ -90.034014, 35.468821 ], [ -90.107723, 35.476935 ], [ -90.179265, 35.385194 ], [ -90.093589, 35.393333 ], [ -90.114893, 35.303887 ], [ -90.168871, 35.281997 ], [ -90.07741, 35.225479 ], [ -90.065392, 35.137691 ], [ -90.160058, 35.12883 ], [ -90.193859, 35.061646 ], [ -90.295596, 35.040093 ], [ -90.309297, 34.995694 ], [ -90.244476, 34.937596 ], [ -90.307384, 34.846195 ], [ -90.414864, 34.831846 ], [ -90.461451, 34.856728 ], [ -90.479799, 34.769158 ], [ -90.537345, 34.78417 ], [ -90.554859, 34.727458 ], [ -90.508989, 34.679086 ], [ -90.576543, 34.657402 ], [ -90.575336, 34.415152 ], [ -90.764143, 34.363396 ], [ -90.856367, 34.238928 ], [ -90.91148, 34.223051 ], [ -90.880317, 34.169381 ], [ -90.934564, 34.130138 ], [ -90.888396, 34.087433 ], [ -90.887413, 34.032505 ], [ -91.089119, 33.972653 ], [ -91.036821, 33.914656 ], [ -91.139869, 33.777117 ], [ -91.1279, 33.695762 ], [ -91.193093, 33.656866 ], [ -91.134043, 33.594489 ], [ -91.232295, 33.552788 ], [ -91.118495, 33.449116 ], [ -91.184427, 33.419576 ], [ -91.085984, 33.221644 ], [ -91.125656, 33.038276 ], [ -91.166073, 33.004106 ] ] ] } },
{ "type": "Feature", "properties": { "name": "CA" }, "geometry": { "type": "MultiPolygon", "coordinates": [ [ [ [ -121.862266, 36.931552 ], [ -121.930069, 36.97815 ], [ -122.105976, 36.955951 ], [ -122.405073, 37.195791 ], [ -122.40085, 37.359225 ], [ -122.452087, 37.48054 ], [ -122.516689, 37.52134 ], [ -122.494085, 37.644035 ], [ -122.514483, 37.780829 ], [ -122.478083, 37.810828 ], [ -122.398139, 37.80563 ], [ -122.356784, 37.729505 ], [ -122.39319, 37.707531 ], [ -122.386072, 37.637662 ], [ -122.35531, 37.615736 ], [ -122.378545, 37.605592 ], [ -122.262698, 37.572866 ], [ -122.168449, 37.504143 ], [ -122.111344, 37.50758 ], [ -122.163049, 37.667933 ], [ -122.246826, 37.72193 ], [ -122.242638, 37.753744 ], [ -122.33079, 37.78383 ], [ -122.309986, 37.892755 ], [ -122.385908, 37.908136 ], [ -122.430087, 37.963115 ], [ -122.367582, 37.978168 ], [ -122.367909, 38.01253 ], [ -122.283478, 38.022674 ], [ -122.273006, 38.07438 ], [ -122.39638, 38.149976 ], [ -122.489974, 38.112014 ], [ -122.497828, 38.019402 ], [ -122.448413, 37.984713 ], [ -122.503064, 37.928753 ], [ -122.438268, 37.880974 ], [ -122.480811, 37.873448 ], [ -122.479151, 37.825428 ], [ -122.505383, 37.822128 ], [ -122.656519, 37.904519 ], [ -122.727297, 37.904626 ], [ -122.882114, 38.025273 ], [ -123.024066, 37.994878 ], [ -122.949074, 38.15406 ], [ -122.993959, 38.237602 ], [ -122.977082, 38.267902 ], [ -123.024333, 38.310573 ], [ -123.063671, 38.302178 ], [ -123.128825, 38.450418 ], [ -123.331899, 38.565542 ], [ -123.441774, 38.699744 ], [ -123.725367, 38.917438 ], [ -123.738886, 38.95412 ], [ -123.690095, 39.031157 ], [ -123.822085, 39.343857 ], [ -123.766475, 39.552803 ], [ -123.851714, 39.832041 ], [ -124.079983, 40.029773 ], [ -124.110549, 40.103765 ], [ -124.363414, 40.260974 ], [ -124.347853, 40.314634 ], [ -124.408601, 40.443201 ], [ -124.137066, 40.925732 ], [ -124.112165, 41.028173 ], [ -124.153622, 41.05355 ], [ -124.165414, 41.129822 ], [ -124.106986, 41.229678 ], [ -124.063076, 41.439579 ], [ -124.147412, 41.717955 ], [ -124.255994, 41.783014 ], [ -124.208439, 41.888192 ], [ -124.211605, 41.99846 ], [ -119.999168, 41.99454 ], [ -120.001014, 38.999574 ], [ -117.500909, 37.220282 ], [ -114.633013, 35.002085 ], [ -114.633051, 34.869971 ], [ -114.465607, 34.69226 ], [ -114.339627, 34.451435 ], [ -114.176909, 34.349306 ], [ -114.131489, 34.260387 ], [ -114.43338, 34.088413 ], [ -114.438266, 34.022609 ], [ -114.518434, 33.917518 ], [ -114.494197, 33.707922 ], [ -114.530348, 33.679245 ], [ -114.535664, 33.568788 ], [ -114.627125, 33.433554 ], [ -114.721233, 33.396912 ], [ -114.672088, 33.258499 ], [ -114.707819, 33.091102 ], [ -114.62387, 33.02872 ], [ -114.523578, 33.030961 ], [ -114.468605, 32.971649 ], [ -114.496284, 32.822326 ], [ -114.615585, 32.728446 ], [ -117.124862, 32.534156 ], [ -117.168866, 32.671952 ], [ -117.246069, 32.669352 ], [ -117.28217, 32.839547 ], [ -117.25447, 32.900146 ], [ -117.315278, 33.093504 ], [ -117.469794, 33.296417 ], [ -117.645582, 33.440728 ], [ -117.715349, 33.460556 ], [ -117.784888, 33.541525 ], [ -118.132698, 33.753217 ], [ -118.180831, 33.763072 ], [ -118.181367, 33.717367 ], [ -118.258687, 33.703741 ], [ -118.411211, 33.741985 ], [ -118.428407, 33.774715 ], [ -118.392107, 33.840915 ], [ -118.519514, 34.027509 ], [ -118.744952, 34.032103 ], [ -118.805114, 34.001239 ], [ -119.130169, 34.100102 ], [ -119.216441, 34.146105 ], [ -119.278644, 34.266902 ], [ -119.559459, 34.413395 ], [ -119.873971, 34.408795 ], [ -120.141165, 34.473405 ], [ -120.471376, 34.447846 ], [ -120.511421, 34.522953 ], [ -120.637805, 34.56622 ], [ -120.60045, 34.70464 ], [ -120.637415, 34.755895 ], [ -120.610266, 34.85818 ], [ -120.670835, 34.904115 ], [ -120.629931, 35.061515 ], [ -120.644311, 35.139616 ], [ -120.856047, 35.206487 ], [ -120.89679, 35.247877 ], [ -120.862684, 35.346776 ], [ -120.884757, 35.430196 ], [ -121.003359, 35.46071 ], [ -121.166712, 35.635399 ], [ -121.284973, 35.674109 ], [ -121.332449, 35.783106 ], [ -121.462264, 35.885618 ], [ -121.503112, 36.000299 ], [ -121.574602, 36.025156 ], [ -121.680145, 36.165818 ], [ -121.888491, 36.30281 ], [ -121.9416, 36.485602 ], [ -121.932508, 36.559935 ], [ -121.978592, 36.580488 ], [ -121.93643, 36.636746 ], [ -121.860604, 36.611136 ], [ -121.814462, 36.682858 ], [ -121.788278, 36.803994 ], [ -121.862266, 36.931552 ] ] ], [ [ [ -123.00019, 37.702937 ], [ -123.011464, 37.691907 ], [ -123.012194, 37.706749 ], [ -123.00019, 37.702937 ] ] ], [ [ [ -122.358779, 37.814278 ], [ -122.3785, 37.826505 ], [ -122.369941, 37.832137 ], [ -122.358779, 37.814278 ] ] ], [ [ [ -122.430958, 37.872242 ], [ -122.41847, 37.852721 ], [ -122.446316, 37.861046 ], [ -122.430958, 37.872242 ] ] ], [ [ [ -120.248484, 33.999329 ], [ -120.043259, 34.035806 ], [ -120.046575, 34.000002 ], [ -119.978876, 33.983081 ], [ -119.97026, 33.944359 ], [ -120.121817, 33.895712 ], [ -120.248484, 33.999329 ] ] ], [ [ [ -120.465329, 34.038448 ], [ -120.368278, 34.076465 ], [ -120.302122, 34.023574 ], [ -120.465329, 34.038448 ] ] ], [ [ [ -118.596037, 33.015357 ], [ -118.569013, 33.029151 ], [ -118.356541, 32.817311 ], [ -118.425634, 32.800595 ], [ -118.487908, 32.84459 ], [ -118.596037, 33.015357 ] ] ], [ [ [ -119.429559, 33.228167 ], [ -119.545872, 33.233406 ], [ -119.578942, 33.278628 ], [ -119.528141, 33.284929 ], [ -119.429559, 33.228167 ] ] ], [ [ [ -118.370323, 33.409285 ], [ -118.310213, 33.335795 ], [ -118.316787, 33.301137 ], [ -118.465368, 33.326056 ], [ -118.48875, 33.419826 ], [ -118.60403, 33.47654 ], [ -118.370323, 33.409285 ] ] ], [ [ [ -119.441116, 34.012426 ], [ -119.396251, 34.005918 ], [ -119.357462, 34.015919 ], [ -119.391551, 34.002505 ], [ -119.441116, 34.012426 ] ] ], [ [ [ -119.923337, 34.069361 ], [ -119.637742, 34.013178 ], [ -119.59324, 34.049625 ], [ -119.52064, 34.034262 ], [ -119.560464, 33.99553 ], [ -119.758141, 33.959212 ], [ -119.873358, 33.980375 ], [ -119.876329, 34.032087 ], [ -119.923337, 34.069361 ] ] ] ] } },
{ "type": "Feature", "properties": { "name": "CO" }, "geometry": { "type": "Polygon", "coordinates": [ [ [ -102.04224, 36.993083 ], [ -109.045223, 36.999084 ], [ -109.050076, 41.000659 ], [ -102.051614, 41.002377 ], [ -102.04224, 36.993083 ] ] ] } },
{ "type": "Feature", "properties": { "name": "CT" }, "geometry": { "type": "Polygon", "coordinates": [ [ [ -71.80065, 42.023569 ], [ -71.797683, 41.416709 ], [ -71.842563, 41.409855 ], [ -71.83124, 41.344645 ], [ -71.85957, 41.322399 ], [ -71.945652, 41.337799 ], [ -72.11182, 41.299098 ], [ -72.184122, 41.323997 ], [ -72.212924, 41.291365 ], [ -72.547235, 41.250499 ], [ -72.617237, 41.271998 ], [ -72.895445, 41.243697 ], [ -72.916827, 41.282033 ], [ -73.111052, 41.150797 ], [ -73.177774, 41.166697 ], [ -73.657336, 40.985171 ], [ -73.727775, 41.100696 ], [ -73.482709, 41.21276 ], [ -73.550961, 41.295422 ], [ -73.487314, 42.049638 ], [ -72.813541, 42.036494 ], [ -72.816741, 41.997595 ], [ -72.766739, 42.002995 ], [ -72.755838, 42.036195 ], [ -71.80065, 42.023569 ] ] ] } },
{ "type": "Feature", "properties": { "name": "DE" }, "geometry": { "type": "MultiPolygon", "coordinates": [ [ [ [ -75.34089, 39.01996 ], [ -75.190552, 38.806861 ], [ -75.089473, 38.797198 ], [ -75.048939, 38.451263 ], [ -75.693521, 38.460128 ], [ -75.788359, 39.721811 ], [ -75.662822, 39.82115 ], [ -75.539346, 39.838211 ], [ -75.415041, 39.801786 ], [ -75.613793, 39.606192 ], [ -75.563034, 39.56224 ], [ -75.589439, 39.460812 ], [ -75.402964, 39.254626 ], [ -75.402035, 39.066885 ], [ -75.34089, 39.01996 ] ] ], [ [ [ -75.576271, 39.588144 ], [ -75.565823, 39.590608 ], [ -75.564927, 39.583248 ], [ -75.576271, 39.588144 ] ] ], [ [ [ -75.561934, 39.605216 ], [ -75.559446, 39.629812 ], [ -75.55587, 39.605824 ], [ -75.561934, 39.605216 ] ] ] ] } },
{ "type": "Feature", "properties": { "name": "DC" }, "geometry": { "type": "Polygon", "coordinates": [ [ [ -77.032986, 38.8395 ], [ -77.1199, 38.934311 ], [ -77.040999, 38.99511 ], [ -76.909395, 38.892812 ], [ -77.038598, 38.791513 ], [ -77.032986, 38.8395 ] ] ] } },
{ "type": "Feature", "properties": { "name": "FL" }, "geometry": { "type": "MultiPolygon", "coordinates": [ [ [ [ -82.821585, 27.964443 ], [ -82.830525, 28.085293 ], [ -82.813435, 28.03716 ], [ -82.821585, 27.964443 ] ] ], [ [ [ -82.760551, 28.993087 ], [ -82.759704, 29.054192 ], [ -82.816925, 29.076215 ], [ -82.798876, 29.114504 ], [ -82.827073, 29.158425 ], [ -82.991653, 29.180664 ], [ -83.053207, 29.130839 ], [ -83.077265, 29.255331 ], [ -83.169576, 29.290355 ], [ -83.218075, 29.420492 ], [ -83.294747, 29.437923 ], [ -83.311546, 29.475666 ], [ -83.400252, 29.517242 ], [ -83.412768, 29.668485 ], [ -83.547172, 29.732223 ], [ -83.63798, 29.886073 ], [ -84.024274, 30.103271 ], [ -84.167881, 30.071422 ], [ -84.256439, 30.103791 ], [ -84.277168, 30.060263 ], [ -84.358923, 30.058224 ], [ -84.349066, 29.896812 ], [ -84.511996, 29.916574 ], [ -84.888031, 29.722406 ], [ -84.877111, 29.772888 ], [ -84.90413, 29.786279 ], [ -84.993264, 29.714961 ], [ -85.121473, 29.715854 ], [ -85.344768, 29.654793 ], [ -85.397871, 29.740498 ], [ -85.413575, 29.85294 ], [ -85.392469, 29.870914 ], [ -85.405907, 29.80193 ], [ -85.353885, 29.684765 ], [ -85.31139, 29.697557 ], [ -85.302591, 29.808094 ], [ -85.405052, 29.938487 ], [ -85.509148, 29.971466 ], [ -85.588242, 30.055543 ], [ -85.9226, 30.238024 ], [ -86.222561, 30.343585 ], [ -86.750906, 30.391881 ], [ -87.518324, 30.280435 ], [ -87.452378, 30.300201 ], [ -87.419177, 30.410198 ], [ -87.449921, 30.51469 ], [ -87.394219, 30.641699 ], [ -87.624137, 30.845713 ], [ -87.598928, 30.997457 ], [ -85.002368, 31.000682 ], [ -84.864693, 30.711542 ], [ -82.214385, 30.566958 ], [ -82.210291, 30.42459 ], [ -82.165192, 30.358035 ], [ -82.050069, 30.362338 ], [ -82.005477, 30.563495 ], [ -82.049401, 30.655296 ], [ -82.023213, 30.781987 ], [ -81.906014, 30.822176 ], [ -81.719927, 30.744634 ], [ -81.432725, 30.703017 ], [ -81.447087, 30.503679 ], [ -81.410809, 30.482039 ], [ -81.385505, 30.273841 ], [ -81.240924, 29.739218 ], [ -80.966176, 29.14796 ], [ -80.574868, 28.585166 ], [ -80.525094, 28.459454 ], [ -80.587813, 28.410856 ], [ -80.606874, 28.336484 ], [ -80.566432, 28.09563 ], [ -80.383695, 27.740045 ], [ -80.031362, 26.796339 ], [ -80.154972, 25.66549 ], [ -80.172765, 25.737847 ], [ -80.240376, 25.724206 ], [ -80.339421, 25.499427 ], [ -80.31036, 25.3731 ], [ -80.495341, 25.199463 ], [ -80.570785, 25.239366 ], [ -80.609607, 25.181902 ], [ -80.703718, 25.139115 ], [ -80.858167, 25.176576 ], [ -80.900577, 25.139669 ], [ -81.079859, 25.118797 ], [ -81.141024, 25.163868 ], [ -81.170907, 25.245857 ], [ -81.117265, 25.354953 ], [ -81.253951, 25.638181 ], [ -81.346078, 25.721473 ], [ -81.352731, 25.822015 ], [ -81.527665, 25.901531 ], [ -81.644553, 25.897953 ], [ -81.6848, 25.847205 ], [ -81.801663, 26.088227 ], [ -81.868983, 26.378648 ], [ -82.024604, 26.512677 ], [ -82.105672, 26.48393 ], [ -82.137869, 26.637441 ], [ -82.181565, 26.681712 ], [ -82.139019, 26.702986 ], [ -82.093023, 26.665614 ], [ -82.055076, 26.802452 ], [ -82.059101, 26.876621 ], [ -82.093023, 26.906518 ], [ -82.063126, 26.950214 ], [ -82.175241, 26.916867 ], [ -82.147068, 26.789803 ], [ -82.233311, 26.784054 ], [ -82.259867, 26.717398 ], [ -82.289086, 26.827784 ], [ -82.539719, 27.254326 ], [ -82.691821, 27.437218 ], [ -82.745748, 27.538834 ], [ -82.706821, 27.498415 ], [ -82.65072, 27.523115 ], [ -82.393383, 27.837519 ], [ -82.413915, 27.901401 ], [ -82.478063, 27.92768 ], [ -82.47244, 27.822559 ], [ -82.553946, 27.848462 ], [ -82.529918, 27.877501 ], [ -82.553918, 27.966998 ], [ -82.720522, 27.955798 ], [ -82.61002, 27.873501 ], [ -82.567919, 27.883701 ], [ -82.566819, 27.858002 ], [ -82.598443, 27.857582 ], [ -82.586519, 27.816703 ], [ -82.63362, 27.710607 ], [ -82.718822, 27.692007 ], [ -82.698091, 27.638858 ], [ -82.733076, 27.612972 ], [ -82.746223, 27.731306 ], [ -82.846526, 27.854301 ], [ -82.782724, 28.055894 ], [ -82.805097, 28.172181 ], [ -82.732792, 28.291933 ], [ -82.656694, 28.544814 ], [ -82.639898, 28.876224 ], [ -82.760551, 28.993087 ] ] ], [ [ [ -85.093902, 29.684838 ], [ -85.124913, 29.628433 ], [ -85.222546, 29.678039 ], [ -85.093902, 29.684838 ] ] ], [ [ [ -84.765117, 29.699724 ], [ -85.036219, 29.588919 ], [ -85.097082, 29.625215 ], [ -85.023501, 29.597073 ], [ -84.696726, 29.76993 ], [ -84.765117, 29.699724 ] ] ], [ [ [ -82.099417, 24.572522 ], [ -82.116787, 24.549144 ], [ -82.165206, 24.552159 ], [ -82.135423, 24.596879 ], [ -82.099417, 24.572522 ] ] ], [ [ [ -81.687017, 24.592534 ], [ -81.402769, 24.749101 ], [ -81.319282, 24.701238 ], [ -81.298369, 24.654326 ], [ -81.395096, 24.621062 ], [ -81.49858, 24.66498 ], [ -81.511165, 24.625135 ], [ -81.602998, 24.586444 ], [ -81.81289, 24.546468 ], [ -81.794057, 24.586 ], [ -81.687017, 24.592534 ] ] ], [ [ [ -82.255159, 26.70816 ], [ -82.166042, 26.489679 ], [ -82.013913, 26.452058 ], [ -82.082915, 26.422059 ], [ -82.172917, 26.467658 ], [ -82.268007, 26.682791 ], [ -82.255159, 26.70816 ] ] ], [ [ [ -81.260006, 24.674848 ], [ -81.243232, 24.673998 ], [ -81.281778, 24.65375 ], [ -81.260006, 24.674848 ] ] ], [ [ [ -80.910431, 24.782324 ], [ -81.108041, 24.688592 ], [ -81.125371, 24.708291 ], [ -80.910431, 24.782324 ] ] ], [ [ [ -81.288259, 24.720881 ], [ -81.326844, 24.728375 ], [ -81.357417, 24.756834 ], [ -81.324637, 24.76721 ], [ -81.288259, 24.720881 ] ] ], [ [ [ -80.89054, 24.791678 ], [ -80.892649, 24.785991 ], [ -80.906874, 24.783744 ], [ -80.89054, 24.791678 ] ] ], [ [ [ -80.846142, 24.807488 ], [ -80.79278, 24.843918 ], [ -80.780564, 24.84052 ], [ -80.796053, 24.81194 ], [ -80.846142, 24.807488 ] ] ], [ [ [ -80.761359, 24.836225 ], [ -80.732343, 24.86481 ], [ -80.691762, 24.885759 ], [ -80.703176, 24.869495 ], [ -80.761359, 24.836225 ] ] ], [ [ [ -80.204198, 25.412244 ], [ -80.399767, 25.108536 ], [ -80.565831, 24.958155 ], [ -80.659395, 24.897433 ], [ -80.460652, 25.078904 ], [ -80.494715, 25.102269 ], [ -80.433575, 25.106317 ], [ -80.446473, 25.151287 ], [ -80.395467, 25.150694 ], [ -80.391909, 25.19221 ], [ -80.337345, 25.231353 ], [ -80.368186, 25.282359 ], [ -80.292567, 25.314385 ], [ -80.174544, 25.518406 ], [ -80.204198, 25.412244 ] ] ] ] } },
{ "type": "Feature", "properties": { "name": "GA" }, "geometry": { "type": "Polygon", "coordinates": [ [ [ -84.863465, 30.711487 ], [ -84.983527, 30.935486 ], [ -85.035615, 31.108192 ], [ -85.107516, 31.186451 ], [ -85.041305, 31.540987 ], [ -85.141331, 31.783163 ], [ -85.132931, 31.88826 ], [ -85.050212, 32.024196 ], [ -85.047865, 32.142033 ], [ -84.909052, 32.26354 ], [ -85.007103, 32.328362 ], [ -84.979431, 32.412244 ], [ -85.001324, 32.512973 ], [ -85.10479, 32.642542 ], [ -85.123421, 32.772248 ], [ -85.184131, 32.870525 ], [ -85.605165, 34.984678 ], [ -83.108535, 35.000771 ], [ -83.143261, 34.924756 ], [ -83.242962, 34.877749 ], [ -83.32406, 34.788691 ], [ -83.351293, 34.701703 ], [ -83.167523, 34.600424 ], [ -83.034712, 34.483495 ], [ -82.873831, 34.471508 ], [ -82.755028, 34.276067 ], [ -82.717507, 34.150504 ], [ -82.640701, 34.088341 ], [ -82.564582, 33.95581 ], [ -82.301457, 33.801864 ], [ -82.247472, 33.752591 ], [ -82.196583, 33.630582 ], [ -82.046335, 33.56383 ], [ -81.967037, 33.480636 ], [ -81.852136, 33.247544 ], [ -81.696934, 33.116551 ], [ -81.496637, 33.010224 ], [ -81.404949, 32.747027 ], [ -81.41866, 32.629392 ], [ -81.199029, 32.467286 ], [ -81.122333, 32.305395 ], [ -81.117234, 32.117605 ], [ -80.841913, 32.002643 ], [ -80.897687, 31.949065 ], [ -80.972392, 31.94127 ], [ -80.934508, 31.90918 ], [ -80.99269, 31.857641 ], [ -81.065255, 31.877095 ], [ -81.075812, 31.829031 ], [ -81.036873, 31.812721 ], [ -81.077057, 31.761256 ], [ -81.203572, 31.719448 ], [ -81.131137, 31.695774 ], [ -81.133493, 31.623348 ], [ -81.173079, 31.555908 ], [ -81.260076, 31.54828 ], [ -81.177254, 31.517074 ], [ -81.278798, 31.367214 ], [ -81.282923, 31.326491 ], [ -81.25482, 31.315452 ], [ -81.288403, 31.211065 ], [ -81.399677, 31.134113 ], [ -81.420474, 31.016703 ], [ -81.493651, 30.977528 ], [ -81.403409, 30.957914 ], [ -81.460061, 30.769912 ], [ -81.444124, 30.709714 ], [ -81.719927, 30.744634 ], [ -81.906014, 30.822176 ], [ -82.023213, 30.781987 ], [ -82.049401, 30.655296 ], [ -82.005477, 30.563495 ], [ -82.050069, 30.362338 ], [ -82.189583, 30.376213 ], [ -82.214385, 30.566958 ], [ -84.863465, 30.711487 ] ] ] } },
{ "type": "Feature", "properties": { "name": "ID" }, "geometry": { "type": "Polygon", "coordinates": [ [ [ -111.046689, 42.001567 ], [ -117.026222, 42.000252 ], [ -117.026634, 43.808104 ], [ -116.961535, 43.918388 ], [ -116.931719, 44.102474 ], [ -116.894083, 44.160191 ], [ -116.975905, 44.242844 ], [ -117.190107, 44.273958 ], [ -117.214889, 44.466901 ], [ -117.149242, 44.536151 ], [ -117.062273, 44.727143 ], [ -116.931499, 44.792281 ], [ -116.852427, 44.887577 ], [ -116.845369, 45.017059 ], [ -116.729607, 45.142091 ], [ -116.673793, 45.321511 ], [ -116.463504, 45.615785 ], [ -116.535396, 45.691734 ], [ -116.54809, 45.752364 ], [ -116.789099, 45.847749 ], [ -116.857254, 45.904159 ], [ -116.94353, 46.062173 ], [ -116.925621, 46.158888 ], [ -116.958801, 46.24232 ], [ -117.061045, 46.367747 ], [ -117.039813, 46.425425 ], [ -117.032351, 48.999188 ], [ -116.049193, 49.000912 ], [ -116.048421, 47.97682 ], [ -115.72377, 47.696671 ], [ -115.721084, 47.42235 ], [ -115.576836, 47.366825 ], [ -115.52369, 47.298919 ], [ -115.320184, 47.255717 ], [ -114.936015, 46.899761 ], [ -114.920459, 46.827697 ], [ -114.739253, 46.715167 ], [ -114.667346, 46.719276 ], [ -114.614423, 46.639188 ], [ -114.337942, 46.641205 ], [ -114.4912, 46.044003 ], [ -114.483379, 46.008047 ], [ -114.401552, 45.963195 ], [ -114.39376, 45.89402 ], [ -114.509303, 45.845531 ], [ -114.566172, 45.773864 ], [ -114.495421, 45.703321 ], [ -114.500925, 45.666715 ], [ -114.563652, 45.637412 ], [ -114.561773, 45.565109 ], [ -114.460542, 45.561283 ], [ -114.350819, 45.468542 ], [ -114.309613, 45.469432 ], [ -114.247828, 45.545489 ], [ -114.135249, 45.557465 ], [ -113.987759, 45.705247 ], [ -113.813933, 45.600559 ], [ -113.738729, 45.329741 ], [ -113.599506, 45.191114 ], [ -113.576453, 45.130311 ], [ -113.449349, 45.045745 ], [ -113.447199, 44.971924 ], [ -113.498745, 44.942314 ], [ -113.455071, 44.865424 ], [ -113.341704, 44.784853 ], [ -113.247166, 44.82295 ], [ -113.134617, 44.763149 ], [ -113.051504, 44.63695 ], [ -113.003544, 44.450814 ], [ -112.875822, 44.374357 ], [ -112.83134, 44.38166 ], [ -112.781294, 44.484888 ], [ -112.71911, 44.504344 ], [ -112.38708, 44.460476 ], [ -112.339721, 44.538577 ], [ -112.274083, 44.564334 ], [ -112.078471, 44.533551 ], [ -111.870504, 44.564033 ], [ -111.806528, 44.515459 ], [ -111.704218, 44.560205 ], [ -111.601249, 44.55421 ], [ -111.525764, 44.604883 ], [ -111.489008, 44.705553 ], [ -111.394815, 44.751351 ], [ -111.323669, 44.724474 ], [ -111.131379, 44.499925 ], [ -111.048974, 44.474072 ], [ -111.046689, 42.001567 ] ] ] } },
{ "type": "Feature", "properties": { "name": "IL" }, "geometry": { "type": "Polygon", "coordinates": [ [ [ -90.373929, 38.281853 ], [ -90.350918, 38.375053 ], [ -90.18451, 38.611551 ], [ -90.20991, 38.72605 ], [ -90.109407, 38.843548 ], [ -90.250248, 38.919344 ], [ -90.450792, 38.967764 ], [ -90.54403, 38.87505 ], [ -90.625122, 38.888654 ], [ -90.71158, 39.046798 ], [ -90.681086, 39.10059 ], [ -90.72996, 39.255894 ], [ -91.042351, 39.452062 ], [ -91.178012, 39.598196 ], [ -91.367753, 39.729029 ], [ -91.365396, 39.777266 ], [ -91.446385, 39.870394 ], [ -91.510322, 40.127994 ], [ -91.46214, 40.342414 ], [ -91.372554, 40.4012 ], [ -91.364211, 40.500043 ], [ -91.405241, 40.554641 ], [ -91.339719, 40.613488 ], [ -91.122421, 40.670675 ], [ -91.092993, 40.821079 ], [ -90.952233, 40.954047 ], [ -90.946627, 41.096632 ], [ -91.113648, 41.241401 ], [ -91.047819, 41.4109 ], [ -90.655839, 41.462132 ], [ -90.461432, 41.523533 ], [ -90.34165, 41.621484 ], [ -90.309826, 41.743321 ], [ -90.181973, 41.80707 ], [ -90.140613, 41.995999 ], [ -90.162225, 42.11488 ], [ -90.391108, 42.225473 ], [ -90.430884, 42.27823 ], [ -90.419027, 42.328505 ], [ -90.655927, 42.491703 ], [ -87.800477, 42.49192 ], [ -87.828569, 42.269922 ], [ -87.671462, 42.058334 ], [ -87.60945, 41.845233 ], [ -87.524141, 41.72399 ], [ -87.531646, 39.347888 ], [ -87.604043, 39.313526 ], [ -87.605173, 39.185897 ], [ -87.658746, 39.135997 ], [ -87.512187, 38.954417 ], [ -87.553384, 38.863344 ], [ -87.495211, 38.78306 ], [ -87.519609, 38.697198 ], [ -87.62012, 38.639489 ], [ -87.670071, 38.545237 ], [ -87.656144, 38.521668 ], [ -87.750028, 38.403027 ], [ -87.863032, 38.280172 ], [ -87.951715, 38.239632 ], [ -87.959062, 38.203712 ], [ -87.911034, 38.162194 ], [ -88.013118, 38.103527 ], [ -88.042132, 38.046345 ], [ -88.013451, 37.893951 ], [ -88.071449, 37.895813 ], [ -88.02803, 37.799224 ], [ -88.160187, 37.657592 ], [ -88.062562, 37.489385 ], [ -88.470224, 37.396255 ], [ -88.515939, 37.284043 ], [ -88.424403, 37.152428 ], [ -88.458948, 37.073796 ], [ -88.545403, 37.070003 ], [ -88.809206, 37.189235 ], [ -88.98326, 37.228685 ], [ -89.175725, 37.062069 ], [ -89.178975, 37.020928 ], [ -89.132685, 36.9822 ], [ -89.29213, 36.992189 ], [ -89.383937, 37.046441 ], [ -89.517032, 37.28192 ], [ -89.421054, 37.387668 ], [ -89.517051, 37.537278 ], [ -89.515436, 37.67137 ], [ -89.844786, 37.905572 ], [ -89.901832, 37.869822 ], [ -89.950594, 37.881526 ], [ -89.997103, 37.963225 ], [ -90.334258, 38.189932 ], [ -90.373929, 38.281853 ] ] ] } },
{ "type": "Feature", "properties": { "name": "IN" }, "geometry": { "type": "Polygon", "coordinates": [ [ [ -86.815267, 37.998877 ], [ -87.033444, 37.906593 ], [ -87.067836, 37.806065 ], [ -87.111133, 37.782512 ], [ -87.380247, 37.935596 ], [ -87.450458, 37.941451 ], [ -87.511499, 37.906426 ], [ -87.585916, 37.975442 ], [ -87.62896, 37.926714 ], [ -87.588426, 37.868791 ], [ -87.615399, 37.831974 ], [ -87.679188, 37.836321 ], [ -87.67573, 37.90193 ], [ -87.830578, 37.876516 ], [ -87.898062, 37.927514 ], [ -87.940069, 37.88767 ], [ -87.903804, 37.817762 ], [ -87.943756, 37.776843 ], [ -88.02803, 37.799224 ], [ -88.071449, 37.895813 ], [ -88.013451, 37.893951 ], [ -88.042132, 38.046345 ], [ -88.013118, 38.103527 ], [ -87.911034, 38.162194 ], [ -87.959062, 38.203712 ], [ -87.951715, 38.239632 ], [ -87.863032, 38.280172 ], [ -87.750028, 38.403027 ], [ -87.656144, 38.521668 ], [ -87.670071, 38.545237 ], [ -87.62012, 38.639489 ], [ -87.531231, 38.684036 ], [ -87.498515, 38.758983 ], [ -87.553384, 38.863344 ], [ -87.512187, 38.954417 ], [ -87.658746, 39.135997 ], [ -87.605173, 39.185897 ], [ -87.604043, 39.313526 ], [ -87.531646, 39.347888 ], [ -87.524044, 41.708335 ], [ -87.42344, 41.642835 ], [ -87.278437, 41.619736 ], [ -87.066033, 41.661845 ], [ -86.824828, 41.76024 ], [ -84.818873, 41.760059 ], [ -84.820157, 39.10548 ], [ -84.897364, 39.057378 ], [ -84.785111, 38.879988 ], [ -84.81335, 38.79833 ], [ -84.995939, 38.776756 ], [ -85.172528, 38.688082 ], [ -85.275454, 38.741172 ], [ -85.434065, 38.729455 ], [ -85.456978, 38.689135 ], [ -85.423077, 38.531581 ], [ -85.607629, 38.439295 ], [ -85.683561, 38.295469 ], [ -85.744862, 38.26717 ], [ -85.829364, 38.276769 ], [ -85.908764, 38.161169 ], [ -85.906163, 38.08617 ], [ -85.951467, 38.005608 ], [ -86.178983, 38.011308 ], [ -86.266891, 38.057125 ], [ -86.271223, 38.130112 ], [ -86.309727, 38.144393 ], [ -86.452192, 38.05049 ], [ -86.517289, 38.042634 ], [ -86.525174, 37.968228 ], [ -86.634271, 37.843845 ], [ -86.73146, 37.89434 ], [ -86.815267, 37.998877 ] ] ] } },
{ "type": "Feature", "properties": { "name": "IA" }, "geometry": { "type": "Polygon", "coordinates": [ [ [ -91.729115, 40.61364 ], [ -95.765645, 40.585208 ], [ -95.776251, 40.647463 ], [ -95.883178, 40.717579 ], [ -95.821193, 40.876682 ], [ -95.829074, 40.975688 ], [ -95.867286, 41.001599 ], [ -95.852788, 41.165398 ], [ -95.92599, 41.195698 ], [ -95.90249, 41.273398 ], [ -95.956791, 41.349196 ], [ -95.930705, 41.433894 ], [ -95.994784, 41.526242 ], [ -96.046707, 41.507085 ], [ -96.09409, 41.539265 ], [ -96.118105, 41.613495 ], [ -96.095415, 41.652736 ], [ -96.121726, 41.68274 ], [ -96.077088, 41.715403 ], [ -96.064537, 41.793002 ], [ -96.161756, 41.90182 ], [ -96.129505, 41.971673 ], [ -96.272877, 42.047238 ], [ -96.349688, 42.172043 ], [ -96.328905, 42.254734 ], [ -96.417786, 42.351449 ], [ -96.385407, 42.473094 ], [ -96.476947, 42.508677 ], [ -96.516338, 42.630435 ], [ -96.639704, 42.737071 ], [ -96.549513, 42.839143 ], [ -96.513111, 43.02788 ], [ -96.436589, 43.120842 ], [ -96.475571, 43.221054 ], [ -96.557126, 43.224192 ], [ -96.584124, 43.268101 ], [ -96.530392, 43.300034 ], [ -96.521697, 43.386897 ], [ -96.594254, 43.434153 ], [ -96.598928, 43.500457 ], [ -91.217706, 43.50055 ], [ -91.210233, 43.372064 ], [ -91.057918, 43.255366 ], [ -91.175253, 43.134665 ], [ -91.178087, 43.062044 ], [ -91.14556, 42.90798 ], [ -91.100565, 42.883078 ], [ -91.053733, 42.738238 ], [ -90.949213, 42.685573 ], [ -90.709204, 42.636078 ], [ -90.636727, 42.518702 ], [ -90.654027, 42.478503 ], [ -90.419027, 42.328505 ], [ -90.430884, 42.27823 ], [ -90.391108, 42.225473 ], [ -90.162225, 42.11488 ], [ -90.140613, 41.995999 ], [ -90.181973, 41.80707 ], [ -90.309826, 41.743321 ], [ -90.34165, 41.621484 ], [ -90.39793, 41.572233 ], [ -90.655839, 41.462132 ], [ -91.047819, 41.4109 ], [ -91.113648, 41.241401 ], [ -90.946627, 41.096632 ], [ -90.952233, 40.954047 ], [ -91.092993, 40.821079 ], [ -91.122421, 40.670675 ], [ -91.339719, 40.613488 ], [ -91.405241, 40.554641 ], [ -91.364211, 40.500043 ], [ -91.38836, 40.384929 ], [ -91.524612, 40.410765 ], [ -91.620071, 40.540817 ], [ -91.729115, 40.61364 ] ] ] } },
{ "type": "Feature", "properties": { "name": "KS" }, "geometry": { "type": "Polygon", "coordinates": [ [ [ -102.028204, 36.993125 ], [ -102.051744, 40.003078 ], [ -95.30829, 39.999998 ], [ -95.132695, 39.875925 ], [ -94.927897, 39.886112 ], [ -94.895268, 39.76321 ], [ -95.01531, 39.674262 ], [ -95.109304, 39.542285 ], [ -94.909954, 39.367459 ], [ -94.901009, 39.30168 ], [ -94.832399, 39.227218 ], [ -94.752338, 39.173203 ], [ -94.591933, 39.155003 ], [ -94.61808, 36.998135 ], [ -102.028204, 36.993125 ] ] ] } },
{ "type": "Feature", "properties": { "name": "KY" }, "geometry": { "type": "MultiPolygon", "coordinates": [ [ [ [ -89.546113, 36.579989 ], [ -89.479093, 36.568206 ], [ -89.485106, 36.497692 ], [ -89.560344, 36.525436 ], [ -89.546113, 36.579989 ] ] ], [ [ [ -88.053205, 36.497129 ], [ -89.417293, 36.499033 ], [ -89.365548, 36.625059 ], [ -89.326731, 36.632186 ], [ -89.259994, 36.565149 ], [ -89.213563, 36.580119 ], [ -89.171882, 36.672526 ], [ -89.197808, 36.739412 ], [ -89.130399, 36.751702 ], [ -89.12353, 36.785309 ], [ -89.177177, 36.835779 ], [ -89.100766, 36.943973 ], [ -89.178975, 37.020928 ], [ -89.168087, 37.074218 ], [ -89.041263, 37.202881 ], [ -88.966831, 37.229891 ], [ -88.545403, 37.070003 ], [ -88.458948, 37.073796 ], [ -88.424403, 37.152428 ], [ -88.515939, 37.284043 ], [ -88.476592, 37.386875 ], [ -88.408808, 37.425216 ], [ -88.358436, 37.40486 ], [ -88.281667, 37.452596 ], [ -88.062562, 37.489385 ], [ -88.133416, 37.574277 ], [ -88.158207, 37.664542 ], [ -88.02803, 37.799224 ], [ -87.943756, 37.776843 ], [ -87.90681, 37.807624 ], [ -87.940839, 37.883338 ], [ -87.904789, 37.924892 ], [ -87.830578, 37.876516 ], [ -87.67573, 37.90193 ], [ -87.679188, 37.836321 ], [ -87.645858, 37.825899 ], [ -87.588729, 37.860984 ], [ -87.62896, 37.926714 ], [ -87.585916, 37.975442 ], [ -87.511499, 37.906426 ], [ -87.450458, 37.941451 ], [ -87.380247, 37.935596 ], [ -87.111133, 37.782512 ], [ -87.067836, 37.806065 ], [ -87.033444, 37.906593 ], [ -86.823491, 37.998939 ], [ -86.73146, 37.89434 ], [ -86.634271, 37.843845 ], [ -86.525174, 37.968228 ], [ -86.517289, 38.042634 ], [ -86.452192, 38.05049 ], [ -86.309727, 38.144393 ], [ -86.271223, 38.130112 ], [ -86.266891, 38.057125 ], [ -86.178983, 38.011308 ], [ -85.951467, 38.005608 ], [ -85.906163, 38.08617 ], [ -85.908764, 38.161169 ], [ -85.829364, 38.276769 ], [ -85.744862, 38.26717 ], [ -85.683561, 38.295469 ], [ -85.607629, 38.439295 ], [ -85.423077, 38.531581 ], [ -85.456978, 38.689135 ], [ -85.434065, 38.729455 ], [ -85.275454, 38.741172 ], [ -85.172528, 38.688082 ], [ -84.995939, 38.776756 ], [ -84.81335, 38.79833 ], [ -84.785111, 38.879988 ], [ -84.897364, 39.057378 ], [ -84.754449, 39.146658 ], [ -84.620112, 39.073457 ], [ -84.432841, 39.094261 ], [ -84.304698, 39.006455 ], [ -84.212904, 38.805707 ], [ -83.870443, 38.761608 ], [ -83.769347, 38.65522 ], [ -83.679484, 38.630036 ], [ -83.626922, 38.679387 ], [ -83.520953, 38.703045 ], [ -83.2821, 38.602987 ], [ -83.156926, 38.620547 ], [ -83.030702, 38.72572 ], [ -82.879492, 38.751476 ], [ -82.839538, 38.586159 ], [ -82.696621, 38.542112 ], [ -82.593673, 38.421809 ], [ -82.574656, 38.263873 ], [ -82.644739, 38.165487 ], [ -82.519665, 38.008538 ], [ -82.465473, 37.98478 ], [ -82.500386, 37.936518 ], [ -82.329867, 37.775897 ], [ -82.297011, 37.687273 ], [ -82.116584, 37.559588 ], [ -81.968297, 37.537798 ], [ -82.350948, 37.267077 ], [ -82.565329, 37.196118 ], [ -82.721941, 37.105689 ], [ -82.722472, 37.045101 ], [ -82.867535, 36.977518 ], [ -82.861943, 36.924236 ], [ -82.91169, 36.874248 ], [ -83.07259, 36.854589 ], [ -83.136395, 36.743088 ], [ -83.527212, 36.665984 ], [ -83.690714, 36.582581 ], [ -86.468497, 36.651841 ], [ -87.853204, 36.633247 ], [ -87.849567, 36.663701 ], [ -88.070532, 36.678118 ], [ -88.032489, 36.540662 ], [ -88.053205, 36.497129 ] ] ] ] } },
{ "type": "Feature", "properties": { "name": "LA" }, "geometry": { "type": "MultiPolygon", "coordinates": [ [ [ [ -93.712101, 30.067346 ], [ -93.720575, 30.295961 ], [ -93.765822, 30.333318 ], [ -93.757654, 30.390423 ], [ -93.698302, 30.438657 ], [ -93.740045, 30.538765 ], [ -93.563292, 30.818503 ], [ -93.530936, 30.924534 ], [ -93.531744, 31.180817 ], [ -93.598828, 31.174679 ], [ -93.614402, 31.260869 ], [ -93.671676, 31.299586 ], [ -93.640805, 31.372546 ], [ -93.834924, 31.586211 ], [ -93.812477, 31.715246 ], [ -93.840029, 31.800596 ], [ -94.04272, 31.999265 ], [ -94.042964, 33.019219 ], [ -91.166073, 33.004106 ], [ -91.208263, 32.915354 ], [ -91.145076, 32.905494 ], [ -91.134414, 32.980533 ], [ -91.106581, 32.988938 ], [ -91.063974, 32.924113 ], [ -91.161669, 32.812465 ], [ -91.163389, 32.747009 ], [ -91.054481, 32.722259 ], [ -91.152081, 32.641508 ], [ -91.090771, 32.563978 ], [ -91.116008, 32.48314 ], [ -90.99408, 32.403862 ], [ -91.000106, 32.357695 ], [ -90.898588, 32.329094 ], [ -91.004557, 32.215381 ], [ -91.039007, 32.242349 ], [ -91.164171, 32.196888 ], [ -91.165452, 32.13429 ], [ -91.046615, 32.138768 ], [ -91.027535, 32.113431 ], [ -91.248144, 31.869848 ], [ -91.338414, 31.851261 ], [ -91.404668, 31.637898 ], [ -91.474959, 31.621677 ], [ -91.477362, 31.592239 ], [ -91.416683, 31.561599 ], [ -91.52292, 31.519841 ], [ -91.500406, 31.419008 ], [ -91.541242, 31.35675 ], [ -91.508858, 31.291644 ], [ -91.574493, 31.261289 ], [ -91.604197, 31.154545 ], [ -91.559907, 31.054119 ], [ -91.636942, 30.999416 ], [ -89.728147, 31.002431 ], [ -89.842596, 30.666038 ], [ -89.806843, 30.572039 ], [ -89.68341, 30.451793 ], [ -89.607655, 30.217096 ], [ -89.524504, 30.180753 ], [ -89.640989, 30.138612 ], [ -89.730999, 30.057581 ], [ -89.716377, 30.026222 ], [ -89.818561, 30.043328 ], [ -89.857558, 30.004439 ], [ -89.844202, 29.955645 ], [ -89.804463, 29.932588 ], [ -89.727933, 29.95878 ], [ -89.742479, 29.90817 ], [ -89.711158, 29.879287 ], [ -89.613159, 29.87216 ], [ -89.58136, 29.994722 ], [ -89.501587, 30.034037 ], [ -89.481926, 30.079128 ], [ -89.372375, 30.054729 ], [ -89.433411, 29.991205 ], [ -89.379227, 29.963804 ], [ -89.368019, 29.911491 ], [ -89.315453, 29.923208 ], [ -89.273315, 29.99382 ], [ -89.218071, 29.97275 ], [ -89.231178, 29.925484 ], [ -89.322289, 29.887333 ], [ -89.236298, 29.877081 ], [ -89.383789, 29.838928 ], [ -89.33197, 29.790524 ], [ -89.277298, 29.807608 ], [ -89.271034, 29.756355 ], [ -89.386063, 29.788815 ], [ -89.428207, 29.74155 ], [ -89.42421, 29.697638 ], [ -89.530258, 29.74375 ], [ -89.651237, 29.749479 ], [ -89.644562, 29.710957 ], [ -89.485367, 29.624357 ], [ -89.64975, 29.672941 ], [ -89.700501, 29.515967 ], [ -89.589536, 29.437662 ], [ -89.528429, 29.454702 ], [ -89.508551, 29.386168 ], [ -89.47714, 29.411241 ], [ -89.340304, 29.381412 ], [ -89.350694, 29.349544 ], [ -89.283028, 29.356467 ], [ -89.24087, 29.310081 ], [ -89.189354, 29.345061 ], [ -89.100106, 29.25022 ], [ -89.10065, 29.206314 ], [ -89.029103, 29.220956 ], [ -89.000674, 29.180091 ], [ -89.047233, 29.157833 ], [ -89.023942, 29.1337 ], [ -89.062335, 29.070234 ], [ -89.121542, 29.069074 ], [ -89.16985, 29.008703 ], [ -89.254726, 29.083261 ], [ -89.41148, 28.925011 ], [ -89.334735, 29.040335 ], [ -89.354798, 29.072543 ], [ -89.405654, 29.086936 ], [ -89.482844, 29.215053 ], [ -89.697258, 29.296679 ], [ -89.850305, 29.311768 ], [ -89.816155, 29.393518 ], [ -89.849642, 29.477996 ], [ -89.932598, 29.429288 ], [ -90.01251, 29.462775 ], [ -90.036374, 29.363661 ], [ -90.009678, 29.294785 ], [ -90.096038, 29.240673 ], [ -90.04291, 29.211765 ], [ -89.950756, 29.260801 ], [ -90.174273, 29.105301 ], [ -90.348768, 29.057817 ], [ -90.234235, 29.110268 ], [ -90.302846, 29.175098 ], [ -90.271251, 29.204639 ], [ -90.332796, 29.276956 ], [ -90.387924, 29.252786 ], [ -90.399465, 29.201046 ], [ -90.472489, 29.192688 ], [ -90.494928, 29.216713 ], [ -90.450674, 29.263739 ], [ -90.510555, 29.290925 ], [ -90.582525, 29.276037 ], [ -90.58847, 29.245863 ], [ -90.544311, 29.224292 ], [ -90.633819, 29.209128 ], [ -90.647042, 29.12858 ], [ -90.764189, 29.113374 ], [ -90.803699, 29.063709 ], [ -90.637495, 29.066608 ], [ -90.839345, 29.039167 ], [ -90.961278, 29.180817 ], [ -91.094015, 29.187711 ], [ -91.278792, 29.247776 ], [ -91.33275, 29.305816 ], [ -91.291821, 29.311357 ], [ -91.249109, 29.369864 ], [ -91.197465, 29.369882 ], [ -91.221166, 29.436421 ], [ -91.447345, 29.544749 ], [ -91.531021, 29.531543 ], [ -91.553537, 29.632766 ], [ -91.648941, 29.633635 ], [ -91.632829, 29.742576 ], [ -91.752259, 29.748264 ], [ -91.88075, 29.710839 ], [ -91.854677, 29.807436 ], [ -91.889118, 29.836023 ], [ -92.056398, 29.772313 ], [ -92.149349, 29.697052 ], [ -92.111787, 29.62177 ], [ -91.965031, 29.608019 ], [ -91.863018, 29.633739 ], [ -91.712002, 29.56474 ], [ -91.782387, 29.482882 ], [ -91.8385, 29.478874 ], [ -92.046316, 29.584362 ], [ -92.309357, 29.533026 ], [ -92.61627, 29.578729 ], [ -93.226934, 29.777519 ], [ -93.68364, 29.747153 ], [ -93.837971, 29.690619 ], [ -93.89847, 29.771577 ], [ -93.890679, 29.843159 ], [ -93.712101, 30.067346 ] ] ], [ [ [ -88.944435, 29.658806 ], [ -88.8312, 29.878839 ], [ -88.840866, 29.995613 ], [ -88.881454, 30.053202 ], [ -88.833725, 29.998821 ], [ -88.818146, 29.889109 ], [ -88.865067, 29.752714 ], [ -88.944435, 29.658806 ] ] ] ] } },
{ "type": "Feature", "properties": { "name": "ME" }, "geometry": { "type": "MultiPolygon", "coordinates": [ [ [ [ -70.553854, 43.321886 ], [ -70.576692, 43.217651 ], [ -70.638355, 43.114182 ], [ -70.703936, 43.059621 ], [ -70.8281, 43.129086 ], [ -70.817865, 43.237911 ], [ -70.984335, 43.376128 ], [ -70.953322, 43.552718 ], [ -71.084334, 45.305293 ], [ -70.950824, 45.33453 ], [ -70.896898, 45.242031 ], [ -70.857042, 45.22916 ], [ -70.798483, 45.42474 ], [ -70.634661, 45.383608 ], [ -70.635498, 45.427817 ], [ -70.721611, 45.515058 ], [ -70.564789, 45.65515 ], [ -70.451503, 45.704432 ], [ -70.39721, 45.756872 ], [ -70.417674, 45.79457 ], [ -70.387916, 45.819043 ], [ -70.262655, 45.887853 ], [ -70.240177, 45.943729 ], [ -70.312055, 45.971544 ], [ -70.310609, 46.064544 ], [ -70.237947, 46.147378 ], [ -70.292736, 46.191599 ], [ -70.188046, 46.350015 ], [ -70.056433, 46.41659 ], [ -69.997086, 46.69523 ], [ -69.22442, 47.459686 ], [ -69.042702, 47.426651 ], [ -69.050334, 47.256621 ], [ -68.900985, 47.178519 ], [ -68.33368, 47.36007 ], [ -68.224005, 47.348456 ], [ -67.955669, 47.199542 ], [ -67.889155, 47.118772 ], [ -67.789461, 47.062544 ], [ -67.763767, 45.820315 ], [ -67.806598, 45.794723 ], [ -67.817892, 45.693705 ], [ -67.64581, 45.613597 ], [ -67.455406, 45.604665 ], [ -67.425452, 45.579086 ], [ -67.425674, 45.502917 ], [ -67.503771, 45.488522 ], [ -67.422153, 45.379661 ], [ -67.489333, 45.281282 ], [ -67.345004, 45.12621 ], [ -67.283619, 45.192022 ], [ -67.161247, 45.162879 ], [ -67.090786, 45.068721 ], [ -67.117688, 45.05673 ], [ -66.984466, 44.912557 ], [ -66.986318, 44.820657 ], [ -66.950569, 44.814539 ], [ -67.062239, 44.769543 ], [ -67.154479, 44.668114 ], [ -67.293403, 44.599265 ], [ -67.32297, 44.609394 ], [ -67.293665, 44.634316 ], [ -67.308538, 44.707454 ], [ -67.376742, 44.681852 ], [ -67.363158, 44.631825 ], [ -67.405492, 44.594236 ], [ -67.505804, 44.636837 ], [ -67.551133, 44.621938 ], [ -67.568159, 44.531117 ], [ -67.685861, 44.537155 ], [ -67.733986, 44.496252 ], [ -67.753854, 44.543661 ], [ -67.79726, 44.520685 ], [ -67.839896, 44.558771 ], [ -67.855108, 44.419434 ], [ -67.887323, 44.433066 ], [ -67.899571, 44.394078 ], [ -67.926357, 44.431807 ], [ -67.978876, 44.387034 ], [ -68.010719, 44.407464 ], [ -68.049334, 44.33073 ], [ -68.11229, 44.401588 ], [ -68.117746, 44.475038 ], [ -68.261708, 44.484062 ], [ -68.299063, 44.437893 ], [ -68.247438, 44.433276 ], [ -68.173608, 44.328397 ], [ -68.289409, 44.283858 ], [ -68.317588, 44.225101 ], [ -68.401268, 44.252244 ], [ -68.430946, 44.298624 ], [ -68.398035, 44.376191 ], [ -68.3581, 44.392337 ], [ -68.3791, 44.430049 ], [ -68.427874, 44.3968 ], [ -68.455095, 44.447498 ], [ -68.466109, 44.377245 ], [ -68.485415, 44.434326 ], [ -68.565161, 44.39907 ], [ -68.545434, 44.355 ], [ -68.566203, 44.313007 ], [ -68.531532, 44.290388 ], [ -68.525302, 44.227554 ], [ -68.733004, 44.328388 ], [ -68.827197, 44.31216 ], [ -68.783679, 44.473879 ], [ -68.880271, 44.428112 ], [ -68.900934, 44.452062 ], [ -68.982449, 44.426195 ], [ -68.954465, 44.32405 ], [ -69.003682, 44.294582 ], [ -69.100863, 44.104529 ], [ -69.031878, 44.079036 ], [ -69.170345, 43.995637 ], [ -69.203668, 43.941806 ], [ -69.259838, 43.921427 ], [ -69.280498, 43.95744 ], [ -69.416165, 43.977267 ], [ -69.441596, 43.964254 ], [ -69.50329, 43.837673 ], [ -69.543912, 43.881615 ], [ -69.588551, 43.81836 ], [ -69.594705, 43.858878 ], [ -69.649798, 43.836287 ], [ -69.653337, 43.79103 ], [ -69.705838, 43.823024 ], [ -69.752801, 43.75594 ], [ -69.851297, 43.703581 ], [ -69.869732, 43.775656 ], [ -69.958056, 43.767786 ], [ -70.001645, 43.717666 ], [ -70.001708, 43.744466 ], [ -70.041351, 43.738053 ], [ -69.99821, 43.798684 ], [ -70.019197, 43.858733 ], [ -70.190014, 43.771866 ], [ -70.251812, 43.683251 ], [ -70.196911, 43.565146 ], [ -70.361214, 43.52919 ], [ -70.385615, 43.487031 ], [ -70.349684, 43.442032 ], [ -70.460717, 43.34325 ], [ -70.553854, 43.321886 ] ] ], [ [ [ -70.205934, 43.633633 ], [ -70.188047, 43.673762 ], [ -70.171136, 43.6633 ], [ -70.205934, 43.633633 ] ] ], [ [ [ -70.21313, 43.662973 ], [ -70.201893, 43.685483 ], [ -70.191041, 43.689071 ], [ -70.187536, 43.678669 ], [ -70.21313, 43.662973 ] ] ], [ [ [ -70.154503, 43.680933 ], [ -70.171339, 43.687546 ], [ -70.135563, 43.700658 ], [ -70.154503, 43.680933 ] ] ], [ [ [ -70.118174, 43.686375 ], [ -70.100683, 43.705962 ], [ -70.093113, 43.710524 ], [ -70.093704, 43.6918 ], [ -70.118174, 43.686375 ] ] ], [ [ [ -70.097318, 43.757292 ], [ -70.124136, 43.70832 ], [ -70.138128, 43.718231 ], [ -70.097318, 43.757292 ] ] ], [ [ [ -69.300818, 43.768599 ], [ -69.321141, 43.765763 ], [ -69.302995, 43.774591 ], [ -69.300818, 43.768599 ] ] ], [ [ [ -69.422153, 43.917702 ], [ -69.433762, 43.949353 ], [ -69.429806, 43.948438 ], [ -69.422153, 43.917702 ] ] ], [ [ [ -68.899108, 43.821925 ], [ -68.908222, 43.849852 ], [ -68.889367, 43.87553 ], [ -68.876224, 43.836597 ], [ -68.899108, 43.821925 ] ] ], [ [ [ -69.043981, 44.005684 ], [ -69.0782, 43.974132 ], [ -69.092994, 43.979063 ], [ -69.061966, 44.015023 ], [ -69.043981, 44.005684 ] ] ], [ [ [ -68.657031, 44.003823 ], [ -68.661594, 44.075837 ], [ -68.609722, 44.094674 ], [ -68.584074, 44.070578 ], [ -68.610703, 44.013422 ], [ -68.657031, 44.003823 ] ] ], [ [ [ -68.77029, 44.069566 ], [ -68.889717, 44.032516 ], [ -68.908984, 44.110001 ], [ -68.944597, 44.11284 ], [ -68.825067, 44.186338 ], [ -68.780693, 44.143274 ], [ -68.81953, 44.122056 ], [ -68.77029, 44.069566 ] ] ], [ [ [ -68.502942, 44.099722 ], [ -68.506979, 44.127237 ], [ -68.491521, 44.109833 ], [ -68.502942, 44.099722 ] ] ], [ [ [ -68.338012, 44.101473 ], [ -68.365176, 44.101464 ], [ -68.376591, 44.113762 ], [ -68.346724, 44.127749 ], [ -68.338012, 44.101473 ] ] ], [ [ [ -68.384903, 44.154955 ], [ -68.438518, 44.11618 ], [ -68.502096, 44.152388 ], [ -68.424441, 44.190753 ], [ -68.384903, 44.154955 ] ] ], [ [ [ -68.333227, 44.207308 ], [ -68.347416, 44.169459 ], [ -68.378872, 44.184222 ], [ -68.333227, 44.207308 ] ] ], [ [ [ -68.605906, 44.230772 ], [ -68.671454, 44.138572 ], [ -68.720435, 44.169185 ], [ -68.722956, 44.223568 ], [ -68.680773, 44.279242 ], [ -68.605906, 44.230772 ] ] ], [ [ [ -68.48452, 44.202886 ], [ -68.470323, 44.22832 ], [ -68.453843, 44.201683 ], [ -68.459182, 44.197681 ], [ -68.48452, 44.202886 ] ] ], [ [ [ -68.769833, 44.222787 ], [ -68.829593, 44.21689 ], [ -68.839422, 44.236547 ], [ -68.769833, 44.222787 ] ] ], [ [ [ -68.211329, 44.257074 ], [ -68.248913, 44.235443 ], [ -68.276857, 44.240794 ], [ -68.274719, 44.258675 ], [ -68.211329, 44.257074 ] ] ], [ [ [ -68.868444, 44.38144 ], [ -68.916872, 44.242866 ], [ -68.95189, 44.218719 ], [ -68.965264, 44.259332 ], [ -68.911634, 44.365027 ], [ -68.868444, 44.38144 ] ] ], [ [ [ -68.530394, 44.333583 ], [ -68.501364, 44.382281 ], [ -68.478785, 44.319563 ], [ -68.530394, 44.333583 ] ] ], [ [ [ -67.582113, 44.513459 ], [ -67.562651, 44.472104 ], [ -67.574206, 44.45173 ], [ -67.619761, 44.519754 ], [ -67.582113, 44.513459 ] ] ] ] } },
{ "type": "Feature", "properties": { "name": "MD" }, "geometry": { "type": "MultiPolygon", "coordinates": [ [ [ [ -76.46974, 38.115653 ], [ -76.529868, 38.134083 ], [ -76.590637, 38.214212 ], [ -76.778625, 38.22847 ], [ -76.824889, 38.301152 ], [ -76.842139, 38.254491 ], [ -76.920932, 38.291568 ], [ -77.016371, 38.445572 ], [ -77.207312, 38.359867 ], [ -77.250172, 38.382781 ], [ -77.27422, 38.48177 ], [ -77.237724, 38.55187 ], [ -77.129084, 38.614364 ], [ -77.132501, 38.673816 ], [ -76.909395, 38.892812 ], [ -77.040999, 38.99511 ], [ -77.1199, 38.934311 ], [ -77.249803, 38.985909 ], [ -77.291605, 39.045408 ], [ -77.458202, 39.073723 ], [ -77.527282, 39.146236 ], [ -77.46021, 39.228359 ], [ -77.592739, 39.30129 ], [ -77.755789, 39.333899 ], [ -77.739204, 39.38573 ], [ -77.902649, 39.587796 ], [ -78.009985, 39.602893 ], [ -78.074595, 39.666686 ], [ -78.176625, 39.695967 ], [ -78.271122, 39.619642 ], [ -78.43025, 39.62329 ], [ -78.458456, 39.581158 ], [ -78.436939, 39.538959 ], [ -78.468639, 39.516789 ], [ -78.565929, 39.519444 ], [ -78.689455, 39.54577 ], [ -78.787461, 39.627492 ], [ -78.968996, 39.441543 ], [ -79.08445, 39.471356 ], [ -79.486873, 39.205961 ], [ -79.476662, 39.721078 ], [ -75.788359, 39.721811 ], [ -75.693521, 38.460128 ], [ -75.048939, 38.451263 ], [ -75.085518, 38.32427 ], [ -75.242266, 38.027209 ], [ -75.624341, 37.994211 ], [ -75.669711, 37.950796 ], [ -75.783815, 37.972594 ], [ -75.885032, 37.911717 ], [ -75.87319, 38.034375 ], [ -75.812913, 38.058932 ], [ -75.880515, 38.075011 ], [ -75.843862, 38.144599 ], [ -75.936663, 38.109956 ], [ -75.959616, 38.137141 ], [ -75.942375, 38.187066 ], [ -75.846377, 38.210477 ], [ -75.938577, 38.272329 ], [ -75.946414, 38.23889 ], [ -75.972212, 38.2333 ], [ -76.017364, 38.309106 ], [ -75.964237, 38.324285 ], [ -75.973876, 38.36585 ], [ -76.002282, 38.374477 ], [ -76.04958, 38.309594 ], [ -76.032044, 38.216684 ], [ -76.111296, 38.286946 ], [ -76.166154, 38.290431 ], [ -76.175783, 38.261551 ], [ -76.126623, 38.242949 ], [ -76.151035, 38.234215 ], [ -76.258189, 38.318373 ], [ -76.238611, 38.350233 ], [ -76.33636, 38.492235 ], [ -76.2473, 38.523818 ], [ -76.308321, 38.571769 ], [ -76.271827, 38.615661 ], [ -76.147158, 38.63684 ], [ -76.238685, 38.735434 ], [ -76.316146, 38.729586 ], [ -76.340341, 38.671245 ], [ -76.341302, 38.751901 ], [ -76.300889, 38.82619 ], [ -76.271575, 38.851771 ], [ -76.219328, 38.812371 ], [ -76.19109, 38.82966 ], [ -76.203638, 38.928382 ], [ -76.232038, 38.942518 ], [ -76.336104, 38.905977 ], [ -76.33103, 38.86432 ], [ -76.375086, 38.839474 ], [ -76.361727, 38.939175 ], [ -76.301847, 39.039651 ], [ -76.277478, 38.982492 ], [ -76.218929, 38.970538 ], [ -76.163988, 38.999541 ], [ -76.184207, 39.046264 ], [ -76.145174, 39.092824 ], [ -76.203383, 39.085626 ], [ -76.200666, 39.01452 ], [ -76.231765, 39.018518 ], [ -76.274637, 39.16549 ], [ -76.170422, 39.332094 ], [ -76.110527, 39.372257 ], [ -76.002408, 39.367501 ], [ -76.040962, 39.394237 ], [ -75.976747, 39.444627 ], [ -76.012312, 39.453115 ], [ -75.966955, 39.53865 ], [ -75.992633, 39.563098 ], [ -76.096072, 39.536912 ], [ -76.113929, 39.486701 ], [ -76.060989, 39.447722 ], [ -76.266365, 39.353352 ], [ -76.281578, 39.302108 ], [ -76.295678, 39.350008 ], [ -76.341443, 39.354217 ], [ -76.327579, 39.314108 ], [ -76.380662, 39.299161 ], [ -76.38438, 39.242708 ], [ -76.425281, 39.205708 ], [ -76.535885, 39.211008 ], [ -76.525785, 39.177908 ], [ -76.428681, 39.131709 ], [ -76.438928, 39.052788 ], [ -76.39408, 39.011311 ], [ -76.474198, 38.972647 ], [ -76.459479, 38.907113 ], [ -76.49368, 38.910013 ], [ -76.519442, 38.863135 ], [ -76.489878, 38.838715 ], [ -76.557535, 38.744687 ], [ -76.52718, 38.727062 ], [ -76.506023, 38.50461 ], [ -76.386229, 38.382013 ], [ -76.409291, 38.325891 ], [ -76.374481, 38.296348 ], [ -76.39932, 38.259284 ], [ -76.320136, 38.138339 ], [ -76.322093, 38.036503 ], [ -76.439841, 38.138933 ], [ -76.46974, 38.115653 ] ] ], [ [ [ -75.97039, 38.006327 ], [ -76.04653, 37.953586 ], [ -76.048617, 38.014843 ], [ -76.013128, 38.039762 ], [ -75.97039, 38.006327 ] ] ], [ [ [ -76.048786, 38.203731 ], [ -76.0233, 38.07076 ], [ -76.059304, 38.095751 ], [ -76.043423, 38.117868 ], [ -76.090872, 38.11446 ], [ -76.088639, 38.192649 ], [ -76.048786, 38.203731 ] ] ] ] } },
{ "type": "Feature", "properties": { "name": "MA" }, "geometry": { "type": "MultiPolygon", "coordinates": [ [ [ [ -70.85222, 41.589223 ], [ -70.889209, 41.632904 ], [ -70.899981, 41.593504 ], [ -70.927172, 41.611253 ], [ -70.948797, 41.579038 ], [ -70.931545, 41.540169 ], [ -71.12057, 41.497448 ], [ -71.134688, 41.660502 ], [ -71.327896, 41.780501 ], [ -71.339298, 41.893599 ], [ -71.3766, 41.893999 ], [ -71.381401, 42.018798 ], [ -72.755838, 42.036195 ], [ -72.766739, 42.002995 ], [ -72.816741, 41.997595 ], [ -72.813541, 42.036494 ], [ -73.496879, 42.049675 ], [ -73.508142, 42.086257 ], [ -73.264957, 42.74594 ], [ -71.294205, 42.69699 ], [ -71.245504, 42.742589 ], [ -71.181803, 42.73759 ], [ -71.186104, 42.790689 ], [ -71.149703, 42.815489 ], [ -70.930799, 42.884589 ], [ -70.817296, 42.87229 ], [ -70.778671, 42.693622 ], [ -70.689402, 42.653319 ], [ -70.630077, 42.692699 ], [ -70.591469, 42.639821 ], [ -70.654727, 42.582234 ], [ -70.871382, 42.546404 ], [ -70.835991, 42.490496 ], [ -70.934993, 42.457896 ], [ -70.905692, 42.416197 ], [ -70.94702, 42.456236 ], [ -70.982994, 42.423996 ], [ -70.953022, 42.343973 ], [ -71.006877, 42.347039 ], [ -71.0049, 42.28272 ], [ -70.910941, 42.265412 ], [ -70.91749, 42.305686 ], [ -70.882764, 42.30886 ], [ -70.722269, 42.207959 ], [ -70.63848, 42.081579 ], [ -70.670934, 42.007786 ], [ -70.710034, 41.999544 ], [ -70.552941, 41.929641 ], [ -70.54103, 41.815754 ], [ -70.412476, 41.744397 ], [ -70.259205, 41.713954 ], [ -70.008462, 41.800786 ], [ -70.000188, 41.886938 ], [ -70.044995, 41.930049 ], [ -70.067566, 41.877793 ], [ -70.095595, 42.032832 ], [ -70.155415, 42.062409 ], [ -70.190834, 42.020028 ], [ -70.245385, 42.063733 ], [ -70.189305, 42.082337 ], [ -70.082624, 42.054657 ], [ -69.968598, 41.9117 ], [ -69.928261, 41.6917 ], [ -69.998071, 41.54365 ], [ -69.973153, 41.646963 ], [ -70.007011, 41.671579 ], [ -70.265424, 41.609333 ], [ -70.28132, 41.635125 ], [ -70.351634, 41.634687 ], [ -70.485571, 41.554244 ], [ -70.633607, 41.538254 ], [ -70.79027, 41.446339 ], [ -70.948431, 41.409193 ], [ -70.658659, 41.543385 ], [ -70.637632, 41.654573 ], [ -70.661475, 41.681756 ], [ -70.626529, 41.712995 ], [ -70.726331, 41.732731 ], [ -70.719575, 41.685002 ], [ -70.755347, 41.694326 ], [ -70.765463, 41.641575 ], [ -70.813286, 41.65567 ], [ -70.801063, 41.629513 ], [ -70.852518, 41.626919 ], [ -70.85222, 41.589223 ] ] ], [ [ [ -70.031332, 41.339332 ], [ -70.049053, 41.391702 ], [ -69.965725, 41.252466 ], [ -70.118669, 41.242351 ], [ -70.256164, 41.288123 ], [ -70.275526, 41.310464 ], [ -70.12446, 41.293851 ], [ -70.031332, 41.339332 ] ] ], [ [ [ -70.603555, 41.482384 ], [ -70.498959, 41.384339 ], [ -70.450431, 41.420703 ], [ -70.451084, 41.348161 ], [ -70.709826, 41.341723 ], [ -70.775665, 41.300982 ], [ -70.838777, 41.347209 ], [ -70.774974, 41.349176 ], [ -70.603555, 41.482384 ] ] ], [ [ [ -70.830087, 41.585385 ], [ -70.832044, 41.606504 ], [ -70.82191, 41.582841 ], [ -70.830087, 41.585385 ] ] ] ] } },
{ "type": "Feature", "properties": { "name": "MI" }, "geometry": { "type": "MultiPolygon", "coordinates": [ [ [ [ -84.818873, 41.760059 ], [ -86.824828, 41.76024 ], [ -86.619442, 41.893827 ], [ -86.485223, 42.118239 ], [ -86.356218, 42.254166 ], [ -86.261573, 42.443894 ], [ -86.225613, 42.594765 ], [ -86.206834, 42.719424 ], [ -86.232707, 43.015762 ], [ -86.540916, 43.633158 ], [ -86.431043, 43.815975 ], [ -86.463136, 43.970976 ], [ -86.514702, 44.058119 ], [ -86.421108, 44.12948 ], [ -86.26871, 44.345324 ], [ -86.220697, 44.566742 ], [ -86.254996, 44.691935 ], [ -86.089186, 44.741496 ], [ -86.066745, 44.905685 ], [ -85.992535, 44.900026 ], [ -85.9316, 44.968788 ], [ -85.869852, 44.939031 ], [ -85.807403, 44.949814 ], [ -85.618639, 45.186771 ], [ -85.551072, 45.210742 ], [ -85.531461, 45.177247 ], [ -85.614319, 45.127562 ], [ -85.56613, 45.043633 ], [ -85.621878, 45.004529 ], [ -85.602034, 44.926743 ], [ -85.652355, 44.849092 ], [ -85.640781, 44.775561 ], [ -85.593571, 44.768783 ], [ -85.532931, 44.87319 ], [ -85.564509, 44.895246 ], [ -85.520034, 44.973996 ], [ -85.475204, 44.991053 ], [ -85.502182, 44.855802 ], [ -85.576566, 44.760208 ], [ -85.527216, 44.748235 ], [ -85.3958, 44.931018 ], [ -85.371593, 45.270834 ], [ -85.196704, 45.360641 ], [ -84.91585, 45.393115 ], [ -84.922006, 45.421914 ], [ -85.040936, 45.436701 ], [ -85.115479, 45.539406 ], [ -85.07491, 45.629242 ], [ -84.943756, 45.71029 ], [ -85.00741, 45.763168 ], [ -84.806642, 45.746171 ], [ -84.780313, 45.787224 ], [ -84.726192, 45.786905 ], [ -84.46168, 45.652404 ], [ -84.329537, 45.66438 ], [ -84.215268, 45.634767 ], [ -84.095905, 45.497298 ], [ -83.939261, 45.493189 ], [ -83.599273, 45.352561 ], [ -83.488826, 45.355872 ], [ -83.385104, 45.274195 ], [ -83.41241, 45.238905 ], [ -83.316118, 45.141958 ], [ -83.265896, 45.026844 ], [ -83.399255, 45.070364 ], [ -83.454168, 45.03188 ], [ -83.433032, 44.93289 ], [ -83.320503, 44.880571 ], [ -83.273393, 44.713901 ], [ -83.314517, 44.608725 ], [ -83.332533, 44.340464 ], [ -83.429689, 44.269708 ], [ -83.500392, 44.27661 ], [ -83.53771, 44.248171 ], [ -83.58409, 44.056748 ], [ -83.679654, 44.036365 ], [ -83.680108, 43.994196 ], [ -83.829077, 43.989095 ], [ -83.877694, 43.959235 ], [ -83.954347, 43.750647 ], [ -83.897078, 43.664022 ], [ -83.666052, 43.591292 ], [ -83.540187, 43.708746 ], [ -83.470053, 43.723418 ], [ -83.407647, 43.831998 ], [ -83.33227, 43.880522 ], [ -83.347365, 43.91216 ], [ -83.26153, 43.973525 ], [ -83.066026, 44.003366 ], [ -83.024604, 44.045174 ], [ -82.915976, 44.070503 ], [ -82.746255, 43.996037 ], [ -82.633641, 43.831224 ], [ -82.597911, 43.590016 ], [ -82.539517, 43.437539 ], [ -82.523086, 43.225361 ], [ -82.486042, 43.102486 ], [ -82.415937, 43.005555 ], [ -82.469912, 42.887459 ], [ -82.518782, 42.613888 ], [ -82.686417, 42.518597 ], [ -82.664335, 42.546244 ], [ -82.713042, 42.597904 ], [ -82.630922, 42.64211 ], [ -82.630851, 42.673341 ], [ -82.700964, 42.689548 ], [ -82.813518, 42.640833 ], [ -82.782414, 42.564834 ], [ -82.834216, 42.567849 ], [ -82.874416, 42.523535 ], [ -82.894013, 42.389437 ], [ -82.92397, 42.352068 ], [ -83.096521, 42.290138 ], [ -83.128022, 42.238839 ], [ -83.133511, 42.088143 ], [ -83.188598, 42.066431 ], [ -83.187246, 42.007573 ], [ -83.315859, 41.935893 ], [ -83.341557, 41.879956 ], [ -83.439612, 41.813162 ], [ -83.43436, 41.737058 ], [ -84.806082, 41.696089 ], [ -84.818873, 41.760059 ] ] ], [ [ [ -86.156689, 45.010535 ], [ -86.117908, 45.048478 ], [ -86.079103, 45.030795 ], [ -86.133655, 44.996874 ], [ -86.156689, 45.010535 ] ] ], [ [ [ -85.993194, 45.152805 ], [ -85.99736, 45.055929 ], [ -86.065016, 45.140266 ], [ -85.993194, 45.152805 ] ] ], [ [ [ -87.172241, 45.661788 ], [ -87.438908, 45.293405 ], [ -87.600796, 45.146842 ], [ -87.610073, 45.114141 ], [ -87.581969, 45.097206 ], [ -87.659952, 45.107512 ], [ -87.741732, 45.198201 ], [ -87.648126, 45.339396 ], [ -87.657349, 45.368752 ], [ -87.693956, 45.389893 ], [ -87.751452, 45.351755 ], [ -87.888052, 45.354697 ], [ -87.792769, 45.499967 ], [ -87.792016, 45.616756 ], [ -87.823672, 45.659817 ], [ -87.780808, 45.680349 ], [ -87.991447, 45.795393 ], [ -88.072091, 45.780261 ], [ -88.130434, 45.81002 ], [ -88.073134, 45.871952 ], [ -88.139372, 45.929932 ], [ -88.532414, 46.021212 ], [ -88.666056, 45.988191 ], [ -89.125136, 46.144531 ], [ -90.120489, 46.336852 ], [ -90.204572, 46.478998 ], [ -90.418136, 46.566094 ], [ -90.028392, 46.67439 ], [ -89.790663, 46.818469 ], [ -89.415154, 46.843983 ], [ -89.227914, 46.912954 ], [ -89.128698, 46.992599 ], [ -88.972802, 47.002096 ], [ -88.88914, 47.100575 ], [ -88.573997, 47.245989 ], [ -88.418673, 47.371188 ], [ -88.217822, 47.448738 ], [ -87.801184, 47.473301 ], [ -87.715942, 47.439816 ], [ -87.712421, 47.4014 ], [ -87.957058, 47.38726 ], [ -87.94336, 47.335899 ], [ -88.228987, 47.199042 ], [ -88.232164, 47.145975 ], [ -88.349952, 47.076377 ], [ -88.367624, 47.019213 ], [ -88.443901, 46.972251 ], [ -88.483748, 46.831727 ], [ -88.462349, 46.786711 ], [ -88.143688, 46.966665 ], [ -88.175197, 46.90458 ], [ -87.900339, 46.909686 ], [ -87.741014, 46.865247 ], [ -87.727358, 46.827656 ], [ -87.680668, 46.842496 ], [ -87.595307, 46.78295 ], [ -87.503025, 46.647497 ], [ -87.383961, 46.59307 ], [ -87.393985, 46.533183 ], [ -87.351071, 46.500749 ], [ -87.12744, 46.494014 ], [ -87.008724, 46.532723 ], [ -86.850111, 46.434114 ], [ -86.768516, 46.479072 ], [ -86.698139, 46.438624 ], [ -86.683819, 46.498079 ], [ -86.709325, 46.543914 ], [ -86.678182, 46.561039 ], [ -86.62738, 46.53371 ], [ -86.646393, 46.485776 ], [ -86.586168, 46.463324 ], [ -86.469306, 46.551422 ], [ -86.161681, 46.669475 ], [ -85.50951, 46.675786 ], [ -85.25686, 46.75338 ], [ -84.954009, 46.771362 ], [ -85.027513, 46.697451 ], [ -85.025491, 46.546397 ], [ -85.056133, 46.52652 ], [ -85.025598, 46.483028 ], [ -84.937145, 46.489252 ], [ -84.829491, 46.444071 ], [ -84.63102, 46.484868 ], [ -84.551496, 46.418522 ], [ -84.471848, 46.434289 ], [ -84.420274, 46.501077 ], [ -84.264266, 46.495055 ], [ -84.226131, 46.53392 ], [ -84.128925, 46.530119 ], [ -84.111225, 46.504119 ], [ -84.146172, 46.41852 ], [ -84.108089, 46.241238 ], [ -84.219494, 46.231992 ], [ -84.251424, 46.175888 ], [ -84.125022, 46.180209 ], [ -84.026536, 46.131648 ], [ -84.071741, 46.092441 ], [ -83.900535, 45.998918 ], [ -83.765277, 46.018363 ], [ -83.815826, 46.108529 ], [ -83.63498, 46.103953 ], [ -83.581315, 46.089613 ], [ -83.532913, 46.011328 ], [ -83.473221, 45.984422 ], [ -83.561838, 45.912562 ], [ -83.65766, 45.945463 ], [ -83.768854, 45.932069 ], [ -83.881055, 45.968185 ], [ -84.111174, 45.978675 ], [ -84.376429, 45.931962 ], [ -84.484009, 45.98825 ], [ -84.532392, 45.969448 ], [ -84.544405, 46.02286 ], [ -84.656567, 46.052654 ], [ -84.692735, 46.027019 ], [ -84.685254, 45.973454 ], [ -84.738849, 45.945792 ], [ -84.701183, 45.853092 ], [ -84.746985, 45.835597 ], [ -85.01399, 46.010774 ], [ -85.335911, 46.092595 ], [ -85.5001, 46.09694 ], [ -85.697203, 45.960158 ], [ -85.893196, 45.967253 ], [ -85.913769, 45.919439 ], [ -86.072067, 45.965313 ], [ -86.278007, 45.942057 ], [ -86.324232, 45.90608 ], [ -86.351658, 45.798132 ], [ -86.580936, 45.71192 ], [ -86.587528, 45.666456 ], [ -86.627938, 45.659293 ], [ -86.616893, 45.606796 ], [ -86.718191, 45.67732 ], [ -86.665677, 45.702217 ], [ -86.631018, 45.782019 ], [ -86.557215, 45.808172 ], [ -86.541464, 45.890234 ], [ -86.583304, 45.898784 ], [ -86.645998, 45.833888 ], [ -86.78208, 45.860195 ], [ -86.773279, 45.811385 ], [ -86.838746, 45.722307 ], [ -86.964275, 45.672761 ], [ -86.988438, 45.810621 ], [ -87.039842, 45.834245 ], [ -87.059533, 45.708497 ], [ -87.172241, 45.661788 ] ] ], [ [ [ -88.547033, 48.174891 ], [ -88.418244, 48.18037 ], [ -88.670073, 48.011446 ], [ -88.962664, 47.923512 ], [ -88.968903, 47.901675 ], [ -88.911665, 47.891344 ], [ -89.157738, 47.824015 ], [ -89.255202, 47.876102 ], [ -89.179154, 47.93503 ], [ -88.547033, 48.174891 ] ] ], [ [ [ -85.501267, 45.754415 ], [ -85.521911, 45.739419 ], [ -85.491347, 45.609665 ], [ -85.541129, 45.575045 ], [ -85.618049, 45.582647 ], [ -85.566441, 45.760222 ], [ -85.501267, 45.754415 ] ] ], [ [ [ -84.484128, 45.73071 ], [ -84.646876, 45.884642 ], [ -84.578328, 45.820092 ], [ -84.432472, 45.786732 ], [ -84.419335, 45.806747 ], [ -84.356312, 45.769495 ], [ -84.405852, 45.722417 ], [ -84.484128, 45.73071 ] ] ] ] } },
{ "type": "Feature", "properties": { "name": "MN" }, "geometry": { "type": "Polygon", "coordinates": [ [ [ -91.217706, 43.50055 ], [ -96.453049, 43.500415 ], [ -96.453067, 45.298115 ], [ -96.521787, 45.375645 ], [ -96.692541, 45.417338 ], [ -96.857751, 45.605962 ], [ -96.835769, 45.649648 ], [ -96.672665, 45.732336 ], [ -96.583085, 45.820024 ], [ -96.554835, 46.084824 ], [ -96.598233, 46.312563 ], [ -96.721999, 46.439986 ], [ -96.783009, 46.630418 ], [ -96.802013, 46.812464 ], [ -96.767458, 46.905163 ], [ -96.823222, 46.970861 ], [ -96.850955, 47.598287 ], [ -97.023156, 47.873978 ], [ -97.14751, 48.170572 ], [ -97.115581, 48.323928 ], [ -97.145693, 48.397431 ], [ -97.12677, 48.520191 ], [ -97.163105, 48.543855 ], [ -97.092606, 48.682033 ], [ -97.234005, 48.99747 ], [ -95.153711, 48.998903 ], [ -95.153314, 49.384358 ], [ -95.058404, 49.35317 ], [ -94.957465, 49.370186 ], [ -94.824291, 49.308834 ], [ -94.750221, 49.099763 ], [ -94.750218, 48.999992 ], [ -94.718932, 48.999991 ], [ -94.683069, 48.883929 ], [ -94.690889, 48.778066 ], [ -94.533057, 48.701262 ], [ -94.308446, 48.710239 ], [ -94.224276, 48.649527 ], [ -93.840754, 48.628548 ], [ -93.794454, 48.516021 ], [ -93.467504, 48.545664 ], [ -93.464308, 48.591792 ], [ -93.254854, 48.642784 ], [ -92.980484, 48.624915 ], [ -92.728046, 48.53929 ], [ -92.634931, 48.542873 ], [ -92.627237, 48.503383 ], [ -92.698824, 48.494892 ], [ -92.712562, 48.463013 ], [ -92.656027, 48.436709 ], [ -92.507285, 48.447875 ], [ -92.456325, 48.414204 ], [ -92.384387, 48.242914 ], [ -92.325304, 48.23703 ], [ -92.295053, 48.276587 ], [ -92.304561, 48.322977 ], [ -92.26228, 48.354933 ], [ -92.055228, 48.359213 ], [ -91.977486, 48.24634 ], [ -91.714931, 48.19913 ], [ -91.71185, 48.114598 ], [ -91.488067, 48.068111 ], [ -91.26638, 48.078713 ], [ -90.88548, 48.245784 ], [ -90.839176, 48.239511 ], [ -90.751608, 48.090968 ], [ -90.136191, 48.112136 ], [ -90.023595, 48.084708 ], [ -89.99305, 48.028404 ], [ -89.897414, 47.987599 ], [ -89.763967, 48.022969 ], [ -89.489226, 48.014528 ], [ -89.974296, 47.830514 ], [ -90.437712, 47.731612 ], [ -90.735927, 47.624343 ], [ -91.045646, 47.456525 ], [ -91.477351, 47.125667 ], [ -92.094089, 46.787839 ], [ -92.01529, 46.706469 ], [ -92.11659, 46.74864 ], [ -92.189091, 46.717541 ], [ -92.207092, 46.651941 ], [ -92.292192, 46.663242 ], [ -92.294033, 46.074377 ], [ -92.707702, 45.894901 ], [ -92.784621, 45.764196 ], [ -92.869193, 45.717568 ], [ -92.883749, 45.575483 ], [ -92.72623, 45.531085 ], [ -92.664102, 45.393309 ], [ -92.760615, 45.278827 ], [ -92.792875, 45.078489 ], [ -92.750645, 44.937299 ], [ -92.802402, 44.745167 ], [ -92.549685, 44.576 ], [ -92.340058, 44.555273 ], [ -92.233897, 44.446334 ], [ -91.9636, 44.362112 ], [ -91.918625, 44.322671 ], [ -91.875158, 44.200575 ], [ -91.59207, 44.031372 ], [ -91.432522, 43.996827 ], [ -91.284138, 43.847065 ], [ -91.268748, 43.615348 ], [ -91.217706, 43.50055 ] ] ] } },
{ "type": "Feature", "properties": { "name": "MS" }, "geometry": { "type": "MultiPolygon", "coordinates": [ [ [ [ -89.732504, 31.004831 ], [ -91.636942, 30.999416 ], [ -91.559907, 31.054119 ], [ -91.604197, 31.154545 ], [ -91.574493, 31.261289 ], [ -91.508858, 31.291644 ], [ -91.541242, 31.35675 ], [ -91.500406, 31.419008 ], [ -91.52292, 31.519841 ], [ -91.416683, 31.561599 ], [ -91.477362, 31.592239 ], [ -91.474959, 31.621677 ], [ -91.404668, 31.637898 ], [ -91.338414, 31.851261 ], [ -91.248144, 31.869848 ], [ -91.027535, 32.113431 ], [ -91.046615, 32.138768 ], [ -91.165452, 32.13429 ], [ -91.164171, 32.196888 ], [ -91.039007, 32.242349 ], [ -91.004557, 32.215381 ], [ -90.898588, 32.329094 ], [ -91.000106, 32.357695 ], [ -90.99408, 32.403862 ], [ -91.116008, 32.48314 ], [ -91.090771, 32.563978 ], [ -91.152081, 32.641508 ], [ -91.054481, 32.722259 ], [ -91.163389, 32.747009 ], [ -91.161669, 32.812465 ], [ -91.063974, 32.924113 ], [ -91.106581, 32.988938 ], [ -91.134414, 32.980533 ], [ -91.145076, 32.905494 ], [ -91.214027, 32.93032 ], [ -91.125656, 33.038276 ], [ -91.085984, 33.221644 ], [ -91.184427, 33.419576 ], [ -91.131885, 33.430063 ], [ -91.125109, 33.472842 ], [ -91.232295, 33.552788 ], [ -91.134043, 33.594489 ], [ -91.193093, 33.656866 ], [ -91.1279, 33.695762 ], [ -91.139869, 33.777117 ], [ -91.036821, 33.914656 ], [ -91.089119, 33.972653 ], [ -90.887413, 34.032505 ], [ -90.888396, 34.087433 ], [ -90.934564, 34.130138 ], [ -90.880317, 34.169381 ], [ -90.91148, 34.223051 ], [ -90.856367, 34.238928 ], [ -90.764143, 34.363396 ], [ -90.575336, 34.415152 ], [ -90.576543, 34.657402 ], [ -90.508989, 34.679086 ], [ -90.554859, 34.727458 ], [ -90.537345, 34.78417 ], [ -90.479799, 34.769158 ], [ -90.461451, 34.856728 ], [ -90.414864, 34.831846 ], [ -90.307384, 34.846195 ], [ -90.244476, 34.937596 ], [ -90.309297, 34.995694 ], [ -88.200064, 34.995634 ], [ -88.097888, 34.892202 ], [ -88.468879, 31.930262 ], [ -88.39398, 30.349307 ], [ -88.480117, 30.318345 ], [ -88.599249, 30.358933 ], [ -88.728893, 30.342671 ], [ -88.841328, 30.409598 ], [ -88.851442, 30.375355 ], [ -89.016334, 30.383898 ], [ -89.285744, 30.303097 ], [ -89.279818, 30.34979 ], [ -89.335942, 30.374016 ], [ -89.366116, 30.352169 ], [ -89.322545, 30.314896 ], [ -89.419348, 30.25432 ], [ -89.44791, 30.185352 ], [ -89.572654, 30.180897 ], [ -89.64344, 30.287682 ], [ -89.629941, 30.339449 ], [ -89.68341, 30.451793 ], [ -89.806843, 30.572039 ], [ -89.842596, 30.666038 ], [ -89.732504, 31.004831 ] ] ], [ [ [ -88.401466, 30.210172 ], [ -88.453654, 30.196584 ], [ -88.506999, 30.214348 ], [ -88.453444, 30.201236 ], [ -88.401466, 30.210172 ] ] ], [ [ [ -88.976811, 30.210987 ], [ -88.920511, 30.220578 ], [ -88.87366, 30.241748 ], [ -88.90037, 30.224576 ], [ -88.945498, 30.209646 ], [ -88.976811, 30.210987 ] ] ], [ [ [ -89.091469, 30.202305 ], [ -89.156738, 30.230699 ], [ -89.063989, 30.246299 ], [ -89.091469, 30.202305 ] ] ], [ [ [ -88.569138, 30.221357 ], [ -88.752782, 30.238803 ], [ -88.771991, 30.245523 ], [ -88.718104, 30.252931 ], [ -88.569138, 30.221357 ] ] ] ] } },
{ "type": "Feature", "properties": { "name": "MO" }, "geometry": { "type": "Polygon", "coordinates": [ [ [ -94.617919, 36.499414 ], [ -94.591933, 39.155003 ], [ -94.752338, 39.173203 ], [ -94.832399, 39.227218 ], [ -94.901009, 39.30168 ], [ -94.909954, 39.367459 ], [ -95.109304, 39.542285 ], [ -95.01531, 39.674262 ], [ -94.895268, 39.76321 ], [ -94.927897, 39.886112 ], [ -95.00844, 39.900596 ], [ -95.085003, 39.861883 ], [ -95.301549, 39.983603 ], [ -95.622684, 40.342323 ], [ -95.692665, 40.483022 ], [ -95.659281, 40.519808 ], [ -95.696673, 40.545137 ], [ -95.76692, 40.531563 ], [ -95.765645, 40.585208 ], [ -94.294813, 40.571341 ], [ -91.729115, 40.61364 ], [ -91.620071, 40.540817 ], [ -91.524612, 40.410765 ], [ -91.419422, 40.378264 ], [ -91.489868, 40.286048 ], [ -91.510322, 40.127994 ], [ -91.446385, 39.870394 ], [ -91.365396, 39.777266 ], [ -91.370009, 39.732524 ], [ -91.178012, 39.598196 ], [ -91.042351, 39.452062 ], [ -90.72996, 39.255894 ], [ -90.681086, 39.10059 ], [ -90.713629, 39.053977 ], [ -90.657254, 38.92027 ], [ -90.566557, 38.868847 ], [ -90.467784, 38.961809 ], [ -90.406367, 38.962554 ], [ -90.113327, 38.849306 ], [ -90.123107, 38.798048 ], [ -90.20991, 38.72605 ], [ -90.18451, 38.611551 ], [ -90.370819, 38.333554 ], [ -90.353902, 38.213855 ], [ -89.997103, 37.963225 ], [ -89.950594, 37.881526 ], [ -89.901832, 37.869822 ], [ -89.844786, 37.905572 ], [ -89.515436, 37.67137 ], [ -89.517051, 37.537278 ], [ -89.421054, 37.387668 ], [ -89.517032, 37.28192 ], [ -89.383937, 37.046441 ], [ -89.261154, 36.982437 ], [ -89.132685, 36.9822 ], [ -89.100766, 36.943973 ], [ -89.177177, 36.835779 ], [ -89.12353, 36.785309 ], [ -89.130399, 36.751702 ], [ -89.197808, 36.739412 ], [ -89.171882, 36.672526 ], [ -89.213563, 36.580119 ], [ -89.259994, 36.565149 ], [ -89.326731, 36.632186 ], [ -89.365548, 36.625059 ], [ -89.417293, 36.499033 ], [ -89.471718, 36.457001 ], [ -89.493198, 36.470124 ], [ -89.479093, 36.568206 ], [ -89.566817, 36.564216 ], [ -89.509558, 36.375065 ], [ -89.531822, 36.339246 ], [ -89.620255, 36.323006 ], [ -89.534745, 36.252576 ], [ -89.699817, 36.248384 ], [ -89.594, 36.12719 ], [ -89.737564, 36.000522 ], [ -90.368718, 35.995812 ], [ -90.319168, 36.089976 ], [ -90.06398, 36.303038 ], [ -90.064514, 36.382085 ], [ -90.133993, 36.437906 ], [ -90.152481, 36.497952 ], [ -94.617919, 36.499414 ] ] ] } },
{ "type": "Feature", "properties": { "name": "MT" }, "geometry": { "type": "Polygon", "coordinates": [ [ [ -113.027147, 44.495915 ], [ -113.051504, 44.63695 ], [ -113.134617, 44.763149 ], [ -113.247166, 44.82295 ], [ -113.341704, 44.784853 ], [ -113.455071, 44.865424 ], [ -113.498745, 44.942314 ], [ -113.447199, 44.971924 ], [ -113.449349, 45.045745 ], [ -113.576453, 45.130311 ], [ -113.599506, 45.191114 ], [ -113.738729, 45.329741 ], [ -113.813933, 45.600559 ], [ -113.987759, 45.705247 ], [ -114.135249, 45.557465 ], [ -114.247828, 45.545489 ], [ -114.309613, 45.469432 ], [ -114.350819, 45.468542 ], [ -114.460542, 45.561283 ], [ -114.561773, 45.565109 ], [ -114.563652, 45.637412 ], [ -114.500925, 45.666715 ], [ -114.495421, 45.703321 ], [ -114.566172, 45.773864 ], [ -114.509303, 45.845531 ], [ -114.39376, 45.89402 ], [ -114.401552, 45.963195 ], [ -114.483379, 46.008047 ], [ -114.4912, 46.044003 ], [ -114.331093, 46.630248 ], [ -114.370129, 46.654217 ], [ -114.614423, 46.639188 ], [ -114.667346, 46.719276 ], [ -114.739253, 46.715167 ], [ -114.920459, 46.827697 ], [ -114.936015, 46.899761 ], [ -115.320184, 47.255717 ], [ -115.52369, 47.298919 ], [ -115.576836, 47.366825 ], [ -115.721084, 47.42235 ], [ -115.72377, 47.696671 ], [ -116.048421, 47.97682 ], [ -116.049193, 49.000912 ], [ -104.048736, 48.999877 ], [ -104.040128, 44.999987 ], [ -111.044275, 45.001345 ], [ -111.048974, 44.474072 ], [ -111.131379, 44.499925 ], [ -111.219236, 44.622616 ], [ -111.377682, 44.751744 ], [ -111.489008, 44.705553 ], [ -111.525764, 44.604883 ], [ -111.601249, 44.55421 ], [ -111.704218, 44.560205 ], [ -111.806528, 44.515459 ], [ -111.870504, 44.564033 ], [ -112.078471, 44.533551 ], [ -112.274083, 44.564334 ], [ -112.339721, 44.538577 ], [ -112.38708, 44.460476 ], [ -112.71911, 44.504344 ], [ -112.781294, 44.484888 ], [ -112.849266, 44.371038 ], [ -112.9703, 44.426933 ], [ -113.027147, 44.495915 ] ] ] } },
{ "type": "Feature", "properties": { "name": "NE" }, "geometry": { "type": "Polygon", "coordinates": [ [ [ -95.30829, 39.999998 ], [ -102.051744, 40.003078 ], [ -102.051614, 41.002377 ], [ -104.053249, 41.001406 ], [ -104.053127, 43.000585 ], [ -98.49855, 42.99856 ], [ -98.447047, 42.935117 ], [ -98.035034, 42.764205 ], [ -97.936716, 42.775754 ], [ -97.84527, 42.867734 ], [ -97.686506, 42.842435 ], [ -97.328511, 42.859501 ], [ -96.813148, 42.706397 ], [ -96.724033, 42.665971 ], [ -96.708049, 42.601594 ], [ -96.625958, 42.513576 ], [ -96.385407, 42.473094 ], [ -96.417786, 42.351449 ], [ -96.328905, 42.254734 ], [ -96.349688, 42.172043 ], [ -96.272877, 42.047238 ], [ -96.129505, 41.971673 ], [ -96.161756, 41.90182 ], [ -96.06577, 41.798174 ], [ -96.077088, 41.715403 ], [ -96.121726, 41.68274 ], [ -96.095415, 41.652736 ], [ -96.118105, 41.613495 ], [ -96.09409, 41.539265 ], [ -96.046707, 41.507085 ], [ -95.994784, 41.526242 ], [ -95.930705, 41.433894 ], [ -95.956791, 41.349196 ], [ -95.90249, 41.273398 ], [ -95.92599, 41.195698 ], [ -95.852788, 41.165398 ], [ -95.867286, 41.001599 ], [ -95.829074, 40.975688 ], [ -95.821193, 40.876682 ], [ -95.883178, 40.717579 ], [ -95.748626, 40.603355 ], [ -95.76692, 40.531563 ], [ -95.696673, 40.545137 ], [ -95.659281, 40.519808 ], [ -95.692665, 40.483022 ], [ -95.622684, 40.342323 ], [ -95.30829, 39.999998 ] ] ] } },
{ "type": "Feature", "properties": { "name": "NV" }, "geometry": { "type": "Polygon", "coordinates": [ [ [ -117.000895, 36.847694 ], [ -120.001014, 38.999574 ], [ -119.999168, 41.99454 ], [ -114.041723, 41.99372 ], [ -114.046838, 36.194069 ], [ -114.15413, 36.023862 ], [ -114.252651, 36.020193 ], [ -114.381446, 36.141665 ], [ -114.572031, 36.15161 ], [ -114.755618, 36.087166 ], [ -114.700308, 35.700387 ], [ -114.653406, 35.610789 ], [ -114.677643, 35.489742 ], [ -114.604314, 35.353584 ], [ -114.569238, 35.18348 ], [ -114.621956, 35.094678 ], [ -114.633013, 35.002085 ], [ -117.000895, 36.847694 ] ] ] } },
{ "type": "Feature", "properties": { "name": "NH" }, "geometry": { "type": "Polygon", "coordinates": [ [ [ -71.294205, 42.69699 ], [ -72.458519, 42.726853 ], [ -72.542784, 42.808482 ], [ -72.556214, 42.86695 ], [ -72.443762, 43.006245 ], [ -72.4521, 43.161414 ], [ -72.39715, 43.316515 ], [ -72.395825, 43.52056 ], [ -72.32962, 43.600201 ], [ -72.302867, 43.702718 ], [ -72.204792, 43.771926 ], [ -72.167224, 43.886113 ], [ -72.104421, 43.950536 ], [ -72.040082, 44.155748 ], [ -72.065434, 44.277235 ], [ -72.012173, 44.321408 ], [ -71.708934, 44.411611 ], [ -71.580263, 44.506509 ], [ -71.536251, 44.587939 ], [ -71.627358, 44.747544 ], [ -71.495844, 44.90498 ], [ -71.538592, 44.988182 ], [ -71.464555, 45.013637 ], [ -71.502487, 45.013367 ], [ -71.496098, 45.069235 ], [ -71.428828, 45.123881 ], [ -71.39781, 45.203553 ], [ -71.44288, 45.234799 ], [ -71.284396, 45.302434 ], [ -71.232998, 45.256625 ], [ -71.13943, 45.242958 ], [ -71.084334, 45.305293 ], [ -70.953322, 43.552718 ], [ -70.987733, 43.391513 ], [ -70.967229, 43.343777 ], [ -70.817865, 43.237911 ], [ -70.8281, 43.129086 ], [ -70.703936, 43.059621 ], [ -70.817296, 42.87229 ], [ -70.930799, 42.884589 ], [ -71.149703, 42.815489 ], [ -71.186104, 42.790689 ], [ -71.181803, 42.73759 ], [ -71.245504, 42.742589 ], [ -71.294205, 42.69699 ] ] ] } },
{ "type": "Feature", "properties": { "name": "NJ" }, "geometry": { "type": "Polygon", "coordinates": [ [ [ -74.334804, 39.432001 ], [ -74.646595, 39.212002 ], [ -74.792723, 38.991991 ], [ -74.864458, 38.94041 ], [ -74.963463, 38.931194 ], [ -74.887167, 39.158825 ], [ -75.035672, 39.215415 ], [ -75.139136, 39.180021 ], [ -75.251806, 39.299913 ], [ -75.288898, 39.289557 ], [ -75.465212, 39.43893 ], [ -75.536431, 39.460559 ], [ -75.512732, 39.578 ], [ -75.559446, 39.629812 ], [ -75.415041, 39.801786 ], [ -75.210425, 39.865913 ], [ -74.974713, 40.048711 ], [ -74.724304, 40.14701 ], [ -74.770706, 40.214908 ], [ -75.058848, 40.418065 ], [ -75.068615, 40.542223 ], [ -75.190161, 40.589321 ], [ -75.20392, 40.691498 ], [ -75.196533, 40.751631 ], [ -75.108505, 40.791094 ], [ -75.051029, 40.865662 ], [ -75.130575, 40.991093 ], [ -74.968389, 41.087797 ], [ -74.795847, 41.318951 ], [ -74.694914, 41.357423 ], [ -73.893979, 40.997197 ], [ -74.024543, 40.709436 ], [ -74.094086, 40.649703 ], [ -74.189106, 40.643832 ], [ -74.27269, 40.488405 ], [ -74.207205, 40.435434 ], [ -74.135823, 40.455196 ], [ -73.998505, 40.410911 ], [ -74.014031, 40.476471 ], [ -73.978282, 40.440208 ], [ -73.977442, 40.299373 ], [ -74.096906, 39.76303 ], [ -74.240506, 39.554911 ], [ -74.311037, 39.506715 ], [ -74.334804, 39.432001 ] ] ] } },
{ "type": "Feature", "properties": { "name": "NM" }, "geometry": { "type": "Polygon", "coordinates": [ [ [ -109.050044, 31.332502 ], [ -109.045223, 36.999084 ], [ -103.002199, 37.000104 ], [ -103.002434, 36.500397 ], [ -103.041669, 36.478514 ], [ -103.064423, 32.000518 ], [ -106.599096, 32.000731 ], [ -106.627808, 31.860593 ], [ -106.528543, 31.783907 ], [ -108.208394, 31.783599 ], [ -108.208573, 31.333395 ], [ -109.050044, 31.332502 ] ] ] } },
{ "type": "Feature", "properties": { "name": "NY" }, "geometry": { "type": "MultiPolygon", "coordinates": [ [ [ [ -75.341868, 41.993262 ], [ -79.761374, 41.999067 ], [ -79.761951, 42.26986 ], [ -79.453533, 42.411157 ], [ -79.351989, 42.48892 ], [ -79.148723, 42.553672 ], [ -79.04886, 42.689158 ], [ -78.853455, 42.783958 ], [ -78.909159, 42.933257 ], [ -79.011563, 42.985256 ], [ -79.028653, 43.069474 ], [ -79.066269, 43.09097 ], [ -79.042366, 43.143655 ], [ -79.070469, 43.262454 ], [ -78.488857, 43.374763 ], [ -77.760231, 43.341161 ], [ -77.534184, 43.234569 ], [ -77.391015, 43.276363 ], [ -76.958402, 43.270005 ], [ -76.794708, 43.309632 ], [ -76.417581, 43.521285 ], [ -76.297103, 43.51287 ], [ -76.217958, 43.545156 ], [ -76.205436, 43.718751 ], [ -76.229268, 43.804135 ], [ -76.28272, 43.858601 ], [ -76.202257, 43.864898 ], [ -76.125023, 43.912773 ], [ -76.139086, 43.962111 ], [ -76.264294, 43.978009 ], [ -76.300532, 44.057188 ], [ -76.360306, 44.070907 ], [ -76.312647, 44.199044 ], [ -76.206777, 44.214543 ], [ -76.118136, 44.29485 ], [ -75.912985, 44.368084 ], [ -75.82083, 44.432244 ], [ -75.765495, 44.516285 ], [ -75.283136, 44.849156 ], [ -74.992756, 44.977449 ], [ -74.826578, 45.01585 ], [ -74.146814, 44.9915 ], [ -73.343124, 45.01084 ], [ -73.369647, 44.829136 ], [ -73.339958, 44.778893 ], [ -73.390231, 44.618353 ], [ -73.293613, 44.438903 ], [ -73.324681, 44.243614 ], [ -73.390583, 44.190886 ], [ -73.437429, 44.046861 ], [ -73.405999, 44.016229 ], [ -73.388389, 43.832404 ], [ -73.350431, 43.771438 ], [ -73.431229, 43.588285 ], [ -73.400295, 43.568889 ], [ -73.366537, 43.623462 ], [ -73.306234, 43.628018 ], [ -73.242042, 43.534925 ], [ -73.290944, 42.80192 ], [ -73.264957, 42.74594 ], [ -73.508142, 42.086257 ], [ -73.487314, 42.049638 ], [ -73.550961, 41.295422 ], [ -73.482709, 41.21276 ], [ -73.727775, 41.100696 ], [ -73.655972, 40.979597 ], [ -73.756776, 40.912599 ], [ -73.784803, 40.878528 ], [ -73.781206, 40.838891 ], [ -73.815205, 40.831075 ], [ -73.776032, 40.795275 ], [ -73.729575, 40.8665 ], [ -73.675573, 40.856999 ], [ -73.485365, 40.946397 ], [ -73.406074, 40.920235 ], [ -73.392862, 40.955297 ], [ -73.229285, 40.905121 ], [ -73.110368, 40.971938 ], [ -72.774104, 40.965314 ], [ -72.585327, 40.997587 ], [ -72.278789, 41.158722 ], [ -72.237731, 41.156434 ], [ -72.300374, 41.112274 ], [ -72.32663, 41.132162 ], [ -72.317238, 41.088659 ], [ -72.260515, 41.042065 ], [ -72.153857, 41.051859 ], [ -72.10216, 40.991509 ], [ -71.959595, 41.071237 ], [ -71.856214, 41.070598 ], [ -72.39585, 40.86666 ], [ -73.054963, 40.666371 ], [ -73.562372, 40.583703 ], [ -73.774928, 40.590759 ], [ -73.934512, 40.545175 ], [ -73.95005, 40.573363 ], [ -74.012022, 40.574528 ], [ -74.042412, 40.624847 ], [ -74.013784, 40.756601 ], [ -73.893979, 40.997197 ], [ -74.694914, 41.357423 ], [ -74.752562, 41.426518 ], [ -74.876721, 41.440338 ], [ -74.984226, 41.506299 ], [ -75.04049, 41.569688 ], [ -75.053431, 41.752538 ], [ -75.090799, 41.811991 ], [ -75.263005, 41.885109 ], [ -75.341868, 41.993262 ] ] ], [ [ [ -74.068184, 40.584102 ], [ -74.256088, 40.507903 ], [ -74.20058, 40.631448 ], [ -74.075884, 40.648101 ], [ -74.068184, 40.584102 ] ] ], [ [ [ -74.043441, 40.68968 ], [ -74.04692, 40.691139 ], [ -74.039401, 40.700454 ], [ -74.043441, 40.68968 ] ] ], [ [ [ -73.766032, 40.844961 ], [ -73.773361, 40.859449 ], [ -73.770552, 40.86033 ], [ -73.766032, 40.844961 ] ] ], [ [ [ -73.766276, 40.881099 ], [ -73.775276, 40.882199 ], [ -73.770576, 40.888399 ], [ -73.766276, 40.881099 ] ] ], [ [ [ -72.095711, 41.05402 ], [ -72.141921, 41.094371 ], [ -72.126704, 41.115139 ], [ -72.084207, 41.101524 ], [ -72.095711, 41.05402 ] ] ], [ [ [ -71.935259, 41.280579 ], [ -72.036846, 41.249794 ], [ -71.926802, 41.290122 ], [ -71.935259, 41.280579 ] ] ] ] } },
{ "type": "Feature", "properties": { "name": "NC" }, "geometry": { "type": "MultiPolygon", "coordinates": [ [ [ [ -83.108535, 35.000771 ], [ -84.321869, 34.988408 ], [ -84.29024, 35.225572 ], [ -84.223718, 35.269078 ], [ -84.097508, 35.247382 ], [ -84.055712, 35.268182 ], [ -84.02141, 35.301383 ], [ -84.038081, 35.348363 ], [ -84.00225, 35.422548 ], [ -83.880074, 35.518745 ], [ -83.756917, 35.563604 ], [ -83.498335, 35.562981 ], [ -83.445802, 35.611803 ], [ -83.297154, 35.65775 ], [ -83.251247, 35.719916 ], [ -83.164909, 35.759965 ], [ -82.98397, 35.77801 ], [ -82.89798, 35.881278 ], [ -82.898505, 35.945101 ], [ -82.830112, 35.932972 ], [ -82.637165, 36.065805 ], [ -82.602877, 36.039833 ], [ -82.611262, 35.973155 ], [ -82.557529, 35.954671 ], [ -82.348422, 36.115929 ], [ -82.211251, 36.159012 ], [ -82.147948, 36.149516 ], [ -82.127146, 36.104417 ], [ -82.02664, 36.130222 ], [ -81.908137, 36.302013 ], [ -81.793688, 36.360428 ], [ -81.725938, 36.340364 ], [ -81.677535, 36.588117 ], [ -80.169535, 36.54319 ], [ -75.867044, 36.550754 ], [ -75.77251, 36.22944 ], [ -75.533012, 35.787377 ], [ -75.648899, 35.965758 ], [ -75.723662, 36.003139 ], [ -75.75572, 36.153922 ], [ -75.845284, 36.305614 ], [ -75.85147, 36.415785 ], [ -75.907279, 36.485809 ], [ -76.003708, 36.506235 ], [ -76.031949, 36.482496 ], [ -75.962285, 36.41724 ], [ -75.923601, 36.425788 ], [ -75.923331, 36.361863 ], [ -75.86052, 36.280607 ], [ -75.793974, 36.07171 ], [ -75.875033, 36.157448 ], [ -76.031784, 36.189131 ], [ -76.071672, 36.140183 ], [ -76.410878, 36.078034 ], [ -76.514335, 36.00564 ], [ -76.653332, 36.035124 ], [ -76.70019, 35.964573 ], [ -76.667547, 35.933509 ], [ -76.398242, 35.984317 ], [ -76.340327, 35.94325 ], [ -76.176585, 35.993267 ], [ -76.062071, 35.993004 ], [ -75.97783, 35.897181 ], [ -75.927286, 35.93193 ], [ -75.947293, 35.959835 ], [ -75.899382, 35.977209 ], [ -75.782498, 35.935615 ], [ -75.727216, 35.822703 ], [ -75.729802, 35.625985 ], [ -75.775328, 35.579335 ], [ -75.895045, 35.573152 ], [ -76.069281, 35.370813 ], [ -76.149655, 35.326411 ], [ -76.408199, 35.350017 ], [ -76.521733, 35.391609 ], [ -76.628523, 35.368003 ], [ -76.602669, 35.336528 ], [ -76.482389, 35.314046 ], [ -76.467776, 35.276951 ], [ -76.546463, 35.122948 ], [ -76.646509, 35.042013 ], [ -76.628523, 34.994801 ], [ -76.502623, 35.007166 ], [ -76.463468, 35.076411 ], [ -76.395625, 34.975179 ], [ -76.326361, 34.976245 ], [ -76.364367, 35.034853 ], [ -76.288354, 35.005726 ], [ -76.277698, 34.940014 ], [ -76.400242, 34.855476 ], [ -76.403108, 34.806153 ], [ -76.069906, 35.075701 ], [ -76.035933, 35.058987 ], [ -76.386804, 34.784579 ], [ -76.535946, 34.588577 ], [ -76.549343, 34.645585 ], [ -76.676312, 34.693151 ], [ -76.990262, 34.669623 ], [ -77.209161, 34.605032 ], [ -77.556943, 34.417218 ], [ -77.829209, 34.162618 ], [ -77.970606, 33.844517 ], [ -78.018689, 33.888289 ], [ -78.17772, 33.914272 ], [ -78.383964, 33.901946 ], [ -78.541087, 33.851112 ], [ -79.688088, 34.804897 ], [ -80.777712, 34.819697 ], [ -80.782042, 34.935782 ], [ -80.93495, 35.107409 ], [ -81.041489, 35.044703 ], [ -81.043407, 35.14839 ], [ -82.384029, 35.210542 ], [ -82.686496, 35.121822 ], [ -82.764464, 35.068177 ], [ -83.108535, 35.000771 ] ] ], [ [ [ -75.98395, 35.120042 ], [ -75.529393, 35.288272 ], [ -75.47861, 35.553069 ], [ -75.528992, 35.776289 ], [ -75.458659, 35.596597 ], [ -75.52592, 35.233839 ], [ -75.769705, 35.180359 ], [ -76.014954, 35.065349 ], [ -75.98395, 35.120042 ] ] ], [ [ [ -75.62767, 35.883149 ], [ -75.620454, 35.809253 ], [ -75.675054, 35.830204 ], [ -75.663356, 35.869835 ], [ -75.726807, 35.935844 ], [ -75.62767, 35.883149 ] ] ] ] } },
{ "type": "Feature", "properties": { "name": "ND" }, "geometry": { "type": "Polygon", "coordinates": [ [ [ -96.56328, 45.935238 ], [ -104.045443, 45.94531 ], [ -104.048736, 48.999877 ], [ -97.229039, 49.000687 ], [ -97.23261, 48.946561 ], [ -97.092606, 48.682033 ], [ -97.163105, 48.543855 ], [ -97.12677, 48.520191 ], [ -97.145693, 48.397431 ], [ -97.115581, 48.323928 ], [ -97.14751, 48.170572 ], [ -97.023156, 47.873978 ], [ -96.850955, 47.598287 ], [ -96.823222, 46.970861 ], [ -96.767458, 46.905163 ], [ -96.802013, 46.812464 ], [ -96.783009, 46.630418 ], [ -96.721999, 46.439986 ], [ -96.598233, 46.312563 ], [ -96.554835, 46.084824 ], [ -96.56328, 45.935238 ] ] ] } },
{ "type": "Feature", "properties": { "name": "OH" }, "geometry": { "type": "MultiPolygon", "coordinates": [ [ [ [ -84.052707, 38.770542 ], [ -84.212904, 38.805707 ], [ -84.304698, 39.006455 ], [ -84.432841, 39.094261 ], [ -84.620112, 39.073457 ], [ -84.744149, 39.147458 ], [ -84.820157, 39.10548 ], [ -84.806082, 41.696089 ], [ -83.453832, 41.732647 ], [ -83.409531, 41.691247 ], [ -83.326825, 41.701562 ], [ -83.086036, 41.60668 ], [ -82.934369, 41.514353 ], [ -82.875229, 41.529684 ], [ -82.834101, 41.587587 ], [ -82.785496, 41.540675 ], [ -82.717878, 41.54193 ], [ -82.713904, 41.501697 ], [ -82.616952, 41.428425 ], [ -82.481214, 41.381342 ], [ -82.011966, 41.515639 ], [ -81.738755, 41.48855 ], [ -81.286925, 41.760243 ], [ -80.519425, 41.977523 ], [ -80.518991, 40.638801 ], [ -80.627171, 40.619936 ], [ -80.667957, 40.582496 ], [ -80.599194, 40.482566 ], [ -80.599895, 40.317669 ], [ -80.705482, 40.153047 ], [ -80.740126, 39.970793 ], [ -80.808722, 39.91257 ], [ -80.829764, 39.711839 ], [ -80.88036, 39.620706 ], [ -81.020055, 39.55541 ], [ -81.215617, 39.388602 ], [ -81.375961, 39.341697 ], [ -81.456143, 39.409274 ], [ -81.605816, 39.275851 ], [ -81.695724, 39.242859 ], [ -81.749853, 39.186489 ], [ -81.747253, 39.095378 ], [ -81.814155, 39.073478 ], [ -81.764253, 39.015279 ], [ -81.759995, 38.925828 ], [ -81.908645, 38.87846 ], [ -81.928352, 38.895371 ], [ -81.89847, 38.929603 ], [ -81.935619, 38.9895 ], [ -82.035963, 39.025478 ], [ -82.221566, 38.787187 ], [ -82.177267, 38.603784 ], [ -82.291271, 38.578983 ], [ -82.34064, 38.440948 ], [ -82.593673, 38.421809 ], [ -82.696621, 38.542112 ], [ -82.839538, 38.586159 ], [ -82.889193, 38.756076 ], [ -83.030702, 38.72572 ], [ -83.142836, 38.625076 ], [ -83.2821, 38.602987 ], [ -83.520953, 38.703045 ], [ -83.626922, 38.679387 ], [ -83.679484, 38.630036 ], [ -83.769347, 38.65522 ], [ -83.870443, 38.761608 ], [ -83.962123, 38.787384 ], [ -84.052707, 38.770542 ] ] ], [ [ [ -82.686033, 41.587246 ], [ -82.735707, 41.603361 ], [ -82.677772, 41.617986 ], [ -82.686033, 41.587246 ] ] ], [ [ [ -82.797493, 41.658197 ], [ -82.827011, 41.633701 ], [ -82.842099, 41.628323 ], [ -82.834092, 41.657121 ], [ -82.797493, 41.658197 ] ] ], [ [ [ -82.805423, 41.67192 ], [ -82.826443, 41.684774 ], [ -82.782719, 41.694003 ], [ -82.805423, 41.67192 ] ] ], [ [ [ -82.835118, 41.708971 ], [ -82.813489, 41.723468 ], [ -82.808869, 41.708333 ], [ -82.835118, 41.708971 ] ] ] ] } },
{ "type": "Feature", "properties": { "name": "OK" }, "geometry": { "type": "Polygon", "coordinates": [ [ [ -98.383222, 34.147806 ], [ -98.475066, 34.064269 ], [ -98.599789, 34.160571 ], [ -98.76557, 34.136376 ], [ -98.966743, 34.201185 ], [ -99.19089, 34.215251 ], [ -99.211423, 34.337897 ], [ -99.261321, 34.403499 ], [ -99.356713, 34.442144 ], [ -99.407168, 34.372605 ], [ -99.574367, 34.418281 ], [ -99.616793, 34.375391 ], [ -99.69497, 34.378333 ], [ -99.923211, 34.574552 ], [ -100.000381, 34.560509 ], [ -100.000406, 36.499702 ], [ -103.002434, 36.500397 ], [ -103.002199, 37.000104 ], [ -94.61808, 36.998135 ], [ -94.617919, 36.499414 ], [ -94.431215, 35.39429 ], [ -94.490684, 33.625586 ], [ -94.52838, 33.615995 ], [ -94.735128, 33.691267 ], [ -94.760604, 33.727054 ], [ -94.8693, 33.745871 ], [ -95.039452, 33.860621 ], [ -95.067253, 33.917351 ], [ -95.226393, 33.961954 ], [ -95.287565, 33.873617 ], [ -95.544346, 33.880111 ], [ -95.559414, 33.930179 ], [ -95.599678, 33.934247 ], [ -95.763622, 33.847954 ], [ -96.14807, 33.837799 ], [ -96.181704, 33.758504 ], [ -96.36959, 33.716809 ], [ -96.423362, 33.776365 ], [ -96.500268, 33.772583 ], [ -96.612925, 33.833939 ], [ -96.615356, 33.881114 ], [ -96.65864, 33.900081 ], [ -96.712422, 33.831633 ], [ -96.85609, 33.84749 ], [ -96.922114, 33.959579 ], [ -96.97287, 33.935698 ], [ -97.097154, 33.727809 ], [ -97.13753, 33.718664 ], [ -97.204827, 33.799908 ], [ -97.166629, 33.847311 ], [ -97.210921, 33.916064 ], [ -97.372941, 33.819454 ], [ -97.426493, 33.819398 ], [ -97.462857, 33.841772 ], [ -97.458069, 33.901635 ], [ -97.587441, 33.902479 ], [ -97.589598, 33.953554 ], [ -97.671772, 33.99137 ], [ -97.877387, 33.850236 ], [ -97.977859, 33.889929 ], [ -97.94573, 33.989839 ], [ -98.08526, 34.003259 ], [ -98.16912, 34.114171 ], [ -98.383222, 34.147806 ] ] ] } },
{ "type": "Feature", "properties": { "name": "OR" }, "geometry": { "type": "Polygon", "coordinates": [ [ [ -117.026222, 42.000252 ], [ -124.211605, 41.99846 ], [ -124.299649, 42.051736 ], [ -124.356229, 42.114952 ], [ -124.429288, 42.331746 ], [ -124.401177, 42.627192 ], [ -124.473864, 42.732671 ], [ -124.514669, 42.736806 ], [ -124.552441, 42.840568 ], [ -124.456918, 43.000315 ], [ -124.38246, 43.270167 ], [ -124.402814, 43.305872 ], [ -124.315012, 43.388389 ], [ -124.233534, 43.55713 ], [ -124.150267, 43.91085 ], [ -124.1152, 44.286486 ], [ -124.067569, 44.428582 ], [ -124.074066, 44.798107 ], [ -123.975425, 45.145476 ], [ -123.964169, 45.317026 ], [ -124.007756, 45.336813 ], [ -123.965728, 45.386242 ], [ -123.976544, 45.489733 ], [ -123.939005, 45.661923 ], [ -123.943121, 45.727031 ], [ -123.982578, 45.761815 ], [ -123.962736, 45.869974 ], [ -123.993703, 45.946431 ], [ -123.927891, 46.009564 ], [ -124.011355, 46.236223 ], [ -123.854801, 46.157342 ], [ -123.864209, 46.189527 ], [ -123.636474, 46.214359 ], [ -123.484244, 46.269531 ], [ -123.371433, 46.146372 ], [ -123.115904, 46.185268 ], [ -122.904119, 46.083734 ], [ -122.813998, 45.960984 ], [ -122.76381, 45.657138 ], [ -122.294901, 45.543541 ], [ -121.983038, 45.622812 ], [ -121.811304, 45.706761 ], [ -121.533106, 45.726541 ], [ -121.423592, 45.69399 ], [ -121.33777, 45.704949 ], [ -121.215779, 45.671238 ], [ -121.195233, 45.629513 ], [ -120.915876, 45.641345 ], [ -120.634968, 45.745847 ], [ -120.482362, 45.694449 ], [ -120.40396, 45.699249 ], [ -120.210754, 45.725951 ], [ -120.001148, 45.811902 ], [ -119.669877, 45.856867 ], [ -119.600549, 45.919581 ], [ -119.12612, 45.932859 ], [ -118.987129, 45.999855 ], [ -116.915989, 45.995413 ], [ -116.789099, 45.847749 ], [ -116.54809, 45.752364 ], [ -116.535396, 45.691734 ], [ -116.463504, 45.615785 ], [ -116.673793, 45.321511 ], [ -116.729607, 45.142091 ], [ -116.845369, 45.017059 ], [ -116.852427, 44.887577 ], [ -116.931499, 44.792281 ], [ -117.062273, 44.727143 ], [ -117.149242, 44.536151 ], [ -117.214889, 44.466901 ], [ -117.190107, 44.273958 ], [ -116.975905, 44.242844 ], [ -116.894083, 44.160191 ], [ -116.931719, 44.102474 ], [ -116.961535, 43.918388 ], [ -117.026634, 43.808104 ], [ -117.026222, 42.000252 ] ] ] } },
{ "type": "Feature", "properties": { "name": "PA" }, "geometry": { "type": "Polygon", "coordinates": [ [ [ -80.519342, 39.721403 ], [ -80.519425, 41.977523 ], [ -80.188085, 42.094257 ], [ -80.117368, 42.166341 ], [ -80.06108, 42.144857 ], [ -79.761951, 42.26986 ], [ -79.761374, 41.999067 ], [ -75.359579, 41.999445 ], [ -75.279094, 41.938917 ], [ -75.263005, 41.885109 ], [ -75.114399, 41.843583 ], [ -75.053431, 41.752538 ], [ -75.04049, 41.569688 ], [ -74.984226, 41.506299 ], [ -74.876721, 41.440338 ], [ -74.752562, 41.426518 ], [ -74.691129, 41.367324 ], [ -74.830057, 41.2872 ], [ -74.968389, 41.087797 ], [ -75.130575, 40.991093 ], [ -75.051029, 40.865662 ], [ -75.108505, 40.791094 ], [ -75.196533, 40.751631 ], [ -75.20392, 40.691498 ], [ -75.190161, 40.589321 ], [ -75.068615, 40.542223 ], [ -75.058848, 40.418065 ], [ -74.770706, 40.214908 ], [ -74.724304, 40.14701 ], [ -74.974713, 40.048711 ], [ -75.210425, 39.865913 ], [ -75.415041, 39.801786 ], [ -75.498843, 39.833312 ], [ -75.634706, 39.830164 ], [ -75.788359, 39.721811 ], [ -80.519342, 39.721403 ] ] ] } },
{ "type": "Feature", "properties": { "name": "RI" }, "geometry": { "type": "MultiPolygon", "coordinates": [ [ [ [ -71.576661, 41.224434 ], [ -71.543872, 41.161321 ], [ -71.599993, 41.146932 ], [ -71.613133, 41.160281 ], [ -71.576661, 41.224434 ] ] ], [ [ [ -71.442567, 41.565075 ], [ -71.418404, 41.472652 ], [ -71.483295, 41.371722 ], [ -71.862772, 41.309791 ], [ -71.83124, 41.344645 ], [ -71.842563, 41.409855 ], [ -71.797683, 41.416709 ], [ -71.799242, 42.008065 ], [ -71.381401, 42.018798 ], [ -71.3766, 41.893999 ], [ -71.339298, 41.893599 ], [ -71.327896, 41.780501 ], [ -71.224798, 41.710498 ], [ -71.25956, 41.642595 ], [ -71.280366, 41.672575 ], [ -71.301396, 41.649978 ], [ -71.31482, 41.723808 ], [ -71.353748, 41.724702 ], [ -71.37791, 41.666646 ], [ -71.445923, 41.691144 ], [ -71.444468, 41.664409 ], [ -71.409302, 41.662643 ], [ -71.40377, 41.589321 ], [ -71.442567, 41.565075 ] ] ], [ [ [ -71.343013, 41.495615 ], [ -71.326769, 41.491286 ], [ -71.327822, 41.482985 ], [ -71.343013, 41.495615 ] ] ], [ [ [ -71.40056, 41.46094 ], [ -71.378914, 41.504948 ], [ -71.370194, 41.573963 ], [ -71.360403, 41.483121 ], [ -71.40056, 41.46094 ] ] ], [ [ [ -71.12057, 41.497448 ], [ -71.196857, 41.461116 ], [ -71.21616, 41.62549 ], [ -71.240709, 41.619225 ], [ -71.24071, 41.474872 ], [ -71.362743, 41.460379 ], [ -71.316519, 41.47756 ], [ -71.330831, 41.518364 ], [ -71.271862, 41.623986 ], [ -71.19564, 41.67509 ], [ -71.134688, 41.660502 ], [ -71.12057, 41.497448 ] ] ], [ [ [ -71.326103, 41.578583 ], [ -71.325877, 41.623988 ], [ -71.34657, 41.632229 ], [ -71.366165, 41.66098 ], [ -71.30555, 41.622523 ], [ -71.326103, 41.578583 ] ] ], [ [ [ -71.274315, 41.638125 ], [ -71.286755, 41.642725 ], [ -71.278171, 41.647309 ], [ -71.274315, 41.638125 ] ] ] ] } },
{ "type": "Feature", "properties": { "name": "SC" }, "geometry": { "type": "Polygon", "coordinates": [ [ [ -81.696934, 33.116551 ], [ -81.852136, 33.247544 ], [ -81.912572, 33.408811 ], [ -82.046335, 33.56383 ], [ -82.179854, 33.615945 ], [ -82.301457, 33.801864 ], [ -82.564582, 33.95581 ], [ -82.640701, 34.088341 ], [ -82.717507, 34.150504 ], [ -82.755028, 34.276067 ], [ -82.873831, 34.471508 ], [ -83.034712, 34.483495 ], [ -83.167523, 34.600424 ], [ -83.351293, 34.701703 ], [ -83.32406, 34.788691 ], [ -83.242962, 34.877749 ], [ -83.143261, 34.924756 ], [ -83.108535, 35.000771 ], [ -82.764464, 35.068177 ], [ -82.686496, 35.121822 ], [ -82.384029, 35.210542 ], [ -81.043407, 35.14839 ], [ -81.041489, 35.044703 ], [ -80.93495, 35.107409 ], [ -80.782042, 34.935782 ], [ -80.777712, 34.819697 ], [ -79.688088, 34.804897 ], [ -78.541087, 33.851112 ], [ -78.714116, 33.800138 ], [ -78.938076, 33.639826 ], [ -79.135441, 33.403867 ], [ -79.18787, 33.173712 ], [ -79.329909, 33.089986 ], [ -79.359961, 33.006672 ], [ -79.55756, 33.021269 ], [ -79.617611, 32.952726 ], [ -79.606194, 32.925953 ], [ -79.572614, 32.933885 ], [ -79.576006, 32.906235 ], [ -79.726389, 32.805996 ], [ -79.866742, 32.757422 ], [ -79.884961, 32.684402 ], [ -79.999374, 32.611851 ], [ -80.121368, 32.590523 ], [ -80.332438, 32.478104 ], [ -80.472068, 32.496964 ], [ -80.480156, 32.447048 ], [ -80.429941, 32.401782 ], [ -80.455192, 32.326458 ], [ -80.658634, 32.248638 ], [ -80.721463, 32.160427 ], [ -80.858735, 32.099581 ], [ -80.905378, 32.051943 ], [ -80.885517, 32.0346 ], [ -81.117234, 32.117605 ], [ -81.122333, 32.305395 ], [ -81.199029, 32.467286 ], [ -81.41866, 32.629392 ], [ -81.404949, 32.747027 ], [ -81.496637, 33.010224 ], [ -81.696934, 33.116551 ] ] ] } },
{ "type": "Feature", "properties": { "name": "SD" }, "geometry": { "type": "Polygon", "coordinates": [ [ [ -98.49855, 42.99856 ], [ -104.053127, 43.000585 ], [ -104.045443, 45.94531 ], [ -96.56328, 45.935238 ], [ -96.583085, 45.820024 ], [ -96.672665, 45.732336 ], [ -96.835769, 45.649648 ], [ -96.857751, 45.605962 ], [ -96.692541, 45.417338 ], [ -96.521787, 45.375645 ], [ -96.453067, 45.298115 ], [ -96.453049, 43.500415 ], [ -96.598928, 43.500457 ], [ -96.60286, 43.450907 ], [ -96.521697, 43.386897 ], [ -96.530392, 43.300034 ], [ -96.584124, 43.268101 ], [ -96.557126, 43.224192 ], [ -96.475571, 43.221054 ], [ -96.436589, 43.120842 ], [ -96.513111, 43.02788 ], [ -96.549513, 42.839143 ], [ -96.639704, 42.737071 ], [ -96.516338, 42.630435 ], [ -96.481308, 42.516556 ], [ -96.443408, 42.489495 ], [ -96.611489, 42.506088 ], [ -96.708049, 42.601594 ], [ -96.724033, 42.665971 ], [ -97.13746, 42.782313 ], [ -97.257089, 42.853854 ], [ -97.686506, 42.842435 ], [ -97.84527, 42.867734 ], [ -97.936716, 42.775754 ], [ -98.035034, 42.764205 ], [ -98.447047, 42.935117 ], [ -98.49855, 42.99856 ] ] ] } },
{ "type": "Feature", "properties": { "name": "TN" }, "geometry": { "type": "Polygon", "coordinates": [ [ [ -84.321869, 34.988408 ], [ -90.309877, 35.00975 ], [ -90.295596, 35.040093 ], [ -90.193859, 35.061646 ], [ -90.160058, 35.12883 ], [ -90.065392, 35.137691 ], [ -90.07741, 35.225479 ], [ -90.168871, 35.281997 ], [ -90.114893, 35.303887 ], [ -90.093589, 35.393333 ], [ -90.179265, 35.385194 ], [ -90.107723, 35.476935 ], [ -90.034014, 35.468821 ], [ -90.032938, 35.55344 ], [ -89.909797, 35.537914 ], [ -89.884932, 35.655107 ], [ -89.937383, 35.665711 ], [ -89.956254, 35.733386 ], [ -89.821216, 35.756716 ], [ -89.703875, 35.820281 ], [ -89.773564, 35.871697 ], [ -89.73361, 35.904699 ], [ -89.688141, 35.896946 ], [ -89.686924, 35.947716 ], [ -89.733095, 36.000608 ], [ -89.591605, 36.144096 ], [ -89.699817, 36.248384 ], [ -89.534745, 36.252576 ], [ -89.620255, 36.323006 ], [ -89.513178, 36.359897 ], [ -89.5391, 36.498201 ], [ -89.485106, 36.497692 ], [ -89.471718, 36.457001 ], [ -89.417293, 36.499033 ], [ -89.282298, 36.506782 ], [ -88.053205, 36.497129 ], [ -88.032489, 36.540662 ], [ -88.070532, 36.678118 ], [ -87.849567, 36.663701 ], [ -87.853204, 36.633247 ], [ -86.468497, 36.651841 ], [ -83.690714, 36.582581 ], [ -81.6469, 36.611918 ], [ -81.707963, 36.536209 ], [ -81.725938, 36.340364 ], [ -81.793688, 36.360428 ], [ -81.908137, 36.302013 ], [ -82.02664, 36.130222 ], [ -82.127146, 36.104417 ], [ -82.147948, 36.149516 ], [ -82.211251, 36.159012 ], [ -82.348422, 36.115929 ], [ -82.557529, 35.954671 ], [ -82.611262, 35.973155 ], [ -82.602877, 36.039833 ], [ -82.637165, 36.065805 ], [ -82.830112, 35.932972 ], [ -82.898505, 35.945101 ], [ -82.89798, 35.881278 ], [ -82.98397, 35.77801 ], [ -83.164909, 35.759965 ], [ -83.251247, 35.719916 ], [ -83.297154, 35.65775 ], [ -83.445802, 35.611803 ], [ -83.498335, 35.562981 ], [ -83.756917, 35.563604 ], [ -83.880074, 35.518745 ], [ -84.00225, 35.422548 ], [ -84.038081, 35.348363 ], [ -84.02141, 35.301383 ], [ -84.055712, 35.268182 ], [ -84.097508, 35.247382 ], [ -84.223718, 35.269078 ], [ -84.29024, 35.225572 ], [ -84.321869, 34.988408 ] ] ] } },
{ "type": "Feature", "properties": { "name": "TX" }, "geometry": { "type": "MultiPolygon", "coordinates": [ [ [ [ -101.944913, 29.801468 ], [ -102.116076, 29.792527 ], [ -102.323389, 29.875193 ], [ -102.364647, 29.843624 ], [ -102.386677, 29.76148 ], [ -102.486819, 29.786725 ], [ -102.665194, 29.737421 ], [ -102.808692, 29.522319 ], [ -102.875813, 29.353715 ], [ -102.895886, 29.284778 ], [ -102.866846, 29.225015 ], [ -102.995688, 29.161219 ], [ -103.115328, 28.98527 ], [ -103.383508, 29.024112 ], [ -103.558679, 29.154962 ], [ -103.714867, 29.184137 ], [ -103.792005, 29.262695 ], [ -104.025488, 29.314404 ], [ -104.167506, 29.402928 ], [ -104.235847, 29.496744 ], [ -104.515512, 29.641493 ], [ -104.566055, 29.771379 ], [ -104.679877, 29.920946 ], [ -104.708916, 30.235826 ], [ -104.859521, 30.390413 ], [ -104.872808, 30.500145 ], [ -104.929778, 30.59924 ], [ -105.211234, 30.799609 ], [ -105.394627, 30.85892 ], [ -105.55679, 30.989469 ], [ -105.60333, 31.082625 ], [ -105.750519, 31.16494 ], [ -105.981027, 31.375122 ], [ -106.2092, 31.469234 ], [ -106.381039, 31.73211 ], [ -106.472514, 31.751802 ], [ -106.627808, 31.860593 ], [ -106.598639, 32.000754 ], [ -103.064423, 32.000518 ], [ -103.041669, 36.478514 ], [ -103.002434, 36.500397 ], [ -100.000406, 36.499702 ], [ -100.000381, 34.560509 ], [ -99.923211, 34.574552 ], [ -99.69497, 34.378333 ], [ -99.616793, 34.375391 ], [ -99.574367, 34.418281 ], [ -99.407168, 34.372605 ], [ -99.356713, 34.442144 ], [ -99.261321, 34.403499 ], [ -99.211423, 34.337897 ], [ -99.19089, 34.215251 ], [ -98.966743, 34.201185 ], [ -98.76557, 34.136376 ], [ -98.599789, 34.160571 ], [ -98.475066, 34.064269 ], [ -98.364023, 34.157109 ], [ -98.16912, 34.114171 ], [ -98.08526, 34.003259 ], [ -97.94573, 33.989839 ], [ -97.977859, 33.889929 ], [ -97.877387, 33.850236 ], [ -97.671772, 33.99137 ], [ -97.589598, 33.953554 ], [ -97.587441, 33.902479 ], [ -97.458069, 33.901635 ], [ -97.462857, 33.841772 ], [ -97.426493, 33.819398 ], [ -97.372941, 33.819454 ], [ -97.210921, 33.916064 ], [ -97.166629, 33.847311 ], [ -97.204827, 33.799908 ], [ -97.13753, 33.718664 ], [ -97.097154, 33.727809 ], [ -96.97287, 33.935698 ], [ -96.922114, 33.959579 ], [ -96.85609, 33.84749 ], [ -96.712422, 33.831633 ], [ -96.65864, 33.900081 ], [ -96.615356, 33.881114 ], [ -96.612925, 33.833939 ], [ -96.500268, 33.772583 ], [ -96.423362, 33.776365 ], [ -96.36959, 33.716809 ], [ -96.181704, 33.758504 ], [ -96.14807, 33.837799 ], [ -95.763622, 33.847954 ], [ -95.599678, 33.934247 ], [ -95.559414, 33.930179 ], [ -95.544346, 33.880111 ], [ -95.287565, 33.873617 ], [ -95.226393, 33.961954 ], [ -95.067253, 33.917351 ], [ -95.039452, 33.860621 ], [ -94.8693, 33.745871 ], [ -94.760604, 33.727054 ], [ -94.735128, 33.691267 ], [ -94.52838, 33.615995 ], [ -94.485875, 33.637867 ], [ -94.355945, 33.54318 ], [ -94.181805, 33.593217 ], [ -94.04345, 33.552253 ], [ -94.04272, 31.999265 ], [ -93.840029, 31.800596 ], [ -93.812477, 31.715246 ], [ -93.834924, 31.586211 ], [ -93.640805, 31.372546 ], [ -93.671676, 31.299586 ], [ -93.614402, 31.260869 ], [ -93.598828, 31.174679 ], [ -93.531744, 31.180817 ], [ -93.530936, 30.924534 ], [ -93.563292, 30.818503 ], [ -93.740045, 30.538765 ], [ -93.698302, 30.438657 ], [ -93.757654, 30.390423 ], [ -93.765822, 30.333318 ], [ -93.720575, 30.295961 ], [ -93.712101, 30.067346 ], [ -93.890679, 29.843159 ], [ -93.89847, 29.771577 ], [ -93.837971, 29.690619 ], [ -94.132577, 29.646217 ], [ -94.594853, 29.467903 ], [ -94.778691, 29.361483 ], [ -94.6724, 29.476843 ], [ -94.608557, 29.483345 ], [ -94.566674, 29.531988 ], [ -94.495025, 29.525031 ], [ -94.553988, 29.573882 ], [ -94.780938, 29.531093 ], [ -94.693154, 29.694453 ], [ -94.740919, 29.787081 ], [ -94.816085, 29.75671 ], [ -94.893107, 29.661336 ], [ -94.965963, 29.70033 ], [ -95.015636, 29.639457 ], [ -94.982706, 29.601344 ], [ -95.018253, 29.554885 ], [ -94.981916, 29.511141 ], [ -94.909465, 29.496838 ], [ -94.930861, 29.450504 ], [ -94.8908, 29.433432 ], [ -94.886536, 29.297826 ], [ -94.824953, 29.306005 ], [ -94.810696, 29.353435 ], [ -94.72253, 29.331446 ], [ -95.081773, 29.111222 ], [ -95.38239, 28.866348 ], [ -96.220376, 28.491966 ], [ -96.378616, 28.383909 ], [ -96.21505, 28.509679 ], [ -95.98616, 28.606319 ], [ -95.978526, 28.650594 ], [ -96.228909, 28.580873 ], [ -96.230944, 28.641433 ], [ -96.19125, 28.69436 ], [ -96.222802, 28.698431 ], [ -96.487943, 28.569677 ], [ -96.499648, 28.635835 ], [ -96.563262, 28.644487 ], [ -96.584127, 28.722859 ], [ -96.664534, 28.696904 ], [ -96.61059, 28.638889 ], [ -96.611099, 28.585962 ], [ -96.526111, 28.557972 ], [ -96.403973, 28.44245 ], [ -96.672677, 28.335579 ], [ -96.705247, 28.348811 ], [ -96.710336, 28.406827 ], [ -96.775985, 28.405809 ], [ -96.800413, 28.224128 ], [ -96.934765, 28.123873 ], [ -97.027386, 28.124382 ], [ -97.025859, 28.041939 ], [ -97.187183, 27.824126 ], [ -97.273698, 27.881633 ], [ -97.379042, 27.837867 ], [ -97.393291, 27.782905 ], [ -97.368355, 27.741683 ], [ -97.253955, 27.696696 ], [ -97.401942, 27.335574 ], [ -97.532223, 27.278577 ], [ -97.483877, 27.338628 ], [ -97.501688, 27.366618 ], [ -97.640111, 27.270943 ], [ -97.628916, 27.242953 ], [ -97.54291, 27.229213 ], [ -97.42408, 27.264073 ], [ -97.443673, 27.116235 ], [ -97.495836, 27.094098 ], [ -97.478533, 26.999186 ], [ -97.555378, 26.99028 ], [ -97.563266, 26.842188 ], [ -97.471663, 26.758727 ], [ -97.416955, 26.553637 ], [ -97.441383, 26.455418 ], [ -97.369627, 26.394603 ], [ -97.391001, 26.332262 ], [ -97.330441, 26.350582 ], [ -97.354359, 26.313941 ], [ -97.343927, 26.267376 ], [ -97.311866, 26.273737 ], [ -97.295072, 26.108342 ], [ -97.199651, 26.077044 ], [ -97.216954, 25.993838 ], [ -97.167208, 26.007069 ], [ -97.18273, 26.053126 ], [ -97.152009, 26.062108 ], [ -97.145567, 25.971132 ], [ -97.348275, 25.931143 ], [ -97.408357, 25.856459 ], [ -97.511161, 25.887458 ], [ -97.671568, 26.033955 ], [ -98.241664, 26.074544 ], [ -98.438822, 26.212022 ], [ -98.705676, 26.27748 ], [ -98.807348, 26.369421 ], [ -99.105719, 26.43872 ], [ -99.268613, 26.843213 ], [ -99.446524, 27.023008 ], [ -99.441549, 27.24992 ], [ -99.537771, 27.316073 ], [ -99.480219, 27.485796 ], [ -99.519381, 27.573569 ], [ -99.600619, 27.641314 ], [ -99.666175, 27.638324 ], [ -99.843463, 27.77456 ], [ -99.901486, 27.864162 ], [ -99.895828, 27.904178 ], [ -100.083393, 28.144035 ], [ -100.202448, 28.190554 ], [ -100.291391, 28.275398 ], [ -100.346986, 28.407232 ], [ -100.333814, 28.499252 ], [ -100.386963, 28.514023 ], [ -100.500354, 28.66196 ], [ -100.535438, 28.805195 ], [ -100.651512, 28.943432 ], [ -100.674656, 29.099777 ], [ -100.797671, 29.246943 ], [ -100.995607, 29.363403 ], [ -101.060151, 29.458661 ], [ -101.235275, 29.524854 ], [ -101.250383, 29.624171 ], [ -101.343743, 29.662047 ], [ -101.403926, 29.757587 ], [ -101.646418, 29.754304 ], [ -101.944913, 29.801468 ] ] ], [ [ [ -97.370731, 26.909706 ], [ -97.194644, 26.306513 ], [ -97.154271, 26.066841 ], [ -97.214885, 26.353606 ], [ -97.387459, 26.820789 ], [ -97.390078, 27.156512 ], [ -97.361796, 27.359988 ], [ -97.203089, 27.688001 ], [ -97.103326, 27.789068 ], [ -97.092589, 27.819183 ], [ -97.134489, 27.825206 ], [ -97.056713, 27.842294 ], [ -96.879424, 28.131402 ], [ -96.827049, 28.112417 ], [ -96.816443, 28.174808 ], [ -96.703838, 28.198246 ], [ -96.592934, 28.296972 ], [ -96.403206, 28.371475 ], [ -96.4137, 28.327343 ], [ -96.621534, 28.2297 ], [ -96.849624, 28.064939 ], [ -97.001441, 27.911442 ], [ -97.166682, 27.676583 ], [ -97.350398, 27.268105 ], [ -97.370731, 26.909706 ] ] ] ] } },
{ "type": "Feature", "properties": { "name": "UT" }, "geometry": { "type": "Polygon", "coordinates": [ [ [ -109.045223, 36.999084 ], [ -114.0506, 37.000396 ], [ -114.041723, 41.99372 ], [ -111.046689, 42.001567 ], [ -111.046723, 40.997959 ], [ -109.050076, 41.000659 ], [ -109.045223, 36.999084 ] ] ] } },
{ "type": "Feature", "properties": { "name": "VT" }, "geometry": { "type": "Polygon", "coordinates": [ [ [ -72.458519, 42.726853 ], [ -73.276421, 42.746019 ], [ -73.242042, 43.534925 ], [ -73.306234, 43.628018 ], [ -73.366537, 43.623462 ], [ -73.400295, 43.568889 ], [ -73.431229, 43.588285 ], [ -73.350431, 43.771438 ], [ -73.388389, 43.832404 ], [ -73.405999, 44.016229 ], [ -73.437429, 44.046861 ], [ -73.390583, 44.190886 ], [ -73.324681, 44.243614 ], [ -73.293613, 44.438903 ], [ -73.390231, 44.618353 ], [ -73.339958, 44.778893 ], [ -73.369647, 44.829136 ], [ -73.343124, 45.01084 ], [ -71.464555, 45.013637 ], [ -71.53698, 44.994177 ], [ -71.495844, 44.90498 ], [ -71.627358, 44.747544 ], [ -71.536251, 44.587939 ], [ -71.580263, 44.506509 ], [ -71.708934, 44.411611 ], [ -72.05888, 44.28624 ], [ -72.040082, 44.155748 ], [ -72.104421, 43.950536 ], [ -72.167224, 43.886113 ], [ -72.204792, 43.771926 ], [ -72.302867, 43.702718 ], [ -72.32962, 43.600201 ], [ -72.395825, 43.52056 ], [ -72.39715, 43.316515 ], [ -72.4521, 43.161414 ], [ -72.443762, 43.006245 ], [ -72.556214, 42.86695 ], [ -72.542784, 42.808482 ], [ -72.458519, 42.726853 ] ] ] } },
{ "type": "Feature", "properties": { "name": "VA" }, "geometry": { "type": "MultiPolygon", "coordinates": [ [ [ [ -81.6469, 36.611918 ], [ -83.675413, 36.600814 ], [ -83.527212, 36.665984 ], [ -83.136395, 36.743088 ], [ -83.07259, 36.854589 ], [ -82.91169, 36.874248 ], [ -82.861943, 36.924236 ], [ -82.867535, 36.977518 ], [ -82.722472, 37.045101 ], [ -82.721941, 37.105689 ], [ -82.565329, 37.196118 ], [ -82.350948, 37.267077 ], [ -81.968297, 37.537798 ], [ -81.92787, 37.512118 ], [ -81.996578, 37.476705 ], [ -81.935621, 37.438397 ], [ -81.925643, 37.357316 ], [ -81.678603, 37.202467 ], [ -81.557315, 37.207697 ], [ -81.362156, 37.337687 ], [ -81.225104, 37.234874 ], [ -80.900535, 37.315 ], [ -80.849451, 37.346909 ], [ -80.859556, 37.429568 ], [ -80.770082, 37.372363 ], [ -80.511391, 37.481672 ], [ -80.475601, 37.422949 ], [ -80.314806, 37.500943 ], [ -80.330306, 37.536244 ], [ -80.220984, 37.627767 ], [ -80.296138, 37.691783 ], [ -80.257411, 37.756084 ], [ -80.162202, 37.875122 ], [ -80.002507, 37.992767 ], [ -79.931034, 38.101402 ], [ -79.921196, 38.180378 ], [ -79.788945, 38.268703 ], [ -79.808711, 38.309429 ], [ -79.689544, 38.442511 ], [ -79.649075, 38.591515 ], [ -79.53687, 38.550917 ], [ -79.476638, 38.457228 ], [ -79.280263, 38.425475 ], [ -79.210026, 38.494231 ], [ -78.999752, 38.846162 ], [ -78.869276, 38.762991 ], [ -78.788031, 38.885123 ], [ -78.601655, 38.964603 ], [ -78.554222, 39.019672 ], [ -78.571901, 39.031995 ], [ -78.439429, 39.132146 ], [ -78.41074, 39.171983 ], [ -78.438651, 39.198049 ], [ -78.34048, 39.353492 ], [ -78.362267, 39.357784 ], [ -78.347087, 39.466012 ], [ -77.828157, 39.132329 ], [ -77.719029, 39.321125 ], [ -77.592739, 39.30129 ], [ -77.45768, 39.22502 ], [ -77.516426, 39.170891 ], [ -77.519929, 39.120925 ], [ -77.458202, 39.073723 ], [ -77.261403, 39.031009 ], [ -77.249803, 38.985909 ], [ -77.148179, 38.965002 ], [ -77.040599, 38.871212 ], [ -77.041398, 38.763914 ], [ -77.132501, 38.673816 ], [ -77.1302, 38.635017 ], [ -77.246704, 38.635217 ], [ -77.322622, 38.467131 ], [ -77.317288, 38.383576 ], [ -77.240072, 38.331598 ], [ -77.043526, 38.400548 ], [ -77.011827, 38.374554 ], [ -77.030683, 38.311623 ], [ -76.96215, 38.256486 ], [ -76.962311, 38.214075 ], [ -76.721722, 38.137635 ], [ -76.613939, 38.148587 ], [ -76.516547, 38.026566 ], [ -76.236725, 37.889174 ], [ -76.251358, 37.833072 ], [ -76.307482, 37.81235 ], [ -76.300067, 37.695364 ], [ -76.339892, 37.655966 ], [ -76.28037, 37.613715 ], [ -76.36232, 37.610368 ], [ -76.472392, 37.665772 ], [ -76.510187, 37.642324 ], [ -76.584289, 37.76889 ], [ -76.747552, 37.875864 ], [ -76.784618, 37.869569 ], [ -76.723863, 37.788503 ], [ -76.61971, 37.744795 ], [ -76.542666, 37.616857 ], [ -76.300144, 37.561734 ], [ -76.360474, 37.51924 ], [ -76.32947, 37.49492 ], [ -76.293599, 37.516499 ], [ -76.265056, 37.481365 ], [ -76.245283, 37.386839 ], [ -76.275552, 37.309964 ], [ -76.415167, 37.402133 ], [ -76.445333, 37.36646 ], [ -76.349489, 37.273963 ], [ -76.50364, 37.233856 ], [ -76.389793, 37.222981 ], [ -76.399659, 37.160272 ], [ -76.348658, 37.170655 ], [ -76.292344, 37.126615 ], [ -76.271262, 37.084544 ], [ -76.304272, 37.001378 ], [ -76.340666, 37.015246 ], [ -76.428869, 36.969947 ], [ -76.526203, 37.077773 ], [ -76.618252, 37.119347 ], [ -76.604476, 37.160034 ], [ -76.649869, 37.220914 ], [ -76.802511, 37.198308 ], [ -76.73032, 37.145395 ], [ -76.685614, 37.198851 ], [ -76.662558, 37.045748 ], [ -76.500355, 36.965212 ], [ -76.469914, 36.882898 ], [ -76.328864, 36.918447 ], [ -76.327365, 36.959447 ], [ -76.297663, 36.968147 ], [ -76.095508, 36.908817 ], [ -75.996252, 36.922047 ], [ -75.867044, 36.550754 ], [ -80.169535, 36.54319 ], [ -81.677535, 36.588117 ], [ -81.6469, 36.611918 ] ] ], [ [ [ -75.665957, 37.439209 ], [ -75.798448, 37.296285 ], [ -75.800755, 37.197297 ], [ -75.897298, 37.118037 ], [ -75.97043, 37.118608 ], [ -76.025753, 37.257407 ], [ -76.018645, 37.31782 ], [ -75.924756, 37.600215 ], [ -75.803041, 37.762464 ], [ -75.818125, 37.791698 ], [ -75.743097, 37.806656 ], [ -75.689837, 37.861817 ], [ -75.709626, 37.900622 ], [ -75.757694, 37.903912 ], [ -75.624341, 37.994211 ], [ -75.242266, 38.027209 ], [ -75.359036, 37.864143 ], [ -75.437868, 37.872324 ], [ -75.514921, 37.799149 ], [ -75.665957, 37.439209 ] ] ], [ [ [ -75.999658, 37.848198 ], [ -75.973607, 37.835817 ], [ -75.982158, 37.806226 ], [ -75.9983, 37.812626 ], [ -75.999658, 37.848198 ] ] ], [ [ [ -76.032491, 37.915008 ], [ -76.041402, 37.954006 ], [ -75.993905, 37.953489 ], [ -76.032491, 37.915008 ] ] ] ] } },
{ "type": "Feature", "properties": { "name": "WA" }, "geometry": { "type": "MultiPolygon", "coordinates": [ [ [ [ -122.813998, 45.960984 ], [ -122.904119, 46.083734 ], [ -123.115904, 46.185268 ], [ -123.371433, 46.146372 ], [ -123.430847, 46.181827 ], [ -123.427629, 46.229348 ], [ -123.474844, 46.267831 ], [ -123.669501, 46.266832 ], [ -123.700764, 46.305278 ], [ -123.875525, 46.239787 ], [ -124.001264, 46.31326 ], [ -124.082187, 46.269159 ], [ -124.068655, 46.634879 ], [ -124.048444, 46.645827 ], [ -124.023566, 46.582559 ], [ -124.026032, 46.462978 ], [ -123.990615, 46.463019 ], [ -123.983688, 46.498542 ], [ -123.943667, 46.477197 ], [ -123.894254, 46.537028 ], [ -123.960642, 46.636364 ], [ -123.84621, 46.716795 ], [ -123.898641, 46.750205 ], [ -124.003458, 46.702337 ], [ -124.092176, 46.741624 ], [ -124.138225, 46.905534 ], [ -124.093392, 46.901168 ], [ -124.073113, 46.861493 ], [ -123.985082, 46.921916 ], [ -123.86018, 46.948556 ], [ -124.012218, 46.985176 ], [ -124.026345, 47.030187 ], [ -124.122057, 47.04165 ], [ -124.151288, 47.021112 ], [ -124.124386, 46.94387 ], [ -124.180111, 46.926357 ], [ -124.182802, 47.134041 ], [ -124.236349, 47.287287 ], [ -124.319379, 47.355559 ], [ -124.425195, 47.738434 ], [ -124.489737, 47.816988 ], [ -124.625512, 47.887963 ], [ -124.672427, 47.964414 ], [ -124.687101, 48.098657 ], [ -124.733174, 48.163393 ], [ -124.65894, 48.331057 ], [ -124.725839, 48.386012 ], [ -124.597331, 48.381882 ], [ -124.395593, 48.288772 ], [ -123.981032, 48.164761 ], [ -123.702743, 48.166783 ], [ -123.332699, 48.11297 ], [ -123.239129, 48.118217 ], [ -123.133445, 48.177276 ], [ -123.143229, 48.156633 ], [ -123.038727, 48.081138 ], [ -122.929095, 48.096244 ], [ -122.926851, 48.064593 ], [ -122.877641, 48.047025 ], [ -122.849273, 48.053808 ], [ -122.876282, 48.110877 ], [ -122.760448, 48.14324 ], [ -122.748911, 48.117026 ], [ -122.801399, 48.087561 ], [ -122.766648, 48.04429 ], [ -122.68724, 48.101662 ], [ -122.669868, 48.017217 ], [ -122.723374, 48.008095 ], [ -122.718082, 47.987739 ], [ -122.610341, 47.887343 ], [ -122.69376, 47.868002 ], [ -122.683742, 47.838773 ], [ -122.748061, 47.800546 ], [ -122.758498, 47.746036 ], [ -122.733012, 47.737625 ], [ -122.608105, 47.856728 ], [ -122.573672, 47.857582 ], [ -122.611956, 47.940772 ], [ -122.527593, 47.905882 ], [ -122.482529, 47.815511 ], [ -122.471844, 47.749819 ], [ -122.554454, 47.745704 ], [ -122.504604, 47.699136 ], [ -122.518277, 47.65132 ], [ -122.479089, 47.583654 ], [ -122.534664, 47.566122 ], [ -122.546611, 47.52355 ], [ -122.452399, 47.503471 ], [ -122.437657, 47.407424 ], [ -122.373629, 47.388718 ], [ -122.493123, 47.330253 ], [ -122.551536, 47.35954 ], [ -122.575985, 47.32642 ], [ -122.4442, 47.266723 ], [ -122.409199, 47.288556 ], [ -122.443008, 47.306333 ], [ -122.324833, 47.348521 ], [ -122.421139, 47.57602 ], [ -122.339513, 47.599113 ], [ -122.429841, 47.658919 ], [ -122.37314, 47.729219 ], [ -122.394944, 47.803318 ], [ -122.33595, 47.852306 ], [ -122.307048, 47.949117 ], [ -122.230046, 47.970917 ], [ -122.224979, 48.016626 ], [ -122.343241, 48.097631 ], [ -122.396121, 48.229233 ], [ -122.449605, 48.232598 ], [ -122.479008, 48.175703 ], [ -122.358375, 48.056133 ], [ -122.512031, 48.133931 ], [ -122.530996, 48.249821 ], [ -122.406516, 48.25183 ], [ -122.371693, 48.287839 ], [ -122.533452, 48.383409 ], [ -122.557298, 48.444438 ], [ -122.649839, 48.408526 ], [ -122.678928, 48.439466 ], [ -122.657753, 48.47294 ], [ -122.712322, 48.464143 ], [ -122.684521, 48.509123 ], [ -122.606961, 48.522152 ], [ -122.537355, 48.466749 ], [ -122.471832, 48.470724 ], [ -122.498463, 48.556206 ], [ -122.534787, 48.57596 ], [ -122.478431, 48.559303 ], [ -122.425271, 48.599522 ], [ -122.500308, 48.656163 ], [ -122.519172, 48.713095 ], [ -122.490401, 48.751128 ], [ -122.535803, 48.776128 ], [ -122.637146, 48.735708 ], [ -122.615169, 48.693839 ], [ -122.673472, 48.733082 ], [ -122.646777, 48.785011 ], [ -122.709815, 48.786205 ], [ -122.717073, 48.84719 ], [ -122.793175, 48.892927 ], [ -122.746596, 48.930731 ], [ -122.821631, 48.941369 ], [ -122.75802, 49.002357 ], [ -117.032351, 48.999188 ], [ -117.039813, 46.425425 ], [ -117.061045, 46.367747 ], [ -116.985333, 46.294617 ], [ -116.925621, 46.158888 ], [ -116.94353, 46.062173 ], [ -116.915989, 45.995413 ], [ -118.987129, 45.999855 ], [ -119.12612, 45.932859 ], [ -119.600549, 45.919581 ], [ -119.669877, 45.856867 ], [ -120.001148, 45.811902 ], [ -120.210754, 45.725951 ], [ -120.40396, 45.699249 ], [ -120.482362, 45.694449 ], [ -120.634968, 45.745847 ], [ -120.915876, 45.641345 ], [ -121.195233, 45.629513 ], [ -121.215779, 45.671238 ], [ -121.33777, 45.704949 ], [ -121.423592, 45.69399 ], [ -121.533106, 45.726541 ], [ -121.811304, 45.706761 ], [ -121.983038, 45.622812 ], [ -122.294901, 45.543541 ], [ -122.76381, 45.657138 ], [ -122.813998, 45.960984 ] ] ], [ [ [ -122.652385, 48.583432 ], [ -122.572967, 48.529028 ], [ -122.649256, 48.528769 ], [ -122.652385, 48.583432 ] ] ], [ [ [ -122.772384, 48.552143 ], [ -122.817912, 48.483888 ], [ -122.803521, 48.428748 ], [ -122.883759, 48.418793 ], [ -122.926901, 48.460874 ], [ -123.119451, 48.492576 ], [ -123.203026, 48.596178 ], [ -123.107362, 48.622451 ], [ -123.048403, 48.569216 ], [ -122.987296, 48.561895 ], [ -123.048652, 48.621002 ], [ -122.894599, 48.71503 ], [ -122.743049, 48.661991 ], [ -122.809622, 48.619035 ], [ -122.772384, 48.552143 ] ] ], [ [ [ -122.722407, 48.540606 ], [ -122.739898, 48.583949 ], [ -122.714512, 48.60878 ], [ -122.670638, 48.568812 ], [ -122.722407, 48.540606 ] ] ], [ [ [ -122.657016, 48.609891 ], [ -122.686136, 48.613267 ], [ -122.699266, 48.621115 ], [ -122.657016, 48.609891 ] ] ], [ [ [ -123.106165, 48.633473 ], [ -123.215917, 48.669352 ], [ -123.236567, 48.68895 ], [ -123.172066, 48.679866 ], [ -123.106165, 48.633473 ] ] ], [ [ [ -122.616956, 48.645563 ], [ -122.718833, 48.716818 ], [ -122.715709, 48.748672 ], [ -122.618225, 48.670721 ], [ -122.616956, 48.645563 ] ] ], [ [ [ -123.009787, 48.722291 ], [ -123.042337, 48.675663 ], [ -123.070427, 48.699971 ], [ -123.009787, 48.722291 ] ] ], [ [ [ -123.083834, 48.976139 ], [ -123.035393, 49.002154 ], [ -123.021459, 48.977299 ], [ -123.083834, 48.976139 ] ] ], [ [ [ -122.326115, 48.010295 ], [ -122.321721, 48.019977 ], [ -122.303455, 48.005603 ], [ -122.326115, 48.010295 ] ] ], [ [ [ -122.431035, 47.914732 ], [ -122.487505, 47.990729 ], [ -122.546824, 47.967215 ], [ -122.542924, 47.996404 ], [ -122.607342, 48.030992 ], [ -122.609568, 48.15186 ], [ -122.679556, 48.155113 ], [ -122.770045, 48.224395 ], [ -122.664659, 48.401508 ], [ -122.60198, 48.409907 ], [ -122.585162, 48.353304 ], [ -122.506568, 48.310041 ], [ -122.530976, 48.282445 ], [ -122.618466, 48.294159 ], [ -122.668385, 48.223967 ], [ -122.588138, 48.18594 ], [ -122.54512, 48.05255 ], [ -122.513994, 48.059077 ], [ -122.513276, 48.097538 ], [ -122.376259, 48.034457 ], [ -122.349597, 47.958796 ], [ -122.3773, 47.905941 ], [ -122.431035, 47.914732 ] ] ] ] } },
{ "type": "Feature", "properties": { "name": "WV" }, "geometry": { "type": "Polygon", "coordinates": [ [ [ -81.367599, 37.327569 ], [ -81.560625, 37.206663 ], [ -81.678603, 37.202467 ], [ -81.757631, 37.274003 ], [ -81.854059, 37.291352 ], [ -81.926589, 37.358942 ], [ -81.935621, 37.438397 ], [ -81.99227, 37.460916 ], [ -81.92787, 37.512118 ], [ -82.116584, 37.559588 ], [ -82.297011, 37.687273 ], [ -82.329867, 37.775897 ], [ -82.500386, 37.936518 ], [ -82.465473, 37.98478 ], [ -82.636466, 38.13786 ], [ -82.574656, 38.263873 ], [ -82.596281, 38.417681 ], [ -82.330335, 38.4445 ], [ -82.291271, 38.578983 ], [ -82.177267, 38.603784 ], [ -82.221566, 38.787187 ], [ -82.035963, 39.025478 ], [ -81.935619, 38.9895 ], [ -81.89847, 38.929603 ], [ -81.928352, 38.895371 ], [ -81.908645, 38.87846 ], [ -81.759995, 38.925828 ], [ -81.764253, 39.015279 ], [ -81.814155, 39.073478 ], [ -81.747253, 39.095378 ], [ -81.749853, 39.186489 ], [ -81.695724, 39.242859 ], [ -81.605816, 39.275851 ], [ -81.456143, 39.409274 ], [ -81.375961, 39.341697 ], [ -81.215617, 39.388602 ], [ -81.020055, 39.55541 ], [ -80.88036, 39.620706 ], [ -80.829764, 39.711839 ], [ -80.808722, 39.91257 ], [ -80.740126, 39.970793 ], [ -80.705482, 40.153047 ], [ -80.599895, 40.317669 ], [ -80.599194, 40.482566 ], [ -80.667957, 40.582496 ], [ -80.634355, 40.616095 ], [ -80.518991, 40.638801 ], [ -80.519342, 39.721403 ], [ -79.476662, 39.721078 ], [ -79.486873, 39.205961 ], [ -79.08445, 39.471356 ], [ -78.968996, 39.441543 ], [ -78.787461, 39.627492 ], [ -78.676219, 39.540622 ], [ -78.468639, 39.516789 ], [ -78.436939, 39.538959 ], [ -78.458456, 39.581158 ], [ -78.43025, 39.62329 ], [ -78.271122, 39.619642 ], [ -78.176625, 39.695967 ], [ -78.074595, 39.666686 ], [ -78.009985, 39.602893 ], [ -77.902649, 39.587796 ], [ -77.739204, 39.38573 ], [ -77.760586, 39.338864 ], [ -77.719029, 39.321125 ], [ -77.828157, 39.132329 ], [ -78.347087, 39.466012 ], [ -78.362267, 39.357784 ], [ -78.34048, 39.353492 ], [ -78.438651, 39.198049 ], [ -78.41074, 39.171983 ], [ -78.439429, 39.132146 ], [ -78.571901, 39.031995 ], [ -78.554222, 39.019672 ], [ -78.601655, 38.964603 ], [ -78.788031, 38.885123 ], [ -78.869276, 38.762991 ], [ -78.999752, 38.846162 ], [ -79.210026, 38.494231 ], [ -79.280263, 38.425475 ], [ -79.476638, 38.457228 ], [ -79.53687, 38.550917 ], [ -79.649075, 38.591515 ], [ -79.689544, 38.442511 ], [ -79.808711, 38.309429 ], [ -79.788945, 38.268703 ], [ -79.921196, 38.180378 ], [ -79.931034, 38.101402 ], [ -80.002507, 37.992767 ], [ -80.162202, 37.875122 ], [ -80.257411, 37.756084 ], [ -80.296138, 37.691783 ], [ -80.220984, 37.627767 ], [ -80.330306, 37.536244 ], [ -80.314806, 37.500943 ], [ -80.475601, 37.422949 ], [ -80.511391, 37.481672 ], [ -80.770082, 37.372363 ], [ -80.859556, 37.429568 ], [ -80.849451, 37.346909 ], [ -80.900535, 37.315 ], [ -81.225104, 37.234874 ], [ -81.367599, 37.327569 ] ] ] } },
{ "type": "Feature", "properties": { "name": "WI" }, "geometry": { "type": "MultiPolygon", "coordinates": [ [ [ [ -91.100565, 42.883078 ], [ -91.14556, 42.90798 ], [ -91.178251, 43.124982 ], [ -91.057918, 43.255366 ], [ -91.210233, 43.372064 ], [ -91.217706, 43.50055 ], [ -91.268748, 43.615348 ], [ -91.284138, 43.847065 ], [ -91.43738, 43.999962 ], [ -91.59207, 44.031372 ], [ -91.875158, 44.200575 ], [ -91.918625, 44.322671 ], [ -91.9636, 44.362112 ], [ -92.233897, 44.446334 ], [ -92.340058, 44.555273 ], [ -92.549685, 44.576 ], [ -92.802402, 44.745167 ], [ -92.750645, 44.937299 ], [ -92.792875, 45.078489 ], [ -92.760615, 45.278827 ], [ -92.664102, 45.393309 ], [ -92.72623, 45.531085 ], [ -92.883749, 45.575483 ], [ -92.869193, 45.717568 ], [ -92.784621, 45.764196 ], [ -92.707702, 45.894901 ], [ -92.294033, 46.074377 ], [ -92.292192, 46.663242 ], [ -92.207092, 46.651941 ], [ -92.189091, 46.717541 ], [ -92.11659, 46.74864 ], [ -91.961889, 46.682539 ], [ -91.790132, 46.694675 ], [ -91.368819, 46.793836 ], [ -91.226796, 46.86361 ], [ -91.10549, 46.85762 ], [ -90.968419, 46.94391 ], [ -90.855874, 46.962232 ], [ -90.751031, 46.887963 ], [ -90.885021, 46.756341 ], [ -90.853829, 46.693457 ], [ -90.911281, 46.663083 ], [ -90.94193, 46.588419 ], [ -90.770192, 46.636127 ], [ -90.73726, 46.692267 ], [ -90.558141, 46.586384 ], [ -90.418136, 46.566094 ], [ -90.204572, 46.478998 ], [ -90.120489, 46.336852 ], [ -89.125136, 46.144531 ], [ -88.666056, 45.988191 ], [ -88.532414, 46.021212 ], [ -88.139372, 45.929932 ], [ -88.073134, 45.871952 ], [ -88.130434, 45.81002 ], [ -88.072091, 45.780261 ], [ -87.991447, 45.795393 ], [ -87.780808, 45.680349 ], [ -87.823672, 45.659817 ], [ -87.792016, 45.616756 ], [ -87.792769, 45.499967 ], [ -87.888052, 45.354697 ], [ -87.751452, 45.351755 ], [ -87.693956, 45.389893 ], [ -87.657349, 45.368752 ], [ -87.648126, 45.339396 ], [ -87.741732, 45.198201 ], [ -87.659952, 45.107512 ], [ -87.587147, 45.089495 ], [ -87.625748, 45.045157 ], [ -87.630298, 44.976865 ], [ -87.839028, 44.931718 ], [ -87.832764, 44.880939 ], [ -87.983494, 44.720196 ], [ -87.998716, 44.609288 ], [ -88.042414, 44.566589 ], [ -88.005518, 44.539216 ], [ -87.929001, 44.535993 ], [ -87.866884, 44.608434 ], [ -87.756031, 44.649129 ], [ -87.610063, 44.838384 ], [ -87.437084, 44.892718 ], [ -87.384821, 44.865532 ], [ -87.405005, 44.911806 ], [ -87.264877, 45.081361 ], [ -87.238224, 45.167259 ], [ -87.119972, 45.191103 ], [ -87.108743, 45.257003 ], [ -87.057627, 45.292838 ], [ -86.970355, 45.278455 ], [ -86.985973, 45.215872 ], [ -87.040909, 45.211535 ], [ -87.048213, 45.089124 ], [ -87.163529, 45.00489 ], [ -87.189407, 44.968632 ], [ -87.1717, 44.931476 ], [ -87.215977, 44.906597 ], [ -87.204545, 44.875593 ], [ -87.313751, 44.793766 ], [ -87.468093, 44.551925 ], [ -87.545382, 44.321385 ], [ -87.512903, 44.192808 ], [ -87.646583, 44.104694 ], [ -87.736178, 43.880421 ], [ -87.702685, 43.687596 ], [ -87.790135, 43.563054 ], [ -87.793239, 43.492783 ], [ -87.872504, 43.380178 ], [ -87.911787, 43.250406 ], [ -87.881085, 43.170609 ], [ -87.900485, 43.12591 ], [ -87.866484, 43.074412 ], [ -87.895784, 43.015814 ], [ -87.845181, 42.962015 ], [ -87.823278, 42.835318 ], [ -87.766675, 42.784896 ], [ -87.819674, 42.61582 ], [ -87.800477, 42.49192 ], [ -90.640927, 42.508302 ], [ -90.709204, 42.636078 ], [ -90.949213, 42.685573 ], [ -91.053733, 42.738238 ], [ -91.100565, 42.883078 ] ] ], [ [ [ -90.602552, 46.872706 ], [ -90.568874, 46.847252 ], [ -90.788515, 46.753313 ], [ -90.790231, 46.786103 ], [ -90.602552, 46.872706 ] ] ], [ [ [ -90.64412, 46.908373 ], [ -90.634507, 46.942944 ], [ -90.508157, 46.956836 ], [ -90.549104, 46.915461 ], [ -90.64412, 46.908373 ] ] ], [ [ [ -90.464079, 46.994636 ], [ -90.437271, 47.073483 ], [ -90.39383, 47.075941 ], [ -90.413428, 47.01317 ], [ -90.464079, 46.994636 ] ] ], [ [ [ -87.497254, 45.061278 ], [ -87.490151, 45.055039 ], [ -87.506184, 45.059565 ], [ -87.497254, 45.061278 ] ] ], [ [ [ -86.934724, 45.421123 ], [ -86.805868, 45.412903 ], [ -86.899891, 45.295185 ], [ -86.956129, 45.342267 ], [ -86.934724, 45.421123 ] ] ] ] } },
{ "type": "Feature", "properties": { "name": "WY" }, "geometry": { "type": "Polygon", "coordinates": [ [ [ -104.053249, 41.001406 ], [ -111.046723, 40.997959 ], [ -111.044275, 45.001345 ], [ -104.057698, 44.997431 ], [ -104.053249, 41.001406 ] ] ] } }
]
}
